rank,entrant_id,name,elo,sets_played
1,1216463,LRA | Syrup,2128.1,187
2,1972274,Raccoon | Cody,2086.3,397
3,1005189,Quidd,2045.4,276
4,370802,CTG | Zomba,1991.3,288
5,3662307,Moist | Light,1984.9,57
6,2831089,Bubbs,1976.6,1006
7,158026,FaZe | Sparg0,1975.8,84
8,231113,Jakal,1967.3,143
9,46517,Tony Pajamas,1960.4,129
10,2220603,FORTUNE | DWTW | Fhantum,1952.9,201
11,70538,ABT3 | Wrath,1942.1,112
12,2519248,Team Vars | Free KayFlock,1931.9,1599
13,2419314,Aries,1931.9,120
14,919736,ZeroTwoNone,1924.3,157
15,1769202,VL | Aquaze,1919.1,167
16,1888506,CX | Bruho,1918.7,117
17,414731,EMPIRE | PkChris,1913.1,289
18,15768,TSM | Tweek,1911.0,96
19,2053872,Just Blue,1911.0,126
20,1050386,ENC | Cee,1897.1,316
21,58121,Ling,1889.7,299
22,181830,WPC | Vivi,1883.9,127
23,241491,MOB | Myles,1882.6,1048
24,160103,Gen,1882.4,418
25,158871,ShopifyRebels | Light,1881.1,122
26,1071129,Pharaoh,1878.5,113
27,1212255,Interrobang,1877.7,124
28,415862,ENC | MOB | reed,1866.3,1348
29,136534,JM1-3 / Beast,1865.1,210
30,1187180,smub,1861.8,89
31,159520,WOD | Ricky,1858.2,91
32,2520770,CHP | Smurfposter,1856.4,183
33,1802371,TheBluntOgre,1855.5,106
34,1870392,FAST | Bubunski,1855.3,70
35,3097780,Loq | Seel,1853.1,262
36,942751,Antimony Fan | Grape Investor,1850.9,95
37,583155,MOB | Bobo,1850.5,1276
38,1760115,RW | Synnister,1847.1,104
39,3650755,Myth,1846.8,81
40,182912,Steelix,1841.0,182
41,1189720,TR | MBeniS | Marvale,1839.1,132
42,61591,DA EMP | Sinji,1835.2,117
43,606386,Dany,1831.8,89
44,1290320,7DaysFREE | AmericanWeeaboo,1828.1,129
45,132408,BLZE | 6:00am,1827.4,109
46,233318,PAG AoC | Gaius,1826.6,136
47,228477,LRA_START,1823.6,199
48,1334378,9th | Finn,1822.3,95
49,544114,Derpager,1821.5,104
50,1852344,LRA | Karflo,1821.4,156
51,54725,naitosharp,1820.6,83
52,1243241,NS | Amai7,1818.1,79
53,1810011,Yikes! ebs Kqt | FD,1817.9,81
54,1375808,SHED | Epoodle,1817.5,142
55,467656,WPC | 幼鹿 (fawn),1816.2,133
56,1784114,SOUP-E | GRIT,1812.9,322
57,1797847,LRA | Mr_Thugz,1808.7,158
58,436376,Epic_Gabriel,1807.8,88
59,662541,Deltaforce,1806.0,99
60,1467525,FREE AGENT | ZiggySmols,1803.2,277
61,496339,Meli,1802.4,126
62,540839,MBS | Justinbyleth,1795.3,114
63,171589,Akbros | SassyFlygon,1793.2,34
64,29992,Sho,1791.8,80
65,1362071,Kqt/Yikes! | RandumMNK,1790.3,66
66,550127,WFP | CRB,1790.0,87
67,6301,Team Vars | Rivers,1789.2,76
68,2186935,Team Insano | Wrap!,1788.6,79
69,1714016,swag ! 8 | Christian,1785.7,77
70,220089,BlitzLuigy,1785.5,103
71,1692066,Jailbird | Yufine,1783.8,147
72,2105718,H-Meister,1782.3,395
73,67666,DM / Just Blue,1781.6,81
74,1330121,Swigzy,1780.5,198
75,568434,Sobriquet Sola,1780.5,77
76,2048041,Green Guy,1779.1,131
77,56497,Alo!,1778.8,107
78,2385861,SCB/Ug_nyc | FGCGambit,1778.5,172
79,2058734,LCU | TW | 10K | Kay Yun,1777.8,80
80,252377,Slasher,1776.8,117
81,2564154,Louis Dio,1775.4,110
82,18802,SR | Kola,1775.1,89
83,1064188,Yeast,1774.6,307
84,1156328,DU | Moony,1773.5,75
85,605782,parkerx1,1772.4,105
86,261992,Amaryllis,1771.5,207
87,1198128,PHNM | WU | Anarchy,1771.3,83
88,981752,Tano,1771.0,201
89,222927,LG | MkLeo,1770.9,15
90,266003,Smush | Burst,1769.3,133
91,1931564,RW | MBS | Petayaa,1768.7,81
92,2842804,Redsaw,1768.7,512
93,147246,LeoN,1768.6,71
94,616232,FzP | BeatyBean,1768.5,598
95,1331707,layla,1768.4,122
96,946548,DTN | 4o4 | Jahzz0,1766.1,106
97,1087860,DTP,1765.2,114
98,143562,Sin | ZeldaPlayer,1765.0,170
99,731942,BLZE | deliboid,1762.3,84
100,39206,LG | Marss,1762.0,72
101,1581758,elijmin,1760.9,22
102,1224156,MMG+ | GRNT | Slade,1760.8,268
103,33967,NS | CaKe,1759.1,77
104,680006,FC | Wheezer,1758.4,602
105,464995,Elam,1756.2,109
106,1154793,DGS | KSU | spickles,1755.8,85
107,1463554,FzP | TW | MBS | SmashBros!,1755.0,230
108,1005216,GRNT | Serta,1754.8,212
109,1138799,9superpie,1754.6,100
110,1608902,MikemasterX10,1752.7,124
111,2384793,SBU | Steve,1751.4,79
112,327906,GUMP2 | Key,1751.3,90
113,56473,SmU5h | Burst,1750.4,77
114,1003161,ZXZ | The Hunter,1749.9,81
115,857520,Council | Mooch,1747.9,73
116,29243,ENC | Jaku,1746.9,105
117,3304742,Pizza Ant,1746.8,105
118,2797217,Asbestos | FruitMeatball,1745.6,82
119,249887,ENC | Noku,1745.5,1057
120,1704554,Morris,1745.0,19
121,173403,Team Var$ | Lui$,1742.7,20
122,38148,ATATA,1742.6,19
123,2010954,FORTUNE | Char,1738.4,109
124,35065,Artisan,1738.1,137
125,4992539,Val,1737.0,104
126,3032725,q2 | Judgy,1735.2,84
127,2858096,PUP | myles,1734.7,21
128,160326,TRAIN,1734.1,82
129,358391,Na | Vince,1734.0,78
130,1436450,Kiyarash,1733.6,76
131,885991,自由 | PsyKoD(A),1733.0,76
132,1744683,REBIRTH | Chum,1732.7,104
133,780256,NiP,1729.6,660
134,258371,Sonix,1728.6,26
135,1412639,Fortune | xavier,1728.1,83
136,3035358,UC | Absol-ute,1727.6,90
137,1911271,FS | Amir,1727.6,81
138,24638,omega,1727.1,16
139,1244041,ToughLudwig,1726.8,120
140,1100022,LRA PAL | Lakia,1726.6,175
141,1430481,ARIES,1723.3,125
142,266015,FC | Stratas,1722.8,226
143,3566032,Bloom | sLuGG,1722.8,101
144,571090,Ikan,1722.2,76
145,250899,Sigma | | EightONine,1722.1,75
146,1661301,obesefart,1721.7,79
147,368063,C2F | Average Alex,1721.2,107
148,285520,Blank,1720.4,81
149,452907,Reilly,1719.3,142
150,1703174,SJU | Taiyo,1717.4,98
151,152534,EMPIRE | SoulArts,1715.5,253
152,1650136,SBU | Amayne,1715.4,159
153,390014,Reyluno,1714.9,108
154,999566,FzP | LRA | TabSoda,1714.6,116
155,1452744,Cross,1714.3,106
156,34446,Bowler,1714.1,81
157,1802684,TorqueDawg,1713.9,82
158,1031199,Obmcbob (B),1713.4,98
159,1825040,GTH | vitz,1713.3,246
160,1069395,NS | Agency | Zoboomafoo,1712.3,81
161,15889,FC | Mr. E,1712.2,418
162,1700217,RW | Floppyfail,1711.8,384
163,16113,Raptor,1710.8,312
164,1480033,Gh0st,1710.7,197
165,261142,Djohnmark,1708.8,436
166,586229,Jules,1706.6,74
167,3919918,Revo (B),1704.6,90
168,3743679,Shon | שון,1703.3,181
169,49302,WU | Peabnut,1703.2,21
170,51901,Bachilles,1702.9,127
171,1868170,NS | BeastModePaul,1702.7,19
172,2978333,WW | Fader,1698.8,90
173,375087,ML/MRL/BH | JaZaR,1698.5,14
174,2286649,LRA | Quandale Dinglelingleton,1698.3,70
175,1593009,CHP | MomHunter9009,1695.7,76
176,1312764,<>< | Deception,1695.0,185
177,2516567,4Freddy! | Hikari,1694.6,265
178,155986,Chrin,1694.5,437
179,147436,Hindsight,1693.1,180
180,2324329,GRNT | Virgo,1690.9,81
181,4008986,Eleventy1,1690.2,89
182,1835094,Night,1688.8,71
183,1609925,MOB | Infernape,1688.1,1552
184,380159,IMP | Zaxel,1687.8,166
185,1793104,MiikeFromTheBronx,1685.1,101
186,156255,Erin,1685.1,136
187,1693402,Vinsmoke,1684.5,103
188,1624931,Bionicle,1684.2,89
189,3321192,FzP | Zuhiy,1683.4,185
190,2426029,F5 | Lipden,1682.4,88
191,1655542,DeLay,1682.1,163
192,47475,Jukain,1682.1,81
193,1045932,Mercury,1682.0,15
194,719390,500k or dinner w/ ABE-Z?,1681.9,90
195,55858,sleet.gg | CheesyPotato,1679.8,11
196,63605,NBG | Pelca,1679.6,76
197,252976,red berpo,1679.5,83
198,2352081,TheRam,1678.4,81
199,2585781,NS | Wilsports | Overdr1ve,1677.8,80
200,1005245,SUPERSUISEIFAN312,1677.6,91
201,2243550,StarForce,1677.6,156
202,12778,Grapezard X / Beastly,1676.6,87
203,3716419,Libré,1675.6,80
204,278439,FC | Haze,1675.4,101
205,147886,Xioli,1675.1,106
206,1803620,ZASE | ZBosGaming,1674.6,88
207,1247262,ƒяєє αgєηт | TM7_ZAP,1674.5,10
208,1662027,Seb Undeble,1674.2,147
209,131490,C2F | Grunk,1673.5,107
210,245443,coffeebug,1673.0,677
211,4169797,lilpeep,1672.9,10
212,2087765,CSU | ML | TWITCHY!,1672.7,76
213,499319,EDLN | Salt King,1672.6,97
214,1529247,Mellow,1672.3,114
215,160272,BAE | YBBurrus,1672.2,94
216,2986120,mudd,1672.0,11
217,3254796,FF HONOR ML | Nimrod,1671.3,13
218,216617,WIN | Lima,1671.3,16
219,774806,VB3,1670.9,140
220,1605499,Luigikid64,1669.9,112
221,1229103,MOB | Eliakim,1669.5,752
222,1986069,GRNT | Jager,1669.3,301
223,2202094,Kayjun Lady,1667.8,332
224,408064,PRC,1667.4,98
225,2334632,ENC | Lemon,1667.3,94
226,53621,Ho3K | John Numbers,1667.2,160
227,3541583,King,1667.1,23
228,29142,SENTRY | spoop,1667.0,92
229,1727992,CRIMSON DIH,1666.8,95
230,684306,Drewsephix,1666.3,137
231,1556770,CX | Gamer,1666.3,82
232,1296894,GTH | Justinjpeg,1664.8,106
233,594478,CU | Skink?,1664.6,81
234,131374,CS3 | Andrik,1663.8,13
235,2583231,GRNT CHP VB3 | Louie,1663.7,206
236,800407,Tom,1663.0,496
237,44865,CTG | MuteAce,1662.9,14
238,1738277,WHOxM / SirDunk,1662.9,122
239,1022822,GRNT | Mr.L,1661.7,83
240,38830,BLZE | Avery!,1661.6,83
241,4317604,WHS | BETA,1661.5,136
242,1071318,UD | MPg,1661.5,20
243,1112678,GRNT | FroggySTYL,1661.0,221
244,3289497,SIR YES SIR | SGT HAMILTON,1660.4,16
245,351855,PHNM | NoTag,1659.7,17
246,1590243,GS/HoM | Majestic Souls,1659.5,80
247,1580089,DENIM CLUB | petebr0,1659.0,86
248,343421,Vendetta,1658.8,9
249,2980064,MMG+ | BIG CRUMB,1658.6,177
250,614049,MouseRat,1657.4,80
251,1710348,Nimbus,1656.9,18
252,1641578,GRNT | Skew,1656.5,109
253,2285604,CandyKongLover1,1655.8,75
254,1761219,meow!,1655.6,15
255,864900,Newgate,1655.5,109
256,1409030,HW | ...Insignia,1655.5,99
257,1633924,ENC | Gabo,1655.3,525
258,4689970,Free KayFlock,1655.1,8
259,2018288,IBlewMyStack,1655.1,86
260,7648,Samsora,1654.7,21
261,1395261,Dolan,1654.3,11
262,2381488,Obey Your Master,1654.1,12
263,551860,PBJ | Noodl,1653.8,83
264,649442,TK1,1653.0,1066
265,1820508,UNCG | Eelektross Nightmare,1652.9,80
266,1150960,FG | BlazingBoy,1652.3,98
267,275689,WS | DavudTwentySeven (B),1652.0,118
268,1332765,E36 | Hurt,1651.6,10
269,186017,ETanked,1651.6,10
270,241634,Dew2 / MAMMOTH,1651.5,29
271,1805037,THR l GRNT | TWICE,1651.5,167
272,4100607,Raccoon | Cody,1651.0,16
273,3740045,SBU | TYBG | Keegan,1650.7,13
274,1052472,CF | Dominator,1650.4,9
275,318918,Council | Diamond,1649.9,91
276,274501,Bloom | KOM,1649.8,23
277,779312,Cafe,1649.7,93
278,2067277,AGENCY | shane,1649.7,14
279,3260808,PPP | Pineapple,1649.5,195
280,1998572,amoxicillin | dish soap,1648.8,86
281,1030265,SOUP-E | Antimony,1648.4,10
282,2285565,Starlight | Styles,1647.7,81
283,1751649,Syn! | D.Danger,1647.7,872
284,612997,SCB | Tito,1647.4,93
285,1525089,RLz | Krugbo,1647.3,104
286,2252991,Comoli,1646.2,93
287,1215486,CF | ChunkyKong,1646.0,22
288,44379,Lito,1645.7,129
289,1375338,TF0256,1645.3,69
290,2857352,ANTSAM | ScuffedHits,1644.5,77
291,29244,DK DAN,1644.2,71
292,265075,the wise cow | pango,1643.9,162
293,1335575,Aeris,1643.7,23
294,3606074,Syn! | Skyward Hero,1642.9,14
295,290952,Nico,1642.3,25
296,3917507,FF | Marshall,1641.5,75
297,2687729,ODA LVL | turkeyboy2012,1640.8,83
298,569558,Cartluke14,1640.6,10
299,2421372,Dandori | Artfishbot,1640.1,98
300,4451542,SBU | Grosssshi,1639.9,16
301,71401,UtopianRay,1639.8,154
302,3553647,HoP | C.Y.B.E.RX,1638.7,87
303,35695,GUMP2 | JankTrees!,1638.4,12
304,1751700,Kimboiyachi,1638.2,12
305,3436028,Rojo | Ajred,1637.5,117
306,1053442,Baren,1637.4,149
307,2241106,IceBeRG | Ripcord,1637.1,12
308,265251,Deedha (B),1636.8,85
309,1744009,EMW Esports 2 | Saiyan,1636.6,20
310,2892291,ȺͶŦI_UNKNOWN PlȺYER,1636.3,111
311,15921,DTN | Fatality,1636.2,10
312,2925431,CHP | JAMES,1636.1,84
313,1730510,BTS | Atomic,1635.9,13
314,1063610,Onin,1635.9,6
315,304973,OG | Zaphros,1635.7,172
316,1306487,Nik S,1635.1,24
317,1276193,A9,1635.0,20
318,431830,VashTS,1634.7,9
319,1309314,slaying mantis,1634.4,82
320,1288104,SBU | vanchy,1633.9,135
321,1955386,Simple,1633.5,7
322,1473392,Straw Hat | Hoo D. Nii,1633.4,30
323,61785,G5 | Jack777,1632.8,45
324,54741,Craftis,1632.3,8
325,1224902,Night Shift | WebbJP,1631.8,129
326,824294,ET | GODwithinAnthony,1631.5,104
327,39740,player 4,1631.4,115
328,2927745,YBG | HONOR | Yu Narukami,1631.2,14
329,256443,Cheese,1631.2,14
330,1372919,ANJELLOH,1630.7,12
331,157887,Arelius | Shadowhawke,1630.6,12
332,1228156,Pado,1630.6,496
333,1108399,cyanzura,1630.4,160
334,1492978,UNCG | BB | Paras,1630.2,11
335,128309,Joshathan Gamer,1630.2,15
336,2465656,loq | gwyn,1629.8,82
337,1510669,NotBae,1629.5,71
338,3619477,DinoNuggies,1628.4,128
339,331195,MikeMM,1628.3,103
340,1591717,FrBz | Keykard,1628.3,160
341,2406428,MeatBurger,1628.2,12
342,1758326,ebs | nazura,1628.1,93
343,1902502,SBU | MeKa,1627.7,179
344,2940883,Flyingwaffle,1627.4,75
345,12385,LGBTQ+,1627.4,99
346,1662508,husk,1627.1,75
347,1910295,Crooos,1626.8,15
348,2264971,GRNT | PokefanZ,1626.7,77
349,979064,CarBev | YajYaj,1625.8,86
350,3545741,Mr.Fahrenheit,1625.4,8
351,11136,Rawk,1624.6,102
352,230038,X,1624.6,76
353,1510743,MMG+ MBS | K1NG,1624.5,115
354,1721948,Wilsports | Queen,1624.1,222
355,3620456,ZeroTwoNone,1623.8,15
356,1995057,Willy,1623.4,9
357,480105,WW | Thass,1623.3,12
358,2553113,FalcoJoe,1623.2,115
359,734353,WG | MintyFlesh,1623.2,146
360,1031044,benn 9 9 9,1623.1,86
361,1530122,Humble Genius,1623.0,76
362,1769230,UMN / Weird | Treyara,1622.9,6
363,2195603,charszum,1622.6,281
364,135042,Maister,1621.4,11
365,4292184,Burrit0,1620.6,79
366,4910318,ttvBlitzNYC,1620.4,70
367,1990442,EDLN | JWU | Tetrahedryn,1619.9,66
368,3409938,alex | oliomar player89(OLIMAR),1619.8,91
369,2427279,GTN | ShoKhaizo,1619.5,97
370,1210858,HM03 / JoFish,1619.1,79
371,2201580,TDC | Alex,1618.1,9
372,433894,SMFN | Towa,1617.9,78
373,469746,Haars,1617.9,17
374,2024480,EVC | BB8,1617.2,121
375,49835,Nuggetz,1616.9,14
376,1489607,banjeet alternative,1616.9,26
377,3801556,Providence,1616.7,83
378,2359922,Booju,1616.3,18
379,605965,Tony Pajamas,1616.2,6
380,1303313,Kqt | narrwall,1616.1,102
381,4313177,Cookies,1615.9,85
382,3927377,シオン,1615.8,6
383,2084157,Finraal,1615.5,125
384,1070879,Trenko,1615.3,127
385,318349,KGP | Rex,1614.1,6
386,4061039,Shi | Senshi,1614.1,17
387,240751,Team Wex | Wex,1614.1,250
388,1798634,DOOM | S. Phantm,1614.0,11
389,997249,MBS | MEGA CHAD,1613.8,81
390,606601,GRNT | Conman,1613.6,12
391,778790,Zozef,1613.5,12
392,2208010,NuggetLV,1613.5,83
393,4382597,fb | etsy witch,1613.5,6
394,29127,LS | XLNC,1612.9,18
395,1250268,ML | Castle,1612.6,8
396,71079,HyperKirby,1612.0,12
397,1816924,Nickxsk,1611.5,63
398,1011767,MBS | Sora_J,1611.4,19
399,390976,KoF | Reaper,1610.8,76
400,2265956,HTC | insect,1610.7,77
401,3501232,HoP | Angle,1610.6,111
402,923148,Pneumatic,1610.6,9
403,1475247,Playmaker,1610.2,83
404,64185,FRIES | CakeAssault,1610.1,7
405,1788561,~NEOS~,1609.8,18
406,63962,ENC | Ice,1609.7,109
407,71594,Arch,1609.7,97
408,1471306,FSC | GRNT | Wildogz,1609.6,87
409,2662846,vooni,1609.5,18
410,967456,mTx | H2o,1609.5,73
411,250461,FEAR | Geist,1609.5,9
412,1121293,Val,1609.2,171
413,1183424,OUG | MAMMOTH,1609.0,95
414,1256099,716 | Kabayeezy,1608.5,8
415,1307860,Dio Brando IRL,1608.3,9
416,2022388,Wilsports | Edog,1608.2,82
417,3938166,Juni,1608.1,10
418,1671986,NS | Brohan,1607.2,88
419,3249566,EDLN | Octo,1606.8,124
420,1215186,10k | LCU | Osh9,1606.5,15
421,580306,ravel | Nothigh,1606.2,9
422,1684008,AFAS Bloom | Hyacinthia,1606.2,90
423,63188,envy,1606.2,7
424,256474,dbfc | yoBBi,1606.0,189
425,823045,SHADIC,1605.9,8
426,380699,Quiqly,1605.9,6
427,3798390,Acey,1605.6,17
428,3843865,LYM? | MM | Darwin819,1605.5,74
429,129074,Applebee's | Dovidio,1605.4,11
430,342066,Joe-J,1605.1,6
431,737909,Fortune | StarZ,1605.1,110
432,3799132,Charles,1604.6,16
433,3749822,Aero,1604.6,7
434,213342,PinkDocJ,1604.4,8
435,1811210,GTH | MBS | Bootleg,1604.2,99
436,1157788,Glutamate,1603.4,110
437,664810,Tohru,1603.1,68
438,328739,FZP | EO,1603.0,29
439,226829,RC | Shuton,1602.9,6
440,2650945,RISE|I am | The Devil,1602.1,130
441,50227,JT7|SMFN|TDOR | Mata-Door,1601.7,75
442,1398715,Fizzystix,1601.6,178
443,3870772,4Miles | Kayla the Pacinator,1601.3,17
444,2996581,PUP | Myles,1601.2,6
445,330599,aubreyclo,1600.9,6
446,1125707,SMFN | Festive,1600.9,84
447,1141005,Light's friend | Clive,1600.8,127
448,1322135,LRA | Jellyfish,1600.7,86
449,137600,Z,1600.7,13
450,1404744,Fonica,1600.5,12
451,229860,WKZ | Mega,1600.5,175
452,445529,Hoodra,1600.0,5
453,1875022,OXESPORTS | toyotatace,1599.7,11
454,257973,KoF | HBA | Mulldrifter,1599.4,76
455,1719545,3U | Pado,1599.1,67
456,5013417,KevinFundiesGod,1598.7,12
457,1992892,CS,1598.7,16
458,126557,EVA_Kirb,1598.5,6
459,2008416,Roukuggle,1598.2,7
460,1307014,SOUP-E | Moat,1598.0,177
461,2697935,HTC | Bigbog,1597.6,22
462,1218189,Heinous,1597.4,92
463,539193,VGY | Sisqui,1597.2,4
464,1174400,LazyZach,1596.9,8
465,1586470,Cipher,1596.8,116
466,67704,me,1596.7,84
467,525344,Tilde,1596.2,7
468,261255,THE GOONS,1596.2,6
469,1006188,GWU | PokeBlu,1596.1,156
470,3446093,SBU | Bluespark7,1596.1,106
471,1581951,KML GRN | KBean,1595.7,16
472,145433,AJ | Air Gordon,1595.7,25
473,1138840,Sticccy / McFunny,1595.6,11
474,1929431,NE NS | Saloum,1595.0,10
475,329448,My Dad,1595.0,9
476,321425,Purity,1594.5,7
477,2402885,BlueFlare,1594.3,96
478,417249,ED | Cee,1594.2,17
479,307127,Lucky,1594.2,6
480,2140230,HpOfficejetPro,1594.1,84
481,70676,floret,1594.0,9
482,142963,CRB / comet,1594.0,12
483,1802706,DoAndroidsDreamOfESheep,1594.0,20
484,1323217,Ian,1593.9,7
485,155564,FzP | TR | Hydra,1593.9,10
486,980204,Youssef,1593.3,12
487,2724086,Zeya,1592.9,13
488,1659330,SamSam,1592.7,71
489,1480393,SS | DDee,1592.2,4
490,753836,3D | Juuuuul,1591.9,8
491,757280,Kitty Princess,1591.9,128
492,483953,SMFN | JKIM | Oolong,1591.9,10
493,507994,StrikeTheSoul,1591.8,8
494,5358,Cookies n Cream II,1591.6,15
495,54394,FzP | Dukkha,1591.5,92
496,385998,NPT BBM | Citadel,1591.5,91
497,184005,Oasis | ShinyMark,1591.4,13
498,128671,QueVeen,1591.1,85
499,576268,LVD | Suarez,1591.0,10
500,2167729,SCB | NinJenDo,1590.8,124
501,3022467,^Jesus^ | frienderman,1590.3,5
502,2285441,MwM | KilogramHours,1590.0,4
503,5029272,MCU | | Matt MurDoc,1589.7,11
504,2144700,Geno,1589.6,7
505,297614,MRW,1589.4,12
506,1800430,YHWH | Attaboytom,1589.4,207
507,1531390,Fiestero,1589.3,198
508,1720410,FS | TJ13,1589.1,80
509,219727,EZ | Killer,1589.1,84
510,1785323,Vanta,1588.9,9
511,68115,Kogarasuma,1588.6,7
512,49123,Face,1588.6,5
513,2044060,luxa,1588.3,8
514,4356162,Member Of Stars,1588.2,4
515,2843174,DreamOn | OG | Brayman64,1588.2,90
516,2020012,MayoNays,1588.2,8
517,1580144,itsame123,1588.1,83
518,680832,:^) | Triforce!,1588.0,10
519,1250027,SnappleOK,1587.9,88
520,2193397,WNL | storm,1587.7,9
521,345023,GRNT | PC Ninja,1587.5,855
522,1228675,SHG | shk,1587.2,6
523,753258,Luminous!,1587.1,13
524,4501421,MOB | Sir Moves,1587.1,7
525,1787007,GWU | NC2 | | chicken,1587.1,91
526,2547733,Antonio,1587.0,24
527,1151464,AG,1586.9,8
528,321135,Wilted Rose,1586.9,6
529,542693,Bbatts,1586.7,5
530,171945,Zach67671,1586.5,79
531,3799114,Quidd,1586.4,5
532,206240,CF | Phuzix,1586.4,11
533,288009,PSA | Kikoho,1586.2,4
534,1007446,E_01,1586.1,6
535,349347,YoseFu,1585.8,12
536,2902631,NP | UniTy,1585.7,124
537,2805697,LPM/Fuga! | Unber,1585.7,4
538,67389,Liyrex,1585.6,16
539,272462,Zoo,1585.5,79
540,1557444,Na | snogi,1585.3,12
541,523826,HONOR | Yourbro,1585.2,8
542,3220447,LCU | Troy,1585.2,13
543,271875,716 | mfy.gg | Fresh,1585.1,9
544,25509,Nexus,1585.0,91
545,1603798,Fiji,1584.9,77
546,2279319,Enderburgery,1584.9,11
547,3053454,SSC|PKF | Bardo,1584.7,94
548,2538433,Employed | Renegade,1584.7,12
549,959283,Share Stock | Drewtwo,1584.6,16
550,1518438,SWR | Enriquethepigeon,1584.5,248
551,1810739,GuyGuy,1584.4,257
552,4324932,The Strong One | HamPolo,1584.1,5
553,28929,Juanpi,1584.1,12
554,2309083,WSU | PoppinXL,1583.9,104
555,539888,ZFN | SCents,1583.8,4
556,45434,Fabiio / Mr. Mojo Risin',1583.8,7
557,147588,CS | Lu,1583.1,90
558,31651,Ish,1583.0,4
559,1310682,TIDE SK OUT | Many,1582.9,7
560,3032025,CU | toge,1582.9,16
561,1942364,Scrote,1582.6,9
562,1304876,Jayrock,1582.5,7
563,1883191,Marsh / Moo,1582.3,6
564,2461464,Irlc,1582.2,4
565,56621,Arhungry,1582.0,9
566,1340246,GENOKING,1581.8,6
567,2386673,hayden | Izuke,1581.7,4
568,1760924,Ns | Xceed | Xerzal,1581.4,4
569,1992273,TXC | Geodash,1581.2,118
570,2987715,GORDO | TFO256,1581.2,7
571,3206002,2desi | future,1581.1,21
572,1089023,LittleMacMain / HunterWinthorpe,1581.0,11
573,45429,CF | JAVI ON EARTH,1580.9,5
574,1043822,Vestation,1580.3,8
575,1287834,Salvo,1580.2,4
576,1620949,Potato,1579.9,6
577,2081149,EVG | TOGURO,1579.9,4
578,1487504,JJE | Arn255,1579.8,8
579,27457,PixelVault | NibbyNibbyNub,1579.8,139
580,1541586,Monte,1579.7,4
581,185040,Aero,1579.6,15
582,368162,Justice,1579.6,7
583,4122369,HONOR/BTE | INVINCIBLE,1579.4,181
584,1964751,ROK | Karu!,1579.3,5
585,493035,Shard,1578.9,89
586,4467122,SCB | Rise Up,1578.6,6
587,2431283,GRNT | Gatsby,1578.6,7
588,2224902,TDC | Skeletal,1578.4,6
589,185802,GTH | EJJ,1578.1,124
590,3053010,RS/CD/PB | FRESCO_UP,1577.7,7
591,55057,ITT | Whirlpool,1577.6,8
592,1172410,pinkpillsbluebills47,1577.5,11
593,998542,Noah,1577.5,10
594,2035678,PeteMan23,1577.4,439
595,1750056,SuperSanic21,1577.2,143
596,134891,GRNT | Jeans,1577.2,4
597,1569435,SZ | Asimo,1577.2,3
598,31334,Yoda Cage,1577.2,5
599,53639,Ho3K | Dill,1577.1,9
600,3694907,G4G | Sentinel,1577.0,20
601,3799112,Cee,1576.9,11
602,2168776,Rocco,1576.1,9
603,2111706,Toxic,1575.9,118
604,36735,Lucius,1575.9,4
605,1804775,Keylarous / Mobidud,1575.7,11
606,1498907,HoG | JuniorJunes,1575.7,7
607,1628511,HM03 | JoFish,1575.3,16
608,592643,lolyoshi and just blue,1575.2,5
609,2303316,Nairial,1575.0,8
610,831619,SMT,1574.9,80
611,1029324,CTG | Suspect,1574.7,3
612,3300973,RECO=$,1574.7,5
613,2311781,CU | gira,1574.5,83
614,4492599,Blank,1574.4,4
615,1210907,Drip,1574.3,69
616,1224024,RATS | ybm,1574.3,201
617,3689884,PEAK | Zexoh,1574.3,56
618,1761907,S2 | SilentYoshi,1574.2,6
619,1006473,Morris / rm8,1574.0,4
620,2151188,DumplingKing (A),1573.8,82
621,2891908,Masher | MERGAS,1573.6,6
622,1141497,matt,1573.5,7
623,1673862,RANDOM / iNsane,1573.3,7
624,58077,prismoid,1573.1,9
625,227045,Juice,1573.0,7
626,2993394,RBE | humanlime,1573.0,4
627,4773,Phish-it,1572.9,8
628,5501248,player 4,1572.9,4
629,2924494,Monster | Khairy,1572.9,5
630,3655189,RowanWinnerLittleMacMain,1572.9,25
631,5532174,MMG+ | FS | Slade,1572.8,6
632,3760297,trilliam,1572.5,3
633,276606,Temp,1572.2,10
634,4029824,AoC | SapphireGD,1572.1,5
635,890663,BP/BBB/TC | Mr. B,1571.6,7
636,1809072,ACHOO! |WOKE 2 | Komidori,1571.6,13
637,2720113,XO | XO#9382,1571.2,5
638,1111308,UTA | PeachFuzz,1571.2,3
639,1074811,ILMW | Clique,1571.2,7
640,3192800,PLRS | Cr0ws,1571.1,9
641,1035429,Ethan,1571.0,13
642,873968,Arkdee,1571.0,3
643,2867178,Akbros | Bing Bong,1570.7,13
644,3966082,にょのknb,1570.7,4
645,3293336,John,1570.4,4
646,1170599,Castillo,1570.4,93
647,1967568,ErickB,1570.3,5
648,2263562,WE OUTSIDE | YoshiSonic,1570.1,80
649,680481,LuffyMK,1570.1,75
650,1246252,Pugi,1569.8,80
651,1705944,ML/MRL/ETL | ~Phoenix~,1569.7,4
652,172095,PME,1569.3,4
653,241457,Sojourn,1569.1,10
654,397707,Sogoodpop,1568.6,6
655,4179963,GeraldDaGifafe,1568.2,19
656,1925811,Manolo,1568.0,7
657,2068699,CSU | Dr. Kirb,1568.0,9
658,60424,FEAR,1567.9,7
659,1128032,BigBJimbo | B3nan,1567.8,87
660,433852,Marc :),1567.7,86
661,1723681,ScR | Arthr0pod,1567.7,7
662,1399314,Robb (with 2 Bs),1567.5,5
663,962212,Rews,1567.3,7
664,1648968,10K | Mulli$,1567.2,96
665,1588293,XDDD,1567.2,6
666,5018299,DarkSwole,1567.2,8
667,1400293,BoY BleaK,1567.1,3
668,2182650,TRICKY | morg,1567.0,5
669,143630,Don,1567.0,8
670,3676808,q2 | Crescent | Ashi,1566.8,6
671,5478323,sacer,1566.7,11
672,2105673,Merp,1566.6,4
673,368692,TSG | M. Dre,1566.5,58
674,1920592,SCR/MDoS | VoltageStriker,1566.5,7
675,1347370,fg | flarp,1566.4,4
676,1478011,JEFF! | Waluigi,1566.3,8
677,1498423,Sisyphus,1566.3,6
678,63270,crisspy,1566.3,6
679,55579,ShyGuy,1566.1,6
680,3726803,Arcanum,1565.8,48
681,467446,LoKi,1565.8,3
682,158619,FC | Kiwi,1565.6,4
683,147483,HypestTown,1565.6,11
684,2859704,Shrug Club | Sophilo,1565.6,3
685,2539081,Admin,1565.3,66
686,15999,NPT | BlazingPasta,1565.1,4
687,3656248,LBS | JChou,1564.9,11
688,5316,GatorHotFire,1564.8,3
689,244403,Metal,1564.6,6
690,156498,JDV / Machu,1564.5,3
691,2094099,Elbarouki_TM,1564.5,10
692,15135,Cora,1564.2,3
693,1072988,ZekeReds,1564.2,135
694,36745,Tadeo,1564.0,5
695,1393892,Charles,1563.9,8
696,10925,Gwabs,1563.8,4
697,2876366,Bloom | Kyrein,1563.7,9
698,1898936,Ashen,1563.6,7
699,1050437,ODSY | ScrubbedOut,1563.6,8
700,1993120,C2F | Watherum,1563.5,92
701,5463765,i will remove you,1563.5,6
702,1150491,Redthunder,1563.5,101
703,1724767,CR | T-sizzle,1563.5,78
704,4072048,MHM | JXGO,1563.4,5
705,965401,HPU | Coltman,1563.3,3
706,5099409,REV | H-Meister,1563.1,5
707,3798456,ItzRed510,1563.0,9
708,1413210,WHS | Tabpol,1562.9,12
709,336289,Salazzle | 4Lukaska,1562.9,3
710,245147,BmX,1562.8,7
711,1274182,PTM | PK Freeze,1562.6,4
712,1242039,C.Kaleb,1562.6,3
713,71570,TR | SlingShot,1562.5,141
714,2130599,Badplayer シ | Cellist,1562.4,75
715,5302076,LuvDoll | Hyukai,1562.4,11
716,379259,CT3 | T3,1562.3,4
717,3650929,EOI | Pizzaritos,1562.1,7
718,10943,Spaceghost,1562.0,12
719,225268,FzP | SolarBeam,1561.9,12
720,884969,Yeet | Womb!,1561.7,4
721,3733748,ScR | MilkGod,1561.6,3
722,337973,ALTAlter,1561.6,129
723,2337606,BLZE | Chococroc,1561.5,3
724,1111772,Mr Zacky,1561.5,81
725,314641,OFY,1561.4,8
726,2393895,yinyong,1561.4,10
727,1738307,Messiah | MikeyProHD,1561.1,5
728,3226990,Liquid | IV,1561.1,3
729,1271534,BB | Everdark Xenight,1560.8,3
730,2069106,JT7 | Zexyyy,1560.7,6
731,71122,SILK / Save,1560.6,13
732,27632,TSG | Wolf,1560.6,17
733,207656,Ian,1560.6,6
734,1743666,Hiycks,1560.5,13
735,27638,Panda,1560.4,3
736,404287,NS | Bloom | Phaethon,1560.3,5
737,4369770,LORE | JthaDon_,1560.3,5
738,2983647,eFC | EstebanGamer,1560.2,4
739,1051067,FF | Cobra,1560.2,15
740,128243,OUT | PSK | AlanDiss,1560.2,4
741,2208118,Astigmatism,1560.1,3
742,3493238,Tate,1560.0,2
743,611737,BFL | MrChupy01,1559.8,4
744,172453,EMPLOYED | Him Possible,1559.7,4
745,215623,BERG | Tarik,1559.5,2
746,1496687,RAW | Pseudo,1559.5,7
747,70210,Judgy/TRL,1559.5,10
748,485151,mnf,1559.5,7
749,4552702,JACKBOYS | Picklez,1559.4,95
750,2300119,BLZE | Turnap,1559.3,7
751,374582,AFG | Paper Tom,1559.3,89
752,1839907,SKE|Syn!|SoP | Astraea,1559.3,3
753,913225,Rider | G4G | tf j,1559.3,13
754,657781,Schmeat | WheeZy,1559.1,5
755,1863577,MSU | Pacific | Auramaster,1559.1,101
756,372499,Aroo,1559.0,7
757,1007323,SBU | Glial,1558.8,186
758,1350424,MHM | 天 | VulgarKaiju,1558.8,670
759,1913021,LFT | SpikeCC,1558.7,3
760,46168,hypermariosunshine,1558.7,3
761,3546332,BOTBS | Gbro/Glizzard,1558.6,3
762,571119,MSU | OmniElement,1558.5,78
763,1807531,CTG | AnthonyIsntCool,1558.4,7
764,2049925,ILMW | BulborbBob,1558.4,9
765,3639414,UA | ray,1558.3,124
766,2134062,NS OC | Gae Bolg,1558.3,10
767,779163,AM4K | SKZohar,1558.1,12
768,26327,Marcus,1558.0,4
769,708513,LUX | victory,1558.0,93
770,1529812,FBI | MaouSilver,1557.9,342
771,4323804,Diamond,1557.9,3
772,807386,Dre,1557.8,90
773,33533,EON | Joe Silly,1557.6,6
774,5288025,Rudra,1557.6,4
775,1451843,Jerry,1557.5,79
776,3900888,Indian Vegeta,1557.4,6
777,1871419,SSS | clanc,1557.4,88
778,2906120,IWU | Tenshi ﾒ,1557.3,7
779,1665968,RVL | Bloom | Spiceepicklez,1557.2,7
780,160155,Slayer,1557.1,3
781,1776133,Mishka (B),1557.0,25
782,1770562,MOB | Loftz,1556.9,1159
783,4127703,ML/MRL | Seul,1556.9,3
784,1039780,DreamSlap,1556.9,11
785,4830852,Skip,1556.8,118
786,2192335,SnoopDan,1556.7,21
787,1512503,SPC | Sprauty,1556.6,5
788,11536,PRTY | YTG,1556.4,3
789,69946,BACKTOTHELOOT,1556.4,66
790,2773718,DC | HONOR | Hiso,1556.4,4
791,57875,XenoZero | DarkBlues,1556.3,4
792,3250575,Shard,1556.2,4
793,943156,ILMW | Alternis,1556.2,18
794,910411,Fairtoknee,1556.0,5
795,1012141,Utopian Ray,1555.9,7
796,4839300,Canaan,1555.8,6
797,1012831,Ho Chi ZYN,1555.6,8
798,137309,WBN | Chris,1555.5,4
799,315848,⚡🔥⚡ | 1,1555.5,9
800,1444831,SNB | Joker,1555.3,70
801,54195,Renegade | Hyushi sama,1555.2,10
802,2460125,C.Y.,1555.2,5
803,2679468,Makotn | Narukami,1555.0,5
804,1564320,Bozo,1554.9,5
805,4179802,GSG | Reed,1554.9,5
806,230304,GTH | LRA | Steven8er,1554.9,89
807,2466509,CV | Thale_X,1554.9,443
808,2960154,PAL | Monem,1554.6,8
809,258570,FreeFormJazz,1554.5,8
810,3799766,Cody,1554.4,11
811,2960339,CBC | J_Galvan,1554.3,3
812,1723751,SM | Gongaga | YEETUS,1554.3,5
813,5462754,player 4,1554.3,6
814,2106910,Up B Down Air Up B Nair,1554.3,27
815,1467560,TRANS RIGHTS | toothbrush,1554.2,6
816,1617991,patOO | PatTou ʚɞ,1553.9,5
817,1208753,Agua,1553.9,78
818,2193127,KornDog | | Dragonbeast,1553.9,6
819,1036615,Solid Gamer,1553.9,3
820,3548724,Gekkingga,1553.8,3
821,1710192,Syn! | DO | The Winner,1553.7,6
822,300502,Ouch!?,1553.7,7
823,173349,Diaphone,1553.6,3
824,70832,Oatmeal,1553.6,111
825,1729757,Invincible | Poisonboi,1553.5,86
826,1669108,Faast,1553.5,4
827,1738,Dominator / Seibrik,1553.3,7
828,4069233,SCB / UG | Ryzakyn,1553.3,4
829,1183244,chancla,1553.2,84
830,5326242,poem.,1553.2,9
831,3433481,Eureka,1553.2,4
832,261298,Booty / Karxm,1553.1,94
833,1686173,DarkDrago / ToNa,1553.1,2
834,1387241,TheFizzledPop,1552.8,15
835,1099914,Bimbus,1552.8,121
836,3120894,NotBae,1552.7,5
837,187298,Amrit,1552.7,3
838,1617913,LBE Coach | Spair,1552.7,2
839,3447761,C2F | Cou,1552.6,87
840,3496538,Silvstar,1552.5,7
841,44466,Envy,1552.5,7
842,654259,Whitest dudes you know,1552.5,10
843,4506165,I am | Sneakers OToole,1552.4,28
844,851857,ENC | SaladDressing,1552.3,94
845,1009085,Atreus / BECK99,1552.3,2
846,2129156,Stelter,1552.1,244
847,2950033,XxSinister_God69420xX,1552.1,3
848,1671018,Kazuha Mishima,1552.0,24
849,1061488,Elfy,1552.0,5
850,136464,Nerfan,1552.0,4
851,174987,ඞ | Caststarman,1551.9,90
852,676248,MASTER1801,1551.8,4
853,172316,Next | Woozie,1551.8,14
854,1935076,SS/Syn! | Krush,1551.8,11
855,963186,Armed Robbery,1551.8,90
856,228792,Bonkler,1551.7,16
857,1081948,Potato,1551.7,5
858,4155854,Cross,1551.7,6
859,21460,MVD,1551.6,5
860,811118,Rigz / Kiranchi,1551.4,8
861,427133,username,1551.4,196
862,710461,CFF | Shawarma,1551.4,6
863,1081320,Mario,1551.3,6
864,546734,DLT/CS3 | MKBigBoss,1551.3,4
865,2993602,CCNY | EOI | Ebrima,1551.2,285
866,2111593,Koozu,1551.1,85
867,970892,RSG | YouSoup,1551.1,2
868,2768368,NEVER DISCUSS CHEESE WITH THE BOIS,1551.0,2
869,3173254,Bonch,1551.0,3
870,1191500,Kansas | YellowSalami,1550.8,4
871,1588223,Gatsby,1550.7,6
872,260294,Fidel Ca$htro,1550.7,4
873,24971,My Dad / Sean,1550.6,8
874,1130355,T-T | BigFish,1550.4,10
875,986591,MHM | lito january13,1550.4,6
876,4008538,Paopu,1550.4,3
877,171393,MNI,1550.3,16
878,1874194,ROK | Lukechito,1550.2,3
879,1813300,URI | Brando,1550.1,13
880,1694371,MK | mess,1550.1,5
881,540560,VIBE | Jessu,1550.0,2
882,1412503,MBS | Steffen,1549.9,5
883,3071228,RPReeper,1549.9,2
884,1995706,Anagram,1549.8,3
885,3799101,Gatsby,1549.7,12
886,267460,Ranger,1549.7,5
887,434927,Ziad,1549.6,3
888,1267281,Ἰλία (イリア),1549.5,8
889,2967546,Bail,1549.4,2
890,2410827,sickle / Consent is Badass,1549.4,8
891,66861,Kendrick Olimar,1549.4,5
892,1210633,NYU | Scout,1549.4,9
893,540911,Arctice,1549.4,4
894,1714828,Sentry | Naomi,1549.2,19
895,62609,Fabiio,1549.2,6
896,1150910,Gadzooks! | BalcoBops,1549.2,5
897,26888,RPG | Ravenking,1549.2,5
898,15187,Ho3K | HelpR,1549.1,6
899,3413979,Quote,1549.0,5
900,787741,Potato,1548.9,5
901,6126,Zain,1548.9,2
902,3799098,Myles,1548.9,11
903,6905,Sonido,1548.8,5
904,1750296,Protean,1548.8,436
905,3094941,MOB | Stelter,1548.7,5
906,3620468,Kaliber,1548.6,29
907,33810,FizzyBrax | Mr.Watch&Learn,1548.6,6
908,5300761,100PercentLamp,1548.6,3
909,655986,Wilsports | Wiloo,1548.5,15
910,1797814,Monk,1548.5,14
911,399451,AFAS | Chris Dechene,1548.4,3
912,37723,Prettiest Girl In School,1548.3,8
913,3532239,the horrors | damien,1548.3,7
914,1336999,Freeze,1548.2,4
915,1700267,DBQ | Ralphieboi,1548.1,16
916,989934,716 | KingCoreyFTW,1548.1,3
917,4446519,RenSuø,1548.1,3
918,4844392,$ADBOYZ | DO | Squallz!!!,1548.1,5
919,3512238,LYM? | Milo008,1548.0,9
920,2006693,CHP | Relaxe,1548.0,322
921,24578,Gibbles,1547.9,5
922,2093733,ZERO REGRETS | Twitter Gooner,1547.9,4
923,1983899,"She Wants Me, (dead)",1547.9,4
924,5126819,player 4,1547.8,3
925,2056881,PotusTheGoatus,1547.8,3
926,409987,Neo Joe / Derpager,1547.8,14
927,3631801,domisBUGGIN22,1547.8,123
928,674084,33 toes,1547.7,3
929,852395,Aooosten,1547.7,7
930,2070314,TheBlockMan,1547.7,4
931,1112255,GIANT | fart,1547.7,113
932,3362490,RW | Swirls,1547.7,24
933,2931613,work in progress,1547.7,10
934,1464493,Obwan,1547.6,6
935,3505719,PYT | Enma,1547.6,2
936,2890940,djb | Gatsby,1547.5,5
937,2279258,crystal pg | blue dog,1547.4,6
938,1838937,dhar mann fam | Bawsome,1547.4,2
939,1885346,YBG | CoolCactuS,1547.3,4
940,1188432,Mono,1547.3,63
941,2155538,zawg,1547.3,7
942,4336411,AlexAV,1547.3,3
943,1774523,NEPA / VLNY | lastMinute,1547.3,9
944,346078,Gamerdog,1547.2,3
945,1551673,Wilsports | jlew,1547.2,7
946,246481,Shed | Skrb,1547.1,4
947,1700860,EmLo,1547.1,5
948,170878,Barking_Frog,1547.1,2
949,536978,? | Ditto,1547.0,5
950,1090338,clementine,1546.9,3
951,3445169,Grubs,1546.9,4
952,1527029,ONi/585Z | MacsSama,1546.9,3
953,56279,Perkinips,1546.7,2
954,2224049,Ian,1546.7,3
955,223515,Brownie,1546.7,3
956,4503816,ML MRL | Diego,1546.6,5
957,2626591,CMF | Tasabu,1546.6,2
958,1797904,Banj,1546.5,2
959,1629701,EDS | Power,1546.3,3
960,1962047,banjo chud,1546.2,9
961,4829,Retired | KoRo?,1546.2,2
962,173074,MD/PA,1546.2,4
963,491146,Yoe,1546.2,4
964,2149453,Spicket11,1546.1,5
965,3405756,U=ma2 | The Aegis,1546.1,2
966,1349965,Strawbz,1546.1,21
967,3177573,PITY | Ariana Grenade,1546.1,3
968,244598,PSG | balls,1546.0,136
969,1291318,JJ,1546.0,84
970,415385,iDom,1545.9,2
971,27031,Player-1,1545.9,2
972,23277,VoiD,1545.9,2
973,2225849,Melp Man,1545.9,5
974,5512053,player 4,1545.9,5
975,34307,BrickNGames | MrRyanNess,1545.8,2
976,147818,G-Rain,1545.7,73
977,249354,GG | Stocktaker69,1545.7,2
978,3129265,Monocle Gentlesir,1545.7,9
979,1796929,GWU | Jbay,1545.6,75
980,1399266,B-) | Mcccc,1545.6,8
981,1993466,GUNSLINGING GATOS,1545.5,2
982,205609,IMMRTL | Drevis,1545.4,5
983,1044613,Sk | CROW,1545.4,7
984,58702,WhyDo,1545.4,2
985,2800643,Floppa | Phantom,1545.3,2
986,3353422,EMW Esports 2 | Tomodachi Wife,1545.3,16
987,1698228,J.B.,1545.2,9
988,126381,DT | PSK | BICI,1545.2,2
989,433907,SI | AGenericMichael,1545.1,2
990,1888387,Goober707,1545.1,2
991,4374455,Loagns Friend | Zachhhh,1545.1,2
992,3554154,Joy,1545.1,5
993,1857371,TDC | AOC | JIMJAM,1545.0,4
994,3529377,Bloom/EMWesp | feminine,1545.0,7
995,279643,Torna,1545.0,3
996,1663959,PAG | Icebound,1544.9,3
997,2740702,WOKE 2 | SILLY | RIOLU,1544.9,2
998,5317226,Jamal / Destra,1544.9,2
999,1771679,ZeroTwoNone,1544.9,5
1000,1000564,Toogis,1544.9,24
1001,70916,Chag,1544.8,4
1002,13740,Nicks Friend | Stango,1544.8,2
1003,3799095,Ice,1544.8,11
1004,2391287,CunyBC | Billio,1544.8,16
1005,4440583,Darkknight6682,1544.6,2
1006,3814115,Mii Gooner,1544.6,3
1007,1655988,Potato,1544.5,5
1008,318418,C. YA,1544.5,2
1009,859464,Nijia,1544.4,10
1010,58876,NUKE512,1544.4,3
1011,174936,UA | KINGMAN,1544.4,2
1012,5254446,gman,1544.4,2
1013,3730349,balls,1544.4,7
1014,1632446,gatsby,1544.3,5
1015,1357196,UMN | PAL | Stitch!,1544.3,7
1016,442000,HEYO | MojoGameSlayer,1544.2,2
1017,676325,HONOR | Hokage,1544.2,2
1018,131624,ProfessorKO,1544.2,3
1019,1992767,CBG | Tu Papá,1544.1,2
1020,508872,Brub,1544.0,3
1021,2602043,AlphaStone,1543.9,4
1022,2458738,Angelofdeath,1543.9,5
1023,2195999,ECR | cherryo,1543.9,2
1024,3013726,Cyclonus,1543.8,2
1025,1191080,dbfc | LRA | Pardo,1543.8,222
1026,3316231,Mickey | Cooking,1543.7,4
1027,2321655,White Hawk,1543.7,2
1028,1634320,MF JOE,1543.7,4
1029,1528776,Rhougue,1543.7,2
1030,4862279,わた,1543.6,2
1031,930772,Loafer,1543.6,2
1032,2086155,EMW Esports 2 | Lozman,1543.5,252
1033,282072,supermario,1543.4,4
1034,19940,Nicholas1024,1543.4,2
1035,4199,Kevorkian,1543.3,5
1036,46958,Frozen / Rex,1543.3,3
1037,1386525,MILESTONE IV | Ev,1543.3,2
1038,342452,ID | Ironbrand,1543.2,10
1039,49915,2can,1543.2,149
1040,573408,SIDEB | AI,1543.2,5
1041,2900906,Syn!/DO/TP/LYM | Lumity,1543.1,6
1042,2522551,PMB | 4Fun,1543.0,2
1043,3747343,Mannydyne,1542.8,2
1044,70106,NVM | ZBFusion,1542.8,3
1045,4557714,REV | LevelOne,1542.7,141
1046,3681199,Animal,1542.7,2
1047,129118,Prof3ssorMGW / Kiranchi,1542.7,4
1048,2008242,TanMan,1542.7,9
1049,876614,SKT | Gosuda Blue,1542.7,2
1050,1266169,ECR | TCO | kaliæ.,1542.7,2
1051,1835178,Shiny,1542.7,3
1052,2936089,STORM| | Zacto,1542.7,6
1053,4815525,Redacted | FokkosFox,1542.7,2
1054,1261991,HONOR | Lightning,1542.6,9
1055,1795504,Pa'lante | Polaris,1542.6,2
1056,1706229,Liquid | Mr. Sakurai,1542.6,2
1057,370861,Zenkai,1542.6,70
1058,1864338,AnThran,1542.5,2
1059,4708659,Puppy Princess,1542.5,2
1060,2975740,Darneld | Leviticus Sackington,1542.4,3
1061,54042,OAK Revolution | Ryuki,1542.4,2
1062,1740335,dark cat,1542.4,11
1063,548005,Mukuro~,1542.4,13
1064,2270811,Clob,1542.3,3
1065,4066877,Yai | Yukitrampuwu,1542.3,2
1066,3157551,Dubby.gg | WHOxM,1542.3,85
1067,2429649,Pit Professor,1542.2,17
1068,2896678,Bylari,1542.2,2
1069,181106,Billy Schilly,1542.2,6
1070,10212,BLZE | Aryeh,1542.2,28
1071,4152160,derptheherp101,1542.1,5
1072,137414,APG | Addy,1542.1,2
1073,172242,hsy,1542.1,4
1074,1612820,Pink Cage,1542.0,6
1075,129342,Quite,1542.0,6
1076,3199276,max,1541.9,9
1077,2979344,makuko87,1541.9,2
1078,2471233,iLPG | Alien,1541.9,2
1079,4104905,spoon,1541.9,4
1080,1006423,Moot,1541.9,2
1081,15263,DrLobster,1541.8,2
1082,428340,VYRUS | GRNT | Orango,1541.8,7
1083,4283172,Q,1541.8,7
1084,1051056,Scarecrowuknow,1541.7,3
1085,1296455,Abook,1541.7,2
1086,2114120,TC | Sam I Am,1541.6,4
1087,2436780,JeffZlorp | Dark Rizzler,1541.6,3
1088,2413328,GhostToad,1541.6,12
1089,2196601,All Levels | MSK_00,1541.4,2
1090,54129,Tyler / The Villager,1541.4,6
1091,3586282,dawa,1541.4,4
1092,2501495,Illusory | Pyro,1541.3,2
1093,889148,Miss Input,1541.2,4
1094,10564,Infinity,1541.2,5
1095,2153344,Mayuri,1541.1,6
1096,2670725,Pulse,1541.1,2
1097,994335,DreamOn | kokujin,1541.1,2
1098,3912678,Adumb,1541.1,2
1099,553257,GNT4 | Skeet,1541.0,5
1100,2232183,DO | Sprinkle,1541.0,13
1101,1609550,Shai!,1541.0,9
1102,44766,SkullSpace | Jams,1540.9,6
1103,4110103,BanSGod,1540.9,2
1104,241916,zook,1540.8,5
1105,1129163,HoP|HONOR|OE | Motita,1540.7,9
1106,1648597,Cloush,1540.7,2
1107,1795687,AlexAWG,1540.7,7
1108,1141910,TXH | LudwigFrog,1540.7,7
1109,1768825,BMJ | mr. money,1540.7,7
1110,2512840,Maynnaise,1540.6,5
1111,4912577,Dream On | Clouds._theFan,1540.6,2
1112,1468989,BIG CRUMB / Thuy,1540.5,10
1113,1258882,Got dat shit on | Sibo,1540.4,3
1114,2687335,DGS/SWO | Delta-X,1540.3,2
1115,338665,KoF | HAMMERTIME,1540.3,3
1116,1069548,lores / Kyna,1540.3,2
1117,2409815,RM | GUMP2 | Kr!stal:0,1540.3,2
1118,1731974,Ryan,1540.2,108
1119,1713177,:3 | Ouroboros,1540.2,2
1120,1362532,Wilsports |OUG | Sativa,1540.1,11
1121,2547338,KML | TrapHoodHighlights,1540.1,2
1122,16019,DA | DireOnFire,1540.0,6
1123,326148,DA | EMP | Venia,1540.0,4
1124,512698,gaku,1540.0,3
1125,3149220,FA | CV | Kinnick,1540.0,14
1126,2126991,UHWO | Randosaki,1540.0,2
1127,27007,Rocky,1539.9,87
1128,3176822,Vizion | Xabieru,1539.9,3
1129,69011,ML|CRC|OUT | Bernie,1539.9,2
1130,2789940,ス | スノー,1539.8,2
1131,3474494,MTS | Wanheda,1539.8,2
1132,1863576,MBS | GrlyTeenQueen,1539.8,11
1133,3755681,Nation,1539.8,2
1134,5532474,player 4,1539.7,5
1135,3298378,MANA | Yako,1539.6,2
1136,53691,Rel Wood,1539.6,4
1137,2086800,RISE | Union X,1539.6,87
1138,791209,LP/WASD/TSB | Lem___________,1539.5,3
1139,1592814,Assassin,1539.5,10
1140,3675346,OMG | Lewy,1539.4,2
1141,869771,AyeJay / Kipp,1539.4,7
1142,1714482,ML MRL | MaZo,1539.4,7
1143,1829427,OhKO | Ryuki,1539.3,2
1144,3818660,PersonguyC,1539.3,9
1145,3018924,4Karina | ButteryTheBest,1539.3,6
1146,215127,MPC | Richer,1539.3,2
1147,155168,Dyla,1539.3,7
1148,2147839,SHED | Aidanafoo,1539.3,2
1149,251734,GAMEING INC. | THE SCHMIXTAPE,1539.2,3
1150,23042,Free Palestine | Juushichi,1539.1,2
1151,3760690,balls,1539.1,5
1152,3001716,Julie,1539.1,2
1153,1364219,summitsun,1539.0,85
1154,946537,PSG | Rubric,1539.0,2
1155,3875051,Bloo,1539.0,2
1156,1174131,onepiecefan2009,1538.9,3
1157,1187176,tahlia / Scooby,1538.9,2
1158,2438200,CV | Shaury,1538.8,2
1159,657175,Bobakanoosh,1538.8,4
1160,234892,NE | ZeeBee,1538.8,7
1161,278696,CF | KAO,1538.7,5
1162,1228010,DJ,1538.7,6
1163,4718176,MacSmitty,1538.7,4
1164,3258919,Shadu,1538.6,7
1165,2835780,Spliced,1538.6,2
1166,22327,Quist,1538.6,2
1167,325974,Cricket | SDJ,1538.6,2
1168,1347647,LBS | SuperKernel,1538.4,2
1169,391779,FSC | Smoothini,1538.4,2
1170,1358283,CAT | MixyCat :3,1538.4,18
1171,1131964,PARADISE| | Zaaz!,1538.4,5
1172,5471441,player 4,1538.4,3
1173,1339536,FSA | Wilde,1538.3,4
1174,5278089,Mythie,1538.3,2
1175,7656,CT | Chia,1538.3,8
1176,27072,Dyspro,1538.3,90
1177,4358445,Gusta,1538.3,5
1178,1032550,JLo / AeroAce,1538.3,4
1179,1074207,Mindset | Rx,1538.2,6
1180,325754,sonicboxx | arakiba,1538.2,5
1181,14004,Wombat,1538.2,2
1182,60729,BDS | hinkage,1538.2,6
1183,758335,MBS | Z minus,1538.2,9
1184,2636165,OE | G4G | KAZÍÍ,1538.2,11
1185,2616674,Sebas,1538.1,2
1186,2924101,Kilometers Immorales,1538.1,2
1187,1068624,UI | Sapphirion,1538.0,3
1188,1734996,ZizOhNo,1538.0,8
1189,2219307,F2 | Flip,1538.0,2
1190,5305119,kliesen (B),1538.0,6
1191,3765838,Stelter,1538.0,5
1192,2056960,USA BESTCOUNTRY,1538.0,4
1193,1099727,MU | ApolloKage,1538.0,5
1194,1285194,trap queen,1538.0,256
1195,937364,bran,1537.9,14
1196,3685466,WeebStick,1537.9,3
1197,261947,JMxfia,1537.9,22
1198,1563062,UNCG | Peanut,1537.7,3
1199,3912954,Stuffs,1537.7,2
1200,853030,JakeyTheSnakey,1537.7,3
1201,2264898,JonTortoise / lumor,1537.6,2
1202,1286781,LTD | Sirens!,1537.6,2
1203,1992753,DoGood | H03$ M4D,1537.6,9
1204,21620,GFU | Icefire,1537.6,2
1205,960322,ebs | echo,1537.5,2
1206,4345829,TG/SR | Ricc,1537.5,2
1207,5796,EMG | Blacktwins13,1537.5,20
1208,968988,elshudo,1537.5,2
1209,1350627,SYN | Undeadbraindead.,1537.5,3
1210,2688660,SuperJC25,1537.5,3
1211,160075,JS FRKS N6 NG | Grayson,1537.4,2
1212,29107,NYC | Yeeevs,1537.4,5
1213,160464,FLY | Riddles,1537.4,4
1214,1128287,PerfectPenguin,1537.4,2
1215,2915385,Free Agent | KOBALT,1537.4,2
1216,1937930,Viviana,1537.4,2
1217,5251155,Olivia RodriGOAT,1537.3,2
1218,211775,luca,1537.3,2
1219,700337,Toma_,1537.3,7
1220,3216109,EX-SOLDIER | Luneth 凶,1537.3,4
1221,1398595,Brok3n,1537.2,2
1222,1017079,Chillshroom,1537.1,78
1223,175623,NU | Kurama,1537.1,2
1224,1467470,Notku,1537.0,2
1225,1264656,K7 Showoff,1537.0,2
1226,341914,Triple A,1537.0,82
1227,407762,GG | Jay,1537.0,2
1228,1370600,Shadzix / CrzyCrash,1536.9,6
1229,994172,Dr. Iggy,1536.9,4
1230,1196596,Potato,1536.9,6
1231,995206,UGS | Sir Dank,1536.9,3
1232,576740,CRAB | SLG | ThatScrubDavid,1536.9,2
1233,1507971,NikShadow,1536.9,10
1234,1449519,COMO | Env3lop,1536.8,4
1235,4337390,KBK | ren,1536.8,2
1236,5372867,player 4,1536.8,5
1237,207717,TSB | Blas,1536.8,5
1238,1007258,Rat Gang | MorseCode,1536.8,2
1239,2859963,Gamz,1536.8,3
1240,3121953,CDTF | Donut,1536.8,2
1241,433928,Onii-chan,1536.8,6
1242,725328,BLZE | Daveong,1536.8,9
1243,152949,C2F | Rucent,1536.7,2
1244,572962,Cheeks / petebr0,1536.7,6
1245,1804240,.wav | Croix,1536.7,30
1246,5158343,player 4,1536.7,2
1247,1654888,AoC | Kitana,1536.7,98
1248,1752000,SYB | TRINITY,1536.7,2
1249,934574,Moonlight,1536.7,2
1250,1568690,Yakka | Piggins,1536.6,2
1251,157156,NE | Smokk,1536.6,4
1252,577153,Riflip,1536.6,110
1253,2974183,MC Parking Lot,1536.5,2
1254,2515289,FrankenFaust,1536.5,2
1255,2283069,DGS FBG SR BH | SirFranks,1536.5,2
1256,648817,SmU5h | BlueJay,1536.5,79
1257,898173,IONA | Mr. SMILEY,1536.4,5
1258,45407,Cranberry,1536.4,2
1259,1585721,MBS | Mimik :P,1536.4,104
1260,1188970,DF | kirby509,1536.3,4
1261,2128191,Jayson,1536.3,2
1262,2344624,MERC SMFN | Joe,1536.3,22
1263,184066,GODwithinAnthony / Thore,1536.2,2
1264,2171861,Kalelfox01 / Former,1536.2,2
1265,3008266,Arpo,1536.1,9
1266,4845,Snoo,1536.1,2
1267,1180944,Sinister Sage,1536.1,2
1268,2277989,Chronic Overthinker,1536.1,4
1269,126431,Gavin,1536.1,2
1270,1612651,h00ks,1536.0,2
1271,70122,Rice,1536.0,2
1272,1896293,Nycto | OnePower,1536.0,6
1273,1606427,TS | Hi Hello,1536.0,3
1274,2484483,Onion,1535.9,2
1275,251450,ilike21pancakes,1535.9,5
1276,1837040,MesaGordeau,1535.9,12
1277,3241035,i_am_iconks,1535.9,10
1278,4293691,nunnyu,1535.8,8
1279,5322580,Detect-Kev,1535.8,3
1280,2272295,LYM? | MM | Llama,1535.8,159
1281,2707000,Will,1535.8,2
1282,2468377,griffo,1535.8,4
1283,156644,HT | Bosch,1535.7,2
1284,533629,Mekariot,1535.7,2
1285,1768109,SRN | Guren,1535.7,3
1286,415937,BFD | Sion,1535.7,2
1287,1370191,EMW Esports 2 | KingP,1535.7,13
1288,55170,Nitten,1535.6,2
1289,3069428,Rising Stars | Thun Lunk,1535.6,2
1290,2827039,MMG+/WAMP/FS | Lumikade,1535.6,78
1291,51625,LD,1535.5,3
1292,1595628,FC | G-XTREME,1535.5,251
1293,2728514,Nitrobone / DarthCJ8,1535.4,3
1294,2154656,IvZendo,1535.4,6
1295,358859,CHV | | ligarachi,1535.4,10
1296,2127278,LG | sol0,1535.4,2
1297,1584955,AVERAGE,1535.4,2
1298,3110168,Oshan / Ikilldpacman,1535.4,3
1299,2413463,Hung | Grey,1535.3,75
1300,1004635,circusdoll / Amon,1535.3,6
1301,2691637,ZETA | らる,1535.3,2
1302,171615,Birthdayninja,1535.3,2
1303,1635199,DEUS | TR Gold YoRHa,1535.3,2
1304,1751760,Alex | The Freakinator,1535.2,68
1305,1056907,Myfiancée | Wasabi,1535.2,3
1306,15161,GR | Corazón,1535.2,9
1307,2577546,Greeetaku,1535.2,4
1308,2303945,Koloax,1535.2,6
1309,3369769,そらまめ,1535.2,2
1310,4381444,YBG | Snowbunny Mind Control,1535.1,264
1311,1834770,Franklolx,1535.1,3
1312,765142,* | Q,1535.1,11
1313,1124851,UF | Xifl,1535.1,6
1314,4718175,MacSmitty,1535.0,6
1315,2930659,ha1o,1535.0,2
1316,213705,FluxWaveZ,1535.0,2
1317,1496295,[foc] | Dtier,1535.0,3
1318,2569521,mistyc / moices,1535.0,2
1319,5497226,GeraldDaGifafe,1535.0,6
1320,154507,TTV | signify,1535.0,2
1321,1841371,Mustard | Cozy K.,1534.9,113
1322,4602586,shiggy,1534.9,2
1323,1482776,Weegee177,1534.9,2
1324,3525460,MASH | EL MACHO,1534.8,2
1325,2426381,Berg,1534.8,3
1326,2335833,xaviiur,1534.8,7
1327,32176,#FNY | Cassius,1534.8,2
1328,1224459,Nate / alan$,1534.8,5
1329,3248936,MR | Robin,1534.8,2
1330,2052255,MobileGearEnjoyer,1534.7,10
1331,1795700,WOKE 2 | dairygoat,1534.7,5
1332,1349650,Mattyton,1534.7,2
1333,1554487,Potassium | GeneralChimp,1534.7,2
1334,5344271,TRC | Axel,1534.7,5
1335,10993,LegendaryyPred / RossFGC,1534.7,2
1336,1193865,UTDe | BBC | Chichico,1534.6,2
1337,2868882,R.O.B Squad,1534.5,5
1338,1405107,TWR | Saro,1534.5,2
1339,1401927,KingLoogithin'TheTwoSt. / RoseKorynn,1534.5,2
1340,1870359,TmS | White Woman Walkins,1534.4,2
1341,503063,Rascal,1534.4,3
1342,1868022,JL | FireSlam23,1534.4,6
1343,2909572,SMN/BB | samba_migo,1534.4,2
1344,1335518,Potato,1534.4,5
1345,247544,OctopusMan,1534.4,2
1346,2353465,109%,1534.3,2
1347,5691,AFAS | Gadget,1534.3,2
1348,1728859,MeKa / Swag Master,1534.3,150
1349,2160843,pp | Rascal,1534.3,7
1350,791449,dannyqw1,1534.2,2
1351,5343,BOOMER | BEERMAN THE GALANT,1534.2,3
1352,1046075,Cake,1534.1,7
1353,231030,Chef / Bert The Dragon,1534.1,2
1354,2088174,GORDO | TFO256,1534.1,226
1355,1026171,Kawhi,1534.1,6
1356,3747879,GOAT EATER,1534.1,13
1357,1848747,Biscotto,1534.0,77
1358,1447777,DUSK | ToasT,1534.0,3
1359,2536594,4TTD | ScR | coffee jr.,1534.0,2
1360,1726538,131 | Ashen One,1534.0,12
1361,3679798,cheese mouse | eribri,1534.0,2
1362,571641,iControl,1534.0,2
1363,2488433,エスケー,1534.0,2
1364,2266169,CU | JINX,1534.0,86
1365,1441832,TFO256,1533.9,6
1366,1340027,LU | iCandres,1533.9,2
1367,1164200,DC3 | Jely,1533.9,2
1368,1445259,CarBev | abc,1533.8,12
1369,1582989,Mori / Ccat,1533.8,71
1370,3760811,Unc | Wukrit,1533.8,2
1371,3389924,KingKoa,1533.8,2
1372,1553897,CrimsonGPR/TOX | Gianic,1533.8,4
1373,1104029,Newplayer1,1533.7,79
1374,970468,Iona University,1533.7,10
1375,1782828,Instinct,1533.7,2
1376,1678135,summitson,1533.7,5
1377,2377857,moses,1533.6,2
1378,1003118,Pray4 | Huskee,1533.6,6
1379,2330376,OE | Menchu,1533.6,3
1380,183069,iPeru,1533.6,2
1381,170791,Oasis | Unleashed,1533.5,2
1382,1219085,Potato,1533.5,6
1383,916005,sack,1533.4,4
1384,2064069,DANGLE | Garfield,1533.4,3
1385,4496421,Stelter,1533.4,5
1386,260277,TCS | elkiies,1533.4,4
1387,16051,TSB | Chaos,1533.4,2
1388,985580,BIGMEGATTARFAN700,1533.4,7
1389,2213945,wiimote,1533.3,5
1390,214127,RiDEL Castro,1533.3,2
1391,3696138,Suslord,1533.3,10
1392,11197,Nani,1533.2,2
1393,1750294,Boongly4 / mr. money,1533.2,2
1394,905283,ELCucuyFGC_,1533.1,2
1395,285302,TammEsports | Oats,1533.1,5
1396,1070530,Fiive,1533.1,4
1397,3622039,HypeRoundTable | KING HYPE,1533.1,3
1398,4921272,Voki,1533.1,2
1399,2070101,sam,1533.0,2
1400,172091,BioBirb,1533.0,2
1401,2724127,aeiou,1533.0,3
1402,340935,Flippy / Joe-J,1532.9,3
1403,1804733,Goose,1532.9,2
1404,4272321,|||||||,1532.9,2
1405,4974987,Chenzy,1532.8,2
1406,1496057,MXC | C@den,1532.8,4
1407,525095,MainVillain | Fillie,1532.8,2
1408,1541123,PawnMaster,1532.8,2
1409,269739,ME | T2S | Torro,1532.8,2
1410,5405475,ellieTM,1532.7,2
1411,994353,Kill me,1532.7,6
1412,875560,Karxm,1532.7,2
1413,5176369,WallzerBluds | MasonTheMan9,1532.7,4
1414,1187549,Not | L7ogz,1532.6,4
1415,3799129,Swigzy,1532.6,10
1416,3018741,Graapefruit,1532.6,3
1417,408055,Mokun28 | jjcat00,1532.6,4
1418,3267964,RZM | HDHC | RayZynbranMuffin,1532.6,2
1419,4441973,20 Years In Da Can,1532.6,2
1420,5532842,Wilsports | Queen,1532.6,7
1421,2011531,利根川,1532.5,6
1422,2813572,ScoffingConch87,1532.5,92
1423,4232434,Parry.gg | Mudskip,1532.5,4
1424,4308658,KC | BWM | CT | SGTMarquito,1532.5,2
1425,159427,Leof,1532.5,2
1426,5052008,SYN | Archer_Rules,1532.4,2
1427,33730,Seesaw,1532.4,3
1428,952759,YoinkySploinky_,1532.4,2
1429,1104910,UPTIME | Pearly,1532.4,10
1430,2345227,Edging Wind Goon Fist,1532.4,4
1431,244046,Ant,1532.4,2
1432,1744611,VillyGang | Bruce,1532.4,2
1433,3465324,Mystic,1532.4,5
1434,4500875,ben,1532.3,6
1435,1120290,Ca,1532.3,8
1436,1884088,T8N,1532.3,4
1437,1541066,Colorondo8,1532.3,3
1438,3080920,BFGC | Dr. Shanks,1532.3,2
1439,5420993,KryptonFutureMedia,1532.3,3
1440,2878979,MrWheatles,1532.3,2
1441,1903047,KW | swift,1532.3,2
1442,5522625,Kraiz,1532.2,2
1443,3800500,Aero,1532.2,4
1444,1475650,RRH | Cro0kid,1532.2,3
1445,2310579,BlazeBlast,1532.2,2
1446,4202245,FD | Eminión,1532.2,3
1447,2917783,Aegon,1532.1,6
1448,1741238,Maybe,1532.1,2
1449,53992,Rat,1532.1,2
1450,4122301,JJG | Lunacy,1532.1,3
1451,844349,Karils | Conflict,1532.1,2
1452,158213,LG | Louis,1532.0,3
1453,285765,CBD,1532.0,2
1454,220433,Hawk,1532.0,6
1455,264800,Codo,1531.9,2
1456,1016157,J~DAWG,1531.9,2
1457,1450318,VREEE!,1531.9,2
1458,3739965,oops! | Valk,1531.9,4
1459,211699,Spabobin,1531.8,2
1460,147658,IcyMist,1531.8,3
1461,531926,Charlie,1531.7,2
1462,54095,LightningCam / Stain Naghmi,1531.7,8
1463,2444228,WE OUTSIDE | vessel,1531.7,4
1464,3308794,Iona | Lubando,1531.7,9
1465,1107109,Pink!,1531.7,2
1466,20995,Hoss Delgado / 2saint,1531.7,2
1467,1556078,RG/LL | KingLoogithin'TheTwoSt.,1531.7,2
1468,2139554,Plummet,1531.7,2
1469,1335178,Tofu,1531.6,3
1470,503317,Vivids | Ciel,1531.6,4
1471,1720743,SK | AV | Garo,1531.6,6
1472,1244851,UCD | DEV,1531.5,2
1473,696536,GWOB | frog,1531.5,3
1474,5197558,Sayeon Lee,1531.4,4
1475,951409,EDLN (Eidolon) | LuFL,1531.4,3
1476,2983254,Nya! | Happi,1531.4,3
1477,3961490,PANDAMAN,1531.4,2
1478,3652196,Big Water,1531.4,5
1479,1261717,Goose,1531.4,6
1480,1226466,Yン,1531.3,2
1481,2439111,NFO - KL | Pinguin-San,1531.3,5
1482,1819868,Nisan,1531.3,2
1483,241863,Sampo | Koski,1531.3,3
1484,1526646,KML pp | Big Funny,1531.3,7
1485,3796043,EG|RS | Bonnie,1531.3,3
1486,1792397,Emily,1531.3,2
1487,1117250,BiscQuit,1531.2,4
1488,160078,Extra O,1531.2,2
1489,1491847,Mickey | Mr.C,1531.2,6
1490,868930,studentX,1531.2,2
1491,1900526,TH | MGF | WEST,1531.2,6
1492,1548191,BlassTD,1531.1,5
1493,1400088,Reo M,1531.1,75
1494,3233968,Grisk,1531.1,2
1495,4864464,Klee,1531.1,2
1496,1667238,MudJam,1531.1,8
1497,1481447,XNU | Dr. M3ga,1531.0,2
1498,602909,Pedro Parker,1531.0,2
1499,1684215,Baby Carrot,1530.9,2
1500,623466,Kyoz,1530.8,5
1501,3416651,WPC | FS | Rhinestone Lady,1530.8,101
1502,4935990,Halcione,1530.8,2
1503,1193133,TC | Sky,1530.7,9
1504,3121920,pupyu,1530.7,2
1505,513842,Br1 AV,1530.7,2
1506,326639,JacD,1530.7,2
1507,3932344,Ninblasto,1530.6,1
1508,4078610,MR|CBC|EPH | K-OTS テア,1530.6,1
1509,157119,Gary C,1530.6,2
1510,2052715,ABT3 | Nerdlet,1530.6,3
1511,3902369,SHM | OP | NUGGET,1530.5,3
1512,2169015,JT7/SMFN | Warner,1530.5,16
1513,3601968,Magnus Carlton,1530.5,2
1514,3792763,IcyPenguin,1530.5,3
1515,2414381,GUMP2 | ROB Slayer,1530.4,8
1516,5480483,Swagmaster,1530.4,4
1517,3540466,zinkus,1530.4,2
1518,55595,Never,1530.4,2
1519,623300,TSQ/LRO | Jhosu,1530.3,1
1520,836211,Phone Boy!!,1530.3,2
1521,565833,Noka,1530.3,1
1522,1971465,Dededenied,1530.3,9
1523,257428,Kenoca,1530.3,8
1524,1127013,Thomas,1530.3,2
1525,1005778,Cee,1530.3,6
1526,1762779,X!Akuma,1530.2,116
1527,53838,Mr. Escalator,1530.2,2
1528,2247948,CVLY | Soul,1530.2,6
1529,2329805,lui$db345t,1530.2,2
1530,3789260,Buckru,1530.1,1
1531,2855531,Viv / Hyukai,1530.1,7
1532,4709567,Dr. Dior,1530.1,5
1533,16101,Hell Fox,1530.1,10
1534,2701864,MS | Giantpants,1530.1,4
1535,4029089,CloverLand | AGARTHAN REAPER,1530.1,2
1536,1487050,God's Plan | Ice On Deck,1530.1,5
1537,517512,Eddy Connecticut,1530.1,5
1538,2736001,bleed,1530.0,1
1539,4145506,JUAN | Kevon Spoogle,1530.0,2
1540,1268173,eFC | FailTest,1530.0,3
1541,240288,OH | Kero,1530.0,2
1542,988249,BERG | drybie,1530.0,3
1543,2666812,Wilkes | Toggers,1530.0,4
1544,1841728,MMG+ | jarbsnoanime,1530.0,2
1545,1377718,Agua,1529.9,16
1546,2341438,SBU | Swaghetti,1529.9,8
1547,3383425,TSX | Zoroark,1529.9,3
1548,2741019,Wilsports|TD | Blair,1529.9,6
1549,2457793,ChainShift | durrplants,1529.8,1
1550,2265616,CG/ML/OF1 | ShadowTN34,1529.8,5
1551,1486950,HYBRID / fakey,1529.8,3
1552,1257450,Pokemon Draft Player,1529.8,2
1553,54521,TB | DjShoRyu,1529.8,3
1554,19728,(MBA) | Crowbat,1529.7,5
1555,2824767,OG|HB | MC,1529.7,3
1556,315555,NovaNazo,1529.7,2
1557,3920247,Raptor,1529.7,5
1558,4614584,DrDannyDrizzle,1529.7,2
1559,5489129,fawn!,1529.7,1
1560,850548,benjidaboss13,1529.7,3
1561,2842057,Twitch.tv | ItsLordChaos,1529.7,1
1562,139792,BS | Wormynugget,1529.6,1
1563,1123299,Bandey,1529.6,2
1564,945989,AceAttorneyist,1529.6,4
1565,3984879,CBC | ElGardevoir,1529.6,1
1566,4188029,mr.oat0156,1529.5,2
1567,4568011,ken,1529.5,1
1568,1421180,Potato,1529.5,4
1569,1089750,TaroSays,1529.5,78
1570,3557596,GobiernaPutos | Lopunny <3,1529.5,2
1571,5509169,MG | SableyeSupreme,1529.5,10
1572,136544,Kusa,1529.4,2
1573,3367477,BFS | HONOR | Mehak,1529.4,1
1574,1125187,KB Picto | Bepis,1529.4,3
1575,1032145,BZ | NG | MoarD,1529.4,1
1576,1810014,UTTyler | Ache,1529.4,11
1577,11282,Zace / Karmaking16,1529.4,1
1578,720319,DSFC | Silvio,1529.4,2
1579,3005088,willowthewisps,1529.4,5
1580,3103320,Sr Chaf,1529.3,7
1581,4727827,Player 4,1529.3,2
1582,3081435,Angzarr,1529.3,1
1583,1895335,SaberLink0,1529.3,3
1584,1651315,エレナ,1529.3,1
1585,2210066,tssf <3 | faye,1529.2,3
1586,1287560,Spooncan,1529.2,5
1587,2759646,BKP,1529.2,2
1588,3771748,JuanchiM Pau Caire,1529.2,2
1589,5191981,Mythical,1529.2,1
1590,3082285,B-Side | daboss39,1529.2,1
1591,691176,GUMP2 | Spider,1529.1,6
1592,1367970,Oddball,1529.1,3
1593,4240164,NGF/GUMP2 | Rain~,1529.1,7
1594,1316903,HONOR | BLUE,1529.1,1
1595,1804390,Blook,1529.1,1
1596,807559,Mr. Pink,1529.1,3
1597,180459,Fence,1529.1,2
1598,2568097,Karaage,1529.1,1
1599,1433944,SK | R4YM0ND,1529.0,1
1600,12048,K8A,1529.0,6
1601,160153,Mistah Ping,1529.0,4
1602,467906,SDR | GameBrain,1529.0,6
1603,132399,boosk,1529.0,3
1604,1511455,JonJT,1529.0,2
1605,2901145,GQ | Zexma_Legend,1528.9,5
1606,374672,Reverb,1528.9,14
1607,179912,Dadzie,1528.9,1
1608,5059179,LoL | Astrahh,1528.9,2
1609,1229601,Galladiated,1528.8,1
1610,5512295,Raptor,1528.8,4
1611,981778,0-2 | Trapinch,1528.8,11
1612,5099313,REMIX | Halofactory,1528.7,2
1613,2238278,Snom | Terrance,1528.7,4
1614,2054692,Nickel,1528.7,5
1615,3800191,RU | レプリカ,1528.7,3
1616,5472688,KevinFundiesGod,1528.7,4
1617,4657566,AMG | Adilain,1528.7,1
1618,1127636,Tyranks,1528.7,3
1619,3639842,EF | GreenTalons,1528.7,2
1620,1609520,Popoff,1528.6,4
1621,2910838,BH | Crisego,1528.6,4
1622,1948163,Speget / Hyper Shot,1528.6,1
1623,6699,Votega,1528.6,3
1624,2654678,ENC | Aero,1528.6,4
1625,175527,BLZE | jewelman-_-,1528.6,1
1626,374702,Mad_Taunter,1528.6,5
1627,4438598,Stelter,1528.5,8
1628,5390185,Akx,1528.5,2
1629,1984622,Stargen / Plutonimus,1528.5,3
1630,2136482,coopR / OogTheLegend,1528.5,2
1631,3474439,dark,1528.5,1
1632,3394967,Shawnzo,1528.4,2
1633,1435251,Archway,1528.4,2
1634,1522537,JMARGSFAN9000 / Pagne,1528.4,1
1635,1617373,SoulDemonXL,1528.4,1
1636,1631290,でんこた/DenKOTA,1528.4,4
1637,4128001,MrDaringDapper,1528.4,2
1638,2365186,CrimsonJaeger,1528.3,1
1639,2800960,Deathrasher,1528.3,2
1640,2372868,勝利 | Bloofy,1528.3,1
1641,809198,Glory / SNick,1528.3,8
1642,1494129,Waffle,1528.3,2
1643,2749799,YBG | bu(bb)s,1528.2,4
1644,1407627,RED | Redacious,1528.2,4
1645,3527754,K.O.G.,1528.2,6
1646,1903819,ML-KaRat,1528.2,1
1647,4937183,Grivault,1528.2,2
1648,2204387,SMFN | JKIM | Unlucky,1528.2,3
1649,2386594,DongDysfunktion,1528.2,3
1650,4320754,EO | Tuggy,1528.2,4
1651,5531063,Gasket,1528.1,1
1652,1140567,RAMS | RussianJesus,1528.1,1
1653,2306936,DaGordò,1528.1,2
1654,4961117,tahlia,1528.1,3
1655,1480085,CVLY | Dimmadome,1528.1,3
1656,3990,MATE | Kalvar,1528.1,3
1657,752382,CHP | Swish,1528.1,80
1658,160289,Dufaux,1528.0,1
1659,56436,MwM | | D-Money,1528.0,9
1660,4649244,Blaze,1528.0,1
1661,3648298,HACK | Indeed.com/Cinn,1528.0,6
1662,4122018,BH/OP | DareZ,1528.0,5
1663,2465772,FlamBe,1528.0,1
1664,3218633,Apollo,1528.0,3
1665,1601548,PTB | Rulue,1528.0,3
1666,1695284,WEIRD | thirty4,1528.0,1
1667,2409203,Big Oil | Demi,1528.0,2
1668,2395563,OE | pm3,1527.9,3
1669,2060324,STYLE | エヌ,1527.9,1
1670,3474702,BATO | dattebato,1527.9,2
1671,1814918,UWEC | InfernoFlare,1527.9,4
1672,67476,OUG | Frosty,1527.9,3
1673,3557958,Gen 5,1527.9,3
1674,520996,Tal / Onii-chan,1527.9,3
1675,4308668,FREE NJZ | waddlespch,1527.8,3
1676,3963491,Memeguel,1527.8,1
1677,148829,DeAnthrax,1527.8,2
1678,1002633,Roses,1527.8,5
1679,257688,Bullets,1527.8,2
1680,4557694,Girlypop hit & run,1527.8,17
1681,3970678,209 | MDF,1527.8,1
1682,1802504,dbfc | Grumbo,1527.7,78
1683,4487575,anchi.,1527.7,1
1684,55354,Travy,1527.7,2
1685,468015,SegGel2009,1527.7,2
1686,180688,Conner / MopN,1527.7,1
1687,2633734,KC | Dr. Rage,1527.6,2
1688,330245,Sunshine,1527.6,7
1689,155949,Homie,1527.6,82
1690,1655771,UniverseTrout561 / Davis,1527.6,2
1691,3101642,Shakiraquan TGIF Carter,1527.6,1
1692,469237,Phantomtheif / Lull,1527.6,1
1693,2963435,Yone_pi,1527.6,1
1694,1868246,mazetraps,1527.6,1
1695,1520906,TFB_Melashu,1527.5,2
1696,835597,AOC/GG | SD Paint,1527.5,1
1697,482015,RRT4 | Mr.9,1527.5,1
1698,3000557,chpstks,1527.5,4
1699,157077,SS | Jolt,1527.5,1
1700,514503,Bert,1527.5,1
1701,1345295,Honeynut,1527.5,3
1702,933629,brub club | Spades,1527.5,5
1703,574278,Nessboy12,1527.5,3
1704,2320676,Tremaster,1527.5,2
1705,355666,Razz,1527.5,1
1706,1000822,2! | Avail,1527.5,6
1707,2483678,グーレン,1527.4,1
1708,1998043,PCG | Ricarbol,1527.4,3
1709,3488516,ButterToast,1527.4,2
1710,3807688,KTWN,1527.4,2
1711,1055831,Mori / Pin,1527.4,6
1712,316018,SRG | Misha,1527.4,1
1713,321802,Mimikord | Kemu,1527.4,76
1714,36573,Eggnogdog,1527.4,4
1715,2229172,Yoshicord | Daniel,1527.4,2
1716,38876,Magnet,1527.4,1
1717,1419645,ArchAngel,1527.3,8
1718,1264536,Hareta,1527.3,6
1719,160195,SG | Artik,1527.3,4
1720,1862599,TDuke,1527.3,12
1721,2409642,MU | IgnitisJr,1527.3,4
1722,1787550,BG | JackO,1527.3,4
1723,351927,Sandfall,1527.2,4
1724,801999,UG | Araknowsall,1527.2,4
1725,5192977,player 4,1527.2,2
1726,1505876,CloudX,1527.2,2
1727,2277625,Shane!,1527.2,1
1728,979440,BlackSamuraiX,1527.1,1
1729,1250001,CX | Toon,1527.1,1
1730,2531076,HSG / SCB | BlitzThunderFGC,1527.1,6
1731,294988,ESG | JAYDASH,1527.1,74
1732,1003014,Pray4 | PastryKing,1527.1,10
1733,4812930,まつけい,1527.1,1
1734,2719965,Sophi4492,1527.0,2
1735,1029880,4TW | Pilch,1527.0,2
1736,4956163,Quainty,1527.0,1
1737,3907830,near / Vincentmuzz,1527.0,3
1738,261514,Thomas,1527.0,1
1739,1789929,Pingu,1527.0,2
1740,10630,Muk.Lyfe | Marshall,1527.0,3
1741,1303483,Haseo,1527.0,5
1742,37223,PEP | Sp1nda,1527.0,4
1743,3004712,Treble,1526.9,15
1744,1349076,gum cuzzler,1526.9,5
1745,1894240,HoP | Failex:Aro Edition,1526.9,3
1746,818364,Bismarck,1526.9,5
1747,3864094,SPR | TAE23,1526.9,1
1748,272693,Diveo,1526.9,1
1749,174967,NGamer3k,1526.9,1
1750,555736,Efeo,1526.8,3
1751,1090917,IHL,1526.8,5
1752,1215387,Lyceps,1526.8,1
1753,1042374,ROK | Riku,1526.8,3
1754,3364128,rukufu,1526.8,1
1755,345629,PCNinja,1526.8,77
1756,912997,bonn eSports | Lati,1526.8,3
1757,3390470,EkuLia,1526.8,1
1758,3991693,MKBigBoss,1526.8,1
1759,3804902,Donoxed,1526.8,7
1760,233464,Kowler,1526.7,1
1761,2807384,fartmaster42,1526.7,1
1762,2336562,SCA | ChaseTheBag,1526.7,1
1763,418887,LtWaffle,1526.7,2
1764,5353400,Syrtic,1526.7,1
1765,3989645,Khorne,1526.7,1
1766,331606,PhantomLosers,1526.7,5
1767,275598,Komodo,1526.7,1
1768,23984,Aidan,1526.6,1
1769,142720,Kiranchi,1526.6,2
1770,1645315,MTS | FiveFour,1526.6,2
1771,1012824,realgray,1526.6,2
1772,1249706,Mr.Fluffy,1526.6,15
1773,3532000,icedragon,1526.6,9
1774,681567,Drewski,1526.6,3
1775,1548201,HAM | Yona,1526.6,2
1776,1018024,Yu,1526.5,4
1777,4958117,lol | TheKidChango,1526.5,4
1778,245963,Grr,1526.5,5
1779,379612,Lygus,1526.5,2
1780,384730,denshirenshi,1526.5,1
1781,3479173,LCP|DTN | Proto,1526.5,1
1782,1994515,PlasticEater,1526.5,2
1783,5206995,HYPIRION,1526.5,1
1784,262295,Chario / Leonidas,1526.4,6
1785,5303297,orpheusss,1526.4,1
1786,2098595,K.O.G | エルオン,1526.4,1
1787,1829803,CSULB | Opogu,1526.4,2
1788,38557,Waymas / Mercurio,1526.4,1
1789,23875,4Keya! | SMOOTHMOVES22,1526.4,1
1790,2682366,MU | NicoPapito,1526.4,2
1791,4847737,HoP | Necluda,1526.4,3
1792,357755,Fray,1526.3,1
1793,509061,Jio,1526.3,2
1794,936252,908 RVL | Blooky,1526.3,2
1795,3279983,AC | JayxSmash,1526.3,1
1796,1283389,DreamSellR,1526.3,1
1797,1087761,Tetro,1526.2,3
1798,355031,Mr. Saturnn,1526.2,2
1799,1581726,triscuit,1526.2,3
1800,5177743,Hi,1526.2,5
1801,3831923,AdR | berlei,1526.2,1
1802,999868,nard,1526.2,1
1803,135318,UGS | Revolver,1526.2,1
1804,3600308,ENC | Lemon,1526.2,2
1805,2310240,Joni,1526.2,1
1806,1409025,Kvh,1526.2,85
1807,2147297,MENU | vabu,1526.1,2
1808,229719,WCSU | Microwave Your Head,1526.1,2
1809,4233280,なっとう,1526.1,1
1810,51236,W2W | Rino,1526.1,2
1811,3246274,Vic,1526.1,4
1812,700479,GS9 | LION KEY,1526.1,2
1813,2789436,TTF | ShakiraDanzig,1526.0,1
1814,1681737,Future,1526.0,2
1815,2994900,Maydiaz,1526.0,6
1816,2237967,SmU5h | CraftBlock,1526.0,1
1817,1740654,ÑFC/ENS/MTY | MasterKill,1526.0,1
1818,1598866,The Dons.,1526.0,1
1819,2861084,SUPERDOOM,1526.0,1
1820,4991117,Evos.Kom | Hibana,1526.0,1
1821,1852153,sandsniper100,1526.0,4
1822,2269639,ECR | moha,1526.0,3
1823,1296395,mBluett,1526.0,1
1824,1874974,Jay,1525.9,2
1825,1617869,TTU | Adventinator The Beastly,1525.9,1
1826,556586,ebs sjsu | meo2k,1525.9,1
1827,4174456,VT / Briq | Curi,1525.9,1
1828,704091,0TD | Mocca,1525.9,4
1829,1778344,Apricorn,1525.9,84
1830,3174846,Chris,1525.9,2
1831,1124116,WAR | CYNNNN,1525.8,1
1832,2067388,Derkquake,1525.8,1
1833,423100,YukiTrey,1525.8,3
1834,1476116,bizcocho,1525.8,5
1835,1768780,Joel-O / KoolaidDrinker_69,1525.8,1
1836,56600,Zasa,1525.8,1
1837,4967690,Fancy,1525.7,1
1838,48262,TS | Buck,1525.7,2
1839,5115748,Death13,1525.7,2
1840,3948977,Itzpoiupl,1525.7,4
1841,175368,DTL | Wevans,1525.7,1
1842,1743925,ILMW | Aleust,1525.7,2
1843,2649125,RAMS | Ghoulish,1525.7,1
1844,38318,GCU | Rongunshu,1525.7,1
1845,1358745,Tyler,1525.7,5
1846,2224922,INZEM,1525.6,1
1847,3806,BTS | epengu,1525.6,2
1848,1562097,PK-Nen,1525.6,3
1849,1076415,sword | kapl,1525.6,1
1850,2117717,Trine | Ty Rohn,1525.5,1
1851,5186199,Agent_Cl0uded,1525.5,1
1852,1777359,Lilac,1525.5,5
1853,2546026,0-2ers | Stevie Wonder Wing,1525.5,1
1854,55304,Bigbuffalo,1525.5,119
1855,1465805,HEART | sol,1525.5,3
1856,4303232,SBU | Nelubra,1525.5,14
1857,65804,LCA ML | Leaf,1525.5,1
1858,5265195,real knuckles,1525.5,1
1859,1468726,FF & BANDA,1525.4,1
1860,584561,Tesner,1525.4,8
1861,5517240,StephanWolf,1525.4,1
1862,26047,Brave,1525.4,15
1863,181016,Antic | Dia,1525.4,1
1864,1432483,ジウ,1525.3,1
1865,1208176,NYC | Peluchito1,1525.3,1
1866,241617,BB | UNCG | Mikerowave,1525.3,6
1867,221475,GcYoshi13,1525.3,1
1868,3849122,MOB | GRNT | Chrin,1525.2,8
1869,3787408,OYD | 2POP12,1525.2,5
1870,5370164,MaSKD | Mk,1525.2,1
1871,997455,8Tigre24,1525.2,2
1872,4571469,H3r0es0,1525.2,2
1873,1294559,Phirb,1525.2,1
1874,2685304,Piggles / DiamondBoiz,1525.2,4
1875,545235,M+D | DillyDiamond,1525.2,1
1876,2752317,RandomGuy,1525.2,1
1877,28679,PAR | Scend,1525.2,2
1878,1321546,FilleCremie,1525.1,2
1879,1347859,coolplum,1525.1,2
1880,2051663,Azan,1525.1,1
1881,5527828,Munchre,1525.1,1
1882,2115115,pace,1525.1,1
1883,1197939,NU | Kople,1525.1,3
1884,4856864,Akss | Akino,1525.0,1
1885,2217983,Akbros | Brokoli,1525.0,8
1886,65808,Wraith,1525.0,113
1887,324561,L7 | Soonsay,1525.0,1
1888,1278946,Coggles,1525.0,3
1889,2465182,Drexel | Charms,1525.0,7
1890,2275173,SWOLE Pressure | PsyLion,1525.0,1
1891,1871415,SQUAWK!!! | Musiq,1525.0,1
1892,4928710,Darrellito,1525.0,1
1893,158996,KoR | Astra,1525.0,3
1894,5457061,Derecho,1525.0,4
1895,4659201,CRONIK | soulsas,1525.0,2
1896,1257785,Tei Tenga,1525.0,1
1897,5492501,Pfendy,1525.0,1
1898,4152283,Tony_st,1525.0,1
1899,257059,Karl Havoc,1525.0,1
1900,1810008,TCGG | | Yalmanac,1524.9,1
1901,680796,GOATED ESPORTS | LooseGrip,1524.9,5
1902,3616043,RW| | Bri-Guy,1524.9,6
1903,1742357,Ázral,1524.9,2
1904,4647345,okataku,1524.9,1
1905,36192,TC | Mr.Speedman,1524.9,2
1906,4314959,Andoryu,1524.9,1
1907,4050550,shiitake,1524.9,1
1908,3209592,Bait | Topiasole10,1524.9,2
1909,999527,THG | NaetorU,1524.9,1
1910,4011486,bmj | GamingInAction,1524.9,1
1911,1387816,ECR | HLD SUR SEKLENLAND 10,1524.8,1
1912,5161510,FCO,1524.8,1
1913,171525,Cancel,1524.8,1
1914,601661,Ace | Aireez,1524.8,1
1915,937157,CCS | Saber_Wolf,1524.8,7
1916,228604,Na | Spiro,1524.8,3
1917,2084137,UA | Th0ught,1524.8,1
1918,5417418,Sunrouge,1524.8,1
1919,2461700,ふい,1524.7,1
1920,3776282,niche | Swoolin,1524.7,2
1921,1683349,yosi,1524.7,3
1922,1723640,ALS | mooof,1524.7,1
1923,1788568,MegaAntMan,1524.7,8
1924,3341841,SM | Silcy,1524.7,1
1925,1820903,LiEL,1524.7,1
1926,2612695,ICDS,1524.7,1
1927,3465410,Yunxmi,1524.7,1
1928,4101411,SSJ | jikzy,1524.6,6
1929,3031123,FuShi | 不死,1524.6,1
1930,146691,Rob Boss,1524.6,75
1931,478382,RNGsus,1524.6,4
1932,1202531,Yuri,1524.6,1
1933,232066,SBU | TSS,1524.6,3
1934,1409166,Potato,1524.6,4
1935,2021914,Goblin Giant:) | flauTAS,1524.5,3
1936,1788380,ZASE | Shigga_Sears,1524.5,17
1937,276689,HT | Scubbss,1524.5,1
1938,4188842,StockCancel / JELL,1524.5,1
1939,1279541,Chance,1524.5,86
1940,2303986,xurkitreefan658,1524.5,1
1941,4297657,TheEggoEffect,1524.5,2
1942,1466201,Alfred,1524.4,70
1943,70826,Inky,1524.4,2
1944,3549054,SMTH | neo!,1524.4,3
1945,1377523,JBKS | aurorasksk,1524.4,1
1946,2742178,AKUMA,1524.4,7
1947,397394,Xelas,1524.4,3
1948,1212975,Bear,1524.4,5
1949,3235222,Thewillinator,1524.4,82
1950,1466717,qaaa,1524.3,52
1951,1553928,JEsport CD EPH | El100tifiko,1524.3,1
1952,547890,Moth,1524.3,4
1953,5446744,Dollop,1524.3,1
1954,45894,TTD | $N,1524.3,160
1955,2880573,POOKIE | The Pile,1524.2,6
1956,23800,Sonicfiend,1524.2,2
1957,1357385,SickleNickle,1524.2,1
1958,5526050,bbnoMana,1524.2,1
1959,4567750,OPHS | Cyberreaper_X,1524.2,1
1960,39004,Dr. derstuk,1524.1,1
1961,5396033,player 4,1524.1,2
1962,640660,Mr.YEET,1524.1,1
1963,135867,BRK-ACS | Jeremyray,1524.1,1
1964,16256,BB | Walby,1524.1,2
1965,2237897,FusRoham!?,1524.1,2
1966,4545607,TempuraCat,1524.1,1
1967,723752,Nen,1524.1,1
1968,4928847,BB8,1524.1,4
1969,1957342,Peckham,1524.0,14
1970,2666023,DC | B2oba,1524.0,1
1971,3564235,4o4 | MessatsuIM,1524.0,1
1972,2078888,UW | Lumeckos,1524.0,3
1973,2403831,Elixir | EchoSpaceZ,1524.0,1
1974,539160,TSC | Yakko,1524.0,5
1975,2596334,Lady .,1524.0,9
1976,600940,Abu3las25 / Laurens,1524.0,1
1977,1213031,Pado,1523.9,5
1978,4063261,CURGL,1523.9,2
1979,2581017,ThrowOut,1523.9,1
1980,2898108,ヒー,1523.9,1
1981,1187858,Le Gief,1523.9,2
1982,141767,#MBFA | 乂丨ㄥㄥ丨ㄖ几,1523.9,1
1983,150358,PSD | 5-Star,1523.9,2
1984,2554031,BEEF,1523.8,1
1985,3344810,SS_Hero,1523.8,7
1986,3493583,Spm | Fixionz,1523.8,1
1987,2416476,Endeavor,1523.8,1
1988,1016436,yaki,1523.8,1
1989,1208906,nairoPower,1523.8,5
1990,3248881,AWF | Worlinyou13,1523.8,1
1991,2446180,UT | gamer kobold,1523.7,1
1992,1951521,bullfrogging,1523.7,1
1993,1211517,Puddle,1523.7,6
1994,253048,Lowercase hero,1523.7,1
1995,5273303,Legacy_21,1523.7,1
1996,312405,Samsin,1523.7,1
1997,3839053,DNL,1523.7,1
1998,2499500,IEATASS69,1523.7,3
1999,2054708,Triple C,1523.6,1
2000,57335,LG | Sandstorm,1523.6,4
2001,1228001,Potato,1523.6,5
2002,2402827,ebs | WAF | MarsBars,1523.6,4
2003,3477070,RX-7 | archie,1523.5,1
2004,5206961,Saiyajin,1523.5,1
2005,2473268,enpicie,1523.5,2
2006,2322987,PEAM | PTC | United ACAB Emirates,1523.5,1
2007,3331431,DREAM BIG | luci,1523.5,7
2008,5080,SR | moky,1523.5,1
2009,338020,4o4 | Yugo,1523.5,1
2010,610275,Birch,1523.5,95
2011,31487,Winx Club | Siddward,1523.4,1
2012,4171888,EderFire,1523.4,1
2013,5507251,Speed,1523.4,3
2014,861163,Naji,1523.4,1
2015,2080611,NYU | BuffJeras,1523.4,4
2016,4919483,HBR | Fury,1523.4,3
2017,2265118,LMNS | Supernova,1523.4,1
2018,849731,Arc | Noah,1523.4,2
2019,939059,Muff,1523.4,1
2020,1108888,ZaZa,1523.3,2
2021,1646588,Halo,1523.3,1
2022,720134,Reyban,1523.3,1
2023,449965,uran10,1523.3,1
2024,5340856,EeveeVGC,1523.3,1
2025,1601461,Last | Departer,1523.3,1
2026,1743562,SWR| | Scammy boi,1523.2,2
2027,389820,Twizzy Bomb,1523.2,5
2028,830074,SAWG | Cappyn,1523.2,1
2029,1988145,Zykles,1523.2,1
2030,1465948,FC | BÄ$H,1523.2,77
2031,2975267,Mafalda | QuizMagik,1523.2,1
2032,2538873,Kuranosuke,1523.2,73
2033,412735,Amnesty,1523.2,4
2034,21113,Snackythagod,1523.2,1
2035,1697145,Alone | Soul6852,1523.2,1
2036,2072028,River.,1523.2,1
2037,3068882,Gekko | MIPS,1523.2,1
2038,576527,SPACIE | ROI,1523.2,1
2039,135970,RemolinoFeroz,1523.2,1
2040,23736,falln / AC,1523.2,1
2041,5427575,AstralZone01,1523.2,1
2042,2627087,BALLS,1523.2,1
2043,40095,SUGOI | ven,1523.1,1
2044,3220848,Kelvin,1523.1,81
2045,1908596,CarbonCorvid,1523.1,1
2046,23498,#BuyMyBook | iDK,1523.1,1
2047,3843986,LTR | Top Tier,1523.1,7
2048,1913367,Idontknow_N_O / RedStellar404,1523.1,1
2049,1047908,Cee,1523.1,5
2050,4003021,Tuche,1523.0,1
2051,2591040,AfterShokk,1523.0,4
2052,3446507,skid,1523.0,3
2053,503384,Foreskinuinely | ProtoMania,1523.0,4
2054,2360513,MW/KL | Koya,1523.0,1
2055,700972,TWR | Nerds | Marz409,1523.0,1
2056,236549,DOMO | Latino heat,1523.0,3
2057,3364739,GOG/LYM? | KANYEREST???,1523.0,1
2058,2147384,RLz | Kocophony,1523.0,1
2059,171491,TCS VGR | D.E.M.,1522.9,1
2060,4780018,Lapranite,1522.9,1
2061,5313836,Gav,1522.9,1
2062,1508158,JADO,1522.9,1
2063,5336576,X | Sougenmu,1522.9,1
2064,821551,Marvin,1522.9,1
2065,2548918,LILTsuki,1522.9,1
2066,1888783,The1stSuperNova / Thorns,1522.9,1
2067,581230,Flow | S.M.E,1522.9,1
2068,1609820,NBG | Master69,1522.9,1
2069,253421,CVLY | Roger,1522.9,1
2070,3815343,CTC | mAmba,1522.8,1
2071,407099,BFG | Red Dye 40 Enjoyer,1522.8,2
2072,5512279,Time Wizard,1522.8,5
2073,4026769,cuddly,1522.8,1
2074,2255194,GodEhisZilla,1522.8,2
2075,312080,Pilp,1522.8,1
2076,41357,Nevada | Arban,1522.8,1
2077,692906,Juicebox,1522.8,6
2078,373215,GhettoOtaku,1522.8,1
2079,1591060,GUMP | YungBiddness,1522.8,1
2080,901519,Lui-Jesus,1522.8,3
2081,707972,IONA | Bob Ross (Welfare),1522.8,4
2082,50956,VinS,1522.8,1
2083,2065860,Akratic627,1522.7,1
2084,3849290,Theurgy,1522.7,1
2085,1311054,Despacito,1522.7,2
2086,47866,fart smella,1522.7,1
2087,3968610,Arominus,1522.7,1
2088,609169,Navi,1522.7,1
2089,4174929,MW | Sakamura,1522.7,1
2090,140138,ML | Kerp,1522.7,1
2091,4841797,Kirbystar,1522.6,1
2092,4624019,Ange Cernuda,1522.6,1
2093,4270017,KABOOM! | Twilight,1522.6,3
2094,2539456,Dark Triad,1522.6,1
2095,2469820,mocha,1522.6,1
2096,4123750,UwU | Satoru_69,1522.6,1
2097,1358829,Skilled Roy,1522.6,5
2098,10861,Savage,1522.6,1
2099,2844492,CG | NONNA | Randy Beans!!!,1522.6,2
2100,4921662,MODLEO/LMDT | Rob Slayer,1522.6,1
2101,2336514,Guanchada,1522.6,1
2102,232776,BK / Diesel,1522.6,1
2103,5524388,dazai,1522.5,1
2104,5095032,Twangy | Twangy,1522.5,1
2105,45435,1G | Smilebot,1522.5,1
2106,36872,becoming,1522.5,3
2107,3668857,AJPink,1522.5,1
2108,1368603,BetrLukyThnGud | Comaris,1522.5,1
2109,1630586,TMT | Spectre,1522.5,1
2110,250894,Envy,1522.5,1
2111,2260573,arlo,1522.5,1
2112,5528000,BA | Vrael,1522.5,1
2113,1175582,CarBev | Moo!,1522.5,5
2114,2526119,WiLD,1522.5,1
2115,1160148,Manu,1522.5,1
2116,5118725,Darrellito,1522.5,1
2117,36462,RPL | Nimbus,1522.5,1
2118,539124,Aster,1522.5,5
2119,4087683,SDMV | charlyy3,1522.5,1
2120,1067158,Rhyno,1522.5,4
2121,509309,gm | trafe,1522.4,3
2122,318435,Clune,1522.4,1
2123,529018,TRUNKS,1522.4,1
2124,1826926,Spig!,1522.4,1
2125,3811315,XOXO | FarDreamer,1522.4,2
2126,913299,Pajarito,1522.4,6
2127,260287,PHNM | Mage,1522.4,1
2128,2653779,Fallen | Arsene05,1522.4,9
2129,1958039,T4T | Aurora,1522.4,1
2130,4192724,Dededebest,1522.4,1
2131,1885425,RiB | Batzy,1522.4,1
2132,246832,ianology,1522.3,1
2133,2995906,Brady,1522.3,1
2134,1347812,Ruden 15,1522.3,13
2135,129564,Enkianz,1522.3,1
2136,2347155,uzi,1522.3,1
2137,1705341,LoxShine,1522.3,1
2138,3738804,HoP | Siro_,1522.3,2
2139,2537855,9Moons | Rat,1522.3,1
2140,41220,AG,1522.3,8
2141,1524969,Danyboy,1522.3,3
2142,668412,Prod,1522.3,1
2143,1646132,Waverider,1522.3,1
2144,227251,DG | Amazo,1522.2,1
2145,5206306,TCG | Friend,1522.2,1
2146,4118604,CAOS | Citric,1522.2,1
2147,1854997,Ray,1522.2,1
2148,5415927,CG.zeke,1522.2,1
2149,4962856,PNG | JRaz16,1522.2,6
2150,4994895,Lee | Joggles,1522.2,1
2151,5011946,XZ | Kindaキ,1522.2,3
2152,1005922,UDB | Roiyos,1522.2,1
2153,415654,Alvinfly,1522.2,1
2154,4287882,Stelter,1522.2,4
2155,47868,Bankai,1522.1,1
2156,3017414,Muddyghoul,1522.1,1
2157,49334,NeilPupper,1522.1,5
2158,2489834,Gavverz,1522.1,1
2159,1493329,Frostmeiser / disheveled,1522.1,3
2160,226786,JAK,1522.1,1
2161,1254769,Simon,1522.1,1
2162,1029647,M,1522.1,5
2163,655665,LILBOWT / Slice,1522.1,1
2164,1708594,BSS | lemons.io,1522.1,1
2165,2795085,nMOG,1522.1,1
2166,5089626,Smash Country | StylesTakeover,1522.1,1
2167,1713578,Akechi,1522.1,1
2168,400851,Kapus,1522.1,4
2169,479192,1UP | Flamax,1522.0,1
2170,669667,B-Wade,1522.0,2
2171,261168,Hope,1522.0,1
2172,4496420,Stelter,1522.0,4
2173,572441,Swift baby,1522.0,4
2174,783294,RAT | badgerz,1522.0,2
2175,1134266,DAWN | Visceral,1522.0,3
2176,5335404,Bane,1522.0,1
2177,2065340,ALCHEMY | Wiccan,1522.0,4
2178,2108067,H0es Mad,1522.0,3
2179,131197,E-serpent,1522.0,1
2180,4077168,alex__rogel,1522.0,1
2181,318051,Mo.Sin,1522.0,1
2182,307762,wtfalcon,1521.9,2
2183,46455,OG | Wolfen,1521.9,1
2184,4258188,Tacitts,1521.9,1
2185,1723761,solvé,1521.9,1
2186,3460277,オニフヨル,1521.9,1
2187,4262048,Yuno,1521.9,1
2188,3554576,mio,1521.9,1
2189,3863939,AlfredoAct4,1521.9,1
2190,5282554,HarrysON,1521.9,1
2191,32911,Vv / Vaporeon,1521.9,1
2192,2303717,UNAG | WOD | Mirage,1521.9,2
2193,274421,Cgaz,1521.9,3
2194,22911,OSG | OR4CL3,1521.9,1
2195,3577573,alliZehT,1521.9,1
2196,1632292,2N2D | Mint Around,1521.9,1
2197,1855363,VIE | ATU | Maddox,1521.9,1
2198,1048513,Harp | Izzt,1521.9,1
2199,64880,Trance,1521.9,1
2200,1037117,Na | Skies,1521.8,1
2201,1017235,USF | ROB,1521.8,1
2202,1839083,HONOR | Porter,1521.8,1
2203,902010,Whisker,1521.8,7
2204,5221104,Komatsu,1521.8,1
2205,2391847,PlsMakeMeLose,1521.8,1
2206,223623,mokoudelta,1521.8,1
2207,1397657,THC,1521.8,1
2208,3453771,Milkshake,1521.8,1
2209,921013,shitter,1521.7,2
2210,3092296,Exo | | Stalkerbird,1521.7,1
2211,3493778,FS | MSD | Moeru ~,1521.7,1
2212,4148594,Stelter,1521.7,4
2213,337357,JaviG,1521.7,1
2214,3631257,VARREL | Wabiichi,1521.7,1
2215,3269446,Beetle,1521.7,1
2216,621300,ShadeV,1521.7,1
2217,1189013,ZENT/EPH LY/SR | Yoan,1521.7,1
2218,1710048,Kc,1521.7,5
2219,5481691,PorkyPops,1521.7,1
2220,281776,SmokePudding,1521.7,1
2221,2497485,やんぬるかな,1521.7,1
2222,3312770,miN,1521.7,1
2223,341516,Cico,1521.7,1
2224,5766,Astro,1521.7,1
2225,2524583,Celestia,1521.7,1
2226,3795911,EG/CBC | TheBlinx,1521.7,1
2227,1405882,CLX | ヤマナクション,1521.7,1
2228,1238812,Cheese,1521.7,1
2229,1488627,the mr morty,1521.7,5
2230,1636582,FENNEL | Miya,1521.6,1
2231,1194511,PHNM | Senn,1521.6,1
2232,5329358,ZATO | Asya Shubina,1521.6,3
2233,3330053,ÑFC | MatZuGo,1521.6,1
2234,5059402,HOCKEY_GAMING_2012,1521.6,1
2235,3735138,Meep / Jaybee,1521.6,1
2236,271383,ME | My Prince,1521.6,1
2237,2066143,aceshooter88,1521.6,3
2238,53565,JVL | waasabi,1521.6,1
2239,2600357,0K | | Ladyknight,1521.6,2
2240,5336281,Mongoose,1521.6,1
2241,3390040,maxx,1521.6,2
2242,413756,LP | StraylightP,1521.6,1
2243,1971084,Krimson101,1521.6,16
2244,2744354,FewFewtrain,1521.6,1
2245,1174700,Zoi,1521.6,1
2246,3907082,Memeachu,1521.6,1
2247,3221270,swiftstarstream,1521.5,1
2248,1864790,Thatonesock,1521.5,1
2249,2896299,しんだ らいおん,1521.5,1
2250,3294444,Ezdog,1521.5,1
2251,1852641,Banked__,1521.5,1
2252,2088014,shuna,1521.5,3
2253,1900578,ESG | BaseLordDaal,1521.5,5
2254,5331772,:p | thpndx32,1521.5,1
2255,26112,Churro,1521.4,1
2256,2005289,Chunk3rs,1521.4,3
2257,2794069,Joebry,1521.4,1
2258,23350,maxi,1521.4,1
2259,2368133,silent,1521.4,1
2260,5484340,Reiji,1521.4,1
2261,1273966,DN | Chef,1521.4,1
2262,5467603,CHP | Swish,1521.4,5
2263,2052822,Zhupo,1521.3,1
2264,3807539,lonzoball2,1521.3,1
2265,4238643,FranDvoid,1521.3,1
2266,3818569,dbylan,1521.3,1
2267,1575394,Sticccy,1521.3,5
2268,3460484,ZFN | BIGsoch,1521.3,1
2269,3535916,Six Echo,1521.3,1
2270,5211041,USCU | bum,1521.3,6
2271,4543651,Wilsports | bevo,1521.3,6
2272,2249218,ブドー酒,1521.3,1
2273,1719868,DLV,1521.3,2
2274,3571867,MASH|YK|GER | Conjuring,1521.2,1
2275,2012765,Kendrik,1521.2,1
2276,699141,585Z | NY Red Nova,1521.2,1
2277,4902619,cmeonline,1521.2,4
2278,401444,Kiru | KiruNYC,1521.2,1
2279,4766101,Kainé,1521.2,2
2280,1502574,Blue ranger,1521.2,3
2281,4755700,Doubles | Kalitokat,1521.2,1
2282,1684088,Saber,1521.2,3
2283,4374789,MR | Hiryu,1521.2,2
2284,500141,chadam,1521.2,1
2285,1064727,axonn360,1521.2,1
2286,223183,Fishbait,1521.2,1
2287,16109,MGFC | CuteJosie,1521.2,1
2288,4937852,SF | SoluFugue,1521.2,1
2289,5043642,grrr | carpal tunnel yay!!!,1521.1,1
2290,1057469,SFL | NaCl,1521.1,4
2291,1751955,Thunderbolt,1521.1,1
2292,4800034,Imported Milk Water,1521.1,1
2293,991550,PhDream,1521.1,1
2294,1044118,N8,1521.1,1
2295,713080,LockDown,1521.1,3
2296,271333,MMG | Seven,1521.1,1
2297,5335467,wowmall,1521.1,1
2298,2922539,Stack Overflow | Denis_Codeur,1521.1,1
2299,2014313,MXC | Chillydorf,1521.1,1
2300,2162955,Keat,1521.1,1
2301,55907,swatal,1521.1,9
2302,1910221,ABG | Uno,1521.1,1
2303,1876283,Joshyito,1521.1,1
2304,324377,carp,1521.1,1
2305,409010,GrandTale,1521.1,1
2306,2204824,CCS | BadWolf,1521.1,1
2307,539956,Metaternal,1521.1,9
2308,138735,Mom92,1521.0,1
2309,3142941,カヲル,1521.0,1
2310,1308429,PFC | MurtleisJordan,1521.0,1
2311,1890568,TM | DreiiK,1521.0,1
2312,1096696,Kades880,1521.0,3
2313,4625013,KDH_64,1521.0,1
2314,1723739,S2W | JayDeeGaming,1521.0,1
2315,4864889,TTV_K_9ONE,1521.0,1
2316,517140,ChrisBCream,1521.0,1
2317,3011715,Dieごろう,1521.0,1
2318,2417969,J$mash,1521.0,1
2319,799380,Solarson,1521.0,1
2320,2202360,Kragg | ThatBupGuy,1521.0,1
2321,185294,Tron Bonne,1521.0,1
2322,2376614,NAMA,1521.0,1
2323,5030556,forney | Tstrom,1521.0,1
2324,1080845,UTK | DBQ | HammerBro,1521.0,1
2325,2143252,Legis,1521.0,1
2326,1617685,quadfatherIII,1521.0,1
2327,1003660,Zekesports | Lone,1521.0,1
2328,1004,Liquid | Hungrybox,1521.0,7
2329,1644815,Ch | Ocular,1520.9,1
2330,4199439,DreTheScientist,1520.9,1
2331,3211992,水戸COME ON,1520.9,1
2332,2059721,Zayn,1520.9,1
2333,3427909,iQHQ | AoN | Raptor,1520.9,1
2334,5017780,Afro,1520.9,5
2335,526120,Shabro,1520.9,1
2336,1903494,GGG | SuperStarz,1520.9,18
2337,5465696,cjdagemini,1520.9,1
2338,2691639,ZETA | あcola,1520.9,1
2339,1271438,BU | Nicksteve,1520.9,1
2340,1361515,rat,1520.9,3
2341,49281,Rubin Law | Ryse,1520.9,1
2342,392187,R+/PSP | FalconXD,1520.9,78
2343,4512919,I LOVE Fenris,1520.9,3
2344,5164416,Garrett,1520.9,1
2345,4534155,ゆり,1520.9,1
2346,36641,NS | Sorry,1520.9,1
2347,2327981,WAMP | Okie,1520.9,1
2348,3714215,LIVE,1520.8,1
2349,370999,Xaria,1520.8,1
2350,1174650,Mooncookies,1520.8,1
2351,2914950,Shido,1520.8,1
2352,2911479,LBE | WAMP | Jay24k! :3,1520.8,1
2353,21746,6OH!3 | Soulless,1520.8,1
2354,6180,Goomba,1520.8,5
2355,3450706,マルマイン,1520.8,1
2356,4027034,senshi,1520.8,1
2357,4063402,Yorha WARC,1520.8,1
2358,71105,Capitancito,1520.8,1
2359,1501049,TheManaLord / Draxsel,1520.8,1
2360,266184,bloogo,1520.8,1
2361,4476481,BTL | Omega,1520.8,1
2362,2494542,TheGameMan,1520.8,1
2363,1154537,Matcha,1520.8,3
2364,3763327,Re:VexZan,1520.8,1
2365,2700639,Desimus,1520.8,103
2366,41545,Buntherz,1520.8,1
2367,3986171,かんじき,1520.7,1
2368,1919697,NYCTristan,1520.7,1
2369,2250064,Rcrd,1520.7,1
2370,171910,average,1520.7,9
2371,5284757,player 4,1520.7,2
2372,1574400,Mapletin,1520.7,1
2373,3377811,9th/HTE/HG/PHS | Phoenix,1520.7,1
2374,264400,Suoh / Mena,1520.7,1
2375,1537354,tweaker,1520.7,1
2376,2471083,UnicornProGamer,1520.7,1
2377,1243536,JDV,1520.7,1
2378,3993879,GRNT | SXU | Vortic,1520.7,1
2379,520271,Roka,1520.7,1
2380,1065777,きくざかり,1520.7,1
2381,1866109,BubbleFuel,1520.7,1
2382,5478317,quote6,1520.6,3
2383,22374,Grey,1520.6,1
2384,734182,BoSS | CHAS,1520.6,1
2385,138183,Odyssey,1520.6,1
2386,1840715,Crackshot,1520.6,1
2387,1245094,いんぜりー,1520.6,2
2388,1035127,DeKa,1520.6,1
2389,469258,kusiwastaken,1520.6,1
2390,1106250,Free Agent | RockMan,1520.5,1
2391,5487810,Ado | Genkaku,1520.5,1
2392,144798,akir,1520.5,4
2393,3519742,Logi Carra,1520.5,1
2394,4909946,Imakoolkirb | Kirar,1520.5,1
2395,2150049,Haruhi,1520.5,1
2396,353073,BB | Regalo,1520.5,2
2397,277311,Ringo,1520.5,1
2398,564784,Vakira Man,1520.5,1
2399,537005,Kira_Johan,1520.5,1
2400,24228,Zaheer,1520.5,1
2401,1178915,HRSEPWR | Stall1on458,1520.5,1
2402,3605541,Aero,1520.5,4
2403,1005227,Metal,1520.4,5
2404,5115755,player 4,1520.4,1
2405,1592885,Adam,1520.4,1
2406,2035552,TB | Blizzard,1520.4,3
2407,4380427,SamaelGustav,1520.4,1
2408,277520,Jay,1520.4,5
2409,1210115,itemhog,1520.4,8
2410,4946849,Puzeta,1520.4,1
2411,61570,YC | Pappi,1520.4,1
2412,5333618,player 4,1520.4,3
2413,1040674,ZSOS,1520.4,2
2414,5331030,player 4,1520.4,1
2415,3827345,Super_Yan,1520.4,1
2416,2701491,LadyRugz,1520.4,1
2417,1739886,K,1520.4,1
2418,390882,FireThePyro,1520.4,1
2419,4754954,ABT3 | Kaiju Walt,1520.4,1
2420,281085,あず,1520.4,1
2421,948829,Neutral,1520.4,1
2422,5314574,Grina,1520.4,1
2423,1780695,LBE | Raybands,1520.4,101
2424,467811,Gamboa,1520.3,1
2425,4154775,Tatsol,1520.3,1
2426,2317767,Oraces,1520.3,1
2427,5444098,Blink1958,1520.3,1
2428,1504469,KingKirb64,1520.3,1
2429,36972,XL | Kwaz,1520.3,1
2430,5220730,Laniel,1520.3,1
2431,3925469,FSC | Tessellate,1520.3,1
2432,3370056,Matthias,1520.3,1
2433,182602,RVNT| | Rax,1520.3,1
2434,3005302,Shinystone,1520.3,1
2435,1207657,Slogs,1520.3,1
2436,415164,HONOR | Pokelover46,1520.3,3
2437,158499,Lancelot,1520.3,2
2438,3056663,wonderland | SnowInMay,1520.3,1
2439,2544775,sister,1520.3,1
2440,1198265,sBU | Carmine,1520.3,6
2441,1699799,Hoss | Guest 05,1520.3,1
2442,2353095,Toejam,1520.3,1
2443,3890634,Xela,1520.2,1
2444,3430604,T1 | mickeyneo!,1520.2,1
2445,180735,DMG | KML | Zakc,1520.2,1
2446,5267855,Ruminous,1520.2,1
2447,3187990,jaicus / narmfr,1520.2,1
2448,2191370,Josh | Josh TinglyJungle,1520.2,1
2449,3406818,JayEm,1520.2,5
2450,5310030,gwyn,1520.2,1
2451,2326793,_Acid_Cookies_,1520.2,1
2452,3423061,ATC | BB | Grenitsu,1520.2,1
2453,4297845,Zzz | JK,1520.2,3
2454,1565806,Charles,1520.2,1
2455,3440801,CHP | Moat,1520.2,4
2456,464351,Wal00gi,1520.2,1
2457,60506,ssbkid / Sae,1520.2,1
2458,58054,WSHB | Red Squirrel,1520.1,1
2459,3848837,TEMPEST,1520.1,1
2460,2984970,Captain AV,1520.1,1
2461,4104328,PaypalMe-EnnoBro,1520.1,1
2462,220312,Primal,1520.1,1
2463,2356872,Wildz,1520.1,1
2464,2704545,Collin$,1520.1,1
2465,559813,Ry Schnee,1520.1,1
2466,220457,3D | A-A-ron,1520.1,2
2467,1003263,Sailor Jess,1520.1,27
2468,4217557,GlockRoach,1520.1,1
2469,4283675,Beater,1520.1,1
2470,32212,Dick Puncher | Stage Hazard,1520.1,2
2471,3546424,Eromath,1520.1,1
2472,4547573,KoopStar,1520.1,1
2473,4045946,Opila Bird,1520.1,1
2474,30163,2GG | komorikiri,1520.1,1
2475,1404005,stop_dodgin,1520.1,1
2476,1049310,VenomFang,1520.1,1
2477,215443,jaren!,1520.1,3
2478,1967785,RDMP | HTX | Gek,1520.1,1
2479,2471981,ApacheGaming,1520.1,1
2480,9976,Angel Cortes / Tokyo,1520.1,1
2481,1109584,MrMay600,1520.1,1
2482,44439,Slime / Nitro,1520.1,4
2483,4876,will1v1_ttv,1520.0,1
2484,40118,BUNK | Switch,1520.0,4
2485,4631033,Gio,1520.0,1
2486,1067396,LOVE | SingleAye,1520.0,1
2487,157010,skittles / あcola~fan ろくなな,1520.0,1
2488,2225138,Pany,1520.0,4
2489,2487027,TheFanatic,1520.0,1
2490,1018426,SQXL | MayanRyan,1520.0,1
2491,70133,Ferf,1520.0,1
2492,2195459,Kirbyfan,1520.0,3
2493,3366327,お味噌汁,1520.0,1
2494,1238970,Alex2020,1520.0,3
2495,4214649,LT | LleytonSpades,1520.0,3
2496,1039246,LD | Hino,1520.0,1
2497,3576637,TCNJ | ~ShineBurst~,1520.0,1
2498,2637253,TF | KidDracula,1520.0,1
2499,3376595,けん/KENsma管理人,1520.0,1
2500,443865,N[B]C | Moose,1520.0,1
2501,3704019,DO | Pacolion,1520.0,1
2502,1982696,Rosa,1520.0,1
2503,1037300,Ikescicle,1520.0,1
2504,3475185,Ataraxia,1520.0,1
2505,3327393,Fujoshi Gaming,1520.0,1
2506,2040105,Axin,1520.0,1
2507,2227892,ABA | Coiyd,1519.9,1
2508,424793,Koan,1519.9,1
2509,1346311,FrostKqt,1519.9,1
2510,128608,KoF | HM04,1519.9,1
2511,5310441,BEGINNER'S CHALLENGER,1519.9,1
2512,3989303,AS | Rickylimonn,1519.9,1
2513,4026847,Guzzy,1519.9,1
2514,5447145,Coldramen,1519.9,1
2515,22290,Booty / Karxm,1519.9,1
2516,2330960,Tommy,1519.9,1
2517,1003,Metafy | Mew2King,1519.9,1
2518,24744,Chusday,1519.9,1
2519,2931848,Fatpac / ramsah,1519.9,1
2520,3273226,MAGE | flips,1519.9,1
2521,3358960,kone,1519.9,1
2522,4436130,KAOS,1519.8,1
2523,363513,djcooler50,1519.8,1
2524,1570243,2Chairz,1519.8,1
2525,62496,oz,1519.8,1
2526,4784026,Areadbhar,1519.8,1
2527,5502368,MeSS 2,1519.8,3
2528,1377846,Council | Lukas,1519.8,1
2529,3346165,Versinia,1519.8,1
2530,5512520,Wobble Meat,1519.8,1
2531,2280295,xatudrip,1519.8,1
2532,1323003,ML | Bonilla,1519.8,1
2533,2819029,Honoured Beerman,1519.8,2
2534,3567248,LightRiser,1519.8,1
2535,2509688,SL+ | Kala :3,1519.8,1
2536,2802053,Billio,1519.8,2
2537,282674,GUMP2 | STiCK,1519.8,1
2538,3211966,アドネス | マイルドなH.O/Mild na H.O,1519.8,1
2539,244665,Eli,1519.8,1
2540,1012897,Tacticalx,1519.7,1
2541,1166645,Havaniceday,1519.7,1
2542,368450,Delicious,1519.7,1
2543,5456867,Gamewiz7,1519.7,1
2544,1340386,Apollo?,1519.7,10
2545,4746697,Chapstick,1519.7,1
2546,642961,Javan,1519.7,1
2547,5341123,MDH | Mata noobs,1519.7,1
2548,233995,PEPIS | Slurmp,1519.7,1
2549,2377958,Laniac / The Luzz,1519.7,6
2550,2705001,Oasys,1519.7,1
2551,1488238,Waypoint,1519.7,1
2552,1743751,.tv/Tobyga | Tobyga,1519.7,1
2553,2393953,WhiteNoise,1519.7,6
2554,1982586,Jordi,1519.7,1
2555,4566368,ジョニー,1519.7,1
2556,67022,UA | Bass,1519.7,1
2557,4229421,KeithTheDr,1519.6,1
2558,1606419,MonkadZ,1519.6,1
2559,1303468,KOPA,1519.6,4
2560,2726653,TLR | TOO TRILLION,1519.6,1
2561,1241413,Dainuma / Ghoulgish,1519.6,1
2562,2780717,WarlockKing111,1519.6,2
2563,2106082,butter,1519.6,2
2564,1905506,4TOS | Charl-e,1519.6,5
2565,36238,nikePK,1519.6,1
2566,3792557,gogolon,1519.6,1
2567,5205715,EF | TINGLEHAWK,1519.6,4
2568,1838989,Titan,1519.6,5
2569,159410,μ2 | dizy,1519.6,3
2570,3204345,bogura,1519.6,1
2571,15634,lloD,1519.6,1
2572,2636312,jan Koma,1519.6,1
2573,70990,Wisdom,1519.6,1
2574,5489229,NSXT | Samuo,1519.6,1
2575,2247802,UKC | Daaninator,1519.6,1
2576,728226,Ziglet,1519.6,15
2577,1680430,LCU | Spritzy,1519.6,1
2578,1778593,UDH6,1519.6,1
2579,3310885,Juni,1519.6,1
2580,1708736,Maria,1519.5,5
2581,3632860,HELP | hazymoss,1519.5,1
2582,1496209,BANZOOO / HoeCakes,1519.5,3
2583,5039970,D!,1519.5,1
2584,36202,Donquavious,1519.5,1
2585,764634,FRKS | Nightmare,1519.5,1
2586,2956699,Saltz,1519.5,1
2587,519534,Viri,1519.5,1
2588,2313042,DashtheBot,1519.5,1
2589,2110665,Connie,1519.5,1
2590,1059441,Silv'r,1519.5,2
2591,4228245,ML | Beam,1519.4,1
2592,5918,LoF Hackoru / Gunblade,1519.4,1
2593,5290692,TPPO | Galdi,1519.4,1
2594,3240183,FARABUNDOMARTI | POOPYDESTROYER,1519.4,1
2595,1326884,MSU | Aster,1519.4,2
2596,2825519,TGA | Rosé,1519.4,1
2597,1288242,Popsei,1519.4,1
2598,4353208,Jeff,1519.4,1
2599,1399336,meme,1519.4,1
2600,2226174,SFU | GEEK,1519.4,1
2601,40604,Nyx,1519.4,1
2602,1246124,WSU | LetMeFly | Justin26,1519.4,2
2603,1039742,DA | Vice,1519.4,6
2604,265143,TSG M.Dre,1519.4,5
2605,1719206,ERRATIC,1519.4,1
2606,3400710,EPH | ZENT | Chilepatuhoyo,1519.4,2
2607,5322150,FOS/HS | Niruto,1519.4,1
2608,4760,Zephyr / Babycakes,1519.4,1
2609,1569992,ZenEspy,1519.4,1
2610,1377053,Ninty,1519.4,1
2611,1876458,MechRib,1519.4,1
2612,2926019,Spooky678 / DareZ,1519.4,3
2613,5264235,MeTheAvatar,1519.4,1
2614,1428264,UTD | Clue,1519.3,1
2615,1934262,NC10,1519.3,5
2616,3002021,Zombie / Aigis,1519.3,1
2617,4810774,Loneranger101,1519.3,1
2618,3482018,GS Plague,1519.3,1
2619,30896,NSM | NickC,1519.3,1
2620,38865,Smokk / Venom,1519.3,1
2621,3028786,DaussCorp | | Owdy btw,1519.3,1
2622,2275003,TIGERS | Roy,1519.3,1
2623,1894273,Nicon,1519.3,4
2624,777690,BB | fortyseven,1519.3,3
2625,855504,Kamui Senketsu,1519.3,3
2626,1633944,FT | LMan,1519.3,1
2627,2567260,NaCly,1519.3,1
2628,1113077,Replaythatshit,1519.3,1
2629,2485680,ILMW/SMFN/JT7 | Mintchacolate,1519.3,1
2630,26023,Nosk,1519.3,1
2631,1221100,Darthzolomon,1519.3,1
2632,3349624,HBF | Flame,1519.3,1
2633,3836626,RDR Sharingan,1519.3,2
2634,1921883,bojac2001,1519.3,1
2635,22561,Pellonian / Kobe,1519.3,1
2636,267889,ANBU | CRAZY BLK DUDE,1519.3,1
2637,986780,puffa,1519.2,1
2638,2800202,KingExp / whydeceased,1519.2,1
2639,544777,LH | POW | Chowder,1519.2,4
2640,421726,JesusHimself / Swirv,1519.2,1
2641,1257145,OC | SupLesCavs,1519.2,1
2642,850212,Balderdash,1519.2,208
2643,27878,Shiny,1519.2,1
2644,1702147,Wight,1519.2,1
2645,1355417,Oneoutkast,1519.2,1
2646,4187041,MM | luis.guillorme.13,1519.2,5
2647,4560845,GL | Ulric,1519.2,1
2648,1198294,Laura Palmer,1519.2,3
2649,5659,WVU,1519.2,1
2650,2437765,SWR | The_Awesome_Ale,1519.2,5
2651,9595,HyperFlame,1519.2,2
2652,2208713,backpak72,1519.2,85
2653,2666268,Snooz,1519.2,1
2654,1925146,RomeRulez,1519.2,1
2655,5283189,Epic Mom,1519.2,1
2656,1282873,Akatsuki | Evox,1519.2,1
2657,1439182,donuts,1519.2,1
2658,2954919,NBRD Lucky,1519.2,1
2659,53112,dansdaman,1519.2,1
2660,2031549,NR | RDMP | yeq,1519.1,1
2661,2803159,てんピー,1519.1,1
2662,433349,JWiZ,1519.1,1
2663,5359142,Shinji,1519.1,3
2664,24641,Myran / Uncivil ninja,1519.1,2
2665,1006218,Meeks,1519.1,1
2666,2683548,Kasane | Teto,1519.1,1
2667,1151283,RNJesus,1519.1,5
2668,491629,Geist,1519.1,1
2669,2526022,All-Inspiration | Nano1045,1519.1,1
2670,3640428,あたかあたか,1519.1,1
2671,2758109,Koala,1519.1,1
2672,4735009,6arelyhuman | Glitter,1519.1,1
2673,2131389,isnek,1519.1,1
2674,356522,Tenni,1519.1,1
2675,2936669,UMD | Rivals>Smash,1519.1,3
2676,69738,808,1519.1,11
2677,1809569,RyandotSly,1519.1,4
2678,4395294,DonKomedia,1519.1,1
2679,1798853,CSUS | Cashew Armadillo,1519.1,1
2680,4918099,かち,1519.0,1
2681,274487,4TW | jonyfraze,1519.0,1
2682,3115529,Jared,1519.0,1
2683,5382646,magickiwi (sol midsguy),1519.0,1
2684,1057147,LDR | Flyin Gambino,1519.0,1
2685,1270514,SBG | Seika,1519.0,1
2686,64466,Cosmos,1519.0,2
2687,760232,steelix / ian,1519.0,1
2688,176518,WRX | Blacktain Falcon,1519.0,1
2689,5146495,Woah?!,1519.0,2
2690,564180,DarkAdeptMash / ChairmanFan,1519.0,1
2691,4617024,しろくま,1519.0,1
2692,178483,SB | Adeveis Wingzero,1519.0,1
2693,3921399,Ren,1519.0,1
2694,2093738,Lando / Chrxhaun,1519.0,1
2695,4045470,illicitkris,1519.0,1
2696,616665,Nori,1519.0,1
2697,904701,TheMightyUnjust,1519.0,1
2698,2311623,Kazam,1519.0,1
2699,156626,LAGr | Jazdero,1519.0,1
2700,1184741,FGG | BlackSham,1519.0,1
2701,461639,UCO | ben,1519.0,1
2702,1296771,RadStad,1519.0,1
2703,778135,JBM | PixieGoblin,1519.0,1
2704,1284174,AOC | Chrissy96,1519.0,1
2705,260678,El_FuerteRD,1518.9,1
2706,1729910,Syn!/LBE | Klutzy,1518.9,1
2707,2033770,Jaeden,1518.9,1
2708,2936948,Tombti,1518.9,1
2709,3924434,ML/PB | AlexGoku,1518.9,1
2710,3538954,BOS | DuragSage,1518.9,1
2711,340740,Solid,1518.9,1
2712,4591267,Talwind,1518.9,1
2713,2969079,Fuku,1518.9,1
2714,1839656,Gamer Ace,1518.9,1
2715,1854202,NS | Titanium,1518.9,2
2716,1724217,Solgaleo,1518.9,1
2717,156811,Triiiclops,1518.9,1
2718,4807560,You read this | AllOutAce,1518.9,1
2719,1022177,Zess,1518.9,1
2720,3729268,MaestroeXe,1518.9,1
2721,1722059,Ne_Scene,1518.9,1
2722,4248062,SWIM | SomePups,1518.9,1
2723,2896945,Latios' Lover | Widara,1518.9,1
2724,3553009,ManLikeChookz,1518.9,1
2725,2485634,TheSaviorZombie,1518.9,1
2726,136033,Temptation,1518.9,1
2727,1141495,Ra.,1518.9,1
2728,1202491,Server46,1518.9,1
2729,4337660,SC | Na7ion,1518.9,2
2730,44513,jugeeya,1518.9,1
2731,3602232,Zair,1518.8,1
2732,217174,Skerzo,1518.8,1
2733,1488633,03lead,1518.8,4
2734,2401104,G1GB LUST | Epoodle2ndaries,1518.8,1
2735,2349485,Relic,1518.8,5
2736,1720297,Zippy,1518.8,1
2737,5432835,Frenzik,1518.8,4
2738,2610745,MF | SodaJuice,1518.8,1
2739,4375871,STG | El Papalote,1518.8,1
2740,58952,RvL | Mekos,1518.8,1
2741,3074436,Furious_malik,1518.8,1
2742,1259548,Yui,1518.8,1
2743,4854864,MetaKnight77,1518.8,1
2744,2485724,SSS | LittleBoi,1518.8,1
2745,241832,JayceyFoo,1518.8,1
2746,1023746,Nadjo,1518.8,82
2747,155429,4TW | ChrisCCH,1518.8,1
2748,3117948,Nicole,1518.8,1
2749,2127724,AczinorDP,1518.8,2
2750,1067886,XG | Blender,1518.8,1
2751,5394998,geëkd,1518.8,1
2752,2878903,PFC | BIG PAT,1518.8,1
2753,2122126,WCC | Nightfall,1518.8,1
2754,316856,Pulse,1518.8,1
2755,269258,DIDDY KONG,1518.7,1
2756,3125081,Magari,1518.7,1
2757,155979,TTD | PolarChan,1518.7,1
2758,312823,BL | Comboking,1518.7,1
2759,261226,BU$TA,1518.7,1
2760,1474994,Ring Crest | TrainerRedG,1518.7,4
2761,71448,FuerzaDON,1518.7,1
2762,2221716,Syn! | Lynxical,1518.7,1
2763,4199359,sodapopu,1518.7,1
2764,599043,AFAS Comfy | Sovereign,1518.7,3
2765,1489601,めいある,1518.7,1
2766,3127892,SHM/OWA | Ponche,1518.7,1
2767,2078668,Shadyy,1518.7,1
2768,3167004,mistyc / Elijah Daffy,1518.7,1
2769,1941236,RetroRedux,1518.7,1
2770,3453658,bugZZZ,1518.7,1
2771,4192143,(YAP CITY) | ttvBernie1714,1518.7,1
2772,708045,P-Town Hero,1518.7,2
2773,3943109,Trash | Lamawithhat,1518.7,1
2774,4176560,gr_baker,1518.7,5
2775,4620095,PMA | OR | Tangerine,1518.7,2
2776,1879446,FreeGolem,1518.7,1
2777,50844,Cipher / GRAvITy,1518.6,1
2778,2214104,USF | poobii,1518.6,1
2779,1995353,Phœnix,1518.6,1
2780,2155524,Dipper,1518.6,1
2781,2982482,GoTE | OatmealTime,1518.6,1
2782,2132205,Drew6,1518.6,1
2783,2389771,JJ,1518.6,1
2784,3572917,Neo Jc,1518.6,1
2785,3531759,ECW/Cosmic | TianToo,1518.6,1
2786,1400808,charles,1518.6,2
2787,1358940,Ice Crab,1518.6,1
2788,2365929,Corinthians | Rodserra,1518.6,1
2789,3024390,Mayhem | Prodosia,1518.6,1
2790,1632977,finn,1518.6,1
2791,1281231,KornDog | Goose,1518.6,1
2792,619706,Aleixo,1518.6,1
2793,1437402,UPMX | SPors,1518.6,2
2794,24537,hamyojo,1518.6,1
2795,999177,TakiTonfa,1518.6,1
2796,569602,GODwithinA,1518.6,1
2797,1683188,Vega,1518.6,1
2798,3497818,Threeyes,1518.6,1
2799,261032,TMM | Shaka,1518.5,1
2800,2712434,YUH | Species,1518.5,1
2801,2730009,てぃーけ/TK,1518.5,1
2802,2272321,GG | ThymeMaster,1518.5,1
2803,3856194,STO | JustShadow,1518.5,1
2804,1142213,Dio,1518.5,1
2805,5164424,KAI,1518.5,1
2806,1284483,StatusQuo,1518.5,2
2807,1158880,UBC | Opsine,1518.5,1
2808,2961574,BigHerbo / BootmnValentino,1518.5,1
2809,278707,WAS | N0va,1518.5,1
2810,1163401,Killerspankyy,1518.5,1
2811,655943,Tricky,1518.5,1
2812,26153,Tempo / DarkGenex,1518.5,1
2813,3812089,Mint,1518.5,3
2814,4896544,39 | KazeeMio,1518.5,1
2815,214401,Suz,1518.5,1
2816,2304265,StrawberryW,1518.5,1
2817,3651075,Gallinas Lesbianas,1518.5,1
2818,5004578,ChristOurLife,1518.5,3
2819,1247378,wooji,1518.5,1
2820,272521,LV_Jono,1518.5,1
2821,4060299,GSG | Reed,1518.5,3
2822,53439,TheCorndogLover,1518.5,1
2823,4836149,IvoryZ777,1518.5,1
2824,4774,8Bit | Nabster,1518.4,1
2825,1810872,Strider | Cross,1518.4,1
2826,147738,Ralphie,1518.4,90
2827,2244404,Natnat24,1518.4,1
2828,282096,Killacubs / Aklo,1518.4,1
2829,3665,Younger,1518.4,1
2830,1016666,cold,1518.4,1
2831,5282259,MastahKush,1518.4,1
2832,2040114,TE | savelil1th,1518.4,1
2833,678823,YMHB | 987 | Marvel3Magneto,1518.4,2
2834,19622,ESAM,1518.4,1
2835,27698,LBB | Kimchi,1518.4,1
2836,1773309,GMSK | Breezy 400,1518.4,1
2837,597452,FearZero,1518.4,1
2838,1016569,Juno,1518.4,1
2839,1785988,FinnvdW,1518.4,1
2840,824720,BNP| | Elyzon,1518.4,1
2841,1620955,DJ,1518.4,4
2842,1223930,HeyZeus,1518.4,1
2843,1350973,Lexxure,1518.4,4
2844,3855232,IsGoose,1518.4,1
2845,4548139,HLW | Spectra,1518.4,1
2846,871795,Grdggef,1518.4,1
2847,1171924,Toluthin,1518.4,1
2848,137480,Posh,1518.4,1
2849,271947,TranTRW,1518.4,1
2850,2485154,かずひと,1518.4,1
2851,234560,Elixir,1518.4,1
2852,309675,TriggerHappy,1518.3,1
2853,171490,PAR | ScrawtVermillion,1518.3,1
2854,1376911,Alternis,1518.3,1
2855,3288988,love will redeem you,1518.3,1
2856,13565,DKwill,1518.3,4
2857,5398726,Mariolvshr,1518.3,1
2858,1370092,SBY | n0pe,1518.3,2
2859,3760813,Xiltv,1518.3,1
2860,5457,Bones / Sirmeris,1518.3,1
2861,2681077,Kytre,1518.3,1
2862,4990429,SeiMazu,1518.3,1
2863,957626,Whitewings | Grey-C,1518.3,1
2864,1016305,AQUA | maya,1518.3,1
2865,1195262,Goljee,1518.3,1
2866,3218988,lust / camila,1518.3,1
2867,4063215,4Pac | CoastRider,1518.3,2
2868,1230098,DR IDIOT,1518.3,2
2869,5695,MC David,1518.3,1
2870,2808182,KG | るみる,1518.2,1
2871,3026885,POP | Noob,1518.2,1
2872,814491,JustJason,1518.2,1
2873,3405715,SPR | Zaikor,1518.2,1
2874,854185,HealTy,1518.2,1
2875,517612,FRND | Turts,1518.2,1
2876,221712,Sam,1518.2,2
2877,2449181,MMSky,1518.2,1
2878,1724458,Walnut,1518.2,1
2879,1718915,Goku Black,1518.2,1
2880,1930761,FS | YCG | kaddical,1518.2,3
2881,4384864,Striket,1518.2,1
2882,3649923,Abel | kuro,1518.2,1
2883,216753,Bay,1518.2,1
2884,4484451,LT | ARK | Turbo,1518.2,1
2885,535750,0-6 | Zangrix,1518.2,1
2886,503468,AJAX,1518.2,1
2887,2075877,RFL | BM | Lucien,1518.2,1
2888,1015036,Yokizamy,1518.2,1
2889,158055,Poseidon,1518.2,1
2890,2081497,Gaymers,1518.2,1
2891,1179968,vchi,1518.2,1
2892,4930923,AlterEgoGonta,1518.2,1
2893,4281178,Deific,1518.2,8
2894,526019,CSR | Tezlik,1518.2,1
2895,146694,Alexis Pinto,1518.2,1
2896,3378489,S2K,1518.2,1
2897,212701,KEN / zackray,1518.2,1
2898,67376,AneemaEL / Bluebery,1518.2,1
2899,1144423,PT | | Morsalsa,1518.2,1
2900,685950,TranquiloArman,1518.1,1
2901,4780618,Dan_Zz 0_0 | Dan_Zz 0_0,1518.1,5
2902,2719546,Feathers McRaw,1518.1,1
2903,2794137,Lamelma23,1518.1,1
2904,2191204,BFL | Diegubis,1518.1,1
2905,3076052,TwitchPanndo / SushiHDs,1518.1,1
2906,4049358,NIXSI,1518.1,1
2907,3015229,Fatpac / LionToast,1518.1,1
2908,681199,steez,1518.1,1
2909,1301946,LKM | Advanced,1518.1,3
2910,10951,Aknoid / Blas,1518.1,2
2911,15137,Johann,1518.1,1
2912,753566,Vicster,1518.1,1
2913,1065682,Ziggler,1518.1,1
2914,419804,BJ,1518.1,1
2915,1279975,Gyattdalf the They,1518.1,1
2916,1268805,DB215,1518.1,2
2917,524091,Free Palestine | Street Rat,1518.1,1
2918,44446,HBA/KOF | Shiny Zubat,1518.1,1
2919,70634,RE | Ex-SOLDIER,1518.1,1
2920,2831266,ELG_MARI,1518.1,1
2921,4510828,Pamplona,1518.1,1
2922,2142821,Showtime,1518.1,2
2923,286021,AFAS | Graddy,1518.1,1
2924,270350,JumboTurbo,1518.1,1
2925,1147275,FrBz | CookieKing,1518.1,1
2926,254099,Nixyro,1518.1,1
2927,1556467,NXM | pret,1518.1,1
2928,1208136,HO-KAGO! | floats,1518.1,9
2929,26257,Bigcoyotes,1518.0,1
2930,51006,Cowhunter,1518.0,1
2931,690650,bain,1518.0,1
2932,1036294,VDL | Just,1518.0,1
2933,3909218,Easylife,1518.0,1
2934,2508534,Phoon,1518.0,10
2935,220539,Forp,1518.0,1
2936,3902589,かわさん,1518.0,5
2937,4031461,Potatochan,1518.0,1
2938,2136075,G-Money (B),1518.0,134
2939,135808,Yoshimoto | Rain,1518.0,1
2940,4164446,6 Yummy Donuts,1518.0,1
2941,436434,Cheese,1518.0,1
2942,3857768,Gante,1518.0,1
2943,156359,JoJoDaHoBo,1518.0,1
2944,1714481,Do The | Dothefig,1518.0,1
2945,68557,Toast,1518.0,1
2946,289080,Corgi,1518.0,1
2947,41309,DATDIVA | Khanage,1518.0,1
2948,5441796,Idiot Tag,1518.0,3
2949,1886650,xBinari,1518.0,1
2950,3316064,DreamOn | Swishgod,1518.0,5
2951,4192727,WOKE 2/Silly | Zenoflare,1518.0,2
2952,1868111,Fig,1518.0,1
2953,4011302,Fisherboat,1518.0,1
2954,1879605,CCND | GrahamSandwich,1518.0,1
2955,1512110,AD | Scisco,1518.0,1
2956,1439733,SCE | Excite,1518.0,1
2957,4322848,Daino,1518.0,1
2958,5090715,player 4,1518.0,1
2959,1000314,Searing Arrow,1517.9,1
2960,1325391,Professor_SpaceTime,1517.9,1
2961,220122,POW | JayLunatic,1517.9,1
2962,632870,Naucitos,1517.9,1
2963,890820,MaxPrime,1517.9,1
2964,3639962,TropicTrickster,1517.9,1
2965,1634010,MuttNut | MuttNut,1517.9,3
2966,3574802,10Luka,1517.9,1
2967,566245,CS3 MP | Larry the Evil Cat,1517.9,3
2968,3283986,nosamreilleh,1517.9,1
2969,2538327,Ecco2k,1517.9,1
2970,2068798,IFN | Prince Peach,1517.9,1
2971,3966626,Caprisunthief,1517.9,1
2972,2148782,DEAN,1517.9,1
2973,1447465,maurijsan,1517.9,1
2974,274038,なて/Nahte,1517.9,1
2975,1158874,Peacockkaè,1517.9,1
2976,4203453,MasterRadA,1517.9,1
2977,351214,merf,1517.9,3
2978,3406114,Z,1517.9,1
2979,1581800,BroKen,1517.9,10
2980,1249748,JigChu / Maya Papaya,1517.9,1
2981,1385983,Frøst,1517.9,1
2982,3300768,FraudKrew | JacobDRAG,1517.8,1
2983,3119760,Synn,1517.8,1
2984,1261294,SYN | GabeOG,1517.8,3
2985,1111199,MEGA | Vinny,1517.8,1
2986,3331402,Ink,1517.8,1
2987,1586193,Cleaningproduct,1517.8,1
2988,4430783,MGL | MUD,1517.8,1
2989,180191,LetalisVenator,1517.8,1
2990,2259172,Ekoh,1517.8,1
2991,1228025,FOAMS 51,1517.8,1
2992,4951813,GoaT02,1517.8,1
2993,3415533,Aleexia,1517.8,1
2994,4932274,Domo,1517.8,1
2995,708782,Shoghi's Child | skyes,1517.8,1
2996,256280,scoob | Sw.ord,1517.8,1
2997,1601554,Status Quo,1517.8,1
2998,130959,Inayellowflash,1517.8,1
2999,4390,NGG | Jflex,1517.8,1
3000,2027894,Kaiser III,1517.8,1
3001,4374241,Windforce,1517.8,1
3002,289322,badatgaems,1517.8,1
3003,5497362,lag-man,1517.8,1
3004,3116699,TNI | Demon,1517.8,1
3005,15063,Zomsoth,1517.8,1
3006,5115683,Jhaos,1517.8,4
3007,1669215,RFL | Desarack,1517.8,1
3008,1128266,Inertial,1517.8,1
3009,4126819,EJF,1517.8,1
3010,2094720,Prestodust,1517.8,1
3011,1857535,アドネス | ラリックス　　,1517.7,1
3012,4492750,ÉTIENNE,1517.7,1
3013,963794,MKJavierMK,1517.7,1
3014,720145,Superfunk27,1517.7,1
3015,3706265,PantherJT,1517.7,1
3016,4394,Zhyrri,1517.7,1
3017,4217051,KUSC | persona,1517.7,1
3018,1837685,Mythos,1517.7,1
3019,5423997,Lt. Raptor,1517.7,1
3020,639137,ETL| ML | DemGod,1517.7,1
3021,2413428,Boaz,1517.7,1
3022,3545699,Wozgozz,1517.7,1
3023,3635568,PVvinho,1517.7,1
3024,1504359,Ho3k | ridlygod69,1517.7,3
3025,2233302,iron grid | gary,1517.7,1
3026,157946,UA O | LAGARTIXA LEDGETRAP,1517.7,2
3027,1322680,SYN | O.J. Styles,1517.7,1
3028,2447496,LD | B-Rabbit,1517.7,1
3029,1212286,elijmin / doodstename,1517.7,1
3030,3799236,thom,1517.7,6
3031,50971,BMG | OvenMitts,1517.7,1
3032,268105,Lefty / TarrecT,1517.7,1
3033,1187714,FVL | roz,1517.7,1
3034,5503907,Vixacious,1517.7,1
3035,4680498,Strikethrow,1517.7,1
3036,68824,Shuck3y,1517.7,1
3037,1662131,151drum,1517.7,4
3038,2585089,Whimi,1517.7,1
3039,2421189,Rising Stars | Karma,1517.7,3
3040,31058,GSG | TheBigDog,1517.6,1
3041,3026283,Righlee/Khyion,1517.6,1
3042,3381558,D_X_G | DANK_GAIUS,1517.6,1
3043,1931403,SickSeven!?,1517.6,80
3044,2614892,shift1,1517.6,1
3045,3718917,balls,1517.6,5
3046,247301,ERROR,1517.6,1
3047,1010658,TSG | Mr. L,1517.6,5
3048,550678,YoRHa | Spikefire,1517.6,1
3049,2612875,あのあのゲーミング | ロキてんどんまん,1517.6,1
3050,20915,On Cap No God,1517.6,6
3051,3625168,Nanny Plum In Brum,1517.6,1
3052,3955153,PEAK | Sir.JelloMan,1517.6,1
3053,8057,Cool Lime,1517.6,1
3054,2157323,Slaps,1517.6,1
3055,1227595,KlashT,1517.6,1
3056,824833,TC | TCNJ | flackito,1517.6,1
3057,2401901,Nothingz,1517.6,3
3058,1935300,Rearlet,1517.6,1
3059,2666775,SpicyM0nk3y,1517.6,1
3060,5251154,Micheal Roch,1517.6,1
3061,1665429,chisa / Corvi,1517.6,1
3062,1479092,Zeph_1000,1517.6,1
3063,575203,Mr-MadGear,1517.6,1
3064,433243,JasonFGC,1517.6,1
3065,1282503,KapKaboomz,1517.6,1
3066,3659483,DKM | sTuFf,1517.6,2
3067,624772,King Jamjamjam,1517.6,3
3068,2693605,TBx | toki,1517.6,1
3069,343161,Dandy J,1517.6,1
3070,3133900,eXodus|BTE | Hytop10,1517.5,4
3071,1279010,avo!,1517.5,1
3072,1562590,Jmartiles,1517.5,1
3073,3067196,Angel1923 / Offciterican,1517.5,1
3074,978706,MUOH | Mindles_Man,1517.5,1
3075,279579,DNS | LLon,1517.5,1
3076,497441,CPWMA / TheSuperBanMan,1517.5,1
3077,3627870,Shine | Not damsel,1517.5,1
3078,213383,cashsuplex,1517.5,1
3079,5360373,Silverfang,1517.5,1
3080,3493992,radon,1517.5,1
3081,155025,UG | MTG,1517.5,3
3082,1275016,LMB | CD | PhilZ,1517.5,1
3083,1154927,HMTM | Cyphus,1517.5,1
3084,6290,Ash,1517.5,1
3085,1293135,Gem,1517.5,1
3086,3632344,soz | meese,1517.5,1
3087,1755589,NASB | CTEM,1517.5,1
3088,3328391,Nya! | Dreamless,1517.5,5
3089,26101,nimblebejack,1517.5,1
3090,1620520,Rhinestone,1517.5,1
3091,1817970,UNC | Crayons,1517.5,1
3092,1145387,Dags,1517.5,1
3093,1183132,UMass Lowell Team A,1517.5,1
3094,1985555,LTGF | JayHo_6,1517.5,1
3095,1804620,Hooplah,1517.5,1
3096,646151,BunZ,1517.5,1
3097,1842112,joe mama,1517.5,1
3098,62104,Dojo337 | Drago,1517.4,1
3099,4968067,player 4,1517.4,1
3100,256531,G-Rain,1517.4,1
3101,1075815,MrTryHard / Danki,1517.4,1
3102,1589878,Kodesu,1517.4,1
3103,22297,$$$ + Driv:r,1517.4,1
3104,465701,MS | Cellzar,1517.4,1
3105,1678627,kala,1517.4,1
3106,4359919,masher </3 | trademark,1517.4,1
3107,2620482,small pharma,1517.4,1
3108,3016800,No Fear Dojo | NecroGuffaw,1517.4,1
3109,2701934,かってぃー,1517.4,1
3110,4953653,CBC | InklingMatt_95,1517.4,1
3111,3631918,Kami,1517.4,1
3112,1005938,Blacklink,1517.4,5
3113,5345379,Silent_skyler,1517.4,1
3114,253333,Gio(n.n)/ / GDLJuice,1517.4,1
3115,5317240,UC | Jose,1517.4,1
3116,1139930,Z,1517.4,1
3117,35661,SHBOYS | Angel Cortes,1517.4,1
3118,618510,HTS | Meowser,1517.4,1
3119,215777,Zerosiz,1517.4,1
3120,2712057,Croco,1517.4,1
3121,2255171,Squibwerd,1517.4,1
3122,56946,BBMHM | Unknown,1517.4,7
3123,54403,Turtle,1517.4,1
3124,273003,Ice,1517.4,1
3125,2024261,Henwy,1517.4,2
3126,359474,snail beats,1517.4,3
3127,345686,G-Rain,1517.4,1
3128,5372864,Flo,1517.4,1
3129,327006,NP | DylanNoPancakes,1517.4,1
3130,5438238,Kiyu,1517.3,1
3131,673048,Morly! / Benji,1517.3,1
3132,1266555,p4p1rr1n,1517.3,1
3133,8101,NB* | Bombproof,1517.3,1
3134,262394,Council | Vernias,1517.3,12
3135,1070686,Counter,1517.3,1
3136,468825,FlashNo47,1517.3,1
3137,765867,Scrambled,1517.3,1
3138,3137237,EzFlashbackzz,1517.3,1
3139,1974227,STG | SimplyEgo,1517.3,1
3140,1121252,OES | RFang,1517.3,1
3141,184547,[L] | alerT,1517.3,1
3142,1831893,OKKOTSU | NAKONOS,1517.3,1
3143,1823832,Lemon | LemonЯobot,1517.3,1
3144,3554719,SMU5H | Lars_Rex,1517.3,2
3145,1831056,ebs | ayden,1517.3,1
3146,5207964,Hedgy,1517.3,1
3147,1191324,2Crew/CCC/TD | 2zacki,1517.3,1
3148,5386848,deluxe,1517.3,1
3149,4921271,Linknight,1517.3,1
3150,3895872,Free agent|HG| | $ Striker,1517.3,2
3151,627474,MurtleisJordan,1517.3,1
3152,261221,NB / ADC* | Staticalpha,1517.3,1
3153,2224265,Loucifer / niko sm,1517.3,1
3154,3686556,danalblack,1517.2,1
3155,1660202,121wer,1517.2,1
3156,71247,Sephie,1517.2,1
3157,3761831,eFC | Isaias,1517.2,1
3158,68435,Troyfullbuster,1517.2,1
3159,1587545,Triviality,1517.2,1
3160,1540662,imran / Volare,1517.2,1
3161,5465293,EvilGoku,1517.2,1
3162,4956414,player 4,1517.2,1
3163,1466510,COCA,1517.2,2
3164,275067,Syn! | Klad*//,1517.2,3
3165,3290096,MTY/RSC | Ozielos,1517.2,1
3166,239752,ABG | Josh?!,1517.2,1
3167,4007731,Doolulb,1517.2,1
3168,3015706,Gab,1517.2,1
3169,1802413,Punished | Sploot,1517.2,1
3170,2766977,lazlo,1517.2,1
3171,251502,* | CZ,1517.2,1
3172,1920476,Peaches,1517.2,1
3173,1298890,Gamer | Terra,1517.2,1
3174,1571673,Skywalker,1517.2,1
3175,4524136,Fireguy,1517.2,1
3176,2564179,retrograde,1517.2,1
3177,246529,Armo,1517.2,1
3178,420393,WORM | DP3 | MasterCore,1517.2,3
3179,3381793,ZFN | SamoanShaggy,1517.2,1
3180,2281437,KING,1517.2,1
3181,30119,Strobics,1517.2,1
3182,2197691,CourageousPete,1517.2,1
3183,3840416,Mikael_1305,1517.2,1
3184,4702,Northwood University,1517.2,1
3185,2156400,GG8 | YourLocalDunce,1517.2,1
3186,470348,The Reverend,1517.2,1
3187,1709766,Boss,1517.1,1
3188,1158362,Kdx,1517.1,1
3189,817296,Quinn,1517.1,1
3190,3006660,TCNJ | Bjr,1517.1,1
3191,2189617,FuzyReborn,1517.1,1
3192,134832,Drewtorious,1517.1,1
3193,3697346,aeM8 | freakbob,1517.1,1
3194,838041,Dead,1517.1,1
3195,22108,Dakpo / Cley,1517.1,1
3196,1259341,Dorp,1517.1,6
3197,2042041,Xen0,1517.1,1
3198,15412,Lowww / KD3,1517.1,1
3199,2284621,Neutrino,1517.1,1
3200,1592944,CoolTune,1517.1,1
3201,56791,djb | kyle xcx,1517.1,1
3202,2486538,JBM | Alo,1517.1,1
3203,6407,Troyfullbuster,1517.1,1
3204,147900,Z10 | ElChakotay,1517.1,1
3205,2566553,ARC | Aaron,1517.1,1
3206,2656199,Dingwer,1517.1,2
3207,1332566,USA | Kibbss,1517.1,2
3208,1013266,NWO | raylee,1517.1,1
3209,138843,JT,1517.1,1
3210,41337,Navi,1517.1,1
3211,1708766,p0wer,1517.1,4
3212,1244358,HORN4 | Caps,1517.1,1
3213,2266842,CRUSADER,1517.1,1
3214,1965202,DnK | Sathaar,1517.1,1
3215,63992,MOOSE,1517.1,1
3216,158130,CounterStrikeEnthusiast,1517.1,1
3217,3188122,BMS | Laludwig,1517.1,1
3218,1731215,AceofGrime,1517.0,1
3219,3477931,Originals | Airbirdieman187,1517.0,1
3220,4241513,KKV | MC | Prez,1517.0,1
3221,4300084,Dfvyn,1517.0,1
3222,159121,Ninjendo,1517.0,1
3223,3030905,Steezah,1517.0,1
3224,2585393,Playmaker | Sonix,1517.0,7
3225,1055263,BB | GG | jakarot,1517.0,1
3226,2794105,Mop,1517.0,1
3227,150925,Salsa,1517.0,1
3228,2236324,Kaitō,1517.0,1
3229,987579,Sinai | Player 4,1517.0,1
3230,5426420,WarriorEsports | Dgnfs_zapatron03,1517.0,1
3231,1577226,Jiggy,1517.0,1
3232,1898066,Velasquez,1517.0,1
3233,1351099,DnK | Pillow,1517.0,1
3234,3209025,GO PYRA,1517.0,1
3235,602337,C4 | Risen^Faith,1517.0,1
3236,1728483,OMG | Lic. Tony,1517.0,1
3237,539699,TechMasters | Draquez,1517.0,1
3238,464529,Akashi,1517.0,1
3239,518380,CoS|ATF | Xepher,1517.0,1
3240,580307,BK2 | Guante,1517.0,1
3241,413400,ARC,1517.0,3
3242,3426531,Aced Pancakes,1517.0,1
3243,553443,catc,1517.0,1
3244,1799864,YT | YonkoJah,1516.9,2
3245,649771,Mr.Lucky,1516.9,1
3246,1564130,Beef,1516.9,1
3247,2376688,SUZUNE,1516.9,1
3248,530824,DrWatts,1516.9,1
3249,4050357,CHJ | Greg,1516.9,1
3250,2233360,ohm | Max Imum,1516.9,2
3251,4801434,OhKO | Boozje,1516.9,1
3252,1660528,Tocachev,1516.9,1
3253,1013628,ILYM | Bossa Nova,1516.9,11
3254,1133261,mag,1516.9,1
3255,4716937,RosieCo | BDubs,1516.9,1
3256,1776558,DatBentoBox,1516.9,1
3257,3217839,OTDR,1516.9,1
3258,1136372,Dream Casters | Mania-616,1516.9,1
3259,664719,Motz / fluffypandaboy,1516.9,1
3260,5312582,Ahmed,1516.9,1
3261,4256,DZM | DZhangarang,1516.9,1
3262,2867051,UNH | Breb,1516.9,76
3263,1809817,nerdbird,1516.9,1
3264,45472,Council | TheBombBimbi,1516.9,1
3265,2591464,TFO256,1516.9,1
3266,1225555,Zemmol,1516.9,1
3267,1752199,WRLD | Dark4orce,1516.9,1
3268,4121,shotgun wedding,1516.9,7
3269,103305,Dr. Lame,1516.9,1
3270,1325794,Photon,1516.9,1
3271,1109548,NoTag,1516.9,1
3272,4673364,LoDown,1516.9,1
3273,4436937,Ocean,1516.9,1
3274,1163760,Iida,1516.9,1
3275,2860545,iFistPeople,1516.9,1
3276,995385,knqrf / BIGTGDAIRFAN600,1516.9,1
3277,2747766,KC | -Lefty,1516.9,3
3278,5496284,Kumatora,1516.8,1
3279,2456419,Happy Birthday Sencon!,1516.8,1
3280,2530077,Bishop,1516.8,1
3281,3353554,SHS | CuzzoBluffin,1516.8,2
3282,4957451,Wooly,1516.8,2
3283,5098078,shadowdragon,1516.8,1
3284,1952518,t0p / YajYaj,1516.8,1
3285,3063759,SushiHDs / HVZuku,1516.8,1
3286,1140531,chevy,1516.8,1
3287,3092585,MVShinDoom,1516.8,1
3288,544841,Zio,1516.8,3
3289,1360782,Yayo,1516.8,2
3290,45235,Ice,1516.8,1
3291,10135,E,1516.8,1
3292,356588,DNY | EMW2 | jeremy,1516.8,1
3293,3500727,Ramos,1516.8,1
3294,4158126,riddy g,1516.8,1
3295,427606,SSJRucker,1516.8,1
3296,212500,i live in PA | CaLiBuRT3K,1516.8,1
3297,1518768,CR | Super64,1516.8,1
3298,5283519,shadinx,1516.8,1
3299,1269886,Yikes! | Atreus,1516.8,1
3300,256265,clouserr / Best,1516.7,1
3301,2902831,^_^,1516.7,1
3302,1105805,HLR | elbrixx,1516.7,1
3303,47787,M.o.D,1516.7,1
3304,2928046,rougals / Nostalgiaa,1516.7,1
3305,15939,G5 | Dugan,1516.7,1
3306,251445,HBA Jesse,1516.7,1
3307,515117,Ofy / Stocktaker,1516.7,1
3308,153461,CB|GO! | zael,1516.7,1
3309,47734,CaptainZack / Mistake,1516.7,1
3310,754602,SL | Le Elin,1516.7,1
3311,1846469,b1unts / Zacky,1516.7,1
3312,1805892,Pikachuwu,1516.7,1
3313,1780014,reid! / absent,1516.7,1
3314,1622959,M1das / Bop GOT EM,1516.7,1
3315,2022697,Lamb / biff,1516.7,1
3316,4099759,A,1516.7,1
3317,262062,Maxou / Davianel,1516.7,1
3318,2693847,Sohkah,1516.7,1
3319,1060666,Reyroxx,1516.7,1
3320,728430,LKR,1516.7,1
3321,1083418,CRG/GRNT/MXC | Vapor,1516.7,5
3322,2757397,Hype,1516.7,1
3323,5240409,Nob,1516.7,2
3324,141329,Dual Kevin,1516.7,1
3325,55893,Sin | Glare,1516.7,6
3326,4065345,Bowsa! / leomaz1ng,1516.7,1
3327,57016,SRC GGEA | Zei,1516.7,1
3328,30955,Lion / Kosoku,1516.7,1
3329,1002501,ShowerMan,1516.7,1
3330,1890024,Deku / TonicSnake,1516.7,1
3331,1756381,Siege / LVL7,1516.7,1
3332,1319795,Whozat,1516.7,1
3333,2131818,LooP,1516.7,1
3334,4301658,TheDenimDino,1516.7,1
3335,2156483,LD,1516.7,1
3336,3531827,JinJuriki,1516.7,1
3337,4988772,Vibin,1516.7,5
3338,5479305,Toon Jorge | Withered Bonnie,1516.7,1
3339,4460491,santiagomx98,1516.7,1
3340,3713062,FLARE,1516.7,1
3341,4651140,yo | Reyes,1516.7,1
3342,3818658,Proto boi,1516.7,1
3343,2113670,UNCG | TOXICYURIFAN,1516.7,6
3344,1135374,Fulgri,1516.7,1
3345,1248463,Chanklatomica22,1516.7,1
3346,5422178,Andru,1516.7,1
3347,3947955,JackoWacko62,1516.6,1
3348,270394,Trance / Jmk3008,1516.6,1
3349,1796547,Trosume | Trosume#0148,1516.6,1
3350,2498452,fishfishtime's team,1516.6,1
3351,1802598,Kit3k,1516.6,1
3352,2997111,Mrtrainer,1516.6,4
3353,5336077,MM/CUM | soldier boy,1516.6,1
3354,1221962,LukasW,1516.6,1
3355,5473098,None | Ace,1516.6,1
3356,1825156,Garfiejus / Sly,1516.6,1
3357,401331,Bobleon,1516.6,1
3358,257033,HB | Docta Afrikan E.X.,1516.6,1
3359,4790571,Alias,1516.6,1
3360,433348,BigFish / Jerm,1516.6,3
3361,69637,Jack,1516.6,2
3362,16049,SHADOW MAN,1516.6,1
3363,5150,GoldenJoe,1516.6,1
3364,27531,Aura Man,1516.6,1
3365,1205612,fakebruno,1516.6,1
3366,343419,night breed 9,1516.6,1
3367,57414,Frost,1516.6,1
3368,1744587,Tipper? I barely know er,1516.6,1
3369,1801930,NotHbox,1516.6,1
3370,1807962,Dominus,1516.6,1
3371,4195859,Exotic_Tobi,1516.6,1
3372,5399862,W3BZZZ,1516.6,1
3373,129855,UGS | Syphir,1516.6,1
3374,1509419,フゥリ,1516.6,1
3375,4045039,Starlight,1516.6,1
3376,3922923,D4NT3,1516.5,1
3377,273055,DJ,1516.5,1
3378,1188893,Smmoner,1516.5,1
3379,250701,BUZZ | ライトニングいがらし,1516.5,1
3380,5002193,player 4,1516.5,1
3381,3767769,MisterL972,1516.5,1
3382,1111126,CT | Raventoli,1516.5,2
3383,153434,GI0GOAT,1516.5,1
3384,11716,Chipotle+,1516.5,1
3385,2066588,xXx_PeterGokuGriffin_xXx / Squishy~,1516.5,3
3386,15404,Face / Rolex,1516.5,1
3387,328578,Ringo,1516.5,1
3388,879622,Mr. L,1516.5,1
3389,2547585,Frozen Spike,1516.5,1
3390,1070511,Lucius / Koopa Klyde,1516.5,1
3391,4362028,FightRise | Satorha,1516.5,2
3392,705014,Sadgief,1516.5,1
3393,16071,HQ | Riz,1516.5,1
3394,45246,Lewton,1516.5,1
3395,1791146,Z,1516.5,1
3396,1597094,Devon,1516.5,1
3397,2426976,Grog,1516.5,1
3398,3705936,teddyTcam,1516.5,1
3399,3464536,Aj$,1516.5,1
3400,1481409,WhipNayNay,1516.5,1
3401,3636833,YakuzzaKnigth,1516.5,1
3402,1619840,Talking | Smoops,1516.5,1
3403,1181131,Kira,1516.5,1
3404,1638686,Dalma / jEDi,1516.5,1
3405,1473676,Tonren,1516.5,1
3406,1435521,Jj jr,1516.4,1
3407,310435,noctis,1516.4,1
3408,3217516,Blue Drew,1516.4,1
3409,277282,Sentry | pghShady,1516.4,1
3410,5020,GO | Gimp,1516.4,1
3411,132203,ID | Sindiso,1516.4,85
3412,5009631,anon,1516.4,1
3413,1816265,pinky,1516.4,1
3414,937612,Muffle,1516.4,1
3415,5459065,Flu,1516.4,1
3416,326923,SHEETZ | Klimax,1516.4,1
3417,2687361,oregan0,1516.4,1
3418,1284708,Evil | Dcr/fusion,1516.4,1
3419,1741033,T5Cloud9M,1516.4,1
3420,2813620,OLD | pheeyl,1516.4,1
3421,4806791,Pattblack,1516.4,1
3422,667148,Parker,1516.4,1
3423,139213,The Great Gonzalez,1516.4,1
3424,1366142,Impact,1516.4,1
3425,1881101,RVN | FrBz | ttv/BlitzzNY,1516.4,1
3426,147708,WD | CORONA17,1516.4,1
3427,242593,BusinessGoldFish,1516.4,1
3428,1595363,Gabethefrog,1516.4,1
3429,3799094,Aero,1516.4,9
3430,1301997,@paragonsmash | Jonathicc,1516.4,1
3431,1022535,TBB | Absol,1516.4,1
3432,1214796,MonkeyBank,1516.4,1
3433,1137190,SIN | | Combofreak,1516.4,6
3434,2495310,Paladin,1516.4,1
3435,1439010,Fiesty,1516.3,1
3436,864463,TiempoGris,1516.3,1
3437,5198274,Bagelpotato,1516.3,1
3438,3446579,B.Y.,1516.3,1
3439,5481919,Baron,1516.3,1
3440,2349879,NeroTak,1516.3,1
3441,5322926,Robzalez,1516.3,1
3442,209739,Bobleon / Yobby,1516.3,3
3443,5148109,TonyBony,1516.3,1
3444,3585973,... | ???,1516.3,1
3445,2475850,なこ,1516.3,1
3446,299826,GENV,1516.3,2
3447,1030202,Zee,1516.3,1
3448,157419,YellowJacket,1516.3,1
3449,1909377,TwT | Scarface,1516.3,1
3450,5509837,WashDelta,1516.3,1
3451,1032027,CDTF ebs | Toblerone,1516.3,1
3452,3491034,SPM | Dominquez,1516.3,1
3453,544107,AllDay,1516.3,1
3454,4681623,Sudish,1516.3,1
3455,1497028,PM745,1516.3,1
3456,216633,Billow,1516.3,1
3457,1696645,Gilgam3k,1516.3,1
3458,3763333,Session | Godfather,1516.3,1
3459,178426,EliteMX/ST | Rif Raf,1516.3,1
3460,4544353,Cpt.dingus,1516.3,3
3461,3071050,Bloom | tabby,1516.2,1
3462,1068964,Spidey,1516.2,1
3463,283443,ECW | Grima,1516.2,1
3464,4940683,SFU | Salami,1516.2,3
3465,3783417,Thrillbo Bagweather CXII,1516.2,1
3466,2567439,Jersh,1516.2,1
3467,1964748,Fate,1516.2,122
3468,2639674,VNM | Newo,1516.2,2
3469,3601976,1989,1516.2,1
3470,4114326,santana2n,1516.2,1
3471,4780587,Kiro:),1516.2,6
3472,5493489,Opin,1516.2,1
3473,5326908,FaKe | Cheescurdz,1516.2,1
3474,3670372,TaforSmth,1516.2,1
3475,65482,Brat,1516.2,1
3476,4412817,AOE | Jamor,1516.2,3
3477,5350830,AfroTheNinja,1516.2,1
3478,2915291,Crobb,1516.2,1
3479,1840497,Dollar Tree,1516.2,1
3480,5323460,Justin,1516.2,1
3481,897534,eFC | CPU-X,1516.2,1
3482,152030,Chino,1516.2,1
3483,62687,Zaniel,1516.2,1
3484,130219,Yuriohs,1516.2,1
3485,3705751,Toad,1516.2,2
3486,2737290,Crepe,1516.2,1
3487,1677598,SFU | Teo,1516.2,1
3488,2598358,Lunarik,1516.2,1
3489,1728306,Larryhatsu,1516.2,1
3490,1250710,azn,1516.2,1
3491,171142,NEST | MaRune,1516.2,1
3492,2295476,ballmeat,1516.2,6
3493,2782630,この,1516.2,1
3494,4011707,CK,1516.2,1
3495,908690,Savai,1516.1,3
3496,498630,GREMLINMAN,1516.1,1
3497,2703086,Renata,1516.1,1
3498,1274977,Stave,1516.1,1
3499,891732,Prime,1516.1,4
3500,2755491,FzP | ConCon,1516.1,1
3501,3395874,Teddy,1516.1,1
3502,4574110,Noviex | Reala (ree-AL-uh),1516.1,1
3503,5051304,Wawa | Deno :),1516.1,1
3504,150103,Shiesty / LegendaryyPred,1516.1,1
3505,670179,BelieveDaHypeAce / Soundblaster,1516.1,1
3506,5052158,Higgamo,1516.1,1
3507,1748674,Dino,1516.1,1
3508,2663767,Wolves | Judicus,1516.1,1
3509,3459330,TT | Sapl,1516.1,1
3510,1591817,DIMA | muñeca,1516.1,1
3511,1632945,HoP|4JoxyV2 | GTOCRAFT,1516.1,2
3512,240944,KOP | PUFFY,1516.1,1
3513,5702,Sawrik,1516.1,1
3514,248698,May,1516.1,1
3515,4576098,filewam,1516.1,1
3516,2893350,GC | Joshuaisherenow,1516.1,1
3517,38538,BU | Elextro,1516.1,1
3518,3910752,Tmz | Emmanuelito18,1516.1,1
3519,60686,War Anvil,1516.1,1
3520,851851,Grapezard X / Skinny the Pooh,1516.1,1
3521,1899112,Xaow,1516.1,1
3522,4144602,Bevii,1516.1,1
3523,617250,W/ Beans | Tortilla Flipper,1516.1,1
3524,1507424,WU | Niko,1516.1,15
3525,2050414,BCOMBS,1516.1,1
3526,617531,Correian,1516.1,1
3527,1847978,DF OU | Avien,1516.1,1
3528,3933043,Ibprofenray / urkd,1516.1,1
3529,3363010,KML | Third,1516.1,2
3530,2793464,tdpmaze,1516.0,1
3531,1508737,nowno,1516.0,1
3532,34914,Thumbs,1516.0,1
3533,259089,Leghud,1516.0,1
3534,176071,schickler,1516.0,1
3535,2122001,Nutternaition | Lazy,1516.0,1
3536,432991,Resign,1516.0,1
3537,3284707,MDH | Moka,1516.0,4
3538,1153844,Bulgogi,1516.0,1
3539,4299473,Jiminy,1516.0,1
3540,1840360,Sui,1516.0,1
3541,2556721,SmU5h | melabunni,1516.0,1
3542,214031,Creamy,1516.0,1
3543,31308,Fanttum,1516.0,1
3544,28091,Spectre / Hawk,1516.0,1
3545,4850,jpo,1516.0,1
3546,128035,Inayellowflash / Air Gordon,1516.0,1
3547,4833372,FrankieBFG,1516.0,1
3548,135104,Mime,1516.0,1
3549,1264705,vexmilk,1516.0,1
3550,339291,Ragnellrok / Tom,1516.0,1
3551,2287109,JJK | Gojo,1516.0,1
3552,2279495,Ryot / Dorb,1516.0,1
3553,1188804,EliteG / Toon,1516.0,1
3554,e17284490,NarcChaser / PalmChi,1516.0,1
3555,4100567,FSH | frawg,1516.0,1
3556,356492,Cornerstone Pirates,1516.0,1
3557,4944072,Tab,1516.0,1
3558,4733782,Cachiflinn,1516.0,1
3559,5379057,Dr. MDMA M.D.,1516.0,1
3560,27507,Moment / nervy,1516.0,1
3561,245962,NSM | Sketch,1516.0,1
3562,1125705,TROLLGANG | Bozo Von Stroke,1516.0,1
3563,700324,KGuard,1516.0,9
3564,2830633,Rei/CA,1516.0,1
3565,1638505,Inverted,1516.0,1
3566,3494478,InsomniacMorv,1516.0,1
3567,1418896,Moon / ESE,1516.0,1
3568,2723324,SPR | Sensei_Blaze,1516.0,1
3569,1225985,Player 9,1516.0,1
3570,1777583,Asutho,1516.0,1
3571,3658080,Gametrend | MigueChu,1516.0,1
3572,5528,C3PO,1516.0,1
3573,528065,Turnt Tables,1516.0,1
3574,484552,EROSENTINEL,1516.0,1
3575,3388565,LuisXD,1516.0,1
3576,2886339,Rezby,1516.0,1
3577,377090,UG | all,1516.0,1
3578,1630146,BellSports | Alex828,1516.0,1
3579,8152,TAP | bambi,1515.9,1
3580,1082565,Doc,1515.9,1
3581,1011109,N6 UTA | Noah Flint,1515.9,13
3582,7801,mlmlop,1515.9,1
3583,3871120,Mick,1515.9,1
3584,703647,Mcsuper,1515.9,1
3585,185588,ccoma,1515.9,1
3586,381350,Nhan,1515.9,1
3587,1936114,sanjinhu,1515.9,1
3588,2480322,たつのすけ,1515.9,1
3589,281769,Seth,1515.9,1
3590,3374102,LUCAS / Kay,1515.9,1
3591,1867159,FA | TonyBRUV,1515.9,1
3592,2967133,Wayne,1515.9,1
3593,229829,Wumumu,1515.9,2
3594,3696551,BMHS | BIGG,1515.9,1
3595,3711129,PB | CPTHREE3,1515.9,1
3596,1524055,Haha a gamer,1515.9,1
3597,4165604,Hyphen,1515.9,1
3598,3490122,ÑFC|SMP | Juls,1515.9,1
3599,1838904,WH | Lyric,1515.9,1
3600,38393,FSN | Player 7,1515.9,1
3601,1492070,CBC | Bolin,1515.9,1
3602,5130107,BlaQNYC,1515.9,1
3603,1417879,KingNut,1515.9,3
3604,18626,pl | karol,1515.9,1
3605,703656,Wise Guy,1515.8,9
3606,12499,J Solo,1515.8,3
3607,310429,glow,1515.8,1
3608,3697352,BTE | NVA | Yuji,1515.8,1
3609,5126661,chipu,1515.8,2
3610,4215076,dirtychai,1515.8,1
3611,3185902,Fhetoma,1515.8,1
3612,764818,KH-Rocker,1515.8,1
3613,2434803,Siegfried,1515.8,1
3614,225482,TerraBoy,1515.8,10
3615,5460413,asktaeway,1515.8,1
3616,1281668,cobbler.,1515.8,1
3617,39862,Kristoff,1515.8,1
3618,2995185,Enmar,1515.8,1
3619,1192473,Cyan,1515.8,1
3620,60616,WFGC | Syrup,1515.8,1
3621,1285987,HF,1515.8,1
3622,175453,SKPeter / Ween,1515.8,6
3623,1665839,Classic Thorne,1515.8,1
3624,5270354,URA | | Bronze,1515.8,1
3625,1704626,GAS | | BKV,1515.8,1
3626,34225,Star Breaker,1515.8,1
3627,3579975,EFG | o2i3,1515.8,1
3628,2421228,J. Coleslaw,1515.8,1
3629,2008062,Pango,1515.8,1
3630,2980882,kevincool99@icloud.com,1515.8,1
3631,10354,WSU | Jessku Hatsune,1515.8,1
3632,353785,TSG | Cross,1515.8,1
3633,60974,a horse who can drive,1515.8,1
3634,1264981,Menace,1515.8,1
3635,228610,Adexios,1515.8,1
3636,4359912,Fidgeties,1515.8,1
3637,2730339,MuffinMan,1515.8,1
3638,1833788,dust,1515.8,1
3639,3311460,サンコッツ,1515.8,1
3640,172262,STG | Emba,1515.8,1
3641,2180223,Salamence,1515.8,1
3642,865922,NVR ELPE | Soulrifle211,1515.8,1
3643,3965208,TAMIU | GC,1515.8,1
3644,4038,nolaserfalco,1515.8,1
3645,1206246,Baby,1515.8,1
3646,7817,Yusei,1515.8,1
3647,1936137,Tymier,1515.7,1
3648,1666698,GCB | TRI | BC | King Krocksucker,1515.7,2
3649,4198940,NoboRiona,1515.7,1
3650,34731,Nestec,1515.7,1
3651,2196488,chai,1515.7,1
3652,2072060,hayassy,1515.7,1
3653,336590,daze,1515.7,1
3654,2483342,chud | cats,1515.7,1
3655,5305749,snakevcase,1515.7,1
3656,1198176,1MFG | Lil Razzle,1515.7,1
3657,1789540,SU | PokemonMasterNick,1515.7,1
3658,1861494,GeneralDoggo,1515.7,1
3659,45251,JD,1515.7,1
3660,4299659,levi&stuff / Esoteric,1515.7,1
3661,5724,Wassabi,1515.7,1
3662,2508679,No Johns,1515.7,1
3663,875280,Golden Freddy,1515.7,1
3664,539249,paradise,1515.7,1
3665,4051275,CHAOS | señor tortuga,1515.7,1
3666,5146854,Taxes,1515.7,1
3667,2620041,Briginator,1515.7,1
3668,1088672,Icarus,1515.7,1
3669,1071476,Oxygen,1515.7,1
3670,3160024,Eon | 天 | Snivy,1515.7,1
3671,5152953,BF | papelon,1515.7,1
3672,1880277,KJpixel,1515.7,1
3673,937555,SF | Guilheww,1515.7,2
3674,1898429,GUY S.,1515.7,1
3675,5183297,Demon Mode,1515.7,1
3676,1614879,Striker,1515.7,1
3677,4297884,bsharkz,1515.7,1
3678,725466,Zankoku,1515.7,2
3679,237282,OUG | Electroman,1515.6,2
3680,2354442,RST | Aness,1515.6,1
3681,1367936,Dr. Jay,1515.6,1
3682,1896943,Brycie,1515.6,1
3683,1671042,RBS | King-Condor,1515.6,1
3684,5013418,stir fried,1515.6,1
3685,15534,Bob Thunder,1515.6,1
3686,370716,GC | gulpt,1515.6,1
3687,2115603,Wholesome | Pluto,1515.6,1
3688,2403383,Big Fish | Cowboy Dan,1515.6,1
3689,5376793,Wugga,1515.6,1
3690,1895541,UNT | ICeless,1515.6,2
3691,967961,Snowballer,1515.6,1
3692,249856,SZN | 7,1515.6,1
3693,689427,TestYourLuck,1515.6,1
3694,956937,TimPrater,1515.6,2
3695,3896335,Let's海王,1515.6,1
3696,1754644,Bethly | Bethly,1515.6,2
3697,2747867,cd|noah,1515.6,1
3698,2461630,SBU | Duck Time,1515.6,1
3699,1244636,YAKKA | HyDro,1515.6,1
3700,3572887,SalsaPrego,1515.5,1
3701,176585,GS | Bluegx122,1515.5,1
3702,2527739,ZidanK,1515.5,1
3703,173235,HellSap,1515.5,1
3704,1000561,Terroxas,1515.5,2
3705,5040872,Mty | Yipo,1515.5,1
3706,3659502,EpicZoopa,1515.5,1
3707,1430369,Baraa,1515.5,1
3708,1458103,ln0,1515.5,2
3709,1093960,luxray,1515.5,1
3710,2451456,Skorepeon,1515.5,1
3711,3872965,Megi,1515.5,1
3712,5335636,K/GKO,1515.5,1
3713,3143703,Baku獏| | Flacoco,1515.5,1
3714,1356366,Rockadon,1515.5,1
3715,4791905,Hoekage,1515.5,1
3716,3238720,PhantomRaven,1515.5,1
3717,4041941,PNG | Big Hbox Fan,1515.5,1
3718,4605286,夢幻 CCS | るる,1515.5,1
3719,2505055,PixelsAStickman,1515.5,1
3720,3936985,McLeeb,1515.5,1
3721,594618,FP | Chavo,1515.5,1
3722,3291012,Alanbrito,1515.5,1
3723,2505772,AeonZero!,1515.5,2
3724,1722832,Torkel!,1515.5,1
3725,1084555,Wamders,1515.5,1
3726,1800455,ItsLopes18,1515.5,1
3727,1486260,RyR | UzuRo,1515.5,1
3728,3015482,$8 | The Chaser,1515.5,1
3729,241750,Homie,1515.5,1
3730,1981280,Chito,1515.4,1
3731,5329834,Clicker,1515.4,1
3732,256883,bennychongo,1515.4,1
3733,15099,Beak Freaks,1515.4,1
3734,1119106,Senor Jerkz,1515.4,1
3735,3013821,Blanco | Madpog,1515.4,1
3736,1158810,YMHB/HPU | Lil Dyl,1515.4,1
3737,1150034,Carried | Lettuce,1515.4,1
3738,15260,Booty / Stretch,1515.4,8
3739,523916,SYN | Muad,1515.4,1
3740,1864590,Mekatex / Melly,1515.4,1
3741,311120,TheCarpe,1515.4,1
3742,2429045,Pringles,1515.4,1
3743,2317448,Honorable,1515.4,1
3744,1433828,Brett,1515.4,1
3745,1517449,Scrappadapolis,1515.4,1
3746,1315027,Geepster,1515.4,1
3747,5168315,Beloit | BrandPixel,1515.4,1
3748,1091103,Pado,1515.4,5
3749,3191297,Seeg,1515.4,1
3750,1722787,javi,1515.4,1
3751,721109,TheLegendofKingsley,1515.4,1
3752,2773559,Fizzy_inc,1515.4,2
3753,419060,8va,1515.4,1
3754,413311,UMA | Zestan,1515.4,1
3755,1049930,CK / Douma,1515.4,2
3756,1194929,Papi Flan / Geo,1515.4,1
3757,1711597,Gooby,1515.4,1
3758,2710166,Cole,1515.4,1
3759,1874072,FalcoVille | SoLuck,1515.4,1
3760,4975634,LimeSquare,1515.4,1
3761,2048421,TT | Goofy,1515.4,1
3762,3079801,wavvyr / KiwiZxmbie,1515.3,1
3763,1375431,Ninty,1515.3,1
3764,171428,Fred Distance20z,1515.3,1
3765,1617801,iiMintyHippo,1515.3,1
3766,72252,T5F | TiZ,1515.3,1
3767,701458,Denny,1515.3,1
3768,5522507,NAOYA,1515.3,1
3769,1222893,tvet club | toontown veteran,1515.3,5
3770,4164188,GammaRazor / TTVMak0t0tok,1515.3,1
3771,1423851,Balls | CAT,1515.3,1
3772,3584504,yungst,1515.3,1
3773,4329774,archmonkey,1515.3,1
3774,3252062,ITD | n,1515.3,5
3775,5113678,LuminousDepths,1515.3,1
3776,242533,BusinessGoldFish / kev_aROS,1515.3,3
3777,134724,YY | DFoo,1515.3,1
3778,213223,Wiz,1515.3,1
3779,865945,CookingMama,1515.3,1
3780,1801076,Sauce,1515.3,1
3781,2095731,Hadez,1515.3,1
3782,2674286,Vivion / Inku,1515.3,1
3783,2883061,Cheché Lovers,1515.3,1
3784,4100513,Megafox,1515.3,1
3785,5182203,drowsy,1515.3,1
3786,697242,C7 | Moot,1515.3,1
3787,4409048,Gort,1515.3,1
3788,622179,NJ>U | Neilstradamus,1515.3,2
3789,2117040,"Sincerely, | EgoBear",1515.3,1
3790,1101166,NDZ | Nandzz,1515.3,1
3791,4705228,TBY | Fur,1515.3,1
3792,260419,Mindset | Mandy,1515.3,1
3793,3202734,chalk,1515.3,2
3794,2680697,Shampoo,1515.3,2
3795,3024682,DER3Y,1515.2,5
3796,4856167,spiderdued,1515.2,1
3797,3939846,BlueJay7,1515.2,1
3798,1631468,かしや,1515.2,1
3799,1137082,Eclipsa,1515.2,1
3800,4654382,Walla,1515.2,1
3801,1165433,WinnieCommittee,1515.2,1
3802,2058206,gungaloo,1515.2,1
3803,1499936,Anton,1515.2,1
3804,2385034,YallEasy,1515.2,1
3805,183094,didact,1515.2,1
3806,3796224,DEW | Hailfire,1515.2,4
3807,4851532,Crazy,1515.2,14
3808,2909812,UnluckyPro121,1515.2,1
3809,596036,Tontaku,1515.2,1
3810,4530351,aleese,1515.2,1
3811,359551,Osmics,1515.2,1
3812,1638265,ににんが,1515.2,1
3813,4896,TSF | Havok,1515.2,1
3814,1826148,happycamper1v1,1515.2,1
3815,1488631,bizcocho,1515.2,4
3816,1828724,BGWLD,1515.2,4
3817,3472285,Necrotrophic,1515.2,1
3818,2895850,eFC | HAPPY,1515.2,1
3819,1110116,S...,1515.2,1
3820,1308403,Wise,1515.2,4
3821,21701,Oracle,1515.2,1
3822,1066557,5LG | CSUF | Tact,1515.2,4
3823,1026628,Son of Sparda,1515.2,1
3824,505955,GG | Sprintspeed,1515.1,1
3825,1711034,Floofers,1515.1,1
3826,1322902,Caleb?,1515.1,1
3827,1581745,Poodle / Divine Madness,1515.1,1
3828,1656040,AF TILIN | Autumn,1515.1,1
3829,3785077,War Criminal Cheems,1515.1,1
3830,2003065,MKiAM,1515.1,1
3831,3549882,George,1515.1,4
3832,2618682,Von_Stache,1515.1,3
3833,1770199,585Z | D Antonio,1515.1,1
3834,171687,←/Sparknomad,1515.1,1
3835,5128923,TL | Eris 么,1515.1,1
3836,1218000,JOHN LION | apT,1515.1,1
3837,1134200,GGST | Joel#3717,1515.1,1
3838,4966651,Incino,1515.1,1
3839,5405444,WPC | FS | Verbatim,1515.1,1
3840,3160963,wanagnos,1515.1,1
3841,1075147,NOZO | Yui,1515.1,1
3842,55669,SeaBass / Hikari Kiti,1515.1,2
3843,1520083,GumCuzzler,1515.1,4
3844,4148596,Stelter,1515.1,4
3845,1658848,LMNY | Unmei,1515.1,1
3846,517923,Louch,1515.1,1
3847,191557,USAE | Goyshn,1515.1,1
3848,1582836,Professor E. Gyatt,1515.1,1
3849,4735053,BloopBloop3.0,1515.1,1
3850,1158833,Dov,1515.1,1
3851,5259219,Okh | Joebubu,1515.1,1
3852,2923932,PikaRed,1515.1,3
3853,395395,AyuFanb0y,1515.1,1
3854,139460,Q?,1515.1,1
3855,51542,Tonberry,1515.1,1
3856,552228,Boomhauer,1515.1,1
3857,4091090,FromSpace,1515.0,1
3858,1741477,Skudo,1515.0,1
3859,2284476,Barri,1515.0,1
3860,5118600,WEED | Highzel,1515.0,1
3861,1053649,B-AIR | CyberJick,1515.0,4
3862,3017077,Terra,1515.0,1
3863,129488,SpoinkMan,1515.0,1
3864,45444,CCCE | Kaz,1515.0,1
3865,3866324,shemazle,1515.0,1
3866,3584148,SG | Mauserrr,1515.0,1
3867,1307002,BIRD_,1515.0,1
3868,620226,JunFun,1515.0,2
3869,2652616,100T(fan) | RxllyVill,1515.0,2
3870,2775308,Auxide,1515.0,3
3871,3271485,@nebula13,1515.0,1
3872,572107,TZ | monkeyboy44,1515.0,1
3873,396124,Ikrela,1515.0,1
3874,5010955,player 4,1515.0,1
3875,728850,Jeep / ben,1515.0,1
3876,2168028,StadiumBeats,1515.0,1
3877,328415,Scanz,1515.0,5
3878,2258654,BlueHunt,1515.0,1
3879,1156384,Herman,1514.9,1
3880,4859470,MR | EFG | Pol,1514.9,1
3881,509796,Incendiate,1514.9,1
3882,1415256,Iluz / ITT | DonkE~,1514.9,1
3883,1409078,KaKing,1514.9,7
3884,11420,Melon,1514.9,14
3885,1372801,Bolt,1514.9,1
3886,128011,Vandio / Astrobeat,1514.9,1
3887,1704101,M2 | bb,1514.9,1
3888,1809360,UMN | Flats,1514.9,1
3889,1884353,PotatoNoob1000,1514.9,1
3890,2723492,Drag0,1514.9,4
3891,70717,Garlic Breath,1514.9,1
3892,540987,987 | Poke,1514.9,5
3893,4347081,DOOMzZZ,1514.9,1
3894,35854,RLz | PsychoWard,1514.9,1
3895,1571514,Amet,1514.9,1
3896,1442985,HeyZeus,1514.9,1
3897,1463967,279 | Blue Flame,1514.9,1
3898,620936,CS3 | MP | Marvelous_Marco,1514.9,5
3899,1050658,Feify / MVShirogane,1514.8,1
3900,5176556,TLR | Cold,1514.8,1
3901,4131572,BROLYZX,1514.8,1
3902,810425,SRG | YokaiNels,1514.8,6
3903,33915,BIGKID / Wassabi,1514.8,1
3904,5618,OGAGO | Mike Quiggles,1514.8,1
3905,3577686,OC | xXx_PeterGokuGriffin_xXx,1514.8,1
3906,2898526,PKSuperStar,1514.8,1
3907,3254840,Miker / sacred,1514.8,1
3908,1722507,Calamity,1514.8,3
3909,1125277,Brodo,1514.8,1
3910,45046,carmo,1514.8,1
3911,4984592,NWBO | Hazard Requiem,1514.8,1
3912,2759991,Jjeeev,1514.8,1
3913,2037902,koma,1514.8,1
3914,973095,Iona | Iggy,1514.8,1
3915,2798337,Street Demons | Ichi,1514.8,1
3916,2816077,RSC | フォーサイド,1514.8,1
3917,4899330,b0ogie,1514.8,2
3918,5335662,Dave,1514.8,1
3919,5138454,Da Birb,1514.8,1
3920,1530674,にじのぼり,1514.8,1
3921,897990,Griffo,1514.8,1
3922,1009887,DP | HAFZ,1514.8,1
3923,127994,stress.,1514.8,1
3924,3905393,Bushido_Brown,1514.8,1
3925,1096528,Wyse,1514.8,1
3926,1806357,Gent,1514.8,1
3927,4004135,BW | Gabi!!!!,1514.8,1
3928,3650123,yemB0nes13,1514.8,1
3929,331425,GREED,1514.8,1
3930,1803280,TC | Magiq,1514.8,1
3931,2450999,Tom,1514.8,1
3932,1157409,Elegance,1514.7,1
3933,5021246,TeemoFan,1514.7,1
3934,3139446,Lousmurf,1514.7,1
3935,1729683,GIO,1514.7,1
3936,15419,Timebones,1514.7,1
3937,885657,Chaz,1514.7,1
3938,1725640,Mr. Bread | Rybread,1514.7,9
3939,1233910,JB3 | Burke,1514.7,1
3940,5162275,Bonfire,1514.7,5
3941,1195054,VGLS | Kebling,1514.7,1
3942,4371,maish,1514.7,1
3943,220477,Darktooth,1514.7,1
3944,1874649,Taoudis best friend,1514.7,1
3945,2324626,BigWok,1514.7,1
3946,4351207,Kai,1514.7,1
3947,1554650,Grandpa | GnarlyCharlie,1514.7,2
3948,2792834,Vinos,1514.7,1
3949,241541,iDitto,1514.7,1
3950,4943696,NotLawrence,1514.7,1
3951,2034711,NXM | Tarnished,1514.7,1
3952,1996333,NT | Zero Fs,1514.7,1
3953,834832,Oneandonlykip,1514.7,1
3954,154396,NoFluxes,1514.7,1
3955,5027677,BH/XZ/AGT | Daniel,1514.7,1
3956,434925,StarCastler,1514.7,1
3957,524442,AshKetchup,1514.7,3
3958,1703094,KH | Kensa,1514.7,1
3959,2564912,VC | Friegg,1514.6,1
3960,1007351,Viridian,1514.6,1
3961,1890082,Aeris / Mortalpr0,1514.6,1
3962,1240335,3D | GODFiDENT,1514.6,1
3963,2121302,ViA/Akkusativ | Clutchbox,1514.6,2
3964,3371095,MB | Fodlan,1514.6,1
3965,2792505,Muslim Piccolo,1514.6,1
3966,62788,Derfla,1514.6,1
3967,4143280,Paper_Luigii,1514.6,1
3968,240911,Ragnellrok,1514.6,3
3969,267570,Rogue Diamond | Daak,1514.6,1
3970,1306291,CHP | Wagon Fruit,1514.6,1
3971,1001254,Pride | Lioness,1514.6,97
3972,3599058,Homie,1514.6,1
3973,38250,Los nubs,1514.6,1
3974,3201665,Dadnificent,1514.6,2
3975,2775021,KIRBY,1514.6,2
3976,1156181,TurtleKing,1514.6,2
3977,4990312,BadOnMyEnd.,1514.6,1
3978,1359785,ÑFC/PB/LeMii | Calico,1514.6,1
3979,528494,Virgo,1514.6,1
3980,1835586,Mysti,1514.6,1
3981,2471377,Mindset | | Nando,1514.6,1
3982,49191,NSM | Fly,1514.6,1
3983,885658,God Hunter,1514.6,1
3984,1941829,Egg | Jeggs,1514.6,1
3985,3565386,Salu2,1514.6,1
3986,3069203,free_nani,1514.6,1
3987,3956899,Mr.L,1514.6,1
3988,799652,Eternal,1514.6,1
3989,2390508,DKM | Shelltore,1514.5,2
3990,1656085,LUNAR7430 | 20TONES,1514.5,1
3991,2933220,Jungle,1514.5,1
3992,871319,blitzsprite,1514.5,1
3993,4061054,KÂî,1514.5,1
3994,252396,urboy15,1514.5,4
3995,3010317,Minty<3 | Bloo,1514.5,1
3996,1094109,Jdenator,1514.5,1
3997,535590,Javtastrophe,1514.5,1
3998,4687335,Kairos,1514.5,1
3999,178132,Navé / Benji,1514.5,2
4000,1459705,ryu,1514.5,1
4001,1205021,Neptune Shiranui,1514.5,2
4002,2510256,Seta,1514.5,1
4003,1339286,toddler,1514.5,1
4004,6336,Jet,1514.5,1
4005,1449289,TC ADJACENT | Minimaxify,1514.5,2
4006,1356469,Nobody,1514.5,1
4007,1147356,Jangmoo,1514.5,2
4008,2644326,Mori,1514.5,1
4009,152432,Chief Sokka,1514.5,3
4010,1441115,EDS | Heiss,1514.5,1
4011,935201,TheHunter657,1514.5,1
4012,2606443,BBBeans,1514.5,2
4013,36942,SSB64 | Yobolight,1514.5,1
4014,20647,Abstract / Nuhuh,1514.5,2
4015,3104886,ETB | Waffle,1514.5,1
4016,2685417,Roxas,1514.5,1
4017,1174968,GerudoN,1514.5,1
4018,5478378,Nnnnghh,1514.5,1
4019,3017089,Andrew Kulp,1514.5,5
4020,4220766,G4G | Arbiter,1514.5,1
4021,3061136,KnightR,1514.5,1
4022,2056527,TXH | Moo,1514.5,10
4023,1184572,SMFN | JKIM | bee,1514.5,10
4024,2918599,MOPE | Ryan Gobbling,1514.5,1
4025,3902161,ECU | limittest,1514.5,1
4026,3796255,LostGuyJonas,1514.5,2
4027,3690993,balls,1514.5,4
4028,657270,Mr.L,1514.5,1
4029,4682279,Gamehead,1514.5,1
4030,64087,Bicycle/ Windy,1514.5,1
4031,2694618,Jam,1514.4,1
4032,1338762,Hylian Eli,1514.4,1
4033,4860296,マティーニ,1514.4,1
4034,1309500,quicK,1514.4,1
4035,3803742,OEG | TILIN | Dragalia,1514.4,1
4036,866443,Lightning McMurphy,1514.4,4
4037,1012786,LCU-SFS | NationWide,1514.4,1
4038,33817,Kaycon | ML | Who,1514.4,2
4039,65445,Radda,1514.4,1
4040,30804,Frap,1514.4,1
4041,5297798,providence,1514.4,4
4042,805768,SavvyVII,1514.4,1
4043,4798145,LOVE | Senzu,1514.4,1
4044,172646,Kuryoku,1514.4,1
4045,1342025,iDraw | Konari,1514.4,1
4046,6019,Bleor,1514.4,1
4047,2297071,LS | Platinum V,1514.4,11
4048,5149474,Fortune's Fool,1514.4,1
4049,67746,DD | Max,1514.4,1
4050,4374460,NA6AO,1514.4,1
4051,1311157,RT | NeoVanquisher,1514.4,1
4052,1013524,DonkSquonkem,1514.4,1
4053,3104061,MadMan1357917,1514.4,1
4054,552432,Deetlefry,1514.3,1
4055,4669297,Renn | BASS,1514.3,1
4056,2338404,Arsene,1514.3,1
4057,3985267,SDE | Haru,1514.3,1
4058,1209591,JinJin,1514.3,1
4059,2793538,ヤドン,1514.3,1
4060,157370,Zefty,1514.3,1
4061,3031010,BUNZ | thisnotdj,1514.3,1
4062,2097748,Undeadmatrix,1514.3,1
4063,3865630,Unclebiggs,1514.3,1
4064,2800371,PhonkTuahMaster999,1514.3,1
4065,126719,SYN | Grand Pastor J,1514.3,4
4066,159946,Tux,1514.3,1
4067,1355238,Rafita,1514.3,1
4068,338511,D.J.R.,1514.3,1
4069,1120105,Tmoe,1514.3,1
4070,4930925,MasterKong,1514.3,1
4071,4528365,Grifman,1514.3,1
4072,521643,SL | Ikanger,1514.3,1
4073,732629,ThePerfectSatsu,1514.3,5
4074,675567,LG | shori,1514.3,1
4075,2613660,HST | Revibe,1514.3,1
4076,2542808,Xanoe,1514.3,1
4077,19776,DK Jugador,1514.3,2
4078,577833,Ferny,1514.3,1
4079,137291,Alex Smith,1514.3,1
4080,153994,Racecar,1514.2,1
4081,2056433,CTE | Collateral,1514.2,2
4082,5350992,Six Echo,1514.2,1
4083,926858,Ushiou,1514.2,1
4084,1414547,バカやろう,1514.2,5
4085,2999908,よふみ,1514.2,1
4086,3556,Swiftbass,1514.2,1
4087,66370,AKG | Atheo,1514.2,1
4088,3012094,BabyRat,1514.2,1
4089,427720,Washed?,1514.2,1
4090,2799105,Zbg | Huey,1514.2,1
4091,2964142,NS | FPZ,1514.2,1
4092,2758499,TCNJ | Tempo,1514.2,3
4093,4553783,Blass | Ash ley,1514.2,1
4094,50999,Dream,1514.2,1
4095,395803,vG | Cheddar,1514.2,1
4096,5066251,player 4,1514.2,1
4097,67387,Jaku / Metal,1514.2,1
4098,5227324,SHSU | Kanami,1514.2,2
4099,4213024,yuyi,1514.2,1
4100,3668588,GP | caramelbrew,1514.2,1
4101,3562637,ST8 | Alester,1514.1,1
4102,1052777,SwordmanJ,1514.1,1
4103,1578757,Potato,1514.1,5
4104,971304,Injo,1514.1,1
4105,3907470,Next | 716 | | CoreyIsHot,1514.1,1
4106,47727,BING,1514.1,1
4107,722149,Lattim,1514.1,1
4108,1532399,ccl bizcoocho,1514.1,4
4109,12390,toopercentmilk,1514.1,3
4110,267849,BLE | Mot$,1514.1,1
4111,5306642,BH | An D pan,1514.1,1
4112,3457604,cuks | cokes,1514.1,1
4113,5059776,BroBear,1514.1,1
4114,3376606,Shiba,1514.1,1
4115,4422028,SOL | Blast,1514.1,1
4116,499904,Salvo,1514.1,1
4117,3444186,UOG | れもんてぃ,1514.1,1
4118,265745,CRB / Oath,1514.1,5
4119,1099417,Carlisho,1514.1,1
4120,3433747,SSC | Chari,1514.1,1
4121,281460,Sinai | AFW,1514.1,1
4122,747364,Sleepy,1514.1,1
4123,4100227,WMAFIA | Yutino Man,1514.1,1
4124,2285165,SievZ,1514.1,1
4125,534982,VolTorian / Joker,1514.1,1
4126,39741,BaconBreath / Sheppy,1514.1,1
4127,2326313,Captainyoshi171,1514.1,1
4128,787309,Pokestar,1514.1,1
4129,2542807,Xanoe,1514.1,1
4130,4859454,Biscuit,1514.1,1
4131,4106137,Chris | xKrxsty,1514.0,1
4132,68213,Rocky & Creed,1514.0,1
4133,5022512,player 4,1514.0,1
4134,2276706,Luu,1514.0,1
4135,2933684,stir fried,1514.0,1
4136,154286,CyberHex,1514.0,1
4137,1047101,Ace$,1514.0,1
4138,374418,Astra | mysticalEnchantress,1514.0,1
4139,217561,Nebulous | Nathan Gilwit,1514.0,1
4140,2636019,xShxdow999 / OPHGFX,1514.0,1
4141,424505,Freege,1514.0,2
4142,1193468,CF | Arsenic,1514.0,1
4143,47127,Wind,1514.0,1
4144,1908393,LMG | KingVagrant,1514.0,1
4145,4933821,Laika,1514.0,1
4146,3734881,Zemi,1514.0,1
4147,664940,moonlight,1514.0,1
4148,2210441,BunsenBurn,1514.0,1
4149,262833,Goldeneye161,1514.0,1
4150,428770,BBB | JMD,1514.0,1
4151,5351700,Almar,1514.0,1
4152,2454881,Squeegee,1514.0,1
4153,2224877,BrookeGayming,1514.0,1
4154,2603893,Water Cup | Braree08,1514.0,1
4155,3944300,Devin,1513.9,1
4156,1814072,F!Ve,1513.9,1
4157,4946319,Shinji,1513.9,1
4158,2477709,シオドメ,1513.9,1
4159,1482652,phillyhoops,1513.9,1
4160,2122783,Napulian,1513.9,1
4161,4239829,FN | Hit0,1513.9,1
4162,1947717,plussy | plussymeat,1513.9,1
4163,5140244,Jasun,1513.9,1
4164,4169173,AriaDelto,1513.9,1
4165,66342,Blaze N. Green,1513.9,1
4166,2028886,Free Agent | Tserulean,1513.9,1
4167,2908320,Bidet | Tiny Buttcheeks,1513.9,1
4168,250040,ENC|MOB | LocalmanMatty,1513.9,570
4169,1918196,CarBev | Theredrussian1,1513.9,9
4170,311197,greghelms,1513.9,1
4171,1198751,Bwillz / Napulian,1513.9,1
4172,3530157,RoseBud,1513.9,1
4173,67641,D / K3H,1513.9,1
4174,1411732,SkylArt,1513.9,1
4175,67406,LR | On Tilt,1513.9,1
4176,1605840,FLAF,1513.9,1
4177,178074,Dustiletto,1513.8,1
4178,5027026,x9ariel9,1513.8,1
4179,39639,Daniel,1513.8,1
4180,2059547,IGNT | Komodo,1513.8,1
4181,3546269,He | Shizu,1513.8,1
4182,1563844,CSU | Yashi,1513.8,2
4183,1918686,Analog,1513.8,1
4184,3917637,Papercut275,1513.8,1
4185,462967,Concussed,1513.8,3
4186,2648801,LS | CrzyCrash,1513.8,9
4187,3243478,Gabbo,1513.8,1
4188,627197,Scone,1513.8,1
4189,2779233,アスト#パン大臣,1513.8,1
4190,2338881,DOWN | Jakobi,1513.8,2
4191,1626978,Demi+,1513.8,1
4192,1063242,glob?!,1513.8,8
4193,1491389,Maigo,1513.8,1
4194,243988,PB | Juami,1513.8,1
4195,4673401,Feeshee,1513.8,1
4196,2412872,God | snvibes0,1513.8,3
4197,613103,333 | SpeedyD,1513.8,4
4198,2231360,LBE | PTMona,1513.7,4
4199,2907902,Jubilo,1513.7,1
4200,1587569,"luc, i guess",1513.7,1
4201,3215579,UWRF | Nanukka,1513.7,1
4202,436495,Beef Milk,1513.7,1
4203,2622894,Faose / Muah!,1513.7,1
4204,1070940,Æ | Uhh,1513.7,3
4205,1394208,PLT | lxvi,1513.7,1
4206,234606,4Qs | een,1513.7,1
4207,789607,DBQ | T-Rex-Chess,1513.7,1
4208,1555270,ふく/fuku,1513.7,1
4209,592441,MysticJinx,1513.7,3
4210,2325613,GKHDA | Perendeshe,1513.7,1
4211,635427,てなー,1513.7,1
4212,182149,Strudels,1513.7,1
4213,3657402,BKR | EPH | isaacyqm,1513.7,1
4214,2202187,MHM | Phoenix,1513.7,3
4215,1195785,ECW | AcofBaez,1513.7,1
4216,4513853,Luz007,1513.7,1
4217,336543,a few small beers,1513.7,1
4218,2611626,LinkStain,1513.7,1
4219,3533676,Maidenless | Shokaizo,1513.7,9
4220,3839181,Zaman,1513.7,1
4221,2714336,Chaos,1513.6,1
4222,136434,Knowone,1513.6,1
4223,1896736,Spark | MegaBunny64,1513.6,1
4224,2328363,TazTheSpaz,1513.6,1
4225,3551456,Lara,1513.6,2
4226,2790312,RIPON | Ethan (Cheeze1107),1513.6,3
4227,4299315,Paltezahr,1513.6,1
4228,4621535,junip,1513.6,1
4229,638036,piffy,1513.6,1
4230,3258536,PolarBork,1513.6,1
4231,3026983,Surnl / MrDaringDapper,1513.6,1
4232,2765142,ShyGuy4Smash,1513.6,1
4233,1514735,AgentMartinez,1513.6,2
4234,3278490,Eli,1513.6,1
4235,1711743,Mr | Kneezus,1513.6,1
4236,2426112,11:59pm,1513.6,1
4237,226498,Ronald / cat dad,1513.6,3
4238,5524418,Teddy,1513.6,2
4239,6130,VGAddict,1513.6,1
4240,1599849,Pureless,1513.6,1
4241,1493031,Formerly Twitter,1513.6,2
4242,2990255,CFL | Benji,1513.6,2
4243,38397,Back | Lunar Dusk,1513.6,1
4244,4131555,AoC | Melon,1513.6,1
4245,137640,bees,1513.6,2
4246,261354,Zapata,1513.6,1
4247,4518509,CRONIK | Atheenas,1513.6,1
4248,1819972,nav,1513.5,1
4249,157168,EggBert,1513.5,1
4250,2976224,OME | Solivagant,1513.5,1
4251,4167677,Gungu,1513.5,1
4252,1727136,"Gen.G | Dany ""El Maza""",1513.5,1
4253,1257842,PTM | Wild Card,1513.5,1
4254,400199,Alting,1513.5,5
4255,1212397,Gamer | Gabe,1513.5,1
4256,1015021,davecreate,1513.5,1
4257,1997639,yungrick,1513.5,1
4258,3017048,Nick Pesa,1513.5,5
4259,260938,CF | Mr~K,1513.5,1
4260,243928,epicwashcloth,1513.5,1
4261,2660512,Kini,1513.5,1
4262,2447372,Chris,1513.5,1
4263,55844,Mandohayes,1513.5,1
4264,5500198,R0wuya,1513.5,1
4265,4180738,くぷりる,1513.5,1
4266,1036286,RoxasXIII,1513.5,1
4267,1218893,Bubswah,1513.5,1
4268,1647737,Gromp,1513.5,1
4269,2553553,RS|BRC|DVSA | Masked,1513.5,1
4270,3628698,LightningKing,1513.5,1
4271,22583,Dubz,1513.4,5
4272,4298329,furtric,1513.4,1
4273,5372882,RockChalt,1513.4,1
4274,2520866,Duhaime,1513.4,3
4275,2721783,G4A! | Chef,1513.4,2
4276,1105885,Wiz,1513.4,1
4277,1038818,Joey,1513.4,1
4278,4119501,alex1444 / DoomsdayDonnie,1513.4,1
4279,675354,Sock,1513.4,1
4280,2978870,TSP | Kaisergala,1513.4,5
4281,1541495,LüQ,1513.4,2
4282,248498,Kuma | Danye,1513.4,1
4283,1425467,SlipStream,1513.4,1
4284,3063531,BÑL/PX/SH | Surtidora de aves la 22,1513.4,1
4285,2263984,z0id | AhribockanonaD.E.M.#OKPG,1513.4,1
4286,5171889,pingas62,1513.4,2
4287,1790339,LinkGeek,1513.4,1
4288,2452120,Jayxma,1513.4,1
4289,1815342,msama,1513.4,1
4290,33917,TH | jEDi,1513.4,1
4291,1316508,WhosNiC,1513.4,1
4292,470281,Council dbfc | freaky,1513.3,2
4293,1912904,Jazzham,1513.3,1
4294,3044562,Pineapple,1513.3,5
4295,824640,USF | Fortune | Vedhan,1513.3,2
4296,5370924,Richiital,1513.3,1
4297,2224090,FinalResonance,1513.3,1
4298,1565497,Anechovies,1513.3,1
4299,4158953,iap.,1513.3,3
4300,3117618,UWG | TW | ChubaReyes,1513.3,1
4301,2340684,Scoober,1513.3,1
4302,1711210,gq3757,1513.3,1
4303,3733206,chili,1513.3,1
4304,3053380,SMB | Knev$,1513.3,1
4305,213162,Nobody,1513.3,1
4306,5522249,SCB | NinJenDo,1513.3,1
4307,3765234,UTA | Donald,1513.3,2
4308,1831847,Argo,1513.3,1
4309,1077177,H2 | Moxort,1513.3,75
4310,145261,Edwin,1513.3,1
4311,2895188,Vansss91,1513.2,1
4312,980660,Huck,1513.2,2
4313,2487222,GG_ | Rob_Koyomi,1513.2,1
4314,2461030,JC.Nobody,1513.2,1
4315,835141,St0ne,1513.2,2
4316,977166,Rico,1513.2,1
4317,3947844,HIVE | Okapixx,1513.2,2
4318,2736197,AREA310 | ドラ右,1513.2,1
4319,212334,Random,1513.2,1
4320,963295,TaloHalo,1513.2,2
4321,262601,CCS | D-GEN,1513.2,1
4322,1259951,MSU | fair,1513.2,2
4323,539670,PB/EFG/HydrAGS | Mustaine,1513.2,2
4324,1278689,GMac,1513.2,1
4325,1156565,Code,1513.2,1
4326,913843,PB | Nintenbro,1513.2,1
4327,127595,Jeremy Kim (Not JKim),1513.2,1
4328,2133285,Xanderreh,1513.2,1
4329,2504484,Wus Yo WeChat?,1513.2,1
4330,2288997,Mochi_ian | Ian,1513.2,1
4331,5232350,Ekofriendly,1513.2,1
4332,3522771,Thresher,1513.2,1
4333,10084,Kezzup,1513.1,6
4334,3119311,Grim..,1513.1,4
4335,1073142,Spencil,1513.1,4
4336,264182,Wool,1513.1,1
4337,29507,21S | Skyhook,1513.1,1
4338,2190989,RG | RVD,1513.1,1
4339,3759235,Walmart | Gail Lewis fan 52,1513.1,1
4340,151482,CMD | GaMaRAY,1513.1,4
4341,2553183,Arion,1513.1,1
4342,1661325,Prophet,1513.1,1
4343,38163,Zyth,1513.1,1
4344,2872870,Mmaroka,1513.1,1
4345,3187643,ABCFP2CarriesMe,1513.1,1
4346,2466084,The Colony,1513.1,1
4347,940429,darai,1513.1,1
4348,1515330,sinnoh,1513.1,1
4349,4239228,arkham2015,1513.1,2
4350,172507,Vinny,1513.1,1
4351,409043,Spoodily,1513.1,1
4352,2486711,いけざわ,1513.1,1
4353,173397,FRO•ZEN,1513.1,1
4354,1854706,RT | Prowd,1513.1,2
4355,995041,Pacific Sun | Luck~!,1513.1,1
4356,171183,Lumen,1513.1,1
4357,2198088,L is Real,1513.0,1
4358,173532,Dreagune,1513.0,1
4359,1599063,DJ,1513.0,9
4360,5494780,SkoBro,1513.0,6
4361,2564062,TB | bubbaSour,1513.0,1
4362,1800338,Burrito,1513.0,1
4363,2459138,Solar | Squaffles,1513.0,5
4364,804378,RealPrismsword,1513.0,2
4365,1524905,Bobby Pagliaio,1513.0,1
4366,1590004,CV | Nazier,1513.0,1
4367,244564,Gwiio,1513.0,1
4368,4253823,Realas Friend | Rizz Princess,1513.0,1
4369,28511,MSC | Captain Black,1513.0,1
4370,4524344,Godenmon,1513.0,1
4371,1261375,TSM | Wylder,1513.0,118
4372,6529,Jayram,1513.0,1
4373,3607644,BANKAI,1513.0,1
4374,5013671,player 4,1513.0,1
4375,151287,MoodzEE,1513.0,4
4376,964432,Sour-SkittleS,1513.0,1
4377,654948,ADvers1ty,1513.0,1
4378,2236928,NOVA| MNG | KR_Savage,1513.0,1
4379,2791128,franiss,1513.0,1
4380,981699,Taco | Sircarrot123,1513.0,1
4381,1791177,Afronaut,1513.0,1
4382,45688,Aidan Symphony / Alternis,1513.0,6
4383,5232255,needwthanksb,1512.9,1
4384,4071144,PCG | ZuBaD,1512.9,1
4385,3951822,Gime,1512.9,1
4386,211464,Kingpin,1512.9,1
4387,3140376,Dropleto,1512.9,2
4388,1484250,Malina,1512.9,1
4389,397281,NecroUndine,1512.9,1
4390,1013625,AAG | Zer0mar,1512.9,1
4391,4513609,Xyned,1512.9,1
4392,142256,PAG | Virgo,1512.9,1
4393,1224483,HHS | Altro,1512.9,1
4394,258340,Anansi,1512.9,1
4395,2404595,BotwLeon,1512.9,1
4396,1810925,Zephyr,1512.9,1
4397,4895990,UOG | みかも,1512.9,1
4398,3751132,balls,1512.9,4
4399,1711555,Billers | Crumpay,1512.9,1
4400,55220,Alesana,1512.9,1
4401,10239,PSIguy,1512.8,3
4402,29987,WonderBread / Tachyon,1512.8,1
4403,590393,goongi,1512.8,1
4404,1061366,DBQ | Kargo,1512.8,1
4405,509699,SBU | Jintus,1512.8,4
4406,3799100,ShyGuy,1512.8,9
4407,1625762,AstroPokemonWorld,1512.8,9
4408,1222171,TSL | Ikusaba,1512.8,1
4409,1876859,Petee,1512.8,1
4410,1938868,WDKL | Suture,1512.8,1
4411,70034,Plumbeyy,1512.8,1
4412,51018,brotherly,1512.8,1
4413,131181,Light,1512.8,2
4414,4844712,AKO | DaniSlost,1512.8,1
4415,2498641,Ascendance,1512.8,1
4416,5514043,Pou | SEXSQUI,1512.8,1
4417,1023091,RDT/zombie,1512.8,1
4418,16108,DA|EMP | Wes,1512.8,82
4419,131583,bashmo_4,1512.8,1
4420,5323838,HWRG | NICORICO,1512.8,2
4421,1673122,Phinx,1512.7,1
4422,4780500,player 4,1512.7,1
4423,4116971,WCUM | MrMacplay,1512.7,1
4424,4719549,TarTar,1512.7,1
4425,2245313,BitesTheDust,1512.7,1
4426,1213126,Corey,1512.7,5
4427,739666,BBQ | Gargalon,1512.7,1
4428,1506444,Dawsk,1512.7,2
4429,1737336,Astrobeat,1512.7,4
4430,454220,TD | Glory,1512.7,1
4431,2349096,yuna,1512.7,1
4432,4755410,Shut,1512.7,2
4433,2801251,Stew | Mech,1512.7,1
4434,227435,egg,1512.7,1
4435,4435482,MrktplcOfIdeas | Anthony54,1512.7,11
4436,1950079,Slinky,1512.7,6
4437,3915625,MW/KL | Kiryn,1512.7,1
4438,844039,Veemo,1512.7,1
4439,1924144,SWFL FGC | wffls,1512.6,1
4440,1067806,Sylphid,1512.6,1
4441,4740048,Mystogan,1512.6,2
4442,4545384,HsR|O XVI | Fybus,1512.6,1
4443,5472863,LazyWaysef,1512.6,1
4444,2051219,FRN | Grapezard X,1512.6,1
4445,448926,Avion,1512.6,1
4446,1825372,LilFortTimmy,1512.6,1
4447,3998221,Zodiac5000,1512.6,1
4448,1773753,PIKL | OttoJorgi,1512.6,1
4449,4315366,JacK_A_B0Y,1512.6,1
4450,4216517,ivan jacinov,1512.6,3
4451,2307909,TiredMage,1512.6,1
4452,1861490,SMFN | | Montrose,1512.6,1
4453,972883,Situro,1512.6,1
4454,3328116,Fboy,1512.6,1
4455,2866398,Absolute,1512.5,1
4456,5376324,Kendub,1512.5,2
4457,1809572,Darukai,1512.5,1
4458,3589451,Crabsomthing,1512.5,1
4459,1943953,EDG | d^ | YBG | Aroma,1512.5,2
4460,2272377,Swampboyblack,1512.5,1
4461,1149773,ali_,1512.5,1
4462,3223445,NTSC | Klevar,1512.5,1
4463,3938759,PrinceOfSkill,1512.5,6
4464,61901,ÑFC/CD | Ividal,1512.5,5
4465,1600518,FrBz | Moosolini,1512.5,1
4466,486543,Nue,1512.5,3
4467,951598,QRE | The86,1512.5,1
4468,5450954,Pink,1512.5,1
4469,3203227,DUST | WOKE KONG VIRUS,1512.5,7
4470,2287938,Shark,1512.5,1
4471,1950614,jv king / Genesis,1512.5,1
4472,1348541,itoku,1512.4,1
4473,1413509,sammy,1512.4,1
4474,245698,Big Fig,1512.4,2
4475,4948272,ECU | 自由 (Jiyu),1512.4,1
4476,16485,Atticus,1512.4,1
4477,2206498,TFT | WS | Treble,1512.4,14
4478,2659736,Joyboy,1512.4,1
4479,3694313,LEWEY | Digino,1512.4,2
4480,1062054,Po0py_Butt,1512.4,1
4481,2044135,BOLT | Trunkiez,1512.4,1
4482,2320441,BobbyBri,1512.4,1
4483,3799085,worsedeath,1512.4,1
4484,3491747,Chiefus Christ,1512.4,1
4485,2491122,Loky,1512.4,1
4486,357407,Angel,1512.4,1
4487,4300817,Skelly,1512.4,1
4488,1639619,GammaJun,1512.4,1
4489,951735,8BG | Odoroki,1512.4,1
4490,1904890,Gungnir,1512.4,1
4491,24731,VGBC | Aposl,1512.3,1
4492,1266027,Boodabam,1512.3,2
4493,1163534,CHD | TD | sanzumomo,1512.3,1
4494,38204,Emperor Eevee,1512.3,1
4495,51667,TC | Lix,1512.3,2
4496,1465333,Alomamola,1512.3,1
4497,4375963,Noisy,1512.3,1
4498,619314,θaʊs | BigBloopster,1512.3,1
4499,5225734,Ciel0,1512.3,1
4500,2823157,tah,1512.3,2
4501,5171607,smella,1512.3,2
4502,1776055,Marcellio,1512.3,1
4503,67033,the government,1512.3,1
4504,1658655,Ohio State Retirement Home,1512.3,1
4505,128040,Acton,1512.3,1
4506,2039028,Jab,1512.3,1
4507,1284307,RaceCar#2,1512.3,1
4508,5061184,player 4,1512.3,1
4509,4855735,AD | HeartBreak,1512.3,1
4510,3654437,NTLC | | Notnaico,1512.3,1
4511,5151165,player 4,1512.3,1
4512,1856186,CX | NotBrayden,1512.3,7
4513,1224402,Wylder,1512.2,4
4514,2793532,Gunnermaniac,1512.2,1
4515,1225504,DR. | Torios,1512.2,1
4516,5461255,JustaJusss,1512.2,1
4517,1110680,zink,1512.2,1
4518,2338489,Juice,1512.2,1
4519,1014953,RG | Cyb3r,1512.2,1
4520,449709,EL1M_,1512.2,1
4521,1228335,RoxasBing,1512.2,1
4522,1492977,No?,1512.2,1
4523,2709119,[MP] | Sunny,1512.2,1
4524,931819,GR | Trash Panda,1512.2,1
4525,3932888,Foso,1512.2,1
4526,3960354,Graz,1512.2,1
4527,2564413,Akbros | S&Xman,1512.2,88
4528,2186721,HTC | Crusstavo Fring,1512.2,9
4529,1185222,saet zero,1512.2,1
4530,2403054,IU Esports,1512.1,1
4531,2162228,mako,1512.1,1
4532,1047770,JT7 | Murun,1512.1,2
4533,4895517,MrBellamy,1512.1,1
4534,1427902,Manta,1512.1,1
4535,5300884,player 4,1512.1,1
4536,158296,9Volt,1512.1,1
4537,1588269,Waluigi,1512.1,4
4538,4381346,renfe,1512.1,1
4539,5477498,Darwin,1512.1,1
4540,1839124,TSGB | Khaotix,1512.1,1
4541,1391728,magicman,1512.1,1
4542,1213640,Jelly,1512.1,1
4543,4402982,mTx | | Ascenzion,1512.1,5
4544,2118153,BH | AwaDe0wo,1512.1,1
4545,1454090,Xero / Chris,1512.1,2
4546,942315,nebbu,1512.1,1
4547,5367336,TPS | G-Showa,1512.1,1
4548,504366,OUT | PSK | WaKa,1512.1,2
4549,2343729,SRG | Hapless,1512.1,1
4550,2877974,Jinxeatsdust,1512.1,1
4551,1007,Hax$,1512.0,1
4552,425077,loq | gambi,1512.0,1
4553,1794457,gaming golems,1512.0,1
4554,2079556,SYNRGY,1512.0,1
4555,4102772,Kings3rvbot,1512.0,1
4556,321391,OG | Mistral!,1512.0,3
4557,496136,Order 60 Shmix,1512.0,1
4558,1310032,Toaster,1512.0,1
4559,317822,FCG | Mr. Spikes,1512.0,2
4560,2252992,VS | trueninja01,1512.0,2
4561,2788571,JesterOfShadow,1512.0,1
4562,2869486,Jsaav,1512.0,1
4563,1289731,Seraphim,1512.0,1
4564,1388704,UTD | moneycat,1512.0,2
4565,688017,sethis,1511.9,1
4566,5451963,XL | Bussin Oppz,1511.9,1
4567,1034992,KoF | comatoast,1511.9,5
4568,1557659,FalcoVille | Lorion,1511.9,2
4569,850428,Flo,1511.9,1
4570,2441235,Ghastly,1511.9,1
4571,1137865,DAIR | Reggiee,1511.9,1
4572,1354839,MystaJar,1511.9,2
4573,1464454,bizcocho,1511.9,4
4574,11526,SA | Fil,1511.9,1
4575,1495962,Drilldrive,1511.9,1
4576,1401623,Aᵧ | rmoragar,1511.9,1
4577,1447416,WoH | Hypo,1511.9,1
4578,2700686,ThatChung,1511.9,1
4579,958967,Jerry / GoofyGoober,1511.9,5
4580,224510,DaD | KornDog,1511.8,1
4581,1890317,Kirbiny,1511.8,1
4582,3895406,Chris Pancakes,1511.8,1
4583,4340865,Cereza,1511.8,1
4584,1454996,Luminary,1511.8,3
4585,978833,GP | Ditto6464,1511.8,1
4586,1609844,Premasaur,1511.8,1
4587,72146,808s | Hachiman,1511.8,1
4588,426593,00X | XtaJI,1511.8,1
4589,2269845,Chance,1511.8,4
4590,135979,PEPSI | Devil G.,1511.8,1
4591,4438519,XtraKool,1511.8,1
4592,2650126,Foami,1511.8,1
4593,1736577,UC | RiskTKR,1511.8,2
4594,2785949,SE | Kiro,1511.8,1
4595,2741672,Ryze / Sole,1511.8,2
4596,4510716,Polar Bear,1511.8,1
4597,834907,boing | buckles,1511.8,10
4598,2097813,Utes | Retro,1511.8,1
4599,1112471,PNW | DylanVee,1511.8,1
4600,2545984,Gordo,1511.8,4
4601,3124553,Enharmonic,1511.8,91
4602,2118782,VE | Wowie34,1511.8,1
4603,5516043,shrubBird,1511.8,1
4604,5509867,PRICK,1511.8,2
4605,147947,Ducky,1511.8,1
4606,4087035,ARK | Mirrah,1511.8,4
4607,3457935,ODOUSS GAMING,1511.8,1
4608,1038709,Jace,1511.8,1
4609,1930059,FabulousZucchini19,1511.8,1
4610,3656706,Deathcraft,1511.8,1
4611,1709328,AJ | Snow Banjo Mind Control,1511.8,3
4612,1839972,Jim Pandama,1511.7,1
4613,12570,MicrowaveYourHead,1511.7,1
4614,1203036,Finesse,1511.7,2
4615,4160327,ENERGYSHADOW,1511.7,4
4616,5430791,X3n012,1511.7,1
4617,157954,Boosted Dreams | PulledPorkPeter,1511.7,1
4618,3181204,DS_Blessed,1511.7,1
4619,871741,NP | Log,1511.7,1
4620,2848822,RIP BKM69 IV | Adolla.,1511.7,1
4621,1884023,Baesik,1511.7,1
4622,1712000,Sauceyz,1511.7,1
4623,1556238,karii,1511.7,1
4624,1177865,JB | Zomberly,1511.7,1
4625,5042835,Back2Lumbridge,1511.7,1
4626,1038045,KrungStats | Lookkrung,1511.7,1
4627,1313357,Crazy|NBG | Sarah Firth,1511.6,4
4628,2789780,KdU | こあ,1511.6,4
4629,2636286,VulgarKaiju,1511.6,4
4630,947790,Twins | Fog,1511.6,1
4631,3265512,HOPE | Galaxy90,1511.6,2
4632,2547997,Banjo + Boomers.WL,1511.6,1
4633,725477,BR | J.J.,1511.6,1
4634,4450533,OP/CROWN | Rick,1511.6,1
4635,11620,Hybrid?,1511.6,7
4636,1990390,SoothingRuby,1511.6,2
4637,1834509,Rod,1511.6,1
4638,244525,super_hats,1511.6,1
4639,3654953,SMFN | SILK,1511.6,7
4640,1621450,IndieSmack,1511.6,1
4641,4458911,sleepy18,1511.6,1
4642,2620529,J.P.,1511.6,1
4643,4806089,Mage | Frieren,1511.6,1
4644,241579,Arrow Eclipse | Meepston,1511.6,1
4645,156840,TR | FinaLBoss,1511.6,1
4646,3614845,Jab,1511.6,1
4647,147707,CCC | Rudy,1511.6,3
4648,3632048,sugriva,1511.6,6
4649,3570397,OUT-A | Nuni,1511.5,1
4650,4031672,BKSU,1511.5,1
4651,1959789,9tales,1511.5,1
4652,3502469,Notech,1511.5,3
4653,352904,Puppeh,1511.5,1
4654,315427,Mrperson,1511.5,11
4655,137996,AC,1511.5,1
4656,2078699,KML | Sable,1511.5,7
4657,2404522,Crackoso,1511.5,1
4658,2106959,C9 | Sasuke Gucciha,1511.5,1
4659,3485681,Bold,1511.5,1
4660,2450403,Jack,1511.5,1
4661,2755441,Kazuna Bolveurk,1511.5,1
4662,2496138,hemluck,1511.5,1
4663,4018996,edgintheledge / JelaBean,1511.5,1
4664,2247864,PGH | Alice,1511.5,1
4665,3348311,UNF | Gear Fourth,1511.5,1
4666,4240993,Serial Improver,1511.5,1
4667,157184,McBattlr,1511.4,1
4668,512739,Cigtar,1511.4,1
4669,1595341,Fieri,1511.4,1
4670,1020105,Wing,1511.4,1
4671,5081292,Nicu,1511.4,1
4672,1685967,Suz,1511.4,1
4673,526016,Schaffle,1511.4,1
4674,1791545,FutureShadow,1511.4,1
4675,2072433,LTG | Geek,1511.4,1
4676,16067,evil | nelvin,1511.4,1
4677,1266300,7DF | Duncachi,1511.4,1
4678,1315253,Totoy,1511.4,1
4679,16274,Afmbot,1511.4,1
4680,2619520,TMT | Tigno,1511.4,1
4681,4191585,Planet Girth,1511.4,1
4682,2218764,Cinnamon!,1511.4,1
4683,2333297,Sinbad,1511.4,1
4684,2831364,DBE | Shinystone,1511.4,1
4685,355259,ARCH-1nhum4n,1511.4,1
4686,434393,TR | Xsage93,1511.3,1
4687,3184129,Flameleone2300,1511.3,3
4688,1274,Black Mamba,1511.3,1
4689,1736328,Hawks,1511.3,1
4690,2845295,CBC | PINEAPPLES,1511.3,1
4691,1847987,Oofion,1511.3,1
4692,4759604,Dbarcala,1511.3,1
4693,2288649,DFW | fitzy,1511.3,1
4694,2711268,SR | ImRubyRose350,1511.3,1
4695,4061139,CHD | heyallnorahere,1511.3,1
4696,1659632,yunghothot,1511.3,1
4697,1035751,HK CDTF [ebs] | the filipino flow$tate.,1511.3,4
4698,2172570,AK,1511.3,1
4699,2419958,WW | Kale,1511.3,4
4700,3052238,sentrygun,1511.3,1
4701,3944910,EDLN | luni,1511.3,1
4702,1089848,Grylie,1511.3,1
4703,5523719,E14 | Edmaster14,1511.3,1
4704,3541125,Tec-Zum/OMG | Nekyga10,1511.3,2
4705,1069069,Kin / Nanos,1511.3,3
4706,3328122,NoTap,1511.3,1
4707,3715721,LOL | SpyderPiggy,1511.2,5
4708,35437,Stone Rank | TekKnite,1511.2,1
4709,985224,LonelyMimikyu,1511.2,2
4710,917807,Ex0,1511.2,4
4711,3200644,Hirako,1511.2,3
4712,7149,Trail,1511.2,1
4713,2289252,Yuvia,1511.2,1
4714,1439480,arch1nhuman,1511.2,1
4715,1176776,TNath64 / Ricksum,1511.2,2
4716,515938,LonelyMimikyu / FireBlaster789,1511.2,1
4717,703810,Wonder,1511.2,1
4718,2091350,TBG | OP | Zhiva (しば),1511.2,1
4719,3465310,USAE | C-ROD,1511.2,4
4720,1886434,BennyBoi,1511.2,1
4721,1283154,UMN | doug todd,1511.1,3
4722,1723607,Scrap,1511.1,4
4723,1305309,BigREDD,1511.1,1
4724,155360,Cream,1511.1,3
4725,1266297,PHNM | Icarus,1511.1,1
4726,1503634,xzantos247,1511.1,1
4727,5448464,KDub,1511.1,1
4728,4947241,RW | Javi ;],1511.1,1
4729,2207190,RPL | LanceT,1511.1,5
4730,1997666,Cobragto,1511.1,1
4731,2728659,skahla,1511.1,1
4732,1068109,Blender,1511.1,1
4733,3872489,Mist,1511.1,1
4734,992051,OTwo,1511.1,1
4735,4609220,wheeee,1511.1,1
4736,879775,Soldier 1,1511.1,1
4737,1586196,Status Quo,1511.1,1
4738,4837801,beta,1511.1,1
4739,1804678,Gotanks917,1511.1,1
4740,1229709,Sniffles,1511.1,2
4741,4569886,Kin,1511.1,2
4742,5491312,VK_44,1511.0,1
4743,3916559,Lemoncake Studios,1511.0,1
4744,1913809,Potatoman,1511.0,1
4745,1063099,Caprisun,1511.0,2
4746,395574,Kyokusada,1511.0,1
4747,2399538,PINK | raggedy,1511.0,1
4748,174945,HT | Ray,1511.0,4
4749,352393,SYN & 4elwin | The Moon,1511.0,1
4750,721955,tidd,1511.0,2
4751,1081194,foxera,1511.0,1
4752,4814254,Bradshaw86,1511.0,1
4753,4148339,BVW | JAH,1511.0,4
4754,5395628,PhyliEdits,1511.0,1
4755,1038697,XINE,1510.9,1
4756,1884886,jon,1510.9,92
4757,2739938,meant2B,1510.9,1
4758,1528988,NullRZX,1510.9,1
4759,5426161,getyeeted,1510.9,1
4760,4819225,UrLocalFemboi,1510.9,1
4761,4065783,The Estrogen Girlfriends,1510.9,1
4762,738268,Vodka,1510.9,2
4763,4074616,RU | クックニャー,1510.9,2
4764,283635,LGBB | Conch,1510.9,1
4765,2793679,The_Raging_Byron,1510.9,1
4766,1874243,Dino Cave,1510.9,1
4767,5387444,.!? | ZeroRen,1510.9,1
4768,1714251,Shawarma / JdAsH,1510.9,5
4769,1744453,MHM | haruo30,1510.9,3
4770,130604,Hawk,1510.9,1
4771,2564706,KSU | WhopperFloppers,1510.9,1
4772,220167,JORTS | Riley!,1510.8,1
4773,31319,607 | govolow,1510.8,1
4774,4540044,Survival,1510.8,1
4775,390907,FSN | Lukitu,1510.8,4
4776,3054822,CHAR | PELAS | Psychopomp,1510.8,1
4777,1871586,Slim,1510.8,1
4778,2992197,TRM | Ramos,1510.8,1
4779,227748,Ventura,1510.8,2
4780,1356904,NPT | Nikolai,1510.8,4
4781,3757093,BMW | BUSINESMAN,1510.8,1
4782,2433182,URI | Xan,1510.8,5
4783,1848733,BluePriest,1510.8,1
4784,2959223,ABSOLADS | Rian,1510.8,1
4785,500791,lukey,1510.8,1
4786,5418075,Cereniun,1510.8,1
4787,1542938,Smasher / Igoho,1510.8,5
4788,14388,Gabriel Gaming,1510.8,1
4789,1063395,GRNT | JA3,1510.8,1
4790,1409164,DJ,1510.8,4
4791,1355983,JazzerJaw,1510.8,1
4792,2241947,Carolina Reaper,1510.8,2
4793,1265110,Alsoda,1510.8,2
4794,3070699,:3 | BigPain,1510.8,1
4795,545122,HFG,1510.8,1
4796,3601870,Drew,1510.8,4
4797,245820,1crash94,1510.7,2
4798,2524171,Senju,1510.7,1
4799,3793900,DrGogoplex,1510.7,3
4800,275222,WT,1510.7,1
4801,2944979,ØS-CR | MØTTA,1510.7,4
4802,1641126,DK | ActionSak32,1510.7,1
4803,3895597,DT | MR | Zeki,1510.7,1
4804,2915526,Hobo,1510.7,26
4805,38822,FENTLOCKWOOD / Zombe,1510.7,1
4806,1883297,Cyclonus,1510.7,6
4807,45401,MORBID | robi,1510.7,2
4808,905410,GUMP2 | Primary Trout~,1510.7,8
4809,2318939,Masquerade,1510.7,1
4810,1309922,BrownSugar,1510.7,1
4811,1526047,srq | benny,1510.7,2
4812,2816239,SFU | Kirbs,1510.7,1
4813,2912621,Spoof!,1510.6,1
4814,2765945,LUCY | Gamin' On Ya!,1510.6,1
4815,1448027,LLS | ANYIEL,1510.6,1
4816,5463952,shfty_steve,1510.6,1
4817,1449968,Hexo / Guichabou / Bunny <3,1510.6,2
4818,1283974,DiZ,1510.6,2
4819,26499,NA | Censored,1510.6,1
4820,1981827,sweeb makuto,1510.6,1
4821,1114156,luc,1510.6,1
4822,1283737,Teffty,1510.6,1
4823,1601827,Lemon,1510.6,8
4824,25950,UMF | Agent,1510.6,2
4825,2701615,SaucyGrandma,1510.6,1
4826,1863067,3H | Nichi,1510.6,1
4827,137896,Footzeez,1510.6,1
4828,1374843,Epoodle,1510.6,1
4829,1479387,CHILL | frigomaniac,1510.6,1
4830,4120458,BDS | ironwolf,1510.6,1
4831,4997109,SweetCandE,1510.6,3
4832,1739914,June,1510.5,2
4833,2050400,LYL | Sylver,1510.5,1
4834,5103240,Idontknow,1510.5,2
4835,1269205,playing mario | Brett,1510.5,1
4836,1441578,Happy Burns,1510.5,1
4837,1590963,しょこらJP/chocolatJP,1510.5,2
4838,438520,OU | Hat Boy,1510.5,1
4839,1578596,WCG | Magic,1510.5,3
4840,1116627,JnS | mmMilessss,1510.5,1
4841,1940516,Kiranchi,1510.5,1
4842,2331980,3van,1510.5,3
4843,3640349,UT | TyboTexas,1510.5,3
4844,4591902,SHU | Yoink,1510.5,1
4845,1936103,Uzi London,1510.5,1
4846,1488635,sh3quam,1510.5,4
4847,1092609,LC | KALi,1510.5,1
4848,1972227,BigDJShag,1510.5,1
4849,4195901,OP | White,1510.5,2
4850,4161720,AndrewAJTonline,1510.5,13
4851,2785103,EightEquals,1510.5,1
4852,1810692,4gui | Saishu,1510.5,1
4853,2357405,TGZ | firestarW,1510.5,1
4854,5388556,ewok,1510.4,1
4855,191177,Robloc,1510.4,1
4856,13612,Shuzen,1510.4,1
4857,1393038,T200 | TheMikeDrop,1510.4,1
4858,1918583,Sh1tRat,1510.4,1
4859,1071064,Bosher,1510.4,1
4860,337966,Ego | INC,1510.4,4
4861,68584,TAF | IceUnleashed,1510.4,1
4862,3399459,RPI A,1510.4,1
4863,2027645,xavier,1510.4,2
4864,4761735,Highscor3r,1510.3,1
4865,1195749,Jek,1510.3,61
4866,4907373,MVA Vicenscian,1510.3,5
4867,2591403,Bacon,1510.3,1
4868,4456134,Entropy,1510.3,1
4869,1037733,Zqiygyxz,1510.3,1
4870,2004393,jin246,1510.3,1
4871,1519834,Northeastern A,1510.3,4
4872,1809372,Badge,1510.3,5
4873,2260806,Dr Umar Johnson,1510.3,1
4874,3071302,squilpy,1510.3,1
4875,15425,Frool,1510.3,1
4876,606435,DezoTwist,1510.3,1
4877,180112,Puffcord | Babypowder,1510.3,1
4878,1119896,D.A.C,1510.3,1
4879,1307744,Muppet,1510.3,2
4880,2226187,thugnificent,1510.3,1
4881,1723851,TVeno,1510.3,3
4882,1063916,LRA | Squidplumber,1510.3,10
4883,2749524,MushroomFusion245,1510.3,1
4884,2597527,MHM | TalonFLDR,1510.3,3
4885,1261947,Tanyao Enjoyer,1510.3,1
4886,2027916,bry!,1510.2,1
4887,2206211,Pleb | Bboss,1510.2,2
4888,4091437,H0undcake,1510.2,1
4889,2409957,bollz | Bear :3,1510.2,1
4890,5195633,Griever,1510.2,1
4891,3475,BonkCushy,1510.2,1
4892,2914717,ARK| KL | GPSL | Jeune Sash,1510.2,1
4893,2114468,Unplayable,1510.2,1
4894,1458791,Andromeda,1510.2,2
4895,2286746,JEsports | Cszr,1510.2,1
4896,3525838,darkmoongoth,1510.2,1
4897,2504697,matt damon,1510.2,1
4898,877259,Thor,1510.2,1
4899,2383047,Heavensfeel,1510.2,1
4900,70173,BD | SOLO,1510.2,1
4901,1648484,Lute,1510.2,1
4902,3799106,WontonWarrior,1510.2,9
4903,1704465,Lulius,1510.2,2
4904,1488488,QE,1510.2,1
4905,4847721,Seabreeze,1510.1,1
4906,148078,Doctor Hu,1510.1,1
4907,1896759,Snackz,1510.1,2
4908,24912,KH | Navi,1510.1,2
4909,395614,Trunks,1510.1,1
4910,230215,Crusade,1510.1,1
4911,4783585,Haku,1510.1,1
4912,1195681,OTW | Brendini,1510.1,1
4913,2701470,D G J,1510.1,1
4914,2690628,QU | Tjbuf,1510.1,1
4915,4963919,adam:),1510.1,1
4916,217589,Fordham,1510.1,3
4917,2370907,Denzel,1510.1,1
4918,1035764,JCho,1510.1,1
4919,1444944,Fluffiluff,1510.1,4
4920,4797507,HTT EVE | Muñoz,1510.1,1
4921,2041903,STEEEVE,1510.1,5
4922,2197323,Gantz,1510.1,1
4923,5501427,Raptor,1510.0,3
4924,2524731,REV | LevelOne,1510.0,117
4925,3326438,Goober | Big man,1510.0,1
4926,3017384,ToxicEse,1510.0,1
4927,1317264,Black Mambo,1510.0,1
4928,1425337,DokuUMR,1510.0,1
4929,285102,Get Away| | H.3.K,1510.0,2
4930,1047262,july | hobby,1510.0,6
4931,1921481,CopperBack,1510.0,2
4932,5119681,JinjoNator,1510.0,1
4933,2790597,Tr4sh | $Krilldog$,1510.0,88
4934,2897901,SDG/Whist,1510.0,1
4935,2992760,Fuel The Fire | Dercí,1510.0,7
4936,136738,Element,1510.0,3
4937,324722,NDG | JustLoui,1510.0,1
4938,2667796,SFG Dragons,1509.9,1
4939,3565269,PMA | Piranha Will,1509.9,2
4940,487626,ElixirCrafting,1509.9,1
4941,955531,Mustard_,1509.9,1
4942,3127720,connect | rina tennoji,1509.9,13
4943,2756958,Synguaard,1509.9,1
4944,3259177,sonic9820,1509.9,1
4945,1573408,Fern,1509.9,1
4946,26885,GRODGE | Klavickle,1509.9,1
4947,1005649,l_g_2,1509.9,1
4948,71908,SRG | JetFall,1509.9,1
4949,1047420,SERKET | Valentine,1509.9,1
4950,4144553,ilovetristan99,1509.8,1
4951,348561,UnsafeonHit,1509.8,1
4952,433231,TrapLordHuey,1509.8,1
4953,3055647,Khaos,1509.8,1
4954,3982124,PeluZa,1509.8,1
4955,2636721,CURSE,1509.8,1
4956,36377,D2da,1509.8,5
4957,51143,AG | Miss Manners,1509.8,1
4958,4797646,User_St0len,1509.8,1
4959,1918939,Klee,1509.8,1
4960,4865792,Alan,1509.8,1
4961,232428,Loam,1509.8,1
4962,322439,Stay,1509.8,1
4963,4931515,Blug | PurpleDingis-,1509.8,2
4964,380274,YESU| | Nutria,1509.8,1
4965,451041,emra,1509.8,8
4966,2228357,OE | DJDon,1509.7,1
4967,1444462,Hpark,1509.7,2
4968,133642,Dario,1509.7,1
4969,25609,Jayfoo,1509.7,2
4970,2823143,HokageRob,1509.7,1
4971,5339086,18mg | Methyl Merman,1509.7,1
4972,1951442,Savvy,1509.7,1
4973,1058284,Shundley,1509.7,2
4974,4299410,Brick,1509.7,1
4975,57779,KennyG,1509.7,2
4976,1854534,rootbeer2222,1509.7,1
4977,900080,Cabbage72,1509.7,2
4978,1541928,TFCR | Parkinja,1509.7,10
4979,1177817,Treked,1509.7,1
4980,4730219,DillonPlayingRandom,1509.7,1
4981,1662450,Spoopy,1509.7,1
4982,12099,Majesty | Shoe,1509.6,2
4983,45753,Frostfaxe,1509.6,1
4984,1959354,Shelter,1509.6,3
4985,1262852,NYU | Rhythm,1509.6,1
4986,2147584,TTD | Poocario,1509.6,1
4987,1354812,Vidad,1509.6,4
4988,2570150,Just Raf,1509.6,1
4989,1556722,Mr. Bounce On It,1509.6,1
4990,2057015,Transgender Gandhi,1509.6,7
4991,4329283,koha,1509.6,1
4992,4299841,SJSU | ShinyNar,1509.6,2
4993,405647,BLE | Shimkoko,1509.6,1
4994,267047,FSF | Zach,1509.6,10
4995,3552179,Condy,1509.6,100
4996,141092,EDS | J.T.C.,1509.6,1
4997,974823,Perry / Sparcie,1509.5,1
4998,1956526,coolguypeter55,1509.5,1
4999,58217,GG | PB | CB | Panda β,1509.5,2
5000,1112629,MelonJuice,1509.5,1
5001,1009020,Orlox,1509.5,1
5002,1829158,P39/ECW | maiq,1509.5,1
5003,2977168,jeikami,1509.5,1
5004,2075946,TB | PlusleGod,1509.5,1
5005,3184069,Cartniteeyes,1509.5,1
5006,3775773,Anti-Kyle Alliance,1509.5,1
5007,2525878,Nonga,1509.5,1
5008,1019781,emtea,1509.5,2
5009,3618873,Pond Rules | Lamp Oil,1509.5,4
5010,1445490,Crazy | AnimeIntros&VideoGameOST,1509.5,7
5011,1825299,BellyBongo,1509.5,1
5012,330169,PEG | Chazz,1509.5,2
5013,4298844,Grimdark,1509.5,1
5014,4574895,oversteps,1509.5,1
5015,705058,AsterDiz,1509.5,1
5016,1471142,NxL | DarkAngel,1509.5,1
5017,3034731,luke,1509.4,1
5018,444993,C2F | Katotan,1509.4,1
5019,3437846,AerialSnack,1509.4,1
5020,4616832,Yautja | Gordo Tonny,1509.4,1
5021,6302,Twitch,1509.4,2
5022,5359348,GIANT | G I G A,1509.4,4
5023,1219096,Prime,1509.4,4
5024,2277904,ebs | Calen,1509.4,2
5025,1606728,nik0,1509.4,1
5026,5353252,player 4,1509.4,2
5027,2641745,Deaks,1509.4,1
5028,2369030,C2F KoF | Sforzando,1509.4,1
5029,182850,Steezy,1509.4,7
5030,1565077,MU | ODSY | duck190,1509.4,1
5031,4415373,だにぷぅ,1509.4,1
5032,1200141,TmpoppinJ,1509.3,1
5033,2835763,iita,1509.3,1
5034,311119,theinstituter,1509.3,1
5035,913117,SRG | Mackee,1509.3,1
5036,147444,milkmandan,1509.3,1
5037,15962,Dole,1509.3,1
5038,5382348,SMAXX,1509.3,1
5039,292734,JTC | Daffo,1509.3,1
5040,456774,Coyors,1509.3,1
5041,2301956,Dr. Scaps,1509.3,2
5042,760443,Palex,1509.3,8
5043,507725,MCG | Tacobros,1509.3,2
5044,1666964,Makashi,1509.3,1
5045,2004464,saint kevh,1509.3,1
5046,1804619,aiden,1509.3,1
5047,150314,Android?,1509.3,1
5048,1341423,Jambazi,1509.3,4
5049,2188613,Stxr,1509.3,2
5050,49764,Turtle Hands,1509.3,3
5051,1716415,CWA | ALLMANDO,1509.2,1
5052,2488802,AssShreddingFart,1509.2,4
5053,1023790,Roots,1509.2,5
5054,1437154,Thom,1509.2,8
5055,3530399,MakoTn | GeraldMaister,1509.2,2
5056,5243324,spookreo,1509.2,3
5057,274012,MiLe / Papa Rick,1509.2,4
5058,2943230,ultra_poiz,1509.2,4
5059,515400,XagrandK,1509.2,1
5060,1152562,Rebel Heart,1509.2,1
5061,1339385,Poppy,1509.2,1
5062,3501818,Mungus,1509.2,1
5063,5284951,Drewsephix,1509.1,1
5064,690524,NBBC | chery*,1509.1,1
5065,2551609,KidSickarus,1509.1,2
5066,1772148,bestdiddy2everdoit,1509.1,1
5067,250635,CS | MaverickHunter,1509.1,4
5068,5215064,XZ | Kekew,1509.1,3
5069,471181,RaSWaves,1509.1,1
5070,2965593,GreenWowie,1509.1,1
5071,1614657,Fang,1509.1,1
5072,512395,HJW,1509.1,2
5073,1227773,LANA,1509.1,1
5074,637866,TBY | Death Grips,1509.1,1
5075,1449684,MG | Solarose,1509.1,3
5076,4594062,AtlasFlame4933,1509.1,1
5077,2437513,Sango,1509.1,3
5078,2893547,E_mann,1509.1,2
5079,1321023,CG | HaunterGV,1509.1,2
5080,278258,CUP | Smashpuff64,1509.1,1
5081,3219581,FS | GRNT | Kapi,1509.1,2
5082,2061514,ToneSone,1509.1,1
5083,4440238,Dude7Man,1509.0,3
5084,40953,mida,1509.0,1
5085,637179,Soda,1509.0,2
5086,3924803,player 4,1509.0,1
5087,5335329,Bubz,1509.0,1
5088,5121113,Kiazer,1509.0,1
5089,2252178,OUT | LittN! ඞ,1509.0,2
5090,4425672,Broadway,1509.0,1
5091,5714,092 | LXIX,1509.0,1
5092,3000299,GoJ0,1509.0,1
5093,1253437,USAE | JAYKOB,1509.0,3
5094,646715,Arctic,1509.0,1
5095,731323,Cor. 10-13 | TD,1509.0,6
5096,3226274,Silly | King Fun & Games,1509.0,1
5097,1483260,TC | CringeLord,1509.0,1
5098,50013,KoF | RamonaFlowers8thEvilEx,1509.0,1
5099,2381371,Acrux,1508.9,1
5100,4114787,Trippster,1508.9,2
5101,1436433,Matador,1508.9,1
5102,3765836,Stelter,1508.9,4
5103,1059023,gish,1508.9,4
5104,64388,RacerX,1508.9,1
5105,250122,DaNeel,1508.9,1
5106,4751755,Pikin,1508.9,2
5107,4325475,CE | UTC | Grapeshot,1508.9,1
5108,2368013,Nightmare Fredbear,1508.9,2
5109,1017520,808s | Muted,1508.9,2
5110,1683192,Zrik,1508.9,1
5111,1367382,Vokex,1508.9,1
5112,5313409,TheHeroKing,1508.9,1
5113,1265309,AshuraRise,1508.8,2
5114,4050349,:o) (Bo),1508.8,1
5115,584187,Px-LM3,1508.8,1
5116,5522214,Nino,1508.8,1
5117,1129259,OWA Despair,1508.8,2
5118,146004,JM1-3 / Vexguy,1508.8,10
5119,1791633,Paul | Rondor,1508.8,2
5120,1803321,TC | SyncItUp,1508.8,2
5121,22047,BRED,1508.8,8
5122,1830771,AGT | Trooper,1508.8,2
5123,5333048,Staystephen,1508.8,1
5124,1138090,QUØTA,1508.8,2
5125,2670395,Cheesecake,1508.8,2
5126,5347221,Miles_Makes_Memes,1508.8,1
5127,3696016,OMG/BH/GGC | Cracklitos,1508.8,2
5128,4943959,Pasta!,1508.8,2
5129,2177237,D0g3,1508.8,2
5130,730721,unwnd | swan,1508.8,1
5131,1715126,SU | Milsharks,1508.8,1
5132,22401,JAME$,1508.8,1
5133,1929803,FYS/GIB | Perf,1508.8,1
5134,2468973,Koughy,1508.8,2
5135,512704,Anchor,1508.8,3
5136,1670118,YAYA <3 | Hyde,1508.8,2
5137,2929670,ChZr | Bunga,1508.7,2
5138,409064,Ladon,1508.7,1
5139,313899,netplayge | Vei,1508.7,1
5140,569195,AGN | Mizu,1508.7,84
5141,4937245,Rumpmunch,1508.7,2
5142,1179016,12G | MESSIAH,1508.7,7
5143,2607179,Antpoke,1508.7,1
5144,4616489,DragonAfro,1508.7,1
5145,5330515,I Will SD,1508.7,1
5146,981673,SYN | Jiddy,1508.7,1
5147,5081537,Stultus,1508.7,1
5148,1727655,Thulium,1508.7,2
5149,636147,big puck,1508.7,1
5150,1799277,FT/ML | Ice Blue,1508.7,2
5151,1496417,DOOM | Riggio,1508.6,1
5152,1862492,EΔ | Eric,1508.6,2
5153,2793193,MVShirogane,1508.6,11
5154,451785,RagingInc.,1508.6,2
5155,1099950,WE OUTSIDE | 681shadow,1508.6,2
5156,2823504,DPD,1508.6,4
5157,65162,Spenji,1508.6,8
5158,561864,Deaft,1508.6,5
5159,2971302,DarkHollow,1508.6,1
5160,2475406,CyberWizard,1508.6,1
5161,5204981,shadow460,1508.5,2
5162,3161888,Tio Ming,1508.5,4
5163,278046,BlazerFury,1508.5,1
5164,3866193,MiniatureHam,1508.5,1
5165,1580346,4AM GANG | Garmfield,1508.5,2
5166,2374106,HW | steven,1508.5,1
5167,1317678,Mikem,1508.5,2
5168,2659979,Nobandmob,1508.5,1
5169,5464242,luknicmar,1508.5,2
5170,1508925,Azerbear,1508.5,1
5171,3799093,SoulArts,1508.4,8
5172,64904,Lunar,1508.4,1
5173,4956778,Lord Business,1508.4,1
5174,497009,Emfrald,1508.4,1
5175,4240,Zealous5000,1508.4,3
5176,3235645,Captain Frail,1508.4,1
5177,5286309,Fortin,1508.4,1
5178,2149543,sherbs,1508.4,1
5179,261185,FLS | MFA,1508.4,10
5180,22088,Jib,1508.4,4
5181,1120311,Your Mother,1508.4,2
5182,2433532,Pingchallenger | Mustard,1508.4,2
5183,576270,Tai,1508.4,5
5184,1004724,PatsyNeverWavers,1508.4,8
5185,3957129,F2 Cartridge,1508.4,6
5186,1844635,ObamaGamin,1508.3,2
5187,1636860,KornDog | G$,1508.3,2
5188,1802554,WORM | DP3 | iman,1508.3,5
5189,2562516,Okamifire,1508.3,1
5190,3231640,R3iseN,1508.3,1
5191,48798,Team Rockland,1508.3,9
5192,3458923,Worm,1508.3,1
5193,2917018,LTU | Luddite,1508.3,2
5194,3229031,MS | Sunny,1508.3,1
5195,2243070,iliketomeep,1508.3,1
5196,2749477,あdrian,1508.3,3
5197,4817879,AwesomeBeary,1508.2,4
5198,4091578,Zeitgeist,1508.2,2
5199,793599,Mr.Mudkip,1508.2,1
5200,35890,BLZE | Dingo,1508.2,1
5201,130102,Gretch,1508.2,1
5202,278276,Kraite,1508.2,3
5203,2544231,Polarix,1508.2,1
5204,2244593,SilasPQ,1508.2,1
5205,4806871,PALU | Puzzles,1508.1,2
5206,233010,nicklebackair,1508.1,1
5207,128672,Xion,1508.1,3
5208,1335535,GumCuzzler,1508.1,4
5209,19315,Action John,1508.1,3
5210,2178506,Swaggin | Disarming5,1508.1,79
5211,2843329,D-GENR8,1508.0,1
5212,3710332,Reaper,1508.0,1
5213,4624983,Shucksalot,1508.0,1
5214,1639462,Epoqua,1508.0,1
5215,1054401,LunaArgenteus,1508.0,1
5216,3952446,Matthew,1508.0,5
5217,2589869,CHARL-E,1508.0,1
5218,1576519,2K,1508.0,1
5219,5195736,Jaden,1508.0,1
5220,956957,RowdyBois | Sinces,1508.0,1
5221,5146504,Bandy,1508.0,3
5222,3682657,MNI-HDR,1507.9,2
5223,1948775,Sxitto,1507.9,1
5224,242353,Turtles,1507.9,4
5225,541851,Valenvy,1507.9,2
5226,4419723,Darkwolfoz47,1507.9,3
5227,1882644,DarkDrago,1507.9,2
5228,2369013,PKY | Sir Junior,1507.9,2
5229,1458115,DyTro,1507.9,1
5230,276341,mystic.mp3,1507.9,1
5231,849725,Arc | RyuuJin,1507.9,3
5232,509710,iGreg!,1507.9,2
5233,1423572,RANDOM,1507.9,79
5234,2778327,Novak,1507.8,1
5235,2461532,EGF | Roundens,1507.8,90
5236,4119726,IF,1507.8,1
5237,4687013,iann Dior,1507.8,3
5238,1784242,TBH | Histeria,1507.8,2
5239,2365768,BowserVEVO,1507.8,1
5240,3545515,4SW | DunkTastic,1507.8,4
5241,2382805,Mr. Fish,1507.8,9
5242,48333,Glorius,1507.8,7
5243,891048,Krabs,1507.8,1
5244,1158052,Shuichi | Shyguy_Z,1507.7,2
5245,2048950,Micro!!,1507.7,3
5246,1620952,Maxa,1507.7,5
5247,3053523,SillyxMustard | The Notorious R.O.B.,1507.7,8
5248,3033384,MSU | Barker,1507.7,1
5249,1621779,oomfie | Shaly,1507.7,2
5250,2390363,YEETanator,1507.7,1
5251,3978122,Supernova,1507.7,1
5252,3208660,domd122,1507.7,1
5253,4560148,TH | Gael,1507.7,2
5254,2665111,ODSY | Espurrz,1507.7,5
5255,2912877,Tyrannus,1507.7,1
5256,2875081,Plabby,1507.7,6
5257,5064527,Triixrll,1507.6,1
5258,421875,GOON | CWS | Sawstep,1507.6,1
5259,1650939,Jay Razor,1507.6,3
5260,738501,ABY,1507.6,5
5261,3084321,CG | EFG | Noro,1507.6,3
5262,260177,RES | RobbieAK,1507.6,81
5263,1721668,RW | antoine,1507.6,5
5264,1980632,Bo,1507.6,1
5265,3110982,Tofu,1507.6,1
5266,4405612,DrPato,1507.6,1
5267,2088,ycz6,1507.6,1
5268,3640496,Couch,1507.6,1
5269,313994,F5 | Synergy,1507.6,2
5270,4925405,Laracra,1507.6,2
5271,1303432,gumcuzzler,1507.5,4
5272,3258681,SleepyZon,1507.5,2
5273,1769172,Ginger-Man,1507.5,1
5274,1038610,TTC | Hamza,1507.5,1
5275,1127028,Retro X Wolf,1507.5,1
5276,5069049,HLW | Big Tucky,1507.5,1
5277,5480464,player 4,1507.5,4
5278,3499707,skeleccino,1507.5,1
5279,1687505,Jiffy,1507.5,2
5280,1196598,Pado,1507.5,4
5281,532139,Jake,1507.5,2
5282,714682,Suffolk,1507.5,2
5283,1622356,Asher,1507.5,1
5284,4035890,MAKAI 레버 | EasternPanda,1507.4,1
5285,1199175,Luxray,1507.4,1
5286,4977236,220jagaaan,1507.4,1
5287,3988807,BellioBallz,1507.4,1
5288,1755730,Gamebot,1507.4,1
5289,3604356,Demolution454,1507.4,8
5290,278665,Minty,1507.4,3
5291,1389046,norman,1507.4,1
5292,5188286,Luke!,1507.4,2
5293,1714871,TC | Ayric,1507.4,1
5294,1185961,IanGame&Watch,1507.4,9
5295,2556656,Eli | NotAhMistake,1507.4,1
5296,3768831,Smog,1507.3,2
5297,1665272,BadBoyRay,1507.3,1
5298,1105735,Starlit,1507.3,1
5299,1883232,NC2 | LHM | Sypher,1507.3,2
5300,4726958,KG | Atlas,1507.3,1
5301,3565542,DO | CatPotPie,1507.3,1
5302,5092741,Amaynleng,1507.2,2
5303,5215514,hurry,1507.2,1
5304,313209,O | maxmilly,1507.2,1
5305,3104448,CataCuties,1507.2,2
5306,24839,AoS,1507.2,5
5307,2141124,stinkycheese782,1507.2,4
5308,3807154,Wickelex,1507.2,3
5309,1175090,infect,1507.2,1
5310,808867,JohnSwitch,1507.2,2
5311,3267061,Tek,1507.2,2
5312,4305163,トゲグロ,1507.2,1
5313,1101654,BE | Captain Milk Man,1507.2,1
5314,4151859,ElinaVelvet,1507.2,1
5315,217391,Tipi,1507.2,2
5316,5402070,Alps,1507.1,1
5317,352220,MCLearnin,1507.1,1
5318,4533862,925 | GhostEchoH,1507.1,2
5319,2716663,PWDR | SavageCube,1507.1,1
5320,5247633,erasedcitizen,1507.1,2
5321,4195158,Anthowazaa / DiegoPapeador,1507.1,2
5322,485152,iDrago Ran,1507.1,1
5323,3076227,Sachu,1507.1,2
5324,5146744,TheExtra_V0ID,1507.1,1
5325,1041452,zzz,1507.1,2
5326,655222,Jesus is King | enhancedpv,1507.0,3
5327,1736757,Fate Asz,1507.0,1
5328,5094904,Leonidas,1507.0,1
5329,4068416,Ultimate Sigma Σ,1507.0,1
5330,2664752,LucKnight,1507.0,2
5331,254353,NaCl | Scrubcasual,1507.0,1
5332,1547674,MajesticLoaf,1507.0,1
5333,30201,Bowlin,1507.0,1
5334,4906828,zarzuela,1507.0,3
5335,2544855,LS | Avahe,1507.0,1
5336,5427022,DIWA | Rocket Man,1507.0,2
5337,3894131,SSC | Axtox,1507.0,4
5338,3142165,Carly,1507.0,1
5339,128740,NSM | Salty Fun,1507.0,2
5340,4315939,Yarnoflife,1507.0,2
5341,1093279,Sean Aquino,1507.0,1
5342,4177516,DC3 | Hashira,1507.0,1
5343,3281975,Meshy,1507.0,7
5344,5505675,G#,1506.9,2
5345,3780326,ヒール,1506.9,1
5346,2928088,TESLITA | GatoSexo,1506.9,1
5347,847816,Incornare.,1506.9,1
5348,227078,xenight,1506.9,2
5349,3647877,FISH | Pokee,1506.9,1
5350,1213381,Scrungus,1506.9,4
5351,3383391,Sissy Longlegs,1506.9,4
5352,4005287,PC | Rubi-X,1506.9,1
5353,5468718,Kortana,1506.9,2
5354,2988441,JJ | jasonorien,1506.9,1
5355,5308441,Nenemi,1506.9,1
5356,5310068,Illegal_Roach,1506.9,1
5357,1609419,Sky,1506.9,1
5358,1236735,Metl,1506.9,4
5359,2070085,DxD | MS | Hedgy,1506.9,3
5360,4398761,Darby,1506.8,2
5361,862970,muscle milk,1506.8,83
5362,1722237,Syn,1506.8,1
5363,1284430,CorbinsCustoms / Exia,1506.8,7
5364,1476064,ben,1506.8,4
5365,1046260,TB | YoshiStar,1506.8,7
5366,723682,supesdupes,1506.8,1
5367,389877,Fire!,1506.8,1
5368,1321417,ABT3 | AreList,1506.8,2
5369,65009,JusticeNJ,1506.8,1
5370,2874781,BHE | Totsugeki!,1506.8,1
5371,3067169,GORDO | TFO256,1506.7,1
5372,3237287,ET/FBG/NH | ProjectX,1506.7,2
5373,1800796,Scruple,1506.7,9
5374,1143114,Tobu,1506.7,1
5375,1178794,switch,1506.7,1
5376,22395,Lonesome,1506.7,2
5377,3682316,Duffee,1506.7,2
5378,1787573,TILIN | Fuselit,1506.7,1
5379,36728,GM | Glazed,1506.7,4
5380,1282735,WRLD | TTD | Soju,1506.7,1
5381,3739338,lwk Omega | | TyoftheWild,1506.7,1
5382,140052,Geobraun,1506.7,1
5383,2483569,SR | TS | Shadower,1506.7,1
5384,737100,HBP | RisenSounds,1506.7,8
5385,1894255,Aachernar,1506.7,1
5386,5317228,UC | Jamal,1506.7,2
5387,1613198,Manie,1506.6,4
5388,2479776,Tung Tung Tung Sahur,1506.6,2
5389,1000566,PokeBlu,1506.6,8
5390,1503431,Bacchus,1506.6,1
5391,2144550,Naji,1506.5,12
5392,66277,Alliance | 2eZ,1506.5,2
5393,3530218,たそ,1506.5,1
5394,360903,BryanGarciaW / Gallery,1506.5,2
5395,1719621,TSR | Biggie Sams,1506.5,1
5396,1256746,Kinoble,1506.5,2
5397,2483139,Polaris | Heavy Knight,1506.5,1
5398,4928062,Zentantrum,1506.5,1
5399,1698293,supremelol,1506.5,2
5400,3951682,GrizlyGrif,1506.5,1
5401,3892991,jurrpedup,1506.5,1
5402,567503,DD/PT | Unshorn,1506.5,4
5403,3504629,Initial_E,1506.5,2
5404,171677,PVCC | ZekromAmaterasu,1506.5,6
5405,65913,Ignite,1506.5,1
5406,1999796,BES|39 | C-Sticks,1506.4,5
5407,3631820,YCP | papple,1506.4,1
5408,3269957,Brian,1506.4,2
5409,2682748,ECSU | Swee,1506.4,1
5410,1116457,brenDAN,1506.4,1
5411,1605049,Marnix,1506.4,4
5412,3337584,QU | VideoJames,1506.4,1
5413,1425475,El profe,1506.4,1
5414,25924,Freezus,1506.4,3
5415,1499190,joseph,1506.4,2
5416,1649431,Phobos,1506.4,1
5417,1839344,Mellud,1506.4,1
5418,1998825,Kudzucrew / Stick,1506.3,3
5419,1391583,Weet,1506.3,1
5420,3372420,Zenny,1506.3,1
5421,3460297,kaisten,1506.3,1
5422,3345188,ETL/KH | Vyru,1506.3,1
5423,1911846,Warguts | Flare,1506.3,2
5424,4560152,HACK | 1lakk,1506.3,4
5425,5387759,Kelz,1506.3,1
5426,3227951,Destra,1506.2,1
5427,1624608,Phaseheart,1506.2,1
5428,3065390,Annyn,1506.2,2
5429,63995,404Cray,1506.2,3
5430,2267827,ERA,1506.2,2
5431,2294924,Prince,1506.2,4
5432,5141923,BKL|LA | La patate du sheitan,1506.2,3
5433,974438,ACE-AVE,1506.2,1
5434,2276546,highfly,1506.2,1
5435,1063289,MSU | Drewish,1506.2,3
5436,2112213,hydrant | FrUiTyBoNus,1506.2,2
5437,2005135,Cognitive,1506.1,2
5438,1296608,Harubelle,1506.1,1
5439,1635895,Greenlight,1506.1,1
5440,1251352,qaaaa,1506.1,4
5441,720906,OSNYC | Kira Kusanagi,1506.1,3
5442,648301,ZFN | Jeckup,1506.1,2
5443,1591523,Spix's Macaw,1506.1,1
5444,135090,Luigi2cool,1506.1,1
5445,5152140,Sir bens,1506.1,1
5446,1067380,Loruler,1506.1,2
5447,5474,Zephyr,1506.1,2
5448,38067,Whisky,1506.1,1
5449,150402,PCF/SYN | Pokchop,1506.1,2
5450,1137335,Flamus,1506.0,4
5451,54212,KoF | WouldSmokeCraq,1506.0,1
5452,592742,Sleet,1506.0,2
5453,1167412,Saltysucks,1506.0,1
5454,1085224,slate,1506.0,8
5455,58022,IUB | HighLuna,1506.0,1
5456,5294597,Mel,1506.0,1
5457,1152902,Dario,1506.0,1
5458,411819,Sherm,1506.0,6
5459,1867377,Plant Enjoyer,1506.0,2
5460,5226853,Luna,1506.0,1
5461,4772197,Birds of Prey | Rainier,1506.0,1
5462,1992922,SWR | Jäyd3n!,1506.0,1
5463,4288592,BIRTHDAY BOY | Kai,1506.0,7
5464,1874761,gabster,1506.0,2
5465,1623587,TAS | PainedYew,1506.0,2
5466,2983603,LTR | MELFOR,1506.0,3
5467,2296018,585Z | MadWRLD_FGC,1506.0,5
5468,1245082,Ampha,1506.0,2
5469,30032,Dath,1505.9,1
5470,1401818,Jefff,1505.9,11
5471,1137344,RNJesus,1505.9,4
5472,3638442,AoC | Acorn,1505.9,1
5473,5148162,Ohnnabananna,1505.9,1
5474,1385319,256 | NElectron,1505.9,1
5475,3495931,merlock20,1505.9,1
5476,3076946,FN | Ńexus,1505.9,1
5477,3015228,Grandmaster | rtahmass,1505.9,2
5478,1382228,sheeter,1505.9,2
5479,70486,GCB | DGN,1505.9,1
5480,1729272,cringe | Thoas_,1505.9,1
5481,136018,UP | Minus One,1505.8,2
5482,1737692,PuppetMan,1505.8,2
5483,4719588,ALEX | Luahill,1505.8,1
5484,2345868,ALU | 420FlyIt(Legalize Lylat),1505.8,2
5485,4592862,husty,1505.8,1
5486,2159820,sean,1505.8,1
5487,253846,wulpa,1505.8,1
5488,328844,Do Good | Crowhei Ohtani,1505.8,85
5489,325489,KB2,1505.8,10
5490,36583,DATA | Momo Ari,1505.7,1
5491,276959,Bohemian Pigeon,1505.7,1
5492,5092017,Radiance,1505.7,3
5493,20901,ChiefCherry,1505.7,1
5494,3785267,STG | Onlinecale213,1505.7,2
5495,1590289,Premasaur,1505.7,4
5496,215768,Wormadad,1505.7,1
5497,5452098,Nibl,1505.7,3
5498,246147,Pekko,1505.7,2
5499,1576596,Agua,1505.7,4
5500,1803154,PNG | nano,1505.7,2
5501,27922,TB | Van,1505.7,3
5502,5398189,Hades,1505.7,1
5503,1166622,SYN | ram,1505.6,3
5504,2346812,Tom,1505.6,1
5505,2504783,LightStar,1505.6,2
5506,7596,QXTR,1505.6,1
5507,4048767,Doc Orona,1505.6,1
5508,976370,K.O. / His1Knightmare,1505.6,4
5509,897158,Sunday,1505.6,1
5510,4412243,H-Meister,1505.6,3
5511,3195394,Gramcracker,1505.6,2
5512,26931,Otterz,1505.5,1
5513,1086597,TCM | MrG,1505.5,1
5514,3820761,soft hands,1505.5,1
5515,27741,Jmartiles,1505.5,2
5516,5151851,ChopdnUnc [B],1505.5,7
5517,1999901,K8 | Joey,1505.5,2
5518,545665,DigDougg,1505.5,1
5519,2528068,archaea,1505.5,2
5520,129712,HW | Cabelob,1505.5,3
5521,1278398,KML | Kyle Lynch,1505.5,2
5522,866133,CookingMama,1505.5,78
5523,151544,loquacious | Smirk,1505.5,4
5524,1760025,KingofDemons,1505.5,1
5525,5208370,Vand,1505.5,2
5526,1705242,GQ | Entropy,1505.5,3
5527,2827896,whisper,1505.5,1
5528,5034159,41 | Did unc snap?,1505.4,1
5529,5516844,ssc | idk,1505.4,2
5530,5429343,SolBarks,1505.4,1
5531,1327591,beanbag,1505.4,9
5532,4614362,SHU | Xp_Salamander,1505.4,2
5533,2085738,TSM | Itatchi Gucciha,1505.4,1
5534,216979,L7 | plush,1505.4,2
5535,806141,LJS|PHNM | MINTOS,1505.4,2
5536,3708417,tagger057,1505.4,2
5537,2491295,Crossbooo,1505.4,1
5538,1610130,WWJD | Sisu,1505.4,2
5539,5191877,Medichee,1505.4,1
5540,171454,STG PS | JayGeorgeM_20z,1505.4,1
5541,3874382,Hunterhax | zrWAIT,1505.4,2
5542,1184919,Eni,1505.4,1
5543,1222862,Super EpicGuy,1505.3,2
5544,2378758,JoeyGotDaForty,1505.3,1
5545,1514724,pootietang,1505.3,1
5546,1588307,Tom Kroos,1505.3,4
5547,5141438,XZ/CTF | Zair,1505.3,2
5548,4637764,pMoney_jr,1505.3,1
5549,522930,Yukādo,1505.3,2
5550,2723980,TheNextHokage,1505.3,1
5551,41433,MP3,1505.3,4
5552,960658,UNCG | Supersky64,1505.3,4
5553,3217886,GhostPants,1505.2,2
5554,3690174,SJR | GanonGOD,1505.2,3
5555,1860907,ZG | the | Venomized Joker,1505.2,2
5556,1054597,Ecnostesia,1505.2,77
5557,1256190,Szadubi,1505.2,2
5558,4188114,BC\URC | Kirii,1505.2,1
5559,2153382,SK | DieG0D,1505.2,2
5560,1554298,Fish Tacos,1505.2,2
5561,1047948,lycaon,1505.2,4
5562,4328687,CAL | Cochino,1505.2,4
5563,1686333,teej,1505.2,1
5564,822416,Sir.Edwin,1505.2,2
5565,285688,doot,1505.2,1
5566,4203622,WOKE 2 | Jimmy Bupler,1505.2,1
5567,4318709,.WAV / OG | NeedyAngel,1505.2,2
5568,1000562,BIG | Big Dan,1505.1,2
5569,60764,el jefe / dans undertale,1505.1,2
5570,4589211,Raptor,1505.1,3
5571,5478479,BTE | RasenGun,1505.1,2
5572,1480224,FSG | | Future#2K,1505.1,4
5573,3190682,JACKBOYS / EO | Fenris,1505.1,8
5574,1643330,Gatsby,1505.1,3
5575,993562,JuanR,1505.1,2
5576,3517546,STL | JPEEZY,1505.0,1
5577,1686320,dyke,1505.0,1
5578,1042752,MagiKubara,1505.0,2
5579,2000468,k-mart,1505.0,1
5580,5481440,Xanthan,1505.0,2
5581,14411,SF | Mr.R,1505.0,4
5582,2340798,ThunDerd164,1505.0,2
5583,1919877,Butterkix,1504.9,9
5584,2194733,Ice,1504.9,2
5585,2310286,Eyefightevol,1504.9,1
5586,2653741,Micromanage,1504.9,6
5587,3061255,MagicRatt,1504.9,1
5588,3046872,Alibaba,1504.9,1
5589,5021126,Benimaru879,1504.9,1
5590,147614,Soul/Tama,1504.9,1
5591,126395,Old LTCT,1504.9,3
5592,1181638,Aleck,1504.9,2
5593,4348214,UMICH | Quavioli,1504.9,1
5594,1741460,Fallzei/Melly,1504.9,4
5595,1417294,numnums,1504.9,2
5596,3410139,DenDen,1504.9,2
5597,3932776,Stelter,1504.8,4
5598,3873024,MdotEpp,1504.8,1
5599,171975,EmCETERA,1504.8,2
5600,5353449,LNW | Pupgrade,1504.8,2
5601,931513,Takenaba,1504.8,1
5602,135614,PHNM | Storm,1504.8,5
5603,3179471,SOL | らき,1504.8,2
5604,4475421,Miyabi,1504.8,2
5605,608285,LVC | Woodchuckman,1504.8,1
5606,755737,JewJitsu,1504.8,2
5607,4900059,lotad,1504.8,1
5608,3875179,Verso,1504.8,3
5609,3263912,Adot,1504.8,3
5610,551048,PBJ | zeusie,1504.8,2
5611,130693,J64,1504.7,4
5612,2011959,ROOTS | S3C | RapMonster,1504.7,6
5613,5677,Bachelor,1504.7,2
5614,1753518,manino06,1504.7,7
5615,3458764,Thuggery LLC | Press X To Dash,1504.7,1
5616,2504196,ds | Veil4Smash,1504.7,3
5617,2336552,JLQ | lalo,1504.7,85
5618,1280173,LastDopeMan,1504.7,1
5619,3399342,Zeref,1504.7,1
5620,1163648,Pado,1504.7,4
5621,4063507,Phantom,1504.6,2
5622,3061108,Nozune,1504.6,3
5623,63209,Teri,1504.6,4
5624,517732,Skull Kid,1504.6,2
5625,126224,ELS | Ruben,1504.6,2
5626,4560322,BlazeKSol,1504.6,3
5627,3398028,Arbalest,1504.6,1
5628,2012158,__ellem,1504.5,3
5629,397058,COTP | Shinigami313,1504.5,80
5630,3890012,FENAL,1504.5,2
5631,411980,Koopa Klyde,1504.5,2
5632,804405,Xanne,1504.5,1
5633,4622741,KU | Gamble,1504.4,6
5634,235568,JAVI,1504.4,3
5635,1482843,Shaine,1504.4,10
5636,1031682,Beaner Gaming,1504.4,2
5637,478234,FIZZGAR,1504.4,4
5638,2966770,luisfr,1504.4,10
5639,2046564,momon,1504.4,2
5640,1791307,Mark Fafnir,1504.4,2
5641,620404,Updog | Erictho,1504.4,3
5642,3664098,ShrmpAlfredo,1504.4,1
5643,1001363,3D Godfident,1504.3,4
5644,1993498,Apostrophe,1504.3,4
5645,855014,Stoomy,1504.3,2
5646,29596,Stocktaker69 / SpecSM87 / Lightning McMurphy,1504.3,2
5647,744687,PRG | Zantzy,1504.3,2
5648,231675,ALI,1504.3,4
5649,664463,Zayxae,1504.2,3
5650,344743,Shigura,1504.2,3
5651,1323171,BDE,1504.2,4
5652,1803567,Garebear,1504.2,1
5653,2944021,Whats up guys,1504.2,2
5654,659884,RobotRed,1504.2,2
5655,4330003,Lucks,1504.2,2
5656,3755165,mikey,1504.2,2
5657,3525726,vile,1504.1,2
5658,1449080,UW | Nakano,1504.1,3
5659,2290362,McRoach Fan Club,1504.1,2
5660,967782,AES | NioXoiN,1504.1,2
5661,1795761,Sockem16,1504.0,3
5662,1239133,Mr morty,1504.0,4
5663,2670551,SHU | Arc,1504.0,2
5664,1131192,Marshio,1504.0,4
5665,1159867,Gamez Zone | PrimeTime,1504.0,4
5666,282018,PSK | Motomami,1504.0,1
5667,4035548,MC | Creative,1504.0,4
5668,4764462,Nooby,1504.0,2
5669,4410243,SSOGamer,1504.0,2
5670,2945773,USA | Herminator,1504.0,2
5671,1083824,Irvy / Chironi,1503.9,2
5672,569458,Missing,1503.9,2
5673,1703355,MANIAC,1503.9,2
5674,1592950,DDC | WillMill,1503.9,8
5675,2273391,Leonidas,1503.9,5
5676,253230,Queens | Jintendo,1503.9,4
5677,71480,InC | Cyberman65,1503.8,84
5678,4443894,SuperStuyBros | Danielisbadatlife,1503.8,8
5679,1584954,biglunch,1503.8,5
5680,4694376,12oz. Duke,1503.8,1
5681,2114217,koNAMI | Rubes,1503.8,2
5682,1241032,:3 | Goziz,1503.8,3
5683,2731421,Thunderlion,1503.8,2
5684,1725582,Soul Dew,1503.8,2
5685,1627550,NotNick / Blue Velvet,1503.7,2
5686,4863,PudgyPanda,1503.7,2
5687,239151,PHNM | Ray,1503.7,6
5688,787304,GOOP | blubby,1503.7,2
5689,1066436,Arctinox,1503.7,2
5690,605866,DjDickCheese,1503.7,2
5691,5284605,NPD | NapalmDust,1503.6,2
5692,2419343,MHM | Luminos,1503.6,2
5693,249838,Ouch!? / Dark Wizzy,1503.6,9
5694,3479422,DC | Dr. Papu,1503.6,2
5695,4146593,George,1503.6,8
5696,584358,NoTrueSelf,1503.5,2
5697,11676,Pierce the Heavens,1503.5,2
5698,57890,Rad / Goolick,1503.5,6
5699,350935,Waltz,1503.5,3
5700,63661,Kachurin / RyanDCB,1503.5,3
5701,1826825,Kenpachi | FondleDeez,1503.5,2
5702,2202716,u_poop9090 | Matt,1503.5,2
5703,1319466,Jshroud,1503.5,8
5704,1573595,Tragik,1503.5,8
5705,158005,NSM | Sketch,1503.5,2
5706,157615,ight,1503.5,1
5707,352140,Croak,1503.4,2
5708,357417,RTS! | Midboss,1503.4,2
5709,1477206,Poke Weggle | MayBeFin,1503.4,2
5710,3186137,Lemmanade,1503.4,1
5711,4502265,Ornik,1503.4,4
5712,1352590,Scroll,1503.4,2
5713,477842,Punching Bag,1503.4,7
5714,28964,Blah,1503.3,7
5715,1110395,TRK | Metronome,1503.3,2
5716,1698523,iNsane,1503.3,2
5717,5162515,TSB | Ivo_sk8,1503.3,2
5718,3174602,WAMP|BTE | Hyper$courge,1503.3,4
5719,4724547,yoshiten,1503.3,2
5720,5335680,8SAK,1503.3,2
5721,39430,Greenstach / regEx / saucymain,1503.3,2
5722,4586262,Jastin,1503.3,2
5723,1482015,Weather Report / CelestialV01D,1503.2,4
5724,2645770,BMJ | noelle204,1503.2,2
5725,2751173,koala cub / 샤인Burst,1503.2,2
5726,2467269,Jon Scheiner,1503.2,2
5727,1180880,D0lphan72,1503.2,2
5728,1894475,THUNDERRRR,1503.2,2
5729,1644042,PirateDK,1503.2,2
5730,640402,KC,1503.2,2
5731,1233926,ImJackP,1503.1,2
5732,3722643,Jack-O',1503.1,3
5733,28532,Ako,1503.1,3
5734,3475893,Mob | UndeadMobs,1503.1,2
5735,136532,Mini,1503.1,3
5736,1520030,JEL | Arr_J,1503.1,3
5737,1493023,Humza,1503.1,2
5738,4347828,Stelter,1503.1,4
5739,3799232,PA Sigalrd,1503.0,2
5740,4156690,Young Lion! | Retry,1503.0,3
5741,2191110,captinricard,1503.0,2
5742,582072,Shenron,1503.0,2
5743,1109290,OUT | EΔ | Duplex,1503.0,2
5744,5176337,ramen518,1503.0,6
5745,1569753,LCE GQ | CaillouKan,1502.9,21
5746,1803895,disARM,1502.9,2
5747,26535,cab,1502.9,7
5748,47104,thewaffleman,1502.9,5
5749,1570059,Minarge,1502.9,7
5750,2470050,IWU | Erin,1502.9,2
5751,1287613,Zulu,1502.9,3
5752,2587016,GetJigglyWithIt,1502.8,8
5753,2472117,Scarab,1502.8,2
5754,63799,Rawin,1502.8,2
5755,48055,My Dad / Laid,1502.8,2
5756,3163782,Sashers | Darius Osborn,1502.8,3
5757,1581073,NU | Donny D,1502.7,3
5758,1683473,WOD | Lost,1502.7,3
5759,1819791,Puffles,1502.7,9
5760,1180903,True_Blue,1502.7,2
5761,2375975,Team Vars | Vars,1502.7,94
5762,2820635,Jam,1502.7,3
5763,1340702,CHP | Mang0 fan,1502.6,9
5764,459031,Laserbud,1502.6,3
5765,62091,TXH | Silver,1502.6,3
5766,4960507,ButtMonkey,1502.6,2
5767,4305158,David,1502.5,2
5768,3461,squible,1502.5,2
5769,1588288,Cream Daddy,1502.5,4
5770,4027081,S,1502.5,1
5771,3255402,UC | Vanq,1502.5,2
5772,5125474,mythic,1502.5,2
5773,4555697,Terry125,1502.5,3
5774,1949808,SBG | CharCharRealSmooth,1502.4,2
5775,1858852,Inky Rain,1502.4,9
5776,141014,Mystearica,1502.4,3
5777,1794745,STG | LostVayne,1502.3,15
5778,157957,LePhresh,1502.3,8
5779,1439236,ragedeity,1502.3,3
5780,2152922,ÑFC | Cyborg Testicles,1502.3,2
5781,1928105,JPN | KurtSwitch,1502.3,135
5782,4172453,WOKE 2 | Weather Report,1502.3,2
5783,158297,Dusk,1502.2,2
5784,955403,Nefarox,1502.2,3
5785,1144909,BN/ER | SilverB_cv,1502.2,3
5786,638254,Cee,1502.1,4
5787,1863548,585Z | Skar,1502.1,6
5788,29405,Vianny,1502.1,2
5789,1616625,QTN | soap,1502.1,96
5790,3546132,WOKE 416 | EO | Wea$,1502.1,7
5791,231331,Jimnub,1502.1,2
5792,1075048,ARP30mg,1502.1,4
5793,3969084,ENC | Lemon,1502.1,4
5794,2606508,PyroSteph,1502.1,3
5795,3121066,ŠØMÑÜŠ,1502.1,2
5796,1806440,UP | Gray,1502.1,3
5797,1005264,Frogking,1502.1,8
5798,4322542,CFF | DapperQuagsire,1502.1,11
5799,1555631,Juice,1502.0,2
5800,2768351,REDGATE | Flare2V,1502.0,2
5801,265634,The Concept of De4th,1501.9,12
5802,1347112,DUMMY | | Thiccolas3245,1501.9,2
5803,3572896,ML MRL PB | SGT Morenitø19,1501.9,3
5804,785557,404 | Buddylikefriend,1501.9,2
5805,2794854,CarryTF / Donte,1501.9,4
5806,1999453,The Turbanator,1501.9,2
5807,1213334,ZS9,1501.9,4
5808,3799116,Celcha,1501.8,8
5809,1102412,DP3 | J$,1501.8,2
5810,1213143,Darkmega81,1501.8,3
5811,2651329,MCheese,1501.8,2
5812,2644919,Forfun,1501.8,4
5813,2433699,Lincorp | Linc_inc,1501.8,2
5814,2695746,DC | Jujulabubu,1501.8,2
5815,2583365,LT,1501.8,3
5816,1588984,Skilled Roy,1501.8,4
5817,3035217,Alatreon,1501.7,3
5818,2235941,FE!NFE!NFE!N,1501.7,3
5819,1203749,TSL | ShinySeeker,1501.7,2
5820,3346884,NMBrad-182,1501.7,4
5821,4650650,Dell | Meeprage,1501.7,6
5822,144429,Crispy / RobbieAK,1501.7,8
5823,2462537,irwin,1501.7,3
5824,157455,We Are | Cannagar,1501.6,5
5825,1091105,Mythic,1501.6,4
5826,2046314,UMN|SMFN | Senam,1501.6,2
5827,564072,Hoagieland,1501.6,2
5828,1467671,Storch,1501.6,4
5829,3037377,KML | superpiggyx,1501.5,5
5830,4277899,JP,1501.5,2
5831,2925455,spookreo / Morty-Slim,1501.5,3
5832,2228466,CBC/MR | Loewe,1501.4,2
5833,1696928,ZBK,1501.4,2
5834,4442837,SuperStuyBros. | wwwrghqhg,1501.4,4
5835,1056221,KML SoMD | Kool kal,1501.4,2
5836,4366960,RSC/PB | Fercho.,1501.4,2
5837,4036488,SPR/POA | Cheafffy,1501.4,2
5838,5183943,C2GS | Alex,1501.4,2
5839,46218,Sal / Nitro,1501.4,2
5840,55969,RYNO,1501.3,3
5841,5129,GameGym | Seagull Joe,1501.3,8
5842,1301379,Drippnn / A-Cee,1501.3,3
5843,1321838,Adamski,1501.3,76
5844,5384872,player 4,1501.3,4
5845,1171705,Ember,1501.3,2
5846,4985810,DRAGERGRAP,1501.3,3
5847,4471185,Fleetcat,1501.3,2
5848,1207346,mishiiboi,1501.3,4
5849,2406469,TempesT / Brightnova,1501.3,3
5850,2676609,OCC | PRDX,1501.3,2
5851,2253726,ThatSoopGuy,1501.3,3
5852,3379128,KRISTO,1501.2,2
5853,1556407,セクシー | DrJulian,1501.2,17
5854,2344357,Kalelfox01 / Aeris,1501.2,2
5855,187278,KJ The Hero,1501.2,2
5856,48407,HoP | DreamOn | EBReggie,1501.2,2
5857,1975490,Smash@UCI | Nekathe // ネキャス,1501.1,2
5858,2639842,RU | M0tivational,1501.1,2
5859,523100,Indignation,1501.1,2
5860,2860086,Illusion,1501.1,2
5861,130449,=^_^= | SFUTH,1501.1,2
5862,4478138,DO/POW!/DRK | Kepistired,1501.1,5
5863,1814041,Cy,1501.1,2
5864,2205145,MOUNT | WRLD | YC,1501.1,8
5865,5421361,vital1ty,1501.1,3
5866,3858097,ENC | ProjeX,1501.1,2
5867,5532165,Hung | Grey,1501.0,5
5868,2480277,Ferociter | Jeager,1501.0,2
5869,15252,Ralph's Friend | Fang,1501.0,4
5870,600905,WOD | Ardeo,1501.0,4
5871,4185585,PCG | Yoncris,1501.0,2
5872,810259,X1 / Reb,1500.9,9
5873,1625801,sorbi,1500.9,90
5874,3108389,Trace,1500.9,4
5875,1738588,Jdenator,1500.9,2
5876,1861183,TSC/CBC/PB | HunterRick,1500.9,2
5877,2194717,DWMA | Ricardio,1500.9,2
5878,2252522,SDG | Groggy,1500.9,3
5879,4998295,Zetassj,1500.9,2
5880,4329116,epic_gamer_eighty-one,1500.9,3
5881,2388413,AFC | Map,1500.9,8
5882,1018838,Melon / ChuckFug,1500.8,3
5883,5375526,dvilla,1500.8,3
5884,38001,ssjruben / El Tumi,1500.8,4
5885,2803219,WAMP | Ryot,1500.8,5
5886,3042662,Fineterps,1500.8,2
5887,55992,Shaggy,1500.7,2
5888,3730073,Trivago | 90210,1500.7,3
5889,544213,Bakko,1500.7,83
5890,571073,Yamato (SMASHERplayer),1500.7,2
5891,173493,Swiftfox-Dash,1500.7,2
5892,2194245,Ferrari,1500.7,2
5893,2120251,DaGod#8209,1500.7,7
5894,138311,Steele / Pong,1500.7,6
5895,976815,T3MP3ST,1500.7,5
5896,220689,Thuy / Tam,1500.7,2
5897,2258712,Oreo,1500.7,2
5898,1001119,PainInHonor,1500.6,4
5899,1469415,Buddwaur,1500.6,2
5900,33655,shoelegend / Mo $,1500.6,2
5901,69275,Hoss Delgado / Anorey,1500.6,2
5902,15609,DS | Black Tiger,1500.6,2
5903,2843679,BLZE | McLovin,1500.6,2
5904,3258629,ABT3/TAMUSA | bunny,1500.6,2
5905,3798,HoG | Arty,1500.6,3
5906,1713927,T.TVRussell_Senpai,1500.5,3
5907,871392,EDLN EC | Saltlord,1500.5,5
5908,4815,Daddy Janky,1500.5,2
5909,40508,Arturito Burrito / Mulli$,1500.5,82
5910,1989464,Kai Mystic,1500.4,9
5911,574175,BigCountry42 / OguHD,1500.4,2
5912,1576958,Mr.Vicho / BerserkerOx,1500.4,2
5913,1978773,Money_mike / Izuke,1500.4,5
5914,4241013,Dicy,1500.4,5
5915,2099363,YBG DON,1500.4,2
5916,715969,Thahardbodykid,1500.4,4
5917,1307109,CHP | Razzly,1500.4,9
5918,5228563,Spyne,1500.3,2
5919,564464,702,1500.3,3
5920,1010691,MAK,1500.3,4
5921,2414308,Fader / McKnightmare,1500.3,2
5922,14646,ReasoN / Hell Fox,1500.3,4
5923,1246820,Gush,1500.2,3
5924,4943742,OZ,1500.2,2
5925,1793601,ultrainstinct2,1500.2,2
5926,1707437,LBS | ditto,1500.2,3
5927,3356604,TummyAche 0.9,1500.2,2
5928,30443,The Flood,1500.2,2
5929,45999,Brue,1500.1,2
5930,3531761,KL | Lunaire,1500.1,3
5931,1010675,Mood4Food,1500.1,8
5932,4508122,Random Guy Pew,1500.1,4
5933,1093962,7ate9,1500.1,3
5934,3586382,SG | Ev',1500.1,8
5935,2363234,Compulsive,1500.1,2
5936,1609845,Premasaur,1500.1,4
5937,1872234,eh | yoshi0luigi,1500.0,2
5938,5223081,Max_,1500.0,4
5939,367815,Tr4sh | Chocolate Jesus,1500.0,4
5940,1023449,Lilhug2,1500.0,4
5941,1002081,Xorn,1500.0,4
5942,1519661,SNET | Senju,1499.9,2
5943,2002878,Vandalizzed,1499.9,2
5944,1000563,ShinGetterRobo,1499.9,4
5945,2716441,UMICH | Krilljoy,1499.9,2
5946,2837082,Real Friends,1499.9,3
5947,155432,BiG | Stronghold,1499.9,2
5948,255685,TSG | Back_Spike_Mike,1499.9,2
5949,1299015,Calvinalex,1499.8,4
5950,2172283,DF8,1499.8,2
5951,2483104,"""Q""",1499.8,6
5952,3033375,10Rayman,1499.8,2
5953,3038932,FunkyPants,1499.8,2
5954,4490453,Kizzy,1499.8,3
5955,1575378,ScienceProject99,1499.7,8
5956,4488919,McClue,1499.7,5
5957,1130592,mimu!!,1499.7,2
5958,3762621,GNC AHS | SylviaFS,1499.7,3
5959,172881,Let's Go | Haggles,1499.7,2
5960,4801299,freakoid45,1499.7,4
5961,3978641,I'm Hard | vMix,1499.7,2
5962,11768,HBP | werngee,1499.6,8
5963,2719649,Mikey,1499.6,2
5964,806441,GoA | Eclipse,1499.6,2
5965,3397084,Sprish,1499.6,2
5966,2131805,NP | kirb,1499.6,2
5967,1424868,RG | guac,1499.6,2
5968,2268536,Bhand / Newo,1499.5,6
5969,996454,Kylo,1499.5,2
5970,4293445,dunk.d,1499.5,2
5971,1086008,Thick_Nick,1499.5,3
5972,1414605,Pressure | Cornball,1499.5,2
5973,3727192,QueenBee,1499.5,2
5974,1055391,Case Crew,1499.5,2
5975,1093459,Fin,1499.5,2
5976,3476328,BCLNA | TheDivineOne,1499.5,3
5977,1054488,Orpoz,1499.5,2
5978,5332407,Dr. Amigo,1499.5,3
5979,4995350,iNLT,1499.4,2
5980,5057198,Vibin,1499.4,4
5981,1115804,Justin,1499.4,3
5982,4097257,4Yin&Fran | Queso Crema,1499.3,2
5983,5402357,TPF | Denik,1499.3,2
5984,4448492,WeOutHere,1499.3,3
5985,2238995,天 | StarGoldfish347,1499.3,4
5986,1669160,Mr.Stein,1499.3,81
5987,5341528,nort,1499.3,1
5988,136350,DRO,1499.3,3
5989,2719997,Yoshibu,1499.3,101
5990,2879752,TTG | emo,1499.3,3
5991,5411677,IDontKnow,1499.2,2
5992,1332769,DEH | Lao,1499.2,2
5993,2914020,Eman,1499.2,2
5994,2657366,Sin | Plants,1499.2,5
5995,5520974,PM,1499.2,3
5996,1620111,Will_King_01,1499.2,3
5997,2319107,ebs ycb | latio$,1499.2,2
5998,701039,sheepyhorns / doe,1499.1,2
5999,3799110,Cold,1499.1,8
6000,5531108,CHP | MomHunter9009,1499.1,3
6001,3352392,MC | Ryzoluca,1499.1,4
6002,1512128,nifty,1499.1,3
6003,3379702,BORP!,1499.1,2
6004,5384968,Cloud WRLD,1499.1,2
6005,64672,607 | Birdie,1499.1,2
6006,1397743,りゅーおー/Ryuoh,1499.0,1
6007,1527205,OMG | PB l | Z-ONE,1499.0,1
6008,2473389,Squishy,1499.0,2
6009,4464561,ECW/MAD/OP | Leafdancer,1499.0,1
6010,3819137,SoftKiwi,1499.0,1
6011,620358,ESC,1499.0,2
6012,2532853,AOC | Kirb_Star,1499.0,3
6013,1186140,Macsmitty,1499.0,4
6014,4325875,Potatoo,1498.9,2
6015,1057660,Tepig,1498.9,3
6016,1573466,TwoTone,1498.9,5
6017,1854115,CR | Royal Phoenix,1498.9,2
6018,1888589,Kagexice,1498.9,4
6019,4876743,GRAB | Gordeon,1498.9,2
6020,3432322,NELSON (ネルソン),1498.9,345
6021,695882,Asimo / Tea,1498.9,3
6022,2560020,Ryklon,1498.9,2
6023,1297665,mariotheguy,1498.8,2
6024,1877520,Slinky,1498.8,3
6025,4584839,WFHS | LavaLuffy,1498.8,2
6026,549102,Rudesubs / McBanana,1498.8,1
6027,2499320,CU | Galaxxus,1498.8,2
6028,405145,Monikat,1498.8,2
6029,2779274,Stephen17,1498.8,2
6030,213504,OHANA,1498.8,5
6031,5385784,Click,1498.7,2
6032,2444747,BAZAKA,1498.7,2
6033,1523041,AONI | twang,1498.7,3
6034,47975,They/Them | Splash Damage,1498.7,5
6035,1213325,Amdust,1498.7,4
6036,3204269,Rosanetta,1498.7,3
6037,2561485,444 | Slurpee,1498.7,3
6038,1122228,WALK | ser[Y]ph,1498.7,3
6039,224919,VoxIII,1498.6,2
6040,4178942,JUE | sunsteel,1498.6,1
6041,995862,Humblebeast,1498.6,4
6042,5383041,Icy791,1498.6,1
6043,5205411,CBC | UnVatoSSBU,1498.6,3
6044,59177,RuskiNurd / cheeky!,1498.6,1
6045,2932340,pluto,1498.6,1
6046,1945613,mdemz / Merlimar,1498.6,4
6047,5096784,Infinity ツ | InakiMC,1498.6,1
6048,2844603,psixou,1498.6,1
6049,5031046,LOGAN109 / RoflWorld,1498.6,1
6050,1658969,PM,1498.6,1
6051,4314921,Wex (Secondaries),1498.5,4
6052,32527,bydot,1498.5,1
6053,1632113,CRIQ,1498.5,2
6054,5261178,KAI,1498.5,2
6055,5433032,Bebopgaming,1498.5,5
6056,3277869,TIES | 420,1498.5,2
6057,4501368,MOB | Bobo,1498.5,6
6058,2413689,Dart,1498.4,2
6059,1755984,UN | J2b,1498.4,2
6060,1542043,SHOES | cody,1498.4,1
6061,3105647,OY | HydrAGS | ShyRobyS,1498.4,2
6062,70689,GoTE | Minstora,1498.4,2
6063,433604,Needels,1498.3,3
6064,4865035,gnarlydave,1498.3,4
6065,329084,TheGertigs / 5 DOLLARS,1498.3,3
6066,574317,WGO | Kidd Cudi,1498.3,3
6067,1593043,Jorhey / AdmiralCrunch,1498.3,3
6068,1452811,ticknerry,1498.3,1
6069,4692256,Faded,1498.3,1
6070,4994355,Brynhildr,1498.3,1
6071,5430082,Reebin,1498.3,1
6072,1834479,rogwrat,1498.2,8
6073,1872316,SZN | Shyado,1498.2,1
6074,3961011,19Frames | MrNubs,1498.2,3
6075,923429,sr e juanca G,1498.2,1
6076,4959043,Joy-cons!!,1498.2,2
6077,611102,Umazing! | Mr. R.G,1498.2,1
6078,1295247,Alterking + Twinknight,1498.2,1
6079,584472,MYR | Chrono,1498.2,1
6080,3430874,TTV | aj_waves,1498.2,3
6081,4981312,TEA | TheHonu,1498.2,3
6082,3673508,strafeae,1498.1,2
6083,763273,Koro,1498.1,1
6084,1218580,LEYC | Cyclone,1498.1,1
6085,1775558,PRG | Billwell,1498.1,1
6086,2974490,Sloth,1498.0,1
6087,3788863,WD | Azeym,1498.0,1
6088,1780934,Uprisers | YemTheKing,1498.0,2
6089,4141055,FJT,1498.0,1
6090,3906105,PowerSL1De,1498.0,1
6091,4561435,SDG | Amil,1498.0,4
6092,3329710,MM/TUC | Gallito<3,1498.0,1
6093,1004091,Bruhcs,1498.0,4
6094,3335519,Monke | Thriller,1498.0,1
6095,1183115,DBQ | Kami,1498.0,3
6096,1114495,NiP,1497.9,3
6097,3143673,MGM | Daryu21,1497.9,1
6098,1533817,TAN | Buddy,1497.9,1
6099,41041,Remrin / Poilu,1497.9,3
6100,3451131,EMW ESPORTS | Baconator,1497.9,6
6101,5479888,KC,1497.9,1
6102,355121,PHNM | Frostbyte,1497.9,3
6103,956404,L7 | FLan With A Plan,1497.9,1
6104,54852,Remina,1497.9,2
6105,1895030,Stardust,1497.9,1
6106,318371,-R | Mask,1497.9,5
6107,1239178,zx,1497.9,3
6108,5460868,Sodamy | Alberto FGC,1497.9,1
6109,1194404,MD/VA | PPSD,1497.9,3
6110,1435276,Bentley University A,1497.8,1
6111,1148580,Madison Turner,1497.8,3
6112,2348215,Divine Wizard,1497.8,1
6113,2331658,SBU | Hurricane_Slash,1497.8,9
6114,1435011,Smoke,1497.8,1
6115,1333355,Holy Cross,1497.8,1
6116,1251271,chance,1497.8,3
6117,636326,MegaVulcan3000,1497.8,2
6118,966182,Smunch,1497.8,2
6119,66940,Uncivil ninja,1497.8,1
6120,2756971,me :),1497.8,2
6121,1130162,Rocket-Bot,1497.8,2
6122,2735072,131 | Taman,1497.8,5
6123,782983,REMiX,1497.8,2
6124,4211164,SM | Viryzn,1497.7,5
6125,4157664,HALO | Sr-Huge,1497.7,2
6126,3776583,NoirCyan,1497.7,1
6127,931180,EZScape,1497.7,1
6128,55592,ABSO,1497.7,2
6129,1875152,MC | No Mercy!,1497.7,2
6130,4369445,cmeonline,1497.7,3
6131,4223919,MDH | anastasia,1497.7,3
6132,3488105,Heckbucket,1497.7,2
6133,160282,GG | Buandon,1497.7,1
6134,3396211,Reptavian,1497.6,1
6135,2517143,Amaryllis,1497.6,1
6136,4980087,Sucrose,1497.6,1
6137,4910263,Meta-Man,1497.6,2
6138,1894348,scruffie:)),1497.6,1
6139,2520912,Slippery,1497.6,1
6140,1934388,San Kiro,1497.6,1
6141,1159515,Abiotic,1497.6,3
6142,172151,Jaymillex,1497.5,2
6143,5373260,BeanWtr,1497.5,2
6144,5493346,Xondet,1497.5,1
6145,230483,ØMS | Mata,1497.5,3
6146,3052184,Team Rocket | Ross,1497.5,7
6147,4157186,GORDO | TFO256,1497.5,3
6148,2746807,the pebble,1497.5,4
6149,2489154,Geese_L,1497.5,1
6150,1686838,Ultimate,1497.5,3
6151,3051948,Schmiggle / LuigiDood,1497.5,20
6152,1881284,Zalda,1497.4,1
6153,2379973,131 | Ham Burrito,1497.4,21
6154,1018662,TC/DBE | CTH,1497.4,3
6155,2619769,FS | M4NC0MB05,1497.4,2
6156,993479,Xaalbar,1497.4,4
6157,5125510,GWU | flycatcher,1497.4,2
6158,3652185,Davud,1497.4,3
6159,1233968,Snagger,1497.4,1
6160,4955355,BigSloshyNuts,1497.4,1
6161,1951451,Eto,1497.4,7
6162,3473016,box,1497.4,2
6163,4812605,SuperStuyBros | The_nub,1497.3,4
6164,2659808,X1,1497.3,1
6165,1105834,At Dusk,1497.3,2
6166,4560181,LT | Narumi,1497.3,3
6167,2429087,St.Edgy*],1497.3,1
6168,171216,Gimmick,1497.3,1
6169,4382227,AOE | TripleDededeluxe,1497.3,1
6170,1792690,RPL | PainShane,1497.3,7
6171,1479891,PHNM | Chunky,1497.3,2
6172,1105734,Moonlit,1497.2,2
6173,4916524,Earv,1497.2,3
6174,2681992,Luka J.,1497.2,1
6175,4989400,Jammin',1497.2,4
6176,1185494,Christian / Adam,1497.2,4
6177,1641546,Que$o y $hrutik,1497.2,5
6178,649234,P9V | Revilo2112,1497.2,5
6179,2686139,Ornik,1497.1,2
6180,154487,LYM? | PMA | JTab,1497.1,4
6181,3256876,AO5 | ImPhenyl,1497.1,1
6182,1091077,Sal,1497.1,4
6183,1227401,TFT | Frank,1497.1,1
6184,3333888,Ornik,1497.1,216
6185,50686,Mr.Zercon,1497.1,1
6186,1258657,大塚商会 | マーク/Mark,1497.0,1
6187,1218383,MilesisBae,1497.0,1
6188,15886,Khakis,1497.0,1
6189,3323589,Free Pie on Mondays,1497.0,1
6190,971731,EC | TRC | Shweepy,1497.0,2
6191,4549651,remnant,1497.0,1
6192,1744041,Cynda,1497.0,1
6193,4459644,Chance,1497.0,2
6194,1737213,DO | 9TH | Kuwabara,1497.0,2
6195,3024087,YBG | Lilgame10,1497.0,2
6196,1810274,WeFarmFrank | Olive,1497.0,1
6197,1299004,always,1497.0,1
6198,1287199,PhantomsCode,1497.0,2
6199,1093655,CDuce,1497.0,8
6200,1227171,Typical!,1497.0,5
6201,3530205,サムライ,1496.9,1
6202,3991446,TFT | BigCheese,1496.9,1
6203,623037,ReDreamer | Onex,1496.9,9
6204,5180858,Wumbo,1496.9,1
6205,1241417,King J / SILK,1496.9,2
6206,956331,Dj,1496.9,3
6207,275290,kedron,1496.9,2
6208,171444,VDTC | Twan,1496.9,3
6209,4861474,Riiku Laylee,1496.9,4
6210,4148593,Stelter,1496.9,3
6211,3887973,Nintenbro,1496.9,1
6212,2088009,Hassy,1496.9,2
6213,3698114,NVS | Reshiraven,1496.9,3
6214,1547543,MHU | Marfram,1496.9,2
6215,1742636,Death | Bryan the brain,1496.8,1
6216,1720507,R0YEL,1496.8,2
6217,2926115,SuperNova,1496.8,2
6218,246513,MEAT UP! | Secret,1496.8,2
6219,1005782,TM7_ZAP / Psysilex,1496.8,3
6220,5400265,Phosphora,1496.8,3
6221,3687949,UMU | BIGLEAFEONFAN,1496.8,4
6222,223690,Godly / McDuckerz,1496.8,2
6223,1623602,EDS | Big Bean Oozaru,1496.8,2
6224,3581632,LMP | Gilgamesh,1496.8,1
6225,1596637,Sn3aky,1496.8,1
6226,1472118,SSL | PizzaTime,1496.8,1
6227,4178914,Shiftedfn,1496.7,1
6228,3124751,YBG | coolkid,1496.7,4
6229,2045245,Brazilnut,1496.7,1
6230,3892820,Gyler,1496.7,3
6231,2693171,All Star | Just J,1496.7,3
6232,268613,offTurbo,1496.7,1
6233,3863073,SR | Tanito23,1496.7,5
6234,3412161,EPH | CBC | BH | Mr. BruhStarඞ,1496.7,1
6235,4975850,Krabbs,1496.7,1
6236,1196926,Railgun,1496.6,2
6237,353854,Bliss~,1496.6,3
6238,3219575,HBL | 8bitOrange,1496.6,1
6239,1458183,Nook | worrykong,1496.6,1
6240,3817112,Sutiiven,1496.6,1
6241,526813,skrazy,1496.6,3
6242,2149121,SDD | TSR:ACT | Joseph Cho,1496.6,2
6243,1506443,PL | IX,1496.6,2
6244,2764253,Flynn M.,1496.6,1
6245,5325555,Owen / William,1496.6,1
6246,2566397,メイド,1496.6,1
6247,1312649,KOPA,1496.6,3
6248,1655867,Micicletta,1496.6,3
6249,4200238,ABT3/BTE/TR | Cruz,1496.6,2
6250,1252101,Maxa,1496.6,77
6251,1333452,21S | NEON,1496.6,2
6252,1406930,Flowz,1496.6,1
6253,1571567,gmabler | Aquatic Boat Service,1496.6,1
6254,2191486,Let me be | Frankis,1496.6,78
6255,212574,Naytro,1496.6,1
6256,1303430,G.E,1496.6,3
6257,936817,shnazzy,1496.5,4
6258,413057,Zetami / Junya,1496.5,1
6259,1256603,JHN 3:16 | KingPlaypen,1496.5,1
6260,12977,GuitarLord,1496.5,1
6261,2048582,ML | ÑFC | Crisra,1496.5,1
6262,3980092,DorfPilled,1496.5,2
6263,2815133,Crisgabo,1496.5,1
6264,5410776,JCD4ME,1496.5,1
6265,5491625,Milai,1496.5,1
6266,1977362,LYM? | Inkzey,1496.5,1
6267,1801068,Wallaby Joe,1496.5,4
6268,358345,Bloom | ZG,1496.4,91
6269,959027,ZeXa,1496.4,96
6270,1762854,UNCG | Stargazer,1496.4,2
6271,5031352,MTG | Pizza_Hour,1496.4,1
6272,2784235,Dark,1496.4,1
6273,704448,Prant,1496.4,77
6274,5456470,The Human Spider,1496.4,1
6275,1476113,docter jovan,1496.4,3
6276,4191425,PaNaNegr0,1496.4,1
6277,3608919,TheSlackingSloth,1496.4,2
6278,3474442,gaxe,1496.4,1
6279,5211107,alizatf,1496.4,2
6280,2310084,stress,1496.3,76
6281,2784234,Geekyboy,1496.3,1
6282,2831290,dacocoyo / big slimy greaseball,1496.3,1
6283,128055,Erin,1496.3,1
6284,1828578,SRN | Shrek,1496.3,1
6285,4156548,8300 | lugo8300,1496.3,1
6286,2735086,TikTok shop | Dr but terkel,1496.3,15
6287,1972053,TBG | ECR | Thena,1496.3,2
6288,71414,FP | Chavo,1496.2,2
6289,5141082,Netanyactually,1496.2,2
6290,3058645,JTNomad,1496.2,2
6291,1538223,Bobo,1496.2,1
6292,24025,Sharpedo43,1496.2,2
6293,2446367,TINIEBLA_RD,1496.2,2
6294,2421472,UNCG | bianca,1496.2,1
6295,4674219,Scrubs,1496.2,10
6296,1347089,tbender,1496.2,2
6297,941889,Yangry,1496.2,4
6298,1423037,MVQ,1496.2,1
6299,4662362,E.M.P,1496.2,1
6300,5205633,TUC | ssaki,1496.2,1
6301,140863,cry4U,1496.2,1
6302,1179078,CCE | Beet,1496.2,1
6303,809818,IHL,1496.1,7
6304,1044355,Gob,1496.1,16
6305,3806811,$urgical Cupid / INVINCIBLE,1496.1,13
6306,2028714,Hockey,1496.1,2
6307,1736221,InsertName9001,1496.1,1
6308,4811495,fluffysheep17,1496.1,1
6309,67357,CF | | PikPocket,1496.1,4
6310,523704,US | Blackbird,1496.1,3
6311,153965,BESITOS,1496.0,1
6312,1597688,CHA | Oda,1496.0,1
6313,2665249,SOL | SINIX,1496.0,1
6314,247490,R&S | Pala,1496.0,1
6315,1836571,YBG | Jeffdaboss,1496.0,3
6316,469569,Sheen,1496.0,5
6317,3268179,Blug | Potatobagel,1496.0,23
6318,2114774,Fantasia,1496.0,7
6319,1064717,Hidden Flame | Mustang,1496.0,1
6320,2768061,Lincorp | Millard,1496.0,2
6321,3406786,10K | Mr.webadas,1496.0,2
6322,2433497,KornDog | E Man,1496.0,6
6323,699618,Skeleton,1496.0,1
6324,1907439,USM | KOOL-AID!,1496.0,1
6325,2471840,Tbone,1496.0,1
6326,1083900,LG BT | bonn,1496.0,2
6327,863959,Washedfraud? | CK67,1496.0,1
6328,2402929,VS | Yuga - B,1496.0,1
6329,970175,2K4D,1496.0,97
6330,549780,tea,1496.0,2
6331,2295023,Ninja | Ninja99,1496.0,3
6332,3439005,Mad_Tricky,1496.0,1
6333,348897,A | Raven,1495.9,3
6334,2357305,gozen,1495.9,1
6335,1156985,The New Jersey Turnpike,1495.9,7
6336,1402993,Pekkeman,1495.9,7
6337,5314829,Kiichigo,1495.9,1
6338,196121,FSC/SK | Xan Darei,1495.9,1
6339,1334879,おおトロ,1495.9,1
6340,1781624,Sandschloss,1495.9,1
6341,5483124,walmartsFinest,1495.9,1
6342,5198389,Shinigami of Miracles,1495.9,1
6343,1655031,MAD | Yob,1495.9,1
6344,3117162,Luckness,1495.9,1
6345,1898471,キョン 4TOS | SpagEddie,1495.9,4
6346,5489954,FC | BÄ$H,1495.9,3
6347,231519,NBH | FRauDFiSH,1495.9,1
6348,5436986,Unsane,1495.9,1
6349,2578638,Leroy,1495.9,1
6350,1491803,Feet | boi,1495.8,2
6351,5119,Low Expectations / Azdiff,1495.8,1
6352,1512473,犀夏/Seika,1495.8,1
6353,4823446,John,1495.8,3
6354,2578622,Shadow KO,1495.8,1
6355,3702332,ECW | AeterNix,1495.8,1
6356,3191843,Garrett.CO,1495.8,1
6357,1587766,硬いうんこ | Cacca Dura,1495.7,1
6358,1321137,Chimi,1495.7,2
6359,1351668,TFO256,1495.7,2
6360,129049,Chooch,1495.7,2
6361,2216513,insertname / Jmanok11,1495.7,1
6362,65516,Sin | SMB,1495.7,8
6363,4803103,H3RB0T,1495.7,1
6364,2793149,WSU | Dabidizumu,1495.7,1
6365,3012251,ChombaNO1,1495.6,1
6366,1307871,NS | NickSF,1495.6,3
6367,1272848,ShyTy,1495.6,3
6368,2478240,Red Topaz,1495.6,1
6369,2058642,lil'Squeak,1495.6,1
6370,4725781,YUM | iywo,1495.6,1
6371,5235351,Teezer,1495.6,1
6372,3368213,遠呂智,1495.6,1
6373,3402519,Naenia,1495.6,1
6374,954308,real | Crimsona,1495.6,2
6375,1375442,Spes,1495.6,1
6376,1564633,jayden,1495.6,1
6377,4661585,OtterBox,1495.6,1
6378,1759874,Squidbear221,1495.6,1
6379,2478509,Geg | Unibob-omber,1495.5,1
6380,1331009,Blue-Z / Greenix,1495.5,4
6381,2454348,Obi,1495.5,3
6382,2844815,Honored None | Honest but true,1495.5,1
6383,2605918,Zamu,1495.5,1
6384,1956641,Bon,1495.5,1
6385,974361,HB | Jummy Jummy 2x,1495.5,3
6386,4314499,サヨナラノツバサ,1495.5,1
6387,5259522,ElBanSGod | Deab,1495.5,1
6388,3655700,LuBando,1495.5,3
6389,1105259,Fortnite | Ariana Grande,1495.5,2
6390,1256042,AlexAlxAlxAlex | Alex,1495.5,5
6391,2269757,SV | Aqua7ic,1495.5,2
6392,4924,Emotion Engine,1495.5,2
6393,205133,DM/KZ | Javi,1495.5,1
6394,3362871,Sunlan,1495.5,1
6395,4870169,OrangeReaL,1495.5,1
6396,1342410,じゃがめ,1495.5,3
6397,2978830,Ponflex,1495.5,1
6398,3809504,String,1495.4,1
6399,4424736,KapnOlimar,1495.4,1
6400,4184303,lulde,1495.4,1
6401,3675333,wdage,1495.4,1
6402,2428816,Vernias,1495.4,1
6403,3868545,Kruton,1495.4,1
6404,1061096,TyloRen_,1495.4,1
6405,2056899,sdmc | parker,1495.4,1
6406,1148140,Sterben,1495.4,1
6407,4105042,Simon Hamilton,1495.4,1
6408,1791915,ExoStormer22 / Jorwill,1495.4,1
6409,353147,Quintessence / fartmaster42,1495.4,1
6410,2701495,MS | jag,1495.4,2
6411,1201225,Huh? | Kunck???,1495.4,1
6412,2494022,Susu,1495.4,1
6413,1905180,いしはらまや,1495.4,1
6414,3710299,Popeyes | Jamal,1495.4,5
6415,1892552,Aalaxel,1495.4,3
6416,147771,Viscera,1495.4,1
6417,2967809,SFA | Femto,1495.4,1
6418,995288,BeerdGamer,1495.3,8
6419,3377134,てんぱーマン,1495.3,1
6420,1161432,ZAS,1495.3,2
6421,1506288,pwd | maeve,1495.3,1
6422,2121216,Cherries.,1495.3,1
6423,5461546,Reis,1495.3,3
6424,533544,Bread | BreadedShark,1495.3,1
6425,217575,Exalt / Just.red,1495.3,1
6426,1714367,Swankified / Jam,1495.3,1
6427,246246,ID | MOMO,1495.3,1
6428,15159,SuperGirlKels,1495.3,6
6429,4726196,DH | EDEN!!!,1495.3,3
6430,1731283,Kwas,1495.3,1
6431,1408428,FIU | LukasCorn,1495.3,1
6432,3489,Nebulous | KillaHertz,1495.3,3
6433,4984845,FredWarnerFan54,1495.3,1
6434,3806478,たにこ,1495.3,1
6435,1946855,JMiSSF2,1495.2,1
6436,4384286,M,1495.2,1
6437,1929143,LR | Hydride,1495.2,4
6438,30727,OUT SF CRC | Regi Shikimi,1495.2,1
6439,2449095,Danny,1495.2,1
6440,1781877,Vicegrip1302,1495.2,1
6441,1170738,TnT | Dampé,1495.2,1
6442,2389877,Ace,1495.2,1
6443,3292454,captainLED,1495.2,1
6444,1084365,Bill Smith,1495.2,1
6445,2609445,Bluba,1495.2,2
6446,216366,Kip! / Yonko,1495.2,1
6447,3799089,TK1,1495.2,8
6448,4915766,RIPON | Project 7,1495.2,1
6449,2206508,GILGIL MACHINE,1495.2,1
6450,4227557,キノピオ,1495.2,1
6451,746335,rong,1495.2,3
6452,916729,Kipper,1495.1,1
6453,28487,Bluebell,1495.1,1
6454,1796344,Dev,1495.1,1
6455,1059575,THE | ddlop,1495.1,1
6456,2447845,SmU5h | Buddah__0,1495.1,2
6457,3546488,YBG | SStar,1495.1,1
6458,2147328,Vinyl Scratch | Peppers,1495.1,3
6459,3821777,Emerald_87,1495.1,2
6460,1650734,Heavenof3s / ShinyEspeon,1495.1,1
6461,2350842,GRN | Bingus,1495.1,13
6462,3685947,BH/ETL/PB/ECW | D,1495.1,1
6463,595222,^PROGRESS^,1495.1,3
6464,2428820,Rocket,1495.1,1
6465,146567,Dembo,1495.1,1
6466,1009660,JL | Zoruya,1495.1,3
6467,4303680,HoP | Kairos,1495.1,2
6468,2389887,Sleezy,1495.1,1
6469,58547,Panti,1495.1,1
6470,5469870,BIG40ACHER,1495.0,1
6471,2412391,UNCG | cleo!,1495.0,1
6472,4851719,NovelKnights | AidanZ,1495.0,1
6473,410303,Currupt,1495.0,3
6474,5023644,Finn,1495.0,1
6475,523480,Bethanol,1495.0,1
6476,3336724,Machu,1495.0,1
6477,965572,K.O.,1495.0,7
6478,342085,ChaChaZee,1495.0,1
6479,2636098,Ashtoric,1495.0,1
6480,3661586,Eon Duo | Latios,1495.0,1
6481,1742878,BTU FF | KNolito,1495.0,1
6482,3103901,Apparition,1495.0,1
6483,5060935,TSC | Vid,1495.0,1
6484,4341187,JN_ZXN,1495.0,2
6485,1870502,D4C(APR30),1494.9,1
6486,2218785,ゴリオカ,1494.9,1
6487,3789269,MattMcGee,1494.9,1
6488,3797815,WIDNR | NHAL-FED,1494.9,1
6489,1548782,JESPORTS | Uuak,1494.9,1
6490,3291204,FFNF,1494.9,1
6491,5442260,Fill-up,1494.9,1
6492,1713851,Tee,1494.9,1
6493,1583456,Tommil,1494.9,1
6494,3510774,Zarner,1494.9,1
6495,4012249,S7 | Astra,1494.9,1
6496,4252121,viol,1494.9,1
6497,2522210,Mr. Bell,1494.9,1
6498,1599041,Tom Kroos,1494.9,3
6499,5321735,TomadachiLifeFan67,1494.9,2
6500,3993961,Alex,1494.9,1
6501,3032640,TAS | Maigo,1494.9,1
6502,25967,SRG | Moburu,1494.9,1
6503,1881882,Lou Kiss,1494.9,1
6504,4533601,PapaChief93,1494.8,1
6505,152357,DT | Joshua,1494.8,1
6506,1726915,ROK | Surehyper,1494.8,1
6507,3070186,Axix,1494.8,1
6508,324682,Struggleton!,1494.8,1
6509,5514320,The Packer,1494.8,1
6510,1655120,AnHane | Tale,1494.8,1
6511,5318189,BTE | HLW | Rise!,1494.8,2
6512,5380566,Joe-Sephiroth,1494.8,1
6513,1638320,OFF | Bigshorty,1494.8,1
6514,1519564,IBB | TheGoldenGibus,1494.8,3
6515,4674996,HU | Fearless,1494.8,2
6516,680930,Feech Lamanna,1494.8,1
6517,2775299,SBU | Sanjid,1494.8,81
6518,4447035,Yeetzo,1494.8,1
6519,714012,jeck,1494.7,1
6520,5297554,Mystogan,1494.7,1
6521,424620,The Law / cobbler. / PenguinBud,1494.7,3
6522,3270943,Steven,1494.7,1
6523,2999962,Allen | Allen97W,1494.7,1
6524,908217,LilPharmaceutical,1494.7,1
6525,2131522,LemonActor,1494.7,1
6526,4614393,BS | frontoking,1494.7,3
6527,551123,Nycto | Eclipz,1494.7,7
6528,412869,plead,1494.7,1
6529,3174207,Satsui_No_Hollow,1494.7,2
6530,2412699,DGS | Rāzurion,1494.7,1
6531,2296761,zarakatunga | k0na88,1494.7,1
6532,345784,Gróg,1494.7,1
6533,3260485,906 | Dave,1494.7,1
6534,3022565,Sunset,1494.7,1
6535,224882,Ben Cheese,1494.7,2
6536,1283977,Noki,1494.7,1
6537,260607,PC Papi,1494.7,3
6538,1494596,loraswag,1494.7,1
6539,2709866,FS | Calvaflow,1494.7,1
6540,4641695,PDVSA | BrawlingVenezuela,1494.7,2
6541,1564962,axolot,1494.6,1
6542,5308649,Wizdumb,1494.6,1
6543,2032024,RICH | YOYO | Trtle,1494.6,3
6544,36516,FRD | XIF,1494.6,1
6545,4647955,CC | tone..!,1494.6,1
6546,2923052,DragonFGC,1494.6,1
6547,1894557,OUT | Lubra,1494.6,1
6548,1337180,TG/BH | ZEUS,1494.6,1
6549,3450659,Star,1494.6,2
6550,1688314,Shewple,1494.6,1
6551,5485322,niyzonn,1494.6,1
6552,2185044,SWR | 8L8 | HaVaJawbreaker,1494.6,2
6553,1669057,69 haha | Smoools,1494.6,1
6554,69244,Jordo,1494.6,1
6555,2255262,Gatsby,1494.6,3
6556,5068994,SSS | dbfc | Bardock,1494.6,2
6557,753207,GQ | 2XN | OverEazy,1494.6,7
6558,4149749,TWN | mynamewest,1494.5,1
6559,642736,Wob,1494.5,2
6560,2992726,Ryley,1494.5,8
6561,2286755,ONi | Etsy,1494.5,1
6562,1574325,Unoriginal,1494.5,1
6563,5485465,Partitio,1494.5,1
6564,863005,Puyaan,1494.5,1
6565,4386357,Nipp,1494.5,1
6566,1593038,JunE,1494.5,1
6567,1702155,AoC|BLZE | StriderX,1494.5,1
6568,16089,BB | FakeSnakeJake,1494.5,1
6569,4217538,Wctc | Bert Mungus,1494.5,1
6570,261145,Splatypus,1494.5,1
6571,3245734,ML / BTB | PiñaMurft,1494.5,1
6572,5118668,FzP | TabSoda,1494.5,1
6573,4573140,Tweeker,1494.5,1
6574,318910,conn3cting,1494.5,1
6575,1833031,G-Site | vacaTHEkiller,1494.5,1
6576,2650505,anomaly,1494.5,1
6577,1196613,Goldsmith,1494.5,6
6578,1253838,everyone else,1494.4,4
6579,2499943,鷹 | Cafecito,1494.4,1
6580,1728229,PS L.E.T | Istva,1494.4,2
6581,3775089,Armor_abs_krabs,1494.4,84
6582,5483282,Juice,1494.4,1
6583,4909245,RSC | クロちゃん,1494.4,1
6584,5463948,steezy,1494.4,1
6585,160095,tf | muh,1494.4,1
6586,2456696,Arkyluky,1494.4,5
6587,3605059,ZFN/DMS | Samael,1494.4,1
6588,3743052,SUPAH,1494.4,1
6589,246491,Reviewer,1494.4,1
6590,2541189,Princrim,1494.4,3
6591,4450692,Shep541,1494.4,1
6592,4039742,SMFN | Allgood,1494.4,1
6593,1686336,doc,1494.4,1
6594,2524617,VTG | Revolo,1494.4,1
6595,3852017,200 000 gigglebytes,1494.4,1
6596,185325,TH3K1L3R,1494.3,1
6597,4436720,LPH | HittoSan,1494.3,1
6598,230572,THE COUNCIL | Hwarplz,1494.3,1
6599,200280,Blue06,1494.3,1
6600,2466432,OwO | Mimikyusito,1494.3,1
6601,4870181,Uhhh | Ultra,1494.3,1
6602,3970602,Vernon_Broche,1494.3,1
6603,5335894,Angel<3,1494.3,1
6604,1488666,DGSpeedy,1494.3,1
6605,47499,KDHD,1494.3,1
6606,1261923,ChZr | Slimeking,1494.3,4
6607,65407,$town | Asidyx,1494.3,1
6608,141330,StaticGorilla,1494.3,2
6609,506529,Hideaway | Mitch07,1494.3,6
6610,2636285,VulgarKaiju,1494.3,3
6611,1001691,Unc | RuskiNurd,1494.3,1
6612,4069922,じゅーさん,1494.2,1
6613,3394455,FS | Cel,1494.2,1
6614,3267760,ZokerQ,1494.2,1
6615,1061,TONY,1494.2,1
6616,5500479,RaeDude,1494.2,2
6617,968461,PixLB / Twille,1494.2,3
6618,2979596,ChrisXtophers,1494.2,1
6619,5114287,Wheres | The Proof,1494.2,1
6620,2244148,Dr.Eddy / Dokja,1494.2,1
6621,2710105,RompeToto | Jose,1494.2,1
6622,5452710,Donswig,1494.2,3
6623,1357720,HensonLedo,1494.2,1
6624,2525465,WhyNotSebastian,1494.2,1
6625,2958325,jeuneracloo,1494.2,1
6626,5430862,Zaiking | SpaceGamer,1494.2,1
6627,3228133,WILL-IT-BEND,1494.2,1
6628,264164,ksmc.,1494.2,2
6629,1259101,Aether_Draws,1494.2,5
6630,2983396,Timber,1494.2,1
6631,3664358,Ebrahim,1494.2,1
6632,1640541,Xerrot,1494.2,1
6633,1464209,qaaaa,1494.2,3
6634,3340631,GojiTheYoshi,1494.2,2
6635,29678,[A E] | MajinMike,1494.2,1
6636,2374809,Chance,1494.2,1
6637,5377052,Huh? | Ranger Kenny,1494.2,1
6638,1714454,hotel Pneumario,1494.2,99
6639,2325024,Taboo,1494.2,1
6640,1224611,CorporateShinobi,1494.2,1
6641,544762,Free Agent | Narnia,1494.2,2
6642,4265646,D-Meister,1494.1,1
6643,3164474,API,1494.1,1
6644,4087326,BigGirl734,1494.1,1
6645,3271579,Cloak,1494.1,1
6646,874082,FroCo / BansheeBooVT,1494.1,1
6647,1165423,RPL | Strikejb,1494.1,1
6648,1871375,zaid,1494.1,1
6649,5442049,Vinci,1494.1,1
6650,2239925,TXC | JustRice15,1494.1,10
6651,3111902,SonixFanForever,1494.1,85
6652,240904,GRNT | Ippo,1494.1,2
6653,2657700,Ultra | Z | Cozy Melon,1494.1,3
6654,2365885,bonkler,1494.1,2
6655,3284652,EclipseW,1494.1,1
6656,3198548,faose,1494.1,3
6657,258725,SNT | Nexplosion,1494.1,1
6658,130976,Gatsby,1494.1,3
6659,1303458,Dig,1494.1,3
6660,3164263,RU | ゆづ,1494.1,1
6661,4345846,Osteller,1494.1,2
6662,2214751,Snowwolf1103,1494.1,1
6663,3761498,ValdoGlez / Kluu,1494.1,1
6664,3055380,OMG | Calzzetto,1494.1,2
6665,2994712,carrie <3,1494.1,1
6666,2821983,StingRey1,1494.0,1
6667,402143,Poyo,1494.0,3
6668,1304402,peenybobeenyweeny,1494.0,1
6669,5142271,Fruition,1494.0,3
6670,50259,BLE | SluG,1494.0,1
6671,3232314,T.O.S.S.,1494.0,1
6672,2749407,Skibs,1494.0,1
6673,5179442,King,1494.0,1
6674,468174,Zephyr,1494.0,3
6675,1807386,Master Mike,1494.0,2
6676,3478949,Tree,1494.0,1
6677,4216371,Storm,1494.0,1
6678,1214647,GCU | ledsit,1494.0,2
6679,4317335,alexmo_inc,1494.0,3
6680,1452882,Plaid / Parkinja,1494.0,1
6681,140090,ChocoTaco,1494.0,1
6682,2046696,Lunacy,1494.0,1
6683,2525580,Phl0w,1493.9,1
6684,51869,PHNM | Dazai,1493.9,1
6685,1012830,APE | WEEGEE,1493.9,97
6686,2097974,Agnes!,1493.9,4
6687,4085183,Frigid,1493.9,2
6688,637418,WNL | Lem0nade,1493.9,1
6689,2765345,Mr. SMILEY,1493.9,2
6690,4967835,Savage A.,1493.9,1
6691,5098250,Mexicola,1493.9,1
6692,5139057,Zer0flex<3,1493.9,1
6693,1486537,UMD | BooGa,1493.9,3
6694,2770837,PapaRivera,1493.9,1
6695,4257998,WIFI | NhelvNex,1493.9,2
6696,53498,Adwan,1493.9,1
6697,3730115,LTA | LuckyTheAlmond,1493.9,1
6698,1130327,SYN | 2NahMii,1493.9,2
6699,4991722,WHS | Tide,1493.9,1
6700,2770157,FGCC | HOG SQUAD,1493.9,1
6701,7962,Zuppy,1493.8,1
6702,2762902,FlowRoyale / Ms.Silly,1493.8,1
6703,1243430,SoundWave,1493.8,2
6704,316605,All Brawlers Are Beautiful,1493.8,1
6705,1035,Larry Lurr,1493.8,1
6706,3896942,UA | Ultimatetyson3,1493.8,4
6707,5321971,Jowii,1493.8,1
6708,1859454,Ghret Esports,1493.8,1
6709,681238,UWGB | KangasKong (KK),1493.8,1
6710,404789,THE PIZZA GUY,1493.8,1
6711,3813361,Striker Wizard Aesop Gang,1493.8,1
6712,1803667,Cozy,1493.8,1
6713,5512934,Aurafistkaz,1493.8,1
6714,1431269,BH/EPH/ZENT | Rolly,1493.8,3
6715,5479471,INKLING,1493.8,1
6716,433552,Soaring Xsylem,1493.8,1
6717,4121966,Nae,1493.8,1
6718,257917,sammm,1493.8,4
6719,1573809,The Joey,1493.8,1
6720,282201,ev,1493.7,1
6721,5161719,Blackknite,1493.7,2
6722,881802,Hypixel Non | VolTorian,1493.7,1
6723,967739,MB | Mkok,1493.7,1
6724,472954,5 DOLLARS,1493.7,1
6725,5219076,Lauren the Destroyer,1493.7,2
6726,2363600,AL | ZENT | Kotchaඞ,1493.7,1
6727,5409500,Chema,1493.7,1
6728,259852,big mo dilly,1493.7,1
6729,4328301,WAR | JohnLongGone,1493.7,1
6730,155241,VileSpecter,1493.7,1
6731,1362634,Scg | Takiyoku,1493.7,1
6732,5299310,Noobchris,1493.7,1
6733,4830484,King of Iron,1493.7,1
6734,28309,Reg4Gamble5 | Immortal,1493.7,3
6735,2448956,Jolino,1493.7,1
6736,1285562,Burn!,1493.7,1
6737,563732,KinJade,1493.7,1
6738,66084,Melee Stats | JCAM,1493.7,1
6739,48291,Mossy,1493.7,1
6740,5290711,HenryWeekends,1493.7,4
6741,1473030,GS2 | jBoneX,1493.6,1
6742,541191,SHUG | Mailiam,1493.6,1
6743,51488,NSE | Maher,1493.6,1
6744,3441362,Sky Striker Kais,1493.6,1
6745,3163923,875 | BlueBomber,1493.6,1
6746,5310073,RGB | Garvey,1493.6,1
6747,3978656,Flame1245,1493.6,1
6748,2437864,Glenn the Gamer,1493.6,1
6749,5482262,jaxson,1493.6,1
6750,1671354,Slime,1493.6,1
6751,158797,Zeke / Bardle,1493.6,1
6752,4297598,ToManySabers / JLee,1493.6,1
6753,3521577,fes | fes_77,1493.6,1
6754,1573868,KidBlaze,1493.6,1
6755,22876,Moist,1493.6,1
6756,46294,GGs | Malky36t,1493.6,1
6757,5300921,marlon,1493.5,2
6758,3118962,Fallen | Dazai,1493.5,2
6759,126808,OC | UWS | Remrin,1493.5,1
6760,3645711,Stormblessed,1493.5,2
6761,1296443,sentry | stubborn,1493.5,135
6762,53655,spiral | Franco,1493.5,1
6763,3412919,YTS | MJS,1493.5,1
6764,5428208,Goomba Freddy,1493.5,1
6765,5222798,Migz,1493.5,1
6766,1533290,BADDAN | Jinx,1493.5,1
6767,2520229,Luka,1493.5,1
6768,5311817,NoWhereMan,1493.5,1
6769,186257,H#SH3R,1493.5,1
6770,2131266,CarlJT,1493.5,1
6771,1213074,thiccboi2007,1493.5,3
6772,936935,Jason Julius,1493.5,1
6773,4287597,HoG | Blu_Menace,1493.5,2
6774,2167319,NS | Godly,1493.5,1
6775,974893,Syn! | Ocean,1493.5,1
6776,1283600,RTR | PUNX,1493.5,1
6777,2562582,Lucky,1493.5,1
6778,1029029,CK | All4None,1493.5,1
6779,1235398,Celest,1493.5,1
6780,5321960,Rudy,1493.4,1
6781,686290,Cloudy With a Chance of Lucid Dreams,1493.4,1
6782,5317234,UC | Matthew,1493.4,4
6783,5091756,1c | Matthew1c34,1493.4,1
6784,1348322,Black Mario,1493.4,1
6785,152038,Sand_Veil,1493.4,1
6786,4003599,Elilyth,1493.4,8
6787,1037901,green,1493.4,1
6788,4293140,BoratNorad,1493.4,3
6789,2230361,MG | ViaCher,1493.4,5
6790,1321120,Fire Guts | Kuuga,1493.4,5
6791,670589,DJ Pacman,1493.4,1
6792,1684974,Havdoc / Strke,1493.4,1
6793,4961621,Cheep,1493.4,1
6794,2205439,McChops,1493.4,3
6795,2775788,NaCl / Itsyaboysnoop,1493.4,1
6796,5009438,BH/CHCW | Crepa,1493.4,2
6797,427286,OP | HBK,1493.4,1
6798,1478412,ethanmac55 | Naz,1493.4,1
6799,e21740233,Raptor,1493.4,1
6800,618480,MTS | JuanWique,1493.4,2
6801,2875130,CLP | Ransom,1493.4,4
6802,155356,BYRD | Pixie Gangstereo,1493.3,1
6803,1176199,Gerbo,1493.3,1
6804,4789082,G-Corp | procuitto,1493.3,1
6805,4084688,Lone's #1 Fan | Roy,1493.3,1
6806,3978679,Wuigi,1493.3,1
6807,2133545,GCG | FunkMasterJeff,1493.3,80
6808,5524745,Mayonnaise,1493.3,1
6809,1171789,VL | Winter,1493.3,1
6810,2548825,OC | Dezarme,1493.3,1
6811,2158813,taco bell | tharja feet :3,1493.3,1
6812,1301859,John Do,1493.3,1
6813,5496397,Mochito,1493.3,1
6814,5307940,HUNG,1493.3,1
6815,921387,Bawk,1493.3,1
6816,1883206,masterqz,1493.3,1
6817,424197,MHM | \_Chris_/,1493.3,2
6818,5202390,Sokt G,1493.3,1
6819,2221216,beandy,1493.3,2
6820,51373,prof,1493.3,1
6821,1133425,UPMX | BanAnt,1493.3,1
6822,3017051,Michael Lulo,1493.3,4
6823,227332,KoR | Furon,1493.3,3
6824,4645083,Israel,1493.3,4
6825,1181118,Rat Gang | DanK,1493.2,1
6826,2709330,Phish,1493.2,1
6827,5282298,Dgonfolly,1493.2,1
6828,562507,Covert Corestrike Legion,1493.2,1
6829,2181360,Sehbai,1493.2,5
6830,1159836,NOVA | Mr.Rezee,1493.2,1
6831,3259211,UWGB | I Play Neutral,1493.2,1
6832,5499983,goku74thechamp,1493.2,1
6833,2462562,Astor,1493.2,5
6834,392674,TBH | NiiOwO,1493.2,2
6835,5167488,MAD | Yino_vx,1493.2,1
6836,2953138,deadbush,1493.2,1
6837,1107605,Woah Chills,1493.2,1
6838,1639695,Kulot / kero / yolea,1493.2,1
6839,3239201,presentmoon,1493.2,1
6840,1941393,RSC/LTC/ML | YORKY!,1493.2,1
6841,3247196,Shad0w,1493.2,2
6842,1521512,BxBonobo | dNa,1493.2,3
6843,4982106,Phocusx,1493.2,1
6844,56949,Deluxemenu,1493.2,4
6845,2100220,Waddle DJ,1493.2,1
6846,158630,MATE | 22K,1493.2,1
6847,3190693,George,1493.2,3
6848,160130,NeonManta,1493.2,1
6849,2274744,YBG DW | Dogi,1493.2,3
6850,4010437,ML/|GY| | BUHØ,1493.2,7
6851,5499741,Ch4teau,1493.2,3
6852,2091027,ZAPATOS | Zohar,1493.2,2
6853,2950745,Exo | Giggity,1493.2,1
6854,986789,WAR | Skaws,1493.2,1
6855,4161437,Big Rumbus,1493.2,1
6856,5384636,URBA | Urban Reptile,1493.2,1
6857,386192,Gogeta,1493.1,12
6858,2878967,boink3,1493.1,1
6859,45563,Flumey,1493.1,93
6860,3058612,TSX | Tabs,1493.1,1
6861,645322,Syn! | mits,1493.1,3
6862,5158109,Arrow assassin,1493.1,1
6863,4755558,Silvergren,1493.1,1
6864,3481392,64 | Lauriam,1493.1,1
6865,3967139,FearMonger,1493.1,1
6866,409314,pigeon,1493.1,1
6867,763285,PhoenixBlast,1493.1,1
6868,3617047,Husky Charf,1493.1,1
6869,57020,Goblin,1493.1,1
6870,3637449,Owasso | Silk Jinu,1493.1,1
6871,2129206,HalfLife,1493.1,1
6872,982369,Dingodile,1493.1,11
6873,5530723,V2,1493.1,1
6874,258173,4o4 | chrisymandias,1493.1,1
6875,5434848,Lefty,1493.1,1
6876,5517225,zuppscores,1493.1,1
6877,1631033,Hung | Mufn,1493.1,1
6878,3024654,Edward Mendoza,1493.1,4
6879,4478698,Ice Up!,1493.1,1
6880,5286139,Crabulous,1493.1,1
6881,1419124,TCM | | Chøpper,1493.1,1
6882,3938741,Meep,1493.1,2
6883,2195082,MemeMasterM,1493.0,108
6884,2972958,NONNA | Piggles,1493.0,1
6885,2179074,ECW | Tabs,1493.0,1
6886,903395,Xemi,1493.0,1
6887,3465365,ETW | NyxChaos,1493.0,1
6888,3481,ThePerfectName / Thickhug,1493.0,1
6889,4332816,Magnolia | Delirium,1493.0,1
6890,4303766,I <3 Zelda! | SB,1493.0,2
6891,4404045,Sodatentacles,1493.0,1
6892,1595624,YOGA University,1493.0,1
6893,1998734,UCSD | CorbinsCustoms,1493.0,1
6894,272600,blueraz / Dr. Kirb,1493.0,1
6895,70455,Rose,1493.0,1
6896,3484974,Team 6,1493.0,1
6897,1377424,Axios,1493.0,1
6898,5167908,MCav,1493.0,1
6899,4340511,Dark Catman / albert sux,1493.0,1
6900,5469872,Radiance,1493.0,1
6901,1541716,MayHo,1493.0,1
6902,3464012,PAWG | Wemby,1493.0,1
6903,836368,LSSJ,1493.0,1
6904,3997437,FA | MitchMutch,1493.0,1
6905,2307225,flock | BIG KNEE,1493.0,1
6906,265906,Cosolix / Rexehh,1493.0,3
6907,29821,Sweet Mayo,1493.0,3
6908,1601773,UGS | IceKnight,1493.0,1
6909,3253962,iso_indra,1493.0,1
6910,989587,4o4/UNC2 | StreetDzine,1493.0,1
6911,4369532,RadioDiamond,1493.0,1
6912,160016,Noggy,1492.9,1
6913,1541084,Funny Squad | Wolfpro,1492.9,1
6914,5444257,Blurz,1492.9,5
6915,3522369,Lil' Adrian,1492.9,1
6916,4919967,m3x3 | deshowo,1492.9,1
6917,5361774,surreal,1492.9,1
6918,1471626,Goob,1492.9,1
6919,4023653,doll,1492.9,1
6920,4636654,MRJ/PDM | DEACHTÓIR,1492.9,1
6921,5520160,N/A,1492.9,1
6922,2111525,Roseman,1492.9,1
6923,4418382,Pyromancer0820,1492.9,3
6924,585153,FourceArmor,1492.9,1
6925,1606402,WordofGod,1492.9,1
6926,3319684,Bernadetta,1492.9,1
6927,1191459,SMRAI | Kachurin,1492.9,3
6928,51309,FEAR | Doorstop,1492.9,4
6929,2228880,Calcifer,1492.9,3
6930,1453334,KT5,1492.9,1
6931,5327458,NME,1492.9,1
6932,4341476,Jude P.,1492.9,1
6933,2648974,CBD | JamStunna,1492.9,1
6934,4791595,OHS | MS_MUDKIP,1492.9,1
6935,5024702,oofems!,1492.9,1
6936,1261657,Solid,1492.9,3
6937,1261558,pootx,1492.9,3
6938,713196,RawSauce,1492.9,1
6939,2647284,RadarXIV,1492.8,1
6940,2339516,WhEthan,1492.8,1
6941,2232351,0TD | SMX199,1492.8,3
6942,3450949,oxygen,1492.8,1
6943,5136311,Gasparo!,1492.8,1
6944,22515,[RR] | MILK,1492.8,1
6945,5305671,Machina98,1492.8,4
6946,5425957,Brocc,1492.8,1
6947,1430247,UNCG | maverick :],1492.8,1
6948,4815415,mattth2w,1492.8,1
6949,2133183,Drio,1492.8,1
6950,1261560,LoFt,1492.8,3
6951,1244439,JENNY DONT LIKE US,1492.8,1
6952,3829058,Relivity,1492.8,1
6953,1113481,P-Town,1492.8,1
6954,1891783,WOD | Riven,1492.8,1
6955,1556535,Phirb's Friend | Lombardi,1492.8,1
6956,3751545,FruitDragon / Bananas,1492.8,1
6957,2714040,CX | Limehead,1492.8,1
6958,3466764,acolas fan,1492.8,1
6959,5166321,Rooster,1492.8,1
6960,1312554,Dig,1492.8,6
6961,151407,Antimony,1492.8,2
6962,1808977,KID,1492.8,1
6963,5507957,Cthooloo | Cthoolohoop,1492.8,1
6964,3999051,DonnuT145,1492.7,1
6965,2950268,Benkatony,1492.7,1
6966,2285385,KoK | Cloudy,1492.7,1
6967,4595245,Llamademon,1492.7,1
6968,3844060,Rxsee<3,1492.7,1
6969,4669455,MG | Arcana,1492.7,1
6970,1778121,KingCritical,1492.7,1
6971,5515437,King Penua,1492.7,1
6972,1362527,SBZ | TheComet,1492.7,7
6973,5457279,Gungunbat,1492.7,1
6974,1252042,JOmega,1492.7,1
6975,1374208,Sprauty / lem,1492.7,1
6976,142061,O w e n / Danny Fathom,1492.7,1
6977,5393404,Shin,1492.7,1
6978,1116690,UG5,1492.7,1
6979,415068,VARREL | Mizuha,1492.7,1
6980,2927520,Volpe,1492.7,3
6981,1973377,ZebraBoi69,1492.7,1
6982,353060,Binoo,1492.7,1
6983,1606588,Amine,1492.7,1
6984,4629101,SLM | Alexander LM,1492.7,1
6985,2152632,VES | OGS Shadow,1492.7,1
6986,2184862,Chriss,1492.7,1
6987,336966,Agent Honor,1492.6,1
6988,6937,Asaaj,1492.6,1
6989,5445158,Colin,1492.6,1
6990,1529692,Virtual Zorua,1492.6,5
6991,152627,OMG | Ziude,1492.6,1
6992,157956,My Cat | Hatsu,1492.6,2
6993,50813,Baggg Rodo,1492.6,1
6994,999324,Justdave,1492.6,1
6995,4512313,Stelter,1492.6,7
6996,5492579,Blast Onepiece,1492.6,1
6997,16111,Vash,1492.6,1
6998,46688,SRG | PurpleDolphin,1492.6,2
6999,4503728,Cui,1492.6,1
7000,2348706,Lieutenant,1492.6,1
7001,3645277,Tung$ten,1492.6,1
7002,993741,Se7enTales,1492.6,1
7003,25649,Charlie Brown,1492.6,1
7004,3761380,GORDO | TFO256,1492.6,1
7005,5013499,COOK | Haruka,1492.6,1
7006,2212783,EAST COAST HOUSE OF TECH,1492.6,1
7007,5501384,goldraptor217,1492.6,1
7008,1005281,POW | AJ Sauce,1492.6,1
7009,1079165,Adge AF,1492.6,1
7010,3968784,4thehorde | Brox,1492.6,1
7011,4972115,TaintBrain,1492.6,1
7012,3956582,systemicKaos,1492.6,1
7013,1029225,SorB,1492.5,3
7014,1362345,Shlock Bopper,1492.5,1
7015,1106841,UF | Zage,1492.5,1
7016,4440070,Gotmilk,1492.5,14
7017,299179,colorfulchaos,1492.5,1
7018,2355909,TanK,1492.5,1
7019,952013,DCRiBBZ,1492.5,2
7020,3430772,FritZ,1492.5,1
7021,1821067,BoneDoggler,1492.5,1
7022,1515724,Smiles,1492.5,1
7023,4912,Firewater,1492.5,2
7024,2541776,いわや,1492.5,1
7025,2477049,QuietAlien,1492.5,1
7026,1038971,BTR | CatTheHun,1492.5,1
7027,322869,Danny,1492.5,1
7028,24786,12G | BDS,1492.5,2
7029,5281244,PenguinBud,1492.5,1
7030,5241690,NTHS | BruDeLeche,1492.5,1
7031,5427349,Mr.Az,1492.5,1
7032,1878086,SINGERIE,1492.5,2
7033,4720474,Dmi | Marie_ow,1492.5,1
7034,2901040,KRVN | Presto,1492.5,1
7035,1192458,LS | Aeneas,1492.4,1
7036,191466,PBJ|ZASE|2B | kino.,1492.4,5
7037,469943,Okair,1492.4,1
7038,938183,Headpat Homies | Vivian,1492.4,1
7039,5017773,RDR | OVA | Arbupa,1492.4,3
7040,5532500,Kyle,1492.4,1
7041,225724,DJ,1492.4,37
7042,1688989,Dreamer,1492.4,1
7043,1884095,JDB | Jard,1492.4,1
7044,4558402,Mr. Monkey,1492.4,4
7045,3653604,ATR | SOC2 | Jvee10,1492.4,1
7046,4178813,NVCC | Pikmin2,1492.4,1
7047,2383086,HVI | HermanVI,1492.4,13
7048,2675630,Phantom,1492.4,1
7049,5445155,Joe Cool,1492.4,1
7050,2196760,Hammer,1492.4,1
7051,3503498,Cylo,1492.4,3
7052,1852940,AF/ETL/Tu Mami | PKPK,1492.4,1
7053,4753524,Cgz | Shanks,1492.4,1
7054,50896,TSB/DRVN | minatums,1492.4,1
7055,3579022,DaussCorp | | Dauss_,1492.4,1
7056,3338095,Dat,1492.3,1
7057,411423,BTraytor,1492.3,1
7058,2440104,andy,1492.3,3
7059,5397001,AndThisGuy,1492.3,1
7060,1106347,FSG | jlisto,1492.3,1
7061,3196650,THE JOY | Swan,1492.3,4
7062,50038,Marko Polo,1492.3,6
7063,29657,BCe | LuckFromTheVoid,1492.3,1
7064,3029761,... | SCP- D-A-N,1492.3,3
7065,151395,Sully,1492.3,1
7066,1839457,s-man,1492.3,1
7067,2394249,sleeplessval,1492.3,1
7068,3007934,CT,1492.3,1
7069,21645,Sackrine | KoopaKev,1492.3,3
7070,53715,Tickle,1492.3,1
7071,553766,saboten,1492.3,3
7072,137374,Bodega Boys,1492.3,1
7073,4971586,Jak,1492.3,1
7074,156295,Mr. Calt,1492.3,1
7075,1228000,CG9,1492.3,3
7076,1636927,Xero / Whatty,1492.3,3
7077,2058363,Calamari,1492.3,1
7078,1626150,9th | Spidey711,1492.3,1
7079,1899071,ÑFC | Tornado X,1492.3,3
7080,10746,247 | legit247,1492.3,1
7081,1547175,BYK | Laurens,1492.3,1
7082,3734073,🎨Arts & Crafts🧩,1492.3,1
7083,5479491,kareemius,1492.3,1
7084,966241,Monjero,1492.3,7
7085,4211754,Clancy,1492.3,1
7086,1003035,PsychoSaiko,1492.3,1
7087,33426,Scootch,1492.3,1
7088,2843307,GVaughn,1492.3,1
7089,5283554,CHS | F4d3d0ut,1492.2,1
7090,2504996,sls,1492.2,6
7091,4140735,Discipl3 Clan | MatthewTheDiscipl3,1492.2,1
7092,2872769,8B | Skahla,1492.2,1
7093,5314250,Taterz,1492.2,1
7094,2178609,AK-47 in my PANTIES!!!,1492.2,8
7095,1301212,hrtbrk,1492.2,7
7096,1620950,POPOFF,1492.2,3
7097,5427548,NP | UniTy,1492.2,5
7098,624143,SLG | Jiggywiggy,1492.2,2
7099,172279,SuperGinger,1492.2,1
7100,1140268,4Kanata | Echofire,1492.2,1
7101,71227,OUT SF ML | Quintero,1492.2,1
7102,3643455,TTU | SIMR,1492.2,2
7103,4966258,TeeFree,1492.2,4
7104,4925778,TAS | Solemnly,1492.2,1
7105,5452486,Axiom,1492.2,3
7106,1231280,AXE | jenghi,1492.2,1
7107,4679,WG | Equal,1492.2,1
7108,5513443,RG | goattank,1492.2,1
7109,3641701,Shs | Midnite,1492.2,1
7110,5494902,Cowboy,1492.2,1
7111,2159416,TS4 | austen,1492.2,1
7112,1635244,Krankees,1492.2,1
7113,2467850,THEMEN | JordyT,1492.2,1
7114,1645328,John,1492.2,1
7115,2358585,iWentToEvo,1492.1,1
7116,2649793,Cherrycherim,1492.1,1
7117,1476094,skilled roy,1492.1,3
7118,1043167,ren,1492.1,1
7119,1096840,CC | Anthzeny,1492.1,5
7120,2979661,TingTong,1492.1,1
7121,1129590,blaznic,1492.1,1
7122,3819446,f(x)=2[K] | Conspiracy,1492.1,1
7123,1251369,Forbidden,1492.1,3
7124,157024,TSwiftFan420,1492.1,1
7125,4614818,KSN | Chipilin,1492.1,1
7126,529551,lizardman,1492.1,1
7127,5452497,popcorn,1492.1,1
7128,1631661,EGG | Nelu,1492.1,1
7129,4498831,585Z | AresInferno,1492.1,1
7130,19925,L7 | Breakfast,1492.1,3
7131,1063769,Diazo,1492.1,1
7132,504350,HP | Altruant,1492.1,1
7133,1292162,BKB | Governor,1492.1,1
7134,223226,j10sm,1492.1,1
7135,5497185,Ghoulius,1492.1,1
7136,3394174,Tactical,1492.0,1
7137,128287,DT | Jeshua,1492.0,1
7138,2543746,Bert,1492.0,4
7139,54574,Axios / Winro,1492.0,1
7140,36491,sandbag,1492.0,1
7141,1588287,Thicc,1492.0,3
7142,3147429,Nand0,1492.0,1
7143,343777,DylPickles,1492.0,1
7144,2059964,Monihalla / flower,1492.0,1
7145,3755094,美团外卖送啥都快 | Tom,1492.0,1
7146,2798409,Dreamz,1492.0,3
7147,5376946,BCCE | DuhBeeKeeper,1492.0,1
7148,3092431,Christianman/Gamerguy,1492.0,1
7149,3966376,STJ,1492.0,1
7150,65594,Crimock,1492.0,6
7151,1475525,Government,1492.0,1
7152,2637636,007 | Pnumzz,1492.0,1
7153,4754684,dazzlediesel,1492.0,1
7154,5146501,YPKJay,1492.0,2
7155,2339501,BN | 0zwA,1491.9,1
7156,5535026,Minerva,1491.9,1
7157,2554626,Kaizz,1491.9,1
7158,5152389,T0RntheC0r3,1491.9,1
7159,3060782,EDLN SSE | Tat$e,1491.9,1
7160,3513022,noserock,1491.9,1
7161,5502087,M00SE | FlufffyBuiBui,1491.9,1
7162,1488642,king rudin,1491.9,3
7163,147403,Seal King Barbaros,1491.9,3
7164,1670607,OCO | Sophist,1491.9,1
7165,5092814,JENOVA | OCHIGA,1491.9,1
7166,54439,DM 4Rubias | emmkleo,1491.9,1
7167,1726498,Papi,1491.9,1
7168,1231282,BerrySlushy,1491.9,1
7169,375131,Perrofon,1491.9,1
7170,4824432,Soulz,1491.9,1
7171,5279125,Keo,1491.9,2
7172,416043,AVTU | Jeffro,1491.9,1
7173,4731370,Djeigh,1491.9,1
7174,1525195,Bloom | Seoul,1491.9,1
7175,494602,LS | Kevco,1491.9,1
7176,62425,GWW | Capsize,1491.8,1
7177,1066313,Kqt | Cassiopeia,1491.8,1
7178,2228279,USCU | Taskbot,1491.8,1
7179,7414,smasher1001,1491.8,1
7180,356951,Gatorman JD,1491.8,1
7181,1219089,Scorpio,1491.8,3
7182,2583219,beluga,1491.8,1
7183,2127045,TeighterTot,1491.8,3
7184,476272,Kenneth / Mackaylen,1491.8,1
7185,1691916,dahlia!,1491.8,1
7186,2253179,Jr.,1491.8,1
7187,3091259,c.c.,1491.7,10
7188,3461918,Umm / CosmiClown,1491.7,1
7189,3430487,The Duuds and their fire attacks,1491.7,1
7190,2284578,Kepler22 | REV | Masstxr,1491.7,3
7191,710831,UKIT,1491.7,2
7192,3935555,Rat,1491.7,1
7193,5489195,PvZ | Doodlemax,1491.7,1
7194,4823476,Data,1491.7,3
7195,855372,hazywoods,1491.7,1
7196,919606,LetItRain,1491.7,1
7197,5449230,Duckscout,1491.7,1
7198,4328549,TFF | Dr. Sock,1491.7,1
7199,1834850,MSU | Zammo,1491.7,1
7200,4376865,CheeseGamer,1491.7,1
7201,4165692,SpiritBomb,1491.7,1
7202,5499827,The Muscle Doll,1491.7,1
7203,5509526,Tea,1491.7,1
7204,172282,PB | Lynx,1491.7,1
7205,2738244,MilkT,1491.7,3
7206,2229027,ACR | Majin Yugo,1491.7,1
7207,3496844,ODU | Martianman,1491.7,1
7208,329550,DM|CBC | FinixOj,1491.7,1
7209,1988995,TyrtleBoi,1491.6,1
7210,4382159,ATG333,1491.6,3
7211,2472184,N,1491.6,1
7212,4595841,Rgc | Hiliuki,1491.6,1
7213,3841026,Homeless Peach / Clocky Tea,1491.6,1
7214,24762,LCD | Pancake mix.,1491.6,1
7215,1942148,BG | OMG | Nile,1491.6,1
7216,1808159,SM | Subzero,1491.6,1
7217,5042800,UD | Tacoman,1491.6,1
7218,30015,Ghost Crab,1491.6,5
7219,2484902,Mindset | Lee,1491.6,1
7220,3517443,Bluejay115,1491.6,1
7221,5472645,CollotFanpage,1491.6,1
7222,460265,Ciccio,1491.6,1
7223,1707388,TheLetterC,1491.6,1
7224,4569463,BoiledBurger,1491.6,1
7225,4586226,FS | Netherlord64,1491.6,3
7226,2741707,NVS | Knockoutjoe,1491.6,2
7227,47056,ABOMB,1491.6,1
7228,2560921,gremliin,1491.6,1
7229,3266690,Cryonova,1491.6,1
7230,408409,Sunny,1491.6,3
7231,4584578,Coleslaw,1491.6,1
7232,2822935,Joshi,1491.6,1
7233,2651291,AMZN | alexasf,1491.5,1
7234,1051020,SevenTeen,1491.5,2
7235,3030934,UH | LooKPartii,1491.5,1
7236,3635021,hauntedhelm,1491.5,1
7237,909732,baker,1491.5,1
7238,132536,PKK | Bongo,1491.5,1
7239,542304,Almond,1491.5,1
7240,3783441,Trevoni,1491.5,3
7241,886167,BA | Vrael,1491.5,1
7242,4517489,LP joker | Joker,1491.5,1
7243,5068319,catsonthemoon,1491.5,1
7244,5492351,Shiny,1491.5,1
7245,3917818,Nymphe,1491.5,2
7246,5136082,Zurdo,1491.5,1
7247,1046334,Slasher,1491.5,3
7248,4416832,Raptor,1491.5,1
7249,5534809,Randolph Hanson,1491.5,1
7250,1183062,DBQ | SoloJones,1491.5,1
7251,1888521,MWA | Rxullo,1491.5,1
7252,3733938,MC | Cereza,1491.5,10
7253,12517,Flame,1491.5,1
7254,4877418,A-4 | LaMario Ball,1491.5,3
7255,599762,UPMX | Phantom,1491.5,1
7256,5197532,IsoYT,1491.4,1
7257,3015722,KamenHero551,1491.4,1
7258,685157,thotot. / Malachi,1491.4,1
7259,1343640,nitty,1491.4,1
7260,1620493,Zandanza,1491.4,1
7261,5532506,Topher,1491.4,1
7262,3442393,R1ck,1491.4,1
7263,2084139,Bucho,1491.4,1
7264,49131,Swift,1491.4,1
7265,4919879,41 | delinut,1491.4,1
7266,1512895,Fallensky,1491.4,1
7267,5196603,Fer-EirAoi,1491.4,1
7268,5457076,[A] Redyoshi_15,1491.4,4
7269,696539,Qapples,1491.4,1
7270,1729436,UwU | UwUsomeguy,1491.4,1
7271,5436814,Mr. | beauzzelli,1491.4,1
7272,3621826,NWK | Tapwaterenjoyer,1491.4,1
7273,5278154,SHU | Spaioblue,1491.4,1
7274,1013484,ohko,1491.4,1
7275,4020292,Stacko様,1491.4,1
7276,1186178,Cyanjin,1491.4,3
7277,5437569,"Sho, the Fox",1491.4,1
7278,5035484,Zelayer,1491.3,1
7279,3465796,Geo123,1491.3,1
7280,4977222,Diamondzach2000,1491.3,1
7281,4718056,SRC | HeavnShawk,1491.3,1
7282,1579869,EF | TickyGo,1491.3,1
7283,4292588,SENSÕ,1491.3,1
7284,5034667,C3 | CakeChumChum,1491.3,5
7285,3686839,M.I.A | Zorrin,1491.3,1
7286,794128,Stretch,1491.3,1
7287,4312678,ZEO | DigiZer0,1491.3,3
7288,5491790,Monee bac,1491.3,1
7289,3082965,AntDT,1491.3,1
7290,1020540,jaws,1491.3,2
7291,5146055,67 | Funny Block Man,1491.3,1
7292,156131,WW | shellder,1491.3,3
7293,2018595,ULTIMATUM789,1491.3,1
7294,126129,OMG | OF1 | PacmanRick,1491.3,1
7295,2168497,CX | CADEARUUU,1491.3,2
7296,1565305,Intangible,1491.3,1
7297,1388027,milkche,1491.3,1
7298,747069,TCA,1491.3,1
7299,1896154,vixigo,1491.3,1
7300,4956718,frostypo,1491.3,3
7301,2031109,MfnFish,1491.3,1
7302,5520700,TyDie,1491.3,1
7303,977855,Sweshi,1491.3,5
7304,3484822,Cholmes,1491.3,1
7305,3307298,NX| | Bane,1491.3,1
7306,338399,Zane,1491.3,1
7307,2116700,PG | ESAM,1491.3,1
7308,2149593,穆穆,1491.3,1
7309,1213078,Samuel Imagery,1491.3,3
7310,3652015,USF | Ginger,1491.2,1
7311,428267,IceBear,1491.2,1
7312,4521844,Mexican Tsundere,1491.2,1
7313,3797487,KSC | Viiral,1491.2,1
7314,5501390,BEAST M,1491.2,1
7315,39780,MNC | Carnage,1491.2,1
7316,3494138,tosamakoto,1491.2,1
7317,5475972,skelly,1491.2,1
7318,892252,PM | StretchDub,1491.2,1
7319,5194714,HiFi | Tetrk,1491.2,1
7320,540851,BC | Ozair,1491.2,1
7321,171036,WMFC | Ralon,1491.2,1
7322,1478757,P.E. M.D.,1491.2,1
7323,3540419,Koni,1491.2,1
7324,7543,Cloudy,1491.2,1
7325,46032,DJP,1491.2,1
7326,3486482,SwageyBBQ,1491.2,1
7327,1219095,Mistfern,1491.2,3
7328,271238,VC POA | Risas,1491.2,1
7329,1504342,Hasoonie,1491.2,3
7330,4722893,NM | Bag,1491.2,1
7331,4155646,Divine,1491.2,1
7332,3026343,Can_of_Beans,1491.2,1
7333,5534813,Angel Quinoez,1491.2,1
7334,4360584,MGA | 2thick,1491.2,2
7335,2045811,Ba_chelor,1491.1,1
7336,650058,Whimsy,1491.1,1
7337,1371136,King of the Rats,1491.1,1
7338,3914865,i got 2 shot puts in my pants,1491.1,1
7339,2301887,PK Love | LFA,1491.1,2
7340,3395125,USM | Cajun,1491.1,1
7341,974360,HB | KokoPelli,1491.1,3
7342,5286012,Efvi,1491.1,1
7343,2389865,Kirby Gang,1491.1,2
7344,4715059,Xendrick,1491.1,3
7345,537344,Monday / CopperBack,1491.1,1
7346,2760366,Father Honest,1491.1,1
7347,4246489,SvnSynz / Ulgrimmain:),1491.1,1
7348,4959035,Anon_man,1491.1,1
7349,1940854,JoffDuchar,1491.1,1
7350,174970,G-Rat,1491.1,1
7351,3157909,ze,1491.1,5
7352,1292149,BMS | crêpe salée,1491.1,1
7353,242121,KingArc,1491.1,7
7354,2189647,RGS&A | DJ Jablonski,1491.1,1
7355,2369403,NU | flameTM,1491.1,1
7356,244321,SES | Zero-One,1491.1,1
7357,5381043,Shkuba,1491.1,1
7358,1312291,Fairtoknee,1491.1,2
7359,1837859,Yaliso,1491.1,1
7360,1199133,MP | | Pancho,1491.1,1
7361,1647003,JEFF! | Waluigi,1491.1,3
7362,173824,:3 | Jude,1491.1,1
7363,1768035,EC | | TroyThePrince,1491.1,1
7364,4634750,Monoaether,1491.1,1
7365,2943382,MH/TPS | Potclean,1491.1,1
7366,2512815,silver,1491.1,2
7367,21611,GAW | RedShirt,1491.1,1
7368,180504,jamV,1491.1,1
7369,5307996,Wolf Stryke,1491.0,1
7370,969614,Rukkus | Melandriq,1491.0,1
7371,5220640,Untitled Love,1491.0,1
7372,1947679,eXodus | chicken jockey,1491.0,1
7373,2834384,JDR,1491.0,1
7374,5369391,Mike,1491.0,1
7375,5035576,saint,1491.0,1
7376,5504458,FlameEmpress,1491.0,3
7377,1133478,Gzus,1491.0,1
7378,1094874,MilkT / Jeff,1491.0,1
7379,2258945,Bigriddles | Triplepie3,1491.0,2
7380,3356507,Ambr0z,1491.0,2
7381,3198786,水云,1491.0,1
7382,4991651,Helpnt,1491.0,1
7383,1047944,vernong,1491.0,7
7384,5445070,GoodxTuna,1491.0,1
7385,2770502,Juice,1491.0,1
7386,4885135,KSN | SHOTO,1491.0,1
7387,3505518,Tazzsama,1491.0,3
7388,131530,EON | Opana,1490.9,90
7389,2661342,MakoTn | Athan,1490.9,1
7390,4254807,EFR | πchurriento,1490.9,1
7391,3186258,Diamond,1490.9,2
7392,5509485,MothMonarch,1490.9,1
7393,892637,Azael,1490.9,1
7394,1293204,QU | Caesar Salad,1490.9,5
7395,1721959,ZFN | EliB,1490.9,1
7396,5004474,RG | Teehee!,1490.9,3
7397,211774,ILMW | martz,1490.9,3
7398,996482,MPF | SJ3,1490.9,1
7399,4936589,yjh,1490.9,1
7400,1584997,ara,1490.9,4
7401,5353371,PB/DGS/OMG | KusanagiVT,1490.9,1
7402,3461954,FSC | what?,1490.9,1
7403,9952,TAMUSA | Eikonic,1490.9,1
7404,3158473,TF | ToonS,1490.9,1
7405,5513326,Doeseph,1490.9,1
7406,5451204,Dinārōru | B O A T,1490.9,1
7407,5483254,SirDaddyLongLegs,1490.9,1
7408,2080082,TTU | KingC88,1490.9,1
7409,3472921,Moist waffle,1490.9,4
7410,2418479,GCB | CoolToole,1490.9,3
7411,5477037,PapaGenos,1490.9,1
7412,1827369,Unc Sage,1490.9,1
7413,1849313,STUBB | Dak,1490.9,1
7414,15780,Whiskers,1490.9,1
7415,2086830,DeepShahGaming | Quoge Gaming,1490.9,7
7416,929945,SebVeee,1490.9,3
7417,1323180,gum cuzzler,1490.9,3
7418,318996,Kaaeru,1490.8,1
7419,31486,ÑFC | POA | Astrocat,1490.8,1
7420,5534836,CK Smith,1490.8,1
7421,5022354,Skuddle,1490.8,1
7422,1946073,GM | AyaseICE,1490.8,1
7423,1114492,Detective Arman,1490.8,3
7424,2221417,UNAG | Deester,1490.8,1
7425,2167956,WVU | DODGE,1490.8,1
7426,4514932,PTC | KB1ZZLE,1490.8,1
7427,692206,FunPolice / Gold,1490.8,1
7428,47658,Kyris,1490.8,1
7429,3674428,MitchTheBro,1490.8,1
7430,2607915,Obmana,1490.8,1
7431,1052128,Shadoroth,1490.8,1
7432,3206151,DarthCJ8,1490.8,4
7433,5334288,Wiz,1490.8,1
7434,1362034,HSC | El rey,1490.8,1
7435,3714696,Alons0,1490.8,1
7436,1531672,Makloud,1490.8,1
7437,1512025,Sentinull,1490.8,1
7438,4574925,Aurora,1490.8,1
7439,1179901,WW | Baru,1490.8,1
7440,2429034,JackættacK,1490.8,1
7441,5486396,Bao,1490.8,1
7442,1273449,WF | Confusion,1490.8,1
7443,2363621,Yedknowsall,1490.8,1
7444,2148803,PAG | SRN | Trapsef,1490.7,105
7445,4939870,SAU | Skald,1490.7,1
7446,2680757,develdrone,1490.7,1
7447,5004504,PurpleCatto,1490.7,1
7448,3771285,REKT | Chico,1490.7,2
7449,1460629,Raid,1490.7,1
7450,1927309,Samtheman,1490.7,1
7451,2376259,HDHC | Hunter Half Hands,1490.7,1
7452,3284395,LowdownMonty / Wea$,1490.7,1
7453,4277448,CAFÉ / RHB | 9!,1490.7,1
7454,5436725,Marvin,1490.7,2
7455,1496072,Darkvoid / Fatherandre,1490.7,1
7456,2298584,Treehouse_ttv,1490.7,1
7457,2980950,The High Notes | Losinik,1490.7,1
7458,1309544,ClueLess / Chief Sokka,1490.7,1
7459,3846958,Umamusume | InfinitG,1490.7,4
7460,1164455,"it her, | Cakepoint",1490.7,1
7461,1804461,VLNY | DDrakgo,1490.7,2
7462,1464765,CS3 | Yan,1490.7,1
7463,5515593,Ivan,1490.7,1
7464,1156811,LG | Brad,1490.7,1
7465,5469958,Jozer,1490.7,1
7466,5473125,Culebra,1490.7,1
7467,3746597,Hunky Monkey,1490.7,1
7468,64644,STP,1490.7,1
7469,155448,PHNM | Adachee,1490.6,7
7470,5496224,nicdaplayer287,1490.6,1
7471,1926137,Boongus,1490.6,1
7472,1690056,TCS BTV sive,1490.6,1
7473,71127,FLS | Ludo,1490.6,3
7474,54261,Archy,1490.6,4
7475,1000968,Nagoya,1490.6,1
7476,1794118,GQ x CDs | Atlas,1490.6,1
7477,1571616,MatthewStar,1490.6,31
7478,4987123,Ho3K | John Numbers,1490.6,1
7479,285691,Gokimudo,1490.6,1
7480,138884,Younglink | DarkLink,1490.6,1
7481,2275853,TBB | CaptainBoban,1490.6,1
7482,3135799,iamgoingtovomit,1490.6,2
7483,1651421,B/KN|SS | Ackerman,1490.6,1
7484,1219896,WHO? | QualityQ,1490.6,1
7485,62539,Zach Bowser,1490.6,1
7486,234004,hc | Coolslice,1490.6,1
7487,69719,Bagel,1490.6,1
7488,2524495,Wilsports | John Fazbear Kennedy,1490.6,8
7489,1162631,HDNights,1490.6,1
7490,5438475,Xneolivia,1490.6,1
7491,2809665,Soleado,1490.6,1
7492,2053683,VikVaughn,1490.6,3
7493,4397360,Eclipse | Goat,1490.6,1
7494,1081964,Generic,1490.6,1
7495,5446254,Kyle,1490.6,1
7496,2019913,jatpuan,1490.6,1
7497,950490,S46 / Europa,1490.6,1
7498,3633353,TomatoPasta,1490.6,1
7499,5220004,Sandbag,1490.6,3
7500,5476871,Zaitz,1490.5,1
7501,454532,!!G | AggroCraig,1490.5,1
7502,5391851,NSI | Ca1obster,1490.5,1
7503,3110770,KD,1490.5,1
7504,1261570,Evan,1490.5,3
7505,253266,El Tio Dominicano / uaite,1490.5,1
7506,1885409,BayBop | LimeNomu,1490.5,1
7507,2580367,VGY ECR | Cracha,1490.5,2
7508,2734252,FPZ / Dial M,1490.5,1
7509,1592794,RandomStuff!,1490.5,1
7510,2519878,Jeeftrap,1490.5,1
7511,824774,Fever,1490.5,1
7512,5310198,Maveryck,1490.5,1
7513,347463,ahri piss kink | APKJourney,1490.5,1
7514,1002359,Ek,1490.5,3
7515,71195,Gio~Setsuna,1490.5,2
7516,3378557,Bum,1490.5,1
7517,1677587,avery,1490.5,3
7518,1603686,StarWarrior,1490.5,1
7519,5515777,FTG,1490.5,1
7520,15566,DNR,1490.5,1
7521,10436,NG SF H2H | KiiiKiiidA,1490.5,1
7522,70897,Amir,1490.5,1
7523,2350352,DarkerLord16,1490.5,1
7524,3120714,BT | ABAN,1490.5,1
7525,3733460,INS | VibePrince,1490.5,1
7526,397377,KFP | Infiknight,1490.5,1
7527,18810,RNG | Cagt,1490.5,1
7528,1737963,Kel Candle,1490.5,1
7529,1728035,NearInfinite,1490.4,1
7530,5334957,Skyson.exe,1490.4,1
7531,895687,AXB | FKN BSTRD,1490.4,1
7532,4966233,Bobingstern,1490.4,1
7533,1638370,E-MAN,1490.4,1
7534,649224,Pycactus,1490.4,1
7535,1145719,Toad,1490.4,7
7536,1127952,Combusken U,1490.4,4
7537,724482,EGG | Big MiKe,1490.4,1
7538,4632807,thederpybird,1490.4,3
7539,3994826,UF | Hydro,1490.4,1
7540,2742452,Jonk,1490.4,1
7541,1585312,NG | Wibail,1490.4,1
7542,67395,Starman,1490.4,1
7543,4564996,AxxSupa,1490.4,1
7544,5377831,Rixxed,1490.4,1
7545,680757,WEIRD | JKL623,1490.4,6
7546,5400033,Pichuok11,1490.4,1
7547,1196985,DWG | Toxzis,1490.4,1
7548,2478787,Whimmy,1490.4,1
7549,2739372,Daze,1490.4,1
7550,1708879,TDV/B Team | Zedare,1490.4,98
7551,3085449,C132 | ZCRAF1TA132,1490.4,1
7552,1466524,EMW ESPORTS | EMW,1490.4,4
7553,2324864,Among Us | Crewmate 03,1490.4,1
7554,5475990,plugwalkewan,1490.4,1
7555,2010930,ECHT | Kharsonist,1490.4,1
7556,804148,Flame-$,1490.4,1
7557,493342,Sackrine | Apollo,1490.3,4
7558,3060912,ZeonStar,1490.3,1
7559,2941109,HoG | Tuba,1490.3,6
7560,1960226,Tyloto,1490.3,12
7561,1656948,Game Grove | Lorem Ipsum,1490.3,1
7562,2894907,SHIDD | Thor,1490.3,1
7563,261882,SG LH | MordeCloud,1490.3,6
7564,4948514,P&C | Bubblese,1490.3,2
7565,3537057,Mazen,1490.3,1
7566,594829,TONX360 / Snurglez,1490.3,1
7567,5463949,Will!?!,1490.3,1
7568,1001064,bored223,1490.3,3
7569,1972226,MEW | Croix,1490.3,1
7570,1767582,NST | Luigi,1490.3,1
7571,2244151,OMG/EWC | Mxyzptlk,1490.3,3
7572,5443705,Davey | DaveyTheDummy,1490.3,1
7573,2175953,417 | Impluvio,1490.3,1
7574,2987717,Doom,1490.3,2
7575,3548107,BlueHeartAsura,1490.3,1
7576,2949260,DW | Nodeino,1490.3,1
7577,351555,xxXxXXxXxx / Trenchfoot,1490.3,1
7578,5145665,THE | MrWiseGuy,1490.3,1
7579,2158233,MyGuy,1490.3,1
7580,4552179,SEHS | Vincentmuzz,1490.3,1
7581,49677,BourbonJr,1490.3,1
7582,4445612,Free Agent | p0ka ^^,1490.3,1
7583,5530980,Tea,1490.3,1
7584,182359,Brainnn,1490.2,1
7585,5200255,Velocity,1490.2,2
7586,4839192,blaisedonut,1490.2,1
7587,3743523,Atlas,1490.2,1
7588,1964588,TTU | ShinyPokes,1490.2,1
7589,5492362,gh,1490.2,1
7590,12890,stealthhack,1490.2,1
7591,1619274,Marvin,1490.2,5
7592,723653,Saint Absol,1490.2,1
7593,2385419,UA | Raj,1490.2,1
7594,5341213,RotM | Lyze,1490.2,1
7595,1743948,Lando,1490.2,3
7596,3212759,salandit,1490.2,1
7597,27180,RPS | GPik,1490.2,1
7598,2396340,Ben | beba6006!,1490.2,1
7599,1155610,Dumboy Mikey,1490.2,2
7600,1247774,Spades,1490.2,1
7601,2185623,Skipes,1490.2,1
7602,2724452,JustLemillion,1490.2,1
7603,5466795,YoshiPlays1209,1490.2,1
7604,3477113,URA | | Bronze,1490.2,1
7605,5369502,BADM3,1490.2,1
7606,5066342,VRN722,1490.2,1
7607,4409513,LogDropper9,1490.2,1
7608,2516427,Toiler,1490.2,5
7609,4315520,swag ! | StickySalami123,1490.2,1
7610,1858181,Tbucs,1490.2,1
7611,3538656,Farfour | weet,1490.2,1
7612,679870,LegitCondition,1490.2,1
7613,5474275,LS/HC | Sapi,1490.2,1
7614,3790567,CV | MKlucas,1490.2,5
7615,1113374,DryceCold,1490.2,2
7616,4816313,Maggie Roscher,1490.2,1
7617,1674987,SHSU | Sir Rumbus the 9th,1490.2,1
7618,5010956,GG | Xavybeasty,1490.1,3
7619,5524380,Laptop,1490.1,1
7620,5480744,Tesh / Crisco,1490.1,1
7621,1641873,MagiKarp,1490.1,1
7622,3390373,Blug | Noun,1490.1,6
7623,895461,Vexguy / PeaceEIY,1490.1,3
7624,1051190,LittleProfit / Mecano,1490.1,1
7625,3000010,Vash | Vash,1490.1,1
7626,3400258,EPH | Firion,1490.1,1
7627,2586588,SEVENKEI,1490.1,1
7628,3381992,Jordan,1490.1,1
7629,1844112,FoUr,1490.1,1
7630,1785113,UR | AJ3Spritez,1490.1,1
7631,5006188,free agent | a.w.o.g,1490.1,1
7632,325233,STG | MisT,1490.1,3
7633,2722997,Cynica,1490.1,1
7634,5247668,player 4,1490.1,1
7635,3177210,Wife | Nateboarding,1490.1,1
7636,5234998,Flow | Eggbu | FlowiiKatz,1490.1,1
7637,1851432,Glue,1490.1,2
7638,172183,Liam,1490.1,1
7639,287061,Dual,1490.1,1
7640,5471558,NOBLE,1490.1,1
7641,5492699,Omukat,1490.1,1
7642,993767,Mkok's Friend | DeMeloM24,1490.1,1
7643,3246152,CrazyBosco,1490.1,1
7644,39456,Biddy,1490.1,1
7645,1323184,KOPA,1490.1,3
7646,2234087,Bonane,1490.1,2
7647,576224,TSFC | LK,1490.1,1
7648,398462,NVS | TazTheSpaz,1490.1,1
7649,4027177,Medtronic,1490.1,1
7650,1213568,アн MHS | Kracko,1490.1,1
7651,1703491,Cosmic|CD | GreenSylvi ΔΔΔ,1490.1,1
7652,2541142,Sierra,1490.1,1
7653,2680983,n1an,1490.1,1
7654,5511996,for bowie,1490.1,1
7655,5862,IcedPumpkinSpice,1490.1,1
7656,5489871,ALX | DaGlitch17,1490.1,1
7657,33900,BxBonobo | Kamex,1490.1,126
7658,4072945,Vin,1490.1,1
7659,1996581,Mint | Mayo,1490.0,1
7660,4022787,rEaL Esports | Nyx,1490.0,1
7661,5442588,Vandal,1490.0,1
7662,980830,MeSoAndy,1490.0,1
7663,4740686,ECW | Zen,1490.0,5
7664,2691853,Aaron_Yeah,1490.0,1
7665,791657,Picto | Wefflez,1490.0,5
7666,1194651,gsm | Pound,1490.0,1
7667,3518722,Rinwada,1490.0,4
7668,1628031,BLOOM | Markrealth,1490.0,3
7669,3532222,DWMA | FS | Jirachi,1490.0,6
7670,5169896,XZ/MD | sk12460,1490.0,1
7671,5460110,Bertha_Dongusss,1490.0,1
7672,1366591,bloodline,1490.0,2
7673,1469213,Ween,1490.0,4
7674,4128494,Robertrulez,1490.0,1
7675,1964346,IBERO | TheCap,1490.0,1
7676,3377962,SBU | CoolBoss,1490.0,3
7677,4380662,CC | bladesonic0299,1490.0,2
7678,2183963,HxH/MS | Onion-QTπ,1490.0,2
7679,1723519,Chicken,1490.0,1
7680,2149096,Mii | Miiuser,1490.0,1
7681,4576010,FF | Mr. Robert,1490.0,1
7682,1075363,GRN KML | Noahtf,1490.0,1
7683,5517842,RIKI TIME,1490.0,1
7684,3829476,Cake At Stake!,1490.0,3
7685,27343,Newt / The CIA Killed JFK,1490.0,1
7686,626833,STG | Obelisk,1490.0,2
7687,3863553,Hoya,1490.0,1
7688,2058570,Colby,1489.9,1
7689,2089701,ChewyHobo,1489.9,1
7690,933695,suzie crabgrass,1489.9,1
7691,16084,skabs / LetItRain,1489.9,1
7692,1815066,N7 | Memegician,1489.9,1
7693,1769851,ACZ,1489.9,1
7694,2715574,Anonpi,1489.9,1
7695,3377855,GCU | IgKnight,1489.9,1
7696,1367987,DPS | ChiefAngel,1489.9,1
7697,3262573,Caelum,1489.9,1
7698,745072,Teddy,1489.9,1
7699,214167,Some dome | RJT,1489.9,1
7700,310229,Castelia,1489.9,1
7701,3217805,Leónox,1489.9,1
7702,2421233,XenoMarcos,1489.9,1
7703,349248,TGO | Zen,1489.9,1
7704,5093061,saint,1489.9,1
7705,1143216,cOb | Ares,1489.9,3
7706,1560309,natedogg / Seab,1489.9,1
7707,1057812,TuesdayTastic,1489.9,1
7708,5335397,yungsackie,1489.9,1
7709,3522716,KZT | Kazoo,1489.9,1
7710,5129952,It Lives!,1489.9,1
7711,1269157,Uhpurpose,1489.9,1
7712,1348308,585Z | The Clobber,1489.8,1
7713,709839,Lennox,1489.8,1
7714,2727340,TC | TheDood22,1489.8,1
7715,2643610,4SW | Ant,1489.8,1
7716,1940242,EMPR | Sasuke,1489.8,1
7717,140568,AndresFn,1489.8,2
7718,746760,AIex-VIII,1489.8,1
7719,2230076,Kriko,1489.8,1
7720,400020,DT | Reikken,1489.8,1
7721,717165,PCM | Jujuman24,1489.8,1
7722,3155714,Rattlesnek,1489.8,1
7723,5205447,Jesseboss4,1489.8,1
7724,2926098,Ponomo,1489.8,1
7725,2967229,Taylor,1489.8,1
7726,3117153,WattMex,1489.8,83
7727,2882263,RenXI,1489.8,1
7728,848749,Yoink & Destiny,1489.8,1
7729,1157825,GC | Sybenz,1489.8,1
7730,388085,Prince and the Frog,1489.8,2
7731,410105,Feedback,1489.8,1
7732,3584179,buying gf | kosher,1489.8,1
7733,413235,Artorias,1489.8,1
7734,5369882,shunwee!,1489.8,1
7735,1594901,big ron,1489.8,1
7736,925572,UberPasta,1489.8,2
7737,2847780,Jayzwrld,1489.8,1
7738,4120580,Yuri | Girlkisser69,1489.8,1
7739,4741114,~<>~,1489.8,1
7740,3991439,MrUniverssss,1489.8,1
7741,1885824,phloridaphrog,1489.8,1
7742,156280,CWA | Trey Foxie,1489.8,1
7743,5418925,Biglo,1489.8,1
7744,1269396,CX | Azuza,1489.7,1
7745,2312271,FrostBite,1489.7,1
7746,3018362,Prophet,1489.7,1
7747,976443,Req,1489.7,1
7748,277178,Pazzeroni,1489.7,1
7749,5424541,Redthunder,1489.7,2
7750,1508723,NerdHerder | ITZ_JUSTUS,1489.7,1
7751,3894563,Skylander626,1489.7,1
7752,2273228,bug club | mynameisfury,1489.7,1
7753,2034468,BADDAN | Meta-Main,1489.7,4
7754,646884,AstralUni,1489.7,1
7755,850577,TtvDISC0RD,1489.7,1
7756,1827666,Pocky3105,1489.7,1
7757,810789,Baked | Potatoe,1489.7,1
7758,1819350,YOYO | ButterLover0730,1489.7,3
7759,5217177,DaddyJ,1489.7,1
7760,3365034,[Fated] | TREM,1489.7,1
7761,4060891,Shade SSB,1489.7,1
7762,220693,helvetica,1489.7,1
7763,1394476,>:3 | Turvy,1489.7,4
7764,5431445,Wiffz,1489.7,3
7765,2553722,SwordDominant,1489.7,1
7766,1528394,MMG+ | Dwayne,1489.7,3
7767,2758299,AerialAce,1489.7,1
7768,499333,MBS | Vivid,1489.7,2
7769,1183064,Markillos,1489.7,1
7770,1570465,F/A | Suadero,1489.7,1
7771,5295321,wolf,1489.7,1
7772,2429160,Kavlista,1489.7,2
7773,2932070,sawft_moss,1489.7,1
7774,2080280,MiyaN,1489.7,1
7775,2579257,Demi.R / Broke boi,1489.7,1
7776,3478989,KG | Humouringg,1489.7,1
7777,1704805,Picto | I POWER GEYSER COP CARS,1489.6,1
7778,1661887,NOS | BluThunder,1489.6,4
7779,5125581,[B] Charles,1489.6,3
7780,2152967,GG | CivetGrindsXP,1489.6,1
7781,396839,AONI | Deadward,1489.6,1
7782,5529011,Belt,1489.6,1
7783,1821373,Rinkyshine,1489.6,1
7784,1921989,WHG | BoboTheChimp,1489.6,3
7785,37401,Arcade,1489.6,1
7786,5497570,Sean G,1489.6,1
7787,586658,KYC DMP | Darío,1489.6,1
7788,3427498,NotHere,1489.6,1
7789,2185778,Ur mom lol | MINECRAFT \(*_*)/,1489.6,1
7790,2456851,Midnite,1489.6,1
7791,5497375,Sun,1489.6,1
7792,3477442,ThickyMcChicky,1489.6,1
7793,1454287,Valexxsun,1489.6,1
7794,3639998,eery,1489.6,1
7795,3326767,Dogeamudiah,1489.6,1
7796,3782397,Hypelll,1489.6,1
7797,2836929,Battle Legend Brock,1489.6,1
7798,1956616,Renako | Amaori αngeloid,1489.6,2
7799,1679407,Wrath_318,1489.6,3
7800,620017,MBS | xiii,1489.6,79
7801,1460042,focus,1489.6,14
7802,796091,12G | Gene,1489.6,5
7803,3641114,CCST | RAy,1489.6,1
7804,5493207,FTN | Unrestrain KeyGlock,1489.6,1
7805,2554024,Drexel | Ziap,1489.6,3
7806,1050211,anime / Monihalla / flower,1489.6,1
7807,4560329,tustra,1489.6,1
7808,3723093,TTT | Slyice,1489.6,1
7809,3957440,SIR YES SIR | SGT EBRIMA,1489.6,1
7810,5063865,ferb | Bartholomew Ba-Ba Bumble,1489.6,1
7811,3185039,Jagi,1489.6,1
7812,2109243,PlupFan,1489.5,1
7813,5206625,Nick,1489.5,1
7814,2437892,SheerCold,1489.5,1
7815,2363308,Soul,1489.5,1
7816,5208563,WOKE 2 | railtheswagouttame,1489.5,1
7817,1139353,PapaBear,1489.5,1
7818,3796871,Dean,1489.5,1
7819,5193154,Lyyraa,1489.5,1
7820,4258450,TTV | MrTooNice62,1489.5,1
7821,2100128,CA | Kevinj02,1489.5,1
7822,2798680,wink,1489.5,1
7823,2271490,Shep,1489.5,3
7824,5346387,Kyle,1489.5,1
7825,3006549,Luis,1489.5,1
7826,2563409,Starlaxi,1489.5,1
7827,5512373,The Dot,1489.5,1
7828,2881324,Shon,1489.5,1
7829,2538417,oomfie | Somnium,1489.5,1
7830,1779068,Garvspark,1489.5,1
7831,1446066,Rek,1489.5,1
7832,228250,Lunar | Cyan~,1489.5,1
7833,1672856,PoJoe,1489.5,1
7834,3390049,CS/MH | Movion,1489.5,1
7835,5125662,Toño,1489.5,1
7836,163469,queen vamp,1489.5,1
7837,4744033,NOOT,1489.5,1
7838,2397336,BARN | JacTotum,1489.5,1
7839,1924376,Planet K,1489.5,1
7840,5136652,THE BOULDER,1489.5,1
7841,4807496,Lutrix,1489.5,1
7842,28984,Iron Deku,1489.5,1
7843,3238981,Gino,1489.5,1
7844,2877401,Desyrée,1489.4,9
7845,261902,tarotime,1489.4,1
7846,2803546,Neil K | BigBoi,1489.4,1
7847,5070692,TaterTheTot,1489.4,1
7848,1061474,Mr | IvanSS,1489.4,1
7849,5521238,LavendersForBonnie,1489.4,1
7850,1561432,Nightshadow,1489.4,1
7851,1525690,Nemesis,1489.4,1
7852,3407064,Shadow_fan_1,1489.4,1
7853,2402894,Isendrix,1489.4,1
7854,3661164,Sirius X,1489.4,1
7855,3123330,cc abe,1489.4,1
7856,2288855,Fang_Regalia,1489.4,1
7857,2651879,Von,1489.4,1
7858,260755,RLz | Imperator,1489.4,5
7859,4199742,Call me maater,1489.4,1
7860,154833,Dieck,1489.4,1
7861,1382334,JobLiar,1489.4,3
7862,2437114,SMN-YoKai-MASH | OnlyAPurpose,1489.4,1
7863,2408764,Chuckington | The Chuckster,1489.4,1
7864,1056081,RaccoonMafia,1489.4,1
7865,1726884,KML | Ariel,1489.4,3
7866,2233216,UAH EBP | Frog,1489.4,3
7867,4712253,RedStryker,1489.4,1
7868,2705709,Duo | Organs*,1489.4,1
7869,211778,Creepooba,1489.4,1
7870,2429572,relyKD,1489.4,6
7871,1957921,Tensatrics,1489.4,1
7872,3801803,CORPSE FLOWER,1489.4,1
7873,3420758,SalvoFan | fork,1489.4,1
7874,782852,Cam,1489.4,1
7875,2924140,RedRiotRoss,1489.4,3
7876,4825139,DrDP27,1489.4,1
7877,4799194,Volare,1489.3,1
7878,1597656,Sol,1489.3,1
7879,2080171,hhsuco,1489.3,1
7880,549899,Dash,1489.3,1
7881,1695175,qtr,1489.3,1
7882,4217657,Shiruk,1489.3,1
7883,265792,DRGN | SoLo,1489.3,1
7884,4003882,Envexity,1489.3,1
7885,2423718,Dimmadome | PhantomGanon69420,1489.3,1
7886,4841,Stormchicken,1489.3,1
7887,3799894,TRON,1489.3,3
7888,5470124,Kale,1489.3,1
7889,1002552,T2S | Spoozy,1489.3,1
7890,1389825,Hawx,1489.3,1
7891,4125732,Sharingan,1489.3,1
7892,1711367,Yillow,1489.3,1
7893,2411525,Venumleague,1489.3,1
7894,371097,Globo,1489.3,1
7895,1015038,Aqours!,1489.3,3
7896,5249935,JCho,1489.3,1
7897,5261569,luisill,1489.3,1
7898,2017854,TM6 | stuff,1489.3,1
7899,5455703,JayBond7,1489.3,1
7900,1021228,Mailman,1489.3,1
7901,2619957,ReDUSK | Miki,1489.3,1
7902,4640773,jirachi,1489.3,1
7903,4930608,Maozekong,1489.3,1
7904,355518,PSU | HW | Fall,1489.3,1
7905,1102536,Galaxxyss,1489.3,1
7906,3809745,シャーペソ,1489.3,1
7907,4922051,GFHS | Crushhour,1489.3,2
7908,27712,Delvy17,1489.3,1
7909,602014,SWMG | MUNDO!!!,1489.3,1
7910,392374,やみなべ/Yaminabe,1489.3,1
7911,2303902,GSEP | Bingbong27,1489.2,1
7912,341673,SIGAD | Davo,1489.2,1
7913,4959264,NeonKiwi,1489.2,1
7914,4944636,Chris,1489.2,1
7915,2245573,Blixen,1489.2,4
7916,2488493,リム,1489.2,1
7917,322381,PM | Zenma,1489.2,1
7918,2424311,TSS | FRN | moneycat!,1489.2,1
7919,8157,Fable / RapMonster,1489.2,1
7920,5398615,Sixseveniñapovhacker,1489.2,1
7921,3124944,Yto/ゆと,1489.2,1
7922,1021626,GQ | Jstorm,1489.2,1
7923,1159699,Grif,1489.2,1
7924,5408737,Rapidraccoon,1489.2,1
7925,24910,Logic,1489.2,1
7926,3371448,Smetta,1489.2,1
7927,5371281,Dr Glizzy,1489.2,1
7928,4546474,Evil,1489.2,2
7929,1449451,Krustypizza,1489.2,1
7930,1261754,Distill / Benjy,1489.2,1
7931,3396571,KB|Alu | Endless,1489.2,1
7932,358963,PBM,1489.2,1
7933,176772,GLS | Razo,1489.2,1
7934,128465,SpanishRice,1489.2,1
7935,1373972,C4Spa,1489.2,1
7936,3811147,iGreatFox,1489.2,1
7937,2325081,OU | jamason,1489.2,2
7938,5341266,GuyGagné,1489.2,7
7939,147642,JV BMG | Auro,1489.2,1
7940,2561820,Tip,1489.2,1
7941,3003705,FAT | Lull,1489.2,1
7942,1290511,Raven316 / Therunkle,1489.2,1
7943,993370,T2S | Finest Spoon,1489.2,4
7944,1010859,Isa sahur,1489.2,1
7945,5309847,WertyCrunch,1489.2,1
7946,5310309,Sunless,1489.2,1
7947,1409141,Skilledroy,1489.2,3
7948,2073302,Wolo,1489.2,1
7949,1151290,Maduro,1489.2,3
7950,1783568,SKY/SM/QW | Cheerry,1489.2,1
7951,266516,Lukewarm,1489.2,1
7952,5113097,Sirtecswagger,1489.2,1
7953,2709886,CreamSoda,1489.2,1
7954,1421580,Taiga,1489.2,1
7955,4053704,geminii,1489.2,1
7956,337473,7,1489.2,1
7957,1152592,TTN Jerm,1489.1,1
7958,3886573,Soup333,1489.1,1
7959,2679847,bassrhythms,1489.1,1
7960,3915791,MTS | ThePiedPiplup,1489.1,1
7961,2118186,SAU | Raider,1489.1,1
7962,4803224,はるまきヤロー,1489.1,1
7963,1668381,Rayhulkk,1489.1,1
7964,2757655,MLM | Tonre,1489.1,1
7965,1619434,Hoss | DankDiabetic,1489.1,1
7966,3318558,Garfield House | Josh,1489.1,1
7967,1676668,Treehouse | treefolio,1489.1,1
7968,1317254,DarkNova / Cronus? / Azyre,1489.1,1
7969,1196597,CREAM,1489.1,3
7970,2249009,Pacil,1489.1,1
7971,2392670,Mt,1489.1,1
7972,4805583,LunarSticks,1489.1,1
7973,2219386,Ptsd,1489.1,1
7974,139890,UC | Zaney,1489.1,1
7975,2950465,tire,1489.1,1
7976,5240052,Lominoe,1489.1,1
7977,4537388,UNCG | Oronon,1489.1,1
7978,5516646,I am | Sneakers OToole,1489.1,3
7979,1694420,XEN | shion,1489.1,1
7980,2805735,Theory,1489.1,1
7981,4420796,kc | roflcopter,1489.1,1
7982,4130795,Mew II | MewBlaster,1489.1,1
7983,2392407,THEDINKY,1489.1,1
7984,1517085,Waywardness,1489.1,1
7985,4917865,CD|HB | SuperBlunt,1489.1,1
7986,2233269,freespeed,1489.1,1
7987,3443483,AFAS | CodedPurple,1489.1,4
7988,3029264,PCTheWoz / Justcruzingaround,1489.1,1
7989,3798422,MTU | Maaskuu,1489.1,1
7990,530924,YC | HARD_BREAD,1489.1,1
7991,1997221,ZoroHaki,1489.1,1
7992,3132920,Smam,1489.0,1
7993,687063,Coke,1489.0,1
7994,5326171,Ballah,1489.0,1
7995,2266766,Kiru,1489.0,1
7996,5292748,Pyrex,1489.0,1
7997,3045587,GameingTJ44,1489.0,1
7998,5403523,Gold SSSN,1489.0,1
7999,3450891,Groknep,1489.0,1
8000,3911045,WHS | AJ,1489.0,1
8001,3638851,Krlos04,1489.0,1
8002,2607196,Nip_nugget,1489.0,1
8003,2252471,Whos Tay?!,1489.0,1
8004,2325665,Gunpowder,1489.0,1
8005,3117038,Wildrage,1489.0,1
8006,997342,716 | winters,1489.0,1
8007,4949496,SBU | Whimsicott,1489.0,117
8008,5477108,Ender,1489.0,1
8009,374993,Slouch,1489.0,1
8010,4513337,SSB/ | DaVoir <3,1489.0,1
8011,2318678,SmU5h | Thorn,1489.0,5
8012,1740341,SmU5h | Mr Mystery,1489.0,102
8013,5476404,KevyZilla,1489.0,1
8014,2647514,KORNDOG | DN | SavageCabbage69,1489.0,3
8015,1543395,RPL | CynicTheHuman,1489.0,1
8016,1365962,Mayo,1489.0,1
8017,890575,#TOP | Star,1489.0,1
8018,499758,pocket deuce ゑ,1489.0,1
8019,2964032,OkamiWes,1489.0,1
8020,955371,Teio Step | ItsNotHaru,1489.0,6
8021,3504876,Supersonic06,1489.0,1
8022,428087,xMARx,1489.0,1
8023,5462544,YB_Swiff,1489.0,1
8024,1210469,COAL | TaiHenki,1489.0,1
8025,328895,Snowy / Zen,1489.0,1
8026,409106,Cyclops,1489.0,1
8027,418622,MKaleb,1489.0,1
8028,5114056,Viz,1489.0,1
8029,4913435,NACHOSO,1489.0,1
8030,5465525,CVD | James06,1489.0,1
8031,4708561,umu,1489.0,3
8032,3792572,Xidny,1489.0,1
8033,3221175,The Schnorbler / BeholdeR,1488.9,1
8034,4397997,YoungHDMI,1488.9,1
8035,5484394,Beefy Marshmallow,1488.9,1
8036,203579,Able,1488.9,1
8037,4495788,SleepyCoco,1488.9,1
8038,669150,BG | DCorn,1488.9,1
8039,137617,SiLLyDJ,1488.9,1
8040,404756,D-CAT,1488.9,11
8041,5531893,ultronkronos,1488.9,1
8042,1074942,DRGN | Bastion,1488.9,1
8043,4587858,jasp812,1488.9,1
8044,4436264,ChubDuck,1488.9,1
8045,964425,Leiarealms,1488.9,2
8046,2625691,SU | AyeJay,1488.9,1
8047,2391862,Hasan,1488.9,1
8048,1788174,IZ*ONE,1488.9,1
8049,965422,SOMD | Slacker,1488.9,1
8050,1305198,Slimestar!,1488.9,1
8051,1720261,Puftendo,1488.9,1
8052,5351153,MB | Qw3rty,1488.9,4
8053,3564631,Rupertinski,1488.9,1
8054,2587293,JOAT | RA3 | Jokeofalltrades,1488.9,1
8055,4280866,ARM | ARMSTRONG!,1488.9,1
8056,764575,Mew,1488.9,1
8057,4582136,gdg | Chef,1488.9,1
8058,5448607,HOWDY! | Taiki Shuttle,1488.9,1
8059,3989045,hsnake,1488.9,1
8060,4326603,Papasmurf,1488.9,1
8061,4046253,Noct,1488.9,1
8062,1804992,Bronze,1488.9,1
8063,2266003,marteen | Fatality At Home,1488.9,3
8064,5034468,AD | Aquajohn,1488.9,1
8065,606057,Pescado,1488.9,1
8066,1981456,Needers,1488.9,4
8067,1492343,YAKKA | Violet,1488.9,1
8068,1848611,Algae,1488.9,1
8069,3244238,Miles GX,1488.9,1
8070,129413,LAGr | Mash,1488.9,1
8071,3607267,Nom,1488.8,1
8072,2354281,vanilla,1488.8,1
8073,36354,KJ,1488.8,1
8074,2188059,Arrakis,1488.8,1
8075,3036368,Dylkay,1488.8,1
8076,318361,Hero / S. Phantm,1488.8,1
8077,2323076,Map / Mr. Midus,1488.8,1
8078,3683138,Pokemasterjay,1488.8,2
8079,48533,Ram,1488.8,1
8080,3313383,God's Plan | Prayers On Deck,1488.8,3
8081,2349486,Relic,1488.8,3
8082,1834524,trout.boy,1488.8,4
8083,2727236,REMIX | 1upshyguy,1488.8,1
8084,3907014,Chime,1488.8,1
8085,3604799,phinnjs,1488.8,1
8086,3465805,!liz | Chance,1488.8,1
8087,2742626,だいこん,1488.8,1
8088,2979401,JOHN LION | JuiceGoose,1488.8,1
8089,4570702,バツイチのバーバパパ,1488.8,1
8090,1904994,Sama,1488.8,1
8091,3770044,K6 | Big Fish,1488.8,1
8092,4000323,CVTC | yozo,1488.8,1
8093,5213004,かぼ,1488.8,1
8094,1644845,ibi,1488.8,1
8095,3492045,CG | Zeroadn4,1488.8,1
8096,2229506,タケNOCO,1488.8,1
8097,5090454,ELite,1488.8,1
8098,4336508,ElectroSpectre,1488.8,1
8099,4562007,Santa | cruz!,1488.8,1
8100,2270928,Xanafer,1488.8,1
8101,1676113,T-Wade,1488.8,1
8102,2921619,smalt,1488.7,1
8103,1208617,Cherry / Tylia,1488.7,1
8104,46534,Mijo,1488.7,2
8105,692599,AOC | GG | Oops! (Ez Quinn),1488.7,1
8106,1647068,Icaru,1488.7,3
8107,1137343,Chevy,1488.7,3
8108,146640,WiseGuy,1488.7,7
8109,65463,player 16,1488.7,1
8110,23052,Commentators,1488.7,1
8111,4183689,滑稽 | MR.FF,1488.7,1
8112,1083460,SPAG,1488.7,1
8113,1859002,FSG | jonYL,1488.7,4
8114,1080043,INS | KANEKI,1488.7,1
8115,3518010,RSC | こしあん,1488.7,1
8116,45324,Jumbolias,1488.7,1
8117,1253007,YUUM | prom queen,1488.7,1
8118,353404,GRNT | LTSaim,1488.7,1
8119,1525333,USA | IDFSmash,1488.7,1
8120,3434996,Deck,1488.7,1
8121,4586856,Wonton$ / Roy,1488.7,1
8122,3235486,FP | SuperChenli,1488.7,1
8123,4222760,MDH|OK|CBC | AloDi,1488.7,1
8124,3799117,ZTN,1488.7,7
8125,3235711,jen pissgirl,1488.7,1
8126,654691,#TOP | Tux,1488.7,1
8127,1817884,Davman9165,1488.7,1
8128,3076924,WAVE | Blaze O'Donnell,1488.7,1
8129,216618,ThatGuy,1488.7,1
8130,3640333,EC | Nameless Lemon,1488.7,1
8131,173366,CS | Skiff,1488.7,1
8132,2465829,zyn | pmRTT9k,1488.7,1
8133,1152624,NSM DJP,1488.7,1
8134,130655,Patooki,1488.7,1
8135,2073095,Krees / Vexda,1488.7,1
8136,4789242,Janky1222,1488.7,2
8137,4187508,Ciccio,1488.7,2
8138,5424705,SV | Aqua7ic,1488.7,1
8139,250467,Galm,1488.7,1
8140,4009096,XChaosX,1488.7,1
8141,1505537,Jac,1488.6,1
8142,968200,17,1488.6,1
8143,5471198,BopIt!,1488.6,1
8144,1292246,Whiffy,1488.6,1
8145,2629500,DaD | CookedCanard,1488.6,1
8146,878610,Astra / Tofuhh / Access,1488.6,1
8147,1543016,Lando,1488.6,1
8148,3181680,Soldier | PaLuke,1488.6,1
8149,2519433,MUE | Anc,1488.6,1
8150,275580,Asesino / Phazon,1488.6,1
8151,1447627,CX | Madnoah14,1488.6,6
8152,66046,Ebag / JayEm,1488.6,2
8153,624135,XIII | Mess,1488.6,1
8154,4788013,PB | CBC | Gabo_SP,1488.6,1
8155,1245611,Mystic / Skitz,1488.6,2
8156,4078393,JohnCrow,1488.6,1
8157,7698,717 | Teatime Tim,1488.6,1
8158,5467051,Krome,1488.6,1
8159,1799098,SKS | Popcorn,1488.6,2
8160,2757778,シュピ,1488.6,1
8161,27932,BCe NPT | Deli,1488.6,1
8162,994326,VIBE | HKP,1488.6,1
8163,4133918,2ndT | sev7x,1488.6,3
8164,304154,LSL | mib,1488.6,1
8165,4853665,BambiKilla69,1488.6,1
8166,2036234,SussyAsianBaka,1488.6,1
8167,36532,Googlyeyed,1488.6,1
8168,4941427,Brodsterr,1488.6,1
8169,1048815,T2 | Bankai,1488.6,1
8170,1622534,im | chad!,1488.6,1
8171,683900,ProbablyLurking,1488.6,1
8172,40519,AShortBusPileup,1488.6,4
8173,4283021,JODAPRO,1488.6,1
8174,5299276,LuzeCennun,1488.6,1
8175,1975986,ILMW | Nyliones Bonshweetz III,1488.6,1
8176,3759444,Chronically Late,1488.6,1
8177,1899872,SR Sak,1488.6,1
8178,1835233,Azzi,1488.6,1
8179,964544,れじん,1488.6,1
8180,2649839,Valhalla | Yozamitsu,1488.6,1
8181,1889398,Terry Bogard 3 & Byleth,1488.6,1
8182,2146640,Nacho,1488.6,1
8183,2744045,BH | KENDRICK HOOD,1488.6,1
8184,1283410,LMP | Rollins Saihara,1488.6,1
8185,4250594,Madafe,1488.5,1
8186,4893632,strawhatbry,1488.5,1
8187,325406,GBGR | JunDLTA,1488.5,1
8188,1014777,OP,1488.5,1
8189,1688762,Mr. Diaz,1488.5,1
8190,5174920,Floppa,1488.5,1
8191,4994996,Carlos,1488.5,1
8192,4852072,ShadowRRX,1488.5,1
8193,4106948,MikeTheOney,1488.5,1
8194,5515864,NotKibbo,1488.5,1
8195,2025224,waktr / Ziare,1488.5,1
8196,4984383,StarSeeker,1488.5,1
8197,5098253,libhomer,1488.5,1
8198,5477513,DeeZus,1488.5,1
8199,1214560,Tonby,1488.5,1
8200,433338,Smashionne | Xygen,1488.5,1
8201,4520095,S5 | R0S3,1488.5,1
8202,3533528,HTX | PaluJesse7,1488.5,1
8203,908243,Shnoopy,1488.5,1
8204,4240550,Wastyy,1488.5,1
8205,71251,Javi / Cloudyos,1488.5,1
8206,1521875,Special | Wick,1488.5,1
8207,3077395,WM | Juso,1488.5,1
8208,2027653,Post | Denny,1488.5,1
8209,1148149,4bsolute,1488.5,1
8210,4545551,Bart El-Sayegh,1488.5,2
8211,1198432,kta,1488.5,1
8212,5284975,triple t,1488.5,1
8213,2916145,#FRAUDWATCH | Koongly,1488.5,1
8214,3495965,PBO | RACIII | Comic,1488.5,1
8215,335931,2Chairz,1488.5,1
8216,4174863,God of Dorya,1488.5,1
8217,4328481,Rider | UserisLogan,1488.5,7
8218,5256181,YSKM,1488.5,1
8219,1801265,Lil BRO,1488.5,1
8220,3570766,Jinchûriki | samayto,1488.5,1
8221,2435418,SquidGaming,1488.5,1
8222,1749542,NRN | Kylin D,1488.5,1
8223,791309,Fox,1488.5,1
8224,65887,Ryer,1488.5,1
8225,2002931,HTX | CDVP,1488.5,1
8226,1570949,UP | Hands Off My Cawk Tuah,1488.5,1
8227,4678332,upsets.gg | galestrike,1488.5,1
8228,5299579,deaftoke,1488.5,1
8229,5484357,Teku,1488.5,1
8230,5311733,Dannilzz,1488.5,1
8231,533789,StarStorm,1488.5,1
8232,3196046,Radish,1488.4,3
8233,25480,Poltergust,1488.4,1
8234,3967064,PG LG CLY OE | BIGISHIPONFAN21,1488.4,1
8235,798219,Mikaldo,1488.4,1
8236,669672,IC | Foresight,1488.4,1
8237,490662,BB | ThatOneGuy,1488.4,1
8238,3206237,SU | Werydan1,1488.4,1
8239,1445512,d^ ASC | Vigilante,1488.4,1
8240,4072851,OMG | PAPI,1488.4,1
8241,1421189,Skilled Roy,1488.4,3
8242,424918,BHaus | Mirror Magic,1488.4,3
8243,3484648,gelosy,1488.4,1
8244,5092729,Gaggatrondra Fan,1488.4,1
8245,5457634,Vexda,1488.4,1
8246,3099654,KingDadman,1488.4,1
8247,991654,TS | Onyx,1488.4,2
8248,2317576,Anthem,1488.4,1
8249,4973712,DeathSpac3,1488.4,1
8250,2146899,BUZZ | たいけい/Taikei,1488.4,1
8251,3519882,Aleks,1488.4,3
8252,3660621,LC/ILMW/T-T | Orion,1488.4,1
8253,4185519,BEER/UC | JaxiTaxi,1488.4,1
8254,606120,Oz,1488.4,1
8255,4676488,Adagio,1488.4,1
8256,1595840,Crazy Perry,1488.4,1
8257,3888272,yepparoc,1488.4,1
8258,1732508,Timboneio,1488.4,1
8259,2797430,おーど/OWD,1488.4,2
8260,364246,Blaze / Neeze,1488.4,1
8261,1167487,#TOP | Hue,1488.4,1
8262,68102,Mugen,1488.4,1
8263,4264121,Jim_Nasium,1488.4,1
8264,3129887,Ronin,1488.4,1
8265,539671,JanTheMan,1488.4,1
8266,5059928,143,1488.4,1
8267,2983375,EVC | Gaming!,1488.4,1
8268,4729076,Amon Alarcon,1488.4,1
8269,2227153,NUTS | NoLuck,1488.4,1
8270,3258692,dynamo | quasi,1488.4,1
8271,4456929,extinctmc10,1488.4,1
8272,3095294,CrackShotTom,1488.4,1
8273,5535,Boomer,1488.4,1
8274,1045808,Rhys_uwu,1488.4,1
8275,4231053,[RR] | Bluebery,1488.4,1
8276,130021,GnG / Grey,1488.4,1
8277,2893492,Baller | Ryxenthejestie,1488.4,1
8278,1157554,RoadkillRambo,1488.3,1
8279,1782756,sinic / Glooba / zach / LoganMK / Luxitone / GoldEnd,1488.3,1
8280,1834283,pielover314159,1488.3,1
8281,4360771,Vieuxpepe,1488.3,1
8282,1110545,Naisu,1488.3,1
8283,3606270,PB | mryusd,1488.3,1
8284,3334710,StingJay,1488.3,1
8285,4892852,HueyB,1488.3,1
8286,5359691,Uyuni Moumantai,1488.3,1
8287,1586204,Gatsby,1488.3,1
8288,5329862,NolanVGC,1488.3,1
8289,4704775,EOL,1488.3,1
8290,1039411,Grim,1488.3,1
8291,1090950,FeelingIT,1488.3,1
8292,1590280,Cien,1488.3,1
8293,1065447,YMHB | LonLonLeche,1488.3,1
8294,343780,PYRO / Tubby Two,1488.3,1
8295,144119,TechnoMadness,1488.3,1
8296,2943781,ChristianCool1,1488.3,3
8297,3375140,ビーン,1488.3,1
8298,1951466,DatKidNate,1488.3,1
8299,1712004,KRYP | Katana,1488.3,1
8300,2046228,perezc13,1488.3,1
8301,2509313,MondoRay,1488.3,1
8302,1165702,CSULB | Linkshark3,1488.3,1
8303,1779817,AlphaBorb,1488.3,1
8304,2981687,SCR | satoryx,1488.3,1
8305,3285694,SHU | Pokejuan,1488.3,1
8306,4817748,GhrelinMartyr / gagnificent,1488.3,1
8307,1080721,12th | Jordan,1488.3,1
8308,297711,BYL | Dad,1488.3,1
8309,3585886,JL | JB,1488.3,1
8310,4819568,0zone619,1488.2,1
8311,4312927,[CN] | ICED-M0K4,1488.2,1
8312,1119607,totaroz,1488.2,1
8313,3636686,That_guy_eli,1488.2,1
8314,137426,Precs,1488.2,1
8315,986182,PITT | Bluehaze,1488.2,6
8316,2211088,Pany,1488.2,3
8317,160115,GP | Glaciate,1488.2,1
8318,45924,Exceladon,1488.2,1
8319,1700140,Crapmonster,1488.2,4
8320,5532495,uri,1488.2,1
8321,3507871,Jigit,1488.2,1
8322,3357124,CR-ØS | Papichulo,1488.2,1
8323,65461,player 14,1488.2,1
8324,1879540,Cardboard,1488.2,1
8325,60514,B3nan / LagLess,1488.2,1
8326,4956238,Alex,1488.2,1
8327,4990611,UWGB | Chony,1488.2,2
8328,1835420,BMG | radnarly,1488.2,1
8329,1794753,Bagel,1488.2,1
8330,1047946,drew,1488.2,3
8331,4604113,Corn,1488.2,1
8332,1283299,Presto / MrFstt,1488.2,1
8333,3534600,Rothicus,1488.2,1
8334,5332482,Skratch,1488.2,7
8335,1101787,ØWL | Pastor,1488.2,1
8336,3913236,YBG | Magi,1488.2,1
8337,525015,Thisisgod326,1488.2,3
8338,47041,Hazmatt / Meccs,1488.2,1
8339,5337339,Rice Enters,1488.2,1
8340,2225232,Irrational Denominator / Myth,1488.2,1
8341,2742030,SAGE MODE | TOMATTOSMASH,1488.2,1
8342,1063062,Soper,1488.2,1
8343,4799155,CASTRO,1488.2,1
8344,3302936,RRT4 | Isagi,1488.2,1
8345,3768165,sematary,1488.2,1
8346,1267516,Icey,1488.2,3
8347,45875,Bahn,1488.2,1
8348,3560262,dyz,1488.2,1
8349,1152692,Robin,1488.2,1
8350,2261123,Firestarter,1488.2,1
8351,354990,HIV+,1488.2,1
8352,703443,Pyro,1488.2,1
8353,128267,Pepe,1488.2,1
8354,4409848,nsho / WezzieWez,1488.2,1
8355,2873032,ILMW NSG | Lvl_1000_Bidoof,1488.2,1
8356,3203897,SweetTooth | Crona,1488.2,5
8357,3664655,Supercamperninja,1488.2,1
8358,1239164,Tarbox,1488.2,3
8359,2483554,Blueka,1488.2,1
8360,2172280,Tekwizwa,1488.2,1
8361,1526510,weezerfan22,1488.2,1
8362,3616648,EHS | Isleep,1488.2,1
8363,147929,Twitch.tv/ | DnnrPants,1488.1,1
8364,3914939,The Knife | Myriage,1488.1,1
8365,3699765,FSH | RW | Crispy Fox,1488.1,1
8366,4307837,E3N,1488.1,1
8367,3071262,Nero and Reverie!,1488.1,1
8368,5084732,equipo TEA | Zain,1488.1,1
8369,1154263,ChrisBardow,1488.1,1
8370,1142962,Madam Mojito,1488.1,1
8371,1057747,Vaati,1488.1,1
8372,3006998,The_DumbMango,1488.1,1
8373,5023573,Counter,1488.1,1
8374,1736679,SLU | ゴゴゴゴゴ,1488.1,1
8375,2940753,Stepping,1488.1,1
8376,56918,SLTE | S+Hiro,1488.1,1
8377,1749821,cypher / AceNa,1488.1,1
8378,5522197,UltiMike,1488.1,1
8379,1886571,SRUS | FC | NATO,1488.1,1
8380,20766,"Vinny, The Lick",1488.1,93
8381,2562944,Iced Coffee,1488.1,1
8382,1060874,Ghost Aldaine,1488.1,1
8383,350989,Shion,1488.1,1
8384,5532498,Ian,1488.1,2
8385,363143,Bizz! | It's Syl!,1488.1,1
8386,1107285,TFT | RoKu,1488.1,1
8387,3801443,E | The8898,1488.1,1
8388,2315891,Dio,1488.1,1
8389,1522203,FakeGamers | GreG_NICE,1488.1,1
8390,1239095,gerg,1488.1,3
8391,4303207,EthanKnite,1488.1,1
8392,1337427,Zeke,1488.1,1
8393,4912756,GUMBOLAYA! | Catpickle14,1488.1,1
8394,1580943,Gatsby,1488.1,1
8395,160117,Barsthejourney,1488.1,5
8396,3510924,Salouu,1488.1,1
8397,2847478,Ouch,1488.1,1
8398,208835,SuperYoshi141,1488.1,1
8399,1485905,RedCanti,1488.1,1
8400,2332349,MrBroose,1488.1,1
8401,3622666,NC2 | 5U5HI,1488.1,1
8402,5338258,Fedex,1488.1,1
8403,5497506,Amy Roscher,1488.1,1
8404,962429,Carried | Lax,1488.1,1
8405,2325889,bakeryboy,1488.1,1
8406,3735846,うにずき,1488.1,1
8407,695086,#FREEPALESTINE | Parathion,1488.0,1
8408,5448804,Heavy_snorlax,1488.0,1
8409,1032509,Goakin,1488.0,1
8410,3858010,Chaoticnatsu,1488.0,1
8411,3865516,justintoonlink,1488.0,1
8412,3222350,Broman,1488.0,1
8413,4762441,Luy,1488.0,2
8414,4521174,Poliwager | PoisonIvey1998,1488.0,1
8415,841558,Zxora / qjx6,1488.0,1
8416,2302121,Spinnin,1488.0,1
8417,1921143,Toofz,1488.0,1
8418,2067357,Kevbot,1488.0,1
8419,2337770,Dick,1488.0,1
8420,4914269,ZS17,1488.0,1
8421,4835291,L3ADR,1488.0,1
8422,1729282,Mr.Awesume,1488.0,1
8423,1482750,Saphir / Mounir,1488.0,1
8424,3701537,UWRF | justjohns,1488.0,1
8425,150814,Yason,1488.0,1
8426,38301,WonderBread,1488.0,9
8427,1349001,David,1488.0,7
8428,3658149,Dr.Goofy,1488.0,1
8429,1139470,Tempo,1488.0,1
8430,314624,Scuba,1488.0,1
8431,947560,Jmac,1488.0,1
8432,3721934,Hyper SMG,1488.0,1
8433,5492997,Malvrix,1488.0,1
8434,4972417,DaTiggerDude,1488.0,1
8435,4326915,oogito,1488.0,1
8436,497590,Cy,1488.0,1
8437,5504220,big_m,1488.0,2
8438,1826054,Nano,1488.0,1
8439,3220620,Payapa,1488.0,1
8440,2625421,SeñorAñt,1488.0,1
8441,146828,TCT | Naga,1488.0,4
8442,4893633,sonictheone456,1488.0,1
8443,3633882,Beamon,1488.0,1
8444,4219562,WCTC | Alolan Missile Crisis,1488.0,1
8445,2267772,DeDeDeadly,1488.0,1
8446,1675027,BARF,1487.9,1
8447,1499984,bizcocho,1487.9,3
8448,5335437,KaiTheActivist-,1487.9,1
8449,4856093,Jajum,1487.9,1
8450,3055382,TheGrenade125,1487.9,1
8451,3194499,Kura (B),1487.9,1
8452,2270490,pookie,1487.9,1
8453,5358597,Axl | AxelTheRoyalNine,1487.9,1
8454,4179991,KaiyaNa,1487.9,1
8455,4755290,Dexterangutan,1487.9,1
8456,41204,VV | mgmg,1487.9,1
8457,154037,KoF | The Rat King,1487.9,1
8458,136372,SA | SuperStatic,1487.9,1
8459,1861869,MTU | Geyser,1487.9,1
8460,4433673,MidTierGod,1487.9,1
8461,5159396,Projectdxn,1487.9,1
8462,252344,Geemoney$,1487.9,3
8463,1462610,sklort,1487.9,1
8464,2389080,Jad3 | Carfrogs,1487.9,1
8465,572074,ELDN | Maverickninkid,1487.9,1
8466,2126750,No More Parries In L.A.,1487.9,1
8467,4793687,TexasSnake,1487.9,1
8468,3575026,SaltyBreadNuts,1487.9,1
8469,4000912,Plzrd,1487.9,1
8470,4240731,blueishtoad,1487.9,1
8471,69158,deer,1487.9,1
8472,2316067,Rockyino,1487.9,1
8473,5390675,Gachapon,1487.9,1
8474,5484405,GhostFace,1487.9,1
8475,714506,SaladDressing,1487.9,1
8476,3929821,3AM | Jengsse,1487.9,1
8477,1105440,BMoC,1487.9,1
8478,2289743,Casual,1487.9,1
8479,1813895,BTL | Xel,1487.9,1
8480,2301929,mjFear,1487.9,1
8481,4919977,Huh? | You or me?,1487.9,1
8482,3857867,JP,1487.9,1
8483,460902,lucida,1487.9,1
8484,4107438,JULIANiL8,1487.9,3
8485,1000295,Haven,1487.9,1
8486,2384529,Blitz / xJcoolJ,1487.9,1
8487,4279237,KU | Fox121,1487.9,1
8488,4214064,jam,1487.9,1
8489,330560,VGHS | Brian D,1487.9,1
8490,2999381,Jasu,1487.9,1
8491,869500,SNOWROACH,1487.9,1
8492,1976853,Agent,1487.9,1
8493,35563,mba | Terrace,1487.9,1
8494,41208,UR | NPU | PAC DIESEL,1487.9,2
8495,2593131,BOT | ObNoder,1487.8,1
8496,1222994,ABT3 | WonkyDrive,1487.8,1
8497,3605957,Deerest River,1487.8,1
8498,49653,Nix,1487.8,1
8499,4663674,GIGAS-YARO,1487.8,1
8500,2615328,Mantine | Mantine,1487.8,1
8501,230262,Akemi,1487.8,1
8502,4010576,BHS | Coconut,1487.8,4
8503,4230804,Onyx,1487.8,1
8504,4326384,TheCompany | S P /\ D E S,1487.8,1
8505,5061378,Chief,1487.8,1
8506,1462387,SF Bulebongui,1487.8,1
8507,1914833,Hobart,1487.8,1
8508,1719472,Blaze / Ghost / Josh K / Hedgi / shadowww / MicheL!!,1487.8,1
8509,3212018,Nito,1487.8,1
8510,2939148,Clemente,1487.8,1
8511,2314142,N/A | BBUPTILT(Dylan),1487.8,1
8512,5465187,GilliganTheGrand,1487.8,1
8513,2444748,YM,1487.8,1
8514,1091071,RosieCo | Pure,1487.8,1
8515,4853357,GhostChizaki,1487.8,1
8516,963316,Lexicon,1487.8,1
8517,1785135,Lush | Izzi,1487.8,1
8518,4349433,Earbuds / RIVAL,1487.8,1
8519,1002126,RIPoste,1487.8,1
8520,3220945,Euphie,1487.8,1
8521,3945750,PB | Joestar,1487.8,1
8522,3008736,heem,1487.8,1
8523,2339938,Marckiemoo / Futurebubble,1487.8,1
8524,999426,Webs,1487.8,1
8525,2097994,rock opera,1487.8,3
8526,1046322,LG | にくきゅう,1487.8,1
8527,871753,T.S. | VAMPIRE,1487.8,1
8528,4860684,JesusSaves,1487.8,1
8529,5402342,Bo,1487.8,1
8530,2470875,MXC | Agent A,1487.8,1
8531,2288479,teach,1487.8,1
8532,1697114,SM | DanyPB,1487.8,1
8533,3017057,Lauren Kawecki,1487.8,3
8534,5136293,Paper,1487.8,1
8535,4514032,Not Leux | Aurora,1487.8,5
8536,4635508,PPSongon14,1487.8,1
8537,208120,nullus,1487.8,1
8538,1528670,RDMP | UH | Faru,1487.8,1
8539,683699,Neutron,1487.8,1
8540,4475237,Usual,1487.7,1
8541,245096,Toledo | russ,1487.7,1
8542,1908841,Clockwork | Supergokubolt,1487.7,1
8543,1261759,melatonin,1487.7,1
8544,3048057,9th | FallenED,1487.7,1
8545,2249212,delta,1487.7,1
8546,4053226,SSK | Satohru,1487.7,1
8547,2086752,FC | Novacane,1487.7,1
8548,367773,Mudae+ | Br0wn,1487.7,1
8549,1287087,free boats,1487.7,1
8550,2794189,ZATO | Asya Shubina,1487.7,1
8551,1867943,Kintero,1487.7,3
8552,4303763,Brinkory Tingus,1487.7,1
8553,5324805,NO | WOOPERGOD,1487.7,1
8554,5375165,Iron Leagues | MillerTime,1487.7,1
8555,5355785,yuhobique,1487.7,1
8556,2226381,martian,1487.7,1
8557,699655,TU | ProdigyxCD,1487.7,1
8558,5324689,Player 1,1487.7,1
8559,595368,JV3 | Danlisto,1487.7,1
8560,6343,VT | Kibbles,1487.7,1
8561,4267758,HarrisonQuax,1487.7,1
8562,362901,Nefarox,1487.7,1
8563,1634399,anderson,1487.7,1
8564,1727173,HIT | Algorensa,1487.7,1
8565,2518018,FC | Vibes,1487.7,1
8566,2222024,GPSL | T4E | Ther_756,1487.7,1
8567,5315066,Bust | NutBuster,1487.7,1
8568,3740086,Jokul,1487.6,1
8569,156076,Prestonification,1487.6,1
8570,989882,Sefaro,1487.6,1
8571,5485517,C_Yo64,1487.6,1
8572,3861735,UT Tyler | MilkDud,1487.6,1
8573,5042359,WaddleDee,1487.6,1
8574,2478900,PALO | Bluzee,1487.6,1
8575,1833479,DKgaz,1487.6,1
8576,3990375,Crimson,1487.6,3
8577,1964593,Charity | Beasty,1487.6,2
8578,2134109,EXP | Metamo,1487.6,3
8579,4303909,Sweet | Spicy,1487.6,1
8580,2406974,DewgongDakota,1487.6,1
8581,541558,Gust,1487.6,1
8582,5429929,Nate,1487.6,1
8583,1647187,boi,1487.6,1
8584,1612967,Praspian,1487.6,1
8585,220175,Unshorn,1487.6,68
8586,49150,MaymayMan,1487.6,1
8587,4682626,youfugley,1487.6,1
8588,441557,Jayno,1487.6,1
8589,22889,SaSSy / MIDI,1487.6,1
8590,3290844,SHOTZ | Cola Beast,1487.6,1
8591,1361907,Mr B Sans,1487.6,4
8592,4665091,XZ MAD | A$AP άngel,1487.6,1
8593,358340,Hash,1487.6,1
8594,1220227,NP | Clod,1487.6,1
8595,1694325,B3BAS,1487.6,5
8596,6132,PreCookedBread,1487.6,1
8597,4281584,Treyo,1487.6,1
8598,2306947,1G | Robbie,1487.6,1
8599,1946373,preyneyv / Ryuk0KuN,1487.6,1
8600,1658573,Source Code,1487.6,1
8601,2512878,[MCOD] | MasterDavidMuzan,1487.6,1
8602,2618871,Kulmir,1487.6,1
8603,4730440,Christian,1487.6,1
8604,4523358,Prototype,1487.6,1
8605,5502701,Sparrow,1487.6,1
8606,1388706,J,1487.6,1
8607,28552,Cenco,1487.6,1
8608,2670471,masonpotato,1487.5,3
8609,4335413,SuaveJay,1487.5,1
8610,961679,Booty,1487.5,1
8611,157139,DOOB | Spyker,1487.5,1
8612,1435583,EDN,1487.5,1
8613,1800820,AnotherWifiLuigi,1487.5,1
8614,1034981,Hidalgo,1487.5,1
8615,246135,Ironbrand / Lyqosa,1487.5,1
8616,393314,KoboldHeart,1487.5,1
8617,5395115,PG-Boy,1487.5,1
8618,154325,REE | SunnY,1487.5,1
8619,1043409,ØWL | Volt,1487.5,1
8620,1866982,ShRo0meD?! / Zoom,1487.5,1
8621,549798,HPH | Kaiji,1487.5,2
8622,2423883,devdev,1487.5,1
8623,2504801,WIT | Sable,1487.5,1
8624,2124348,thehumanblob,1487.5,1
8625,39563,holding hands and kissing nicely,1487.5,3
8626,2536369,Substellar,1487.5,1
8627,1004060,Violet,1487.5,1
8628,1609843,Premasaur,1487.5,3
8629,5026742,Zeiko / Yupi,1487.5,1
8630,5013590,PBJ | Visada,1487.5,1
8631,2224036,AoE | Amethyst,1487.5,1
8632,4323163,Emilio,1487.5,1
8633,5461683,he/him/his | Sam B,1487.5,1
8634,1839997,LoyalKing,1487.5,1
8635,4632142,Ghost,1487.5,1
8636,2890004,SNG | ナイスごんちゃ,1487.5,1
8637,4295550,Rainbow Heartstrings,1487.5,1
8638,2796712,"Mellow, PhD",1487.5,1
8639,5220173,Stoven,1487.5,1
8640,4165782,Paoluccio,1487.5,1
8641,5272846,UML | Dumile,1487.5,1
8642,134705,borealis,1487.5,1
8643,4210068,skii / vv,1487.5,1
8644,2535107,ノム,1487.5,1
8645,5463575,pilk,1487.5,1
8646,4982053,TEA | nofumepasta,1487.5,1
8647,3189602,chi_lyn,1487.5,1
8648,544825,GeekyDave,1487.4,1
8649,1065362,Scholar,1487.4,1
8650,1026675,AeroAce,1487.4,1
8651,3552006,DragonHat,1487.4,1
8652,10599,b0unty,1487.4,1
8653,1588221,Rose,1487.4,3
8654,1490055,NC2 | BK1000,1487.4,1
8655,152957,shitter,1487.4,1
8656,1435990,Thriggs,1487.4,1
8657,1623735,Sabatino,1487.4,1
8658,62329,aka Uknight | BILLY OPOSSUM,1487.4,1
8659,2085228,Potato257,1487.4,1
8660,5497567,Slaughterhorn,1487.4,1
8661,2720916,Well Watered | 2widegod BlosomingFlowr,1487.4,1
8662,4557920,moon | Alcazmar,1487.4,1
8663,1575487,Vivtec,1487.4,1
8664,63743,Abukik,1487.4,1
8665,3503888,NTN|SC | Zix,1487.4,4
8666,1659258,Yurt,1487.4,3
8667,3570187,OP,1487.4,1
8668,1291049,Geten,1487.4,1
8669,5210630,Otakuu,1487.4,1
8670,1870272,NFR | | WarP,1487.4,1
8671,1885868,BigWarrior,1487.4,1
8672,2977364,Goat,1487.4,1
8673,5382872,Lightsen,1487.4,1
8674,5140242,Abztract,1487.4,1
8675,2157871,EggZachary,1487.4,1
8676,2616699,spore,1487.4,1
8677,734978,Iron Grid | TG | Morrasod,1487.4,3
8678,272041,Khris,1487.4,1
8679,5463400,Vsdas,1487.4,1
8680,5279426,Donegg,1487.4,1
8681,5004521,HaloJake9,1487.4,1
8682,580104,Q,1487.4,1
8683,1816100,Skill,1487.4,11
8684,2775598,Jacob Roscher,1487.3,1
8685,1620220,theSkulltan,1487.3,1
8686,2406431,Angelmedra,1487.3,1
8687,714505,LocalmanMatty / Amore,1487.3,1
8688,14522,Zucchini / Sniffles,1487.3,1
8689,738358,Martial / Karma,1487.3,1
8690,840273,WizKid,1487.3,1
8691,1384302,Shazz,1487.3,1
8692,176210,bye3,1487.3,1
8693,3260628,Riemiva,1487.3,1
8694,3561,Ginger,1487.3,1
8695,4491131,天 | Drewsephix,1487.3,1
8696,1513928,draco m.,1487.3,1
8697,1895332,PeachyFlamingo / Croissant,1487.3,1
8698,5266587,Albert5120,1487.3,1
8699,4844573,OGEEZY,1487.3,1
8700,3522366,WS | DefendeR,1487.3,1
8701,2760144,Khaos Light,1487.3,1
8702,1998058,Jane Doe,1487.3,1
8703,5463747,RedYoshi_15,1487.3,1
8704,5433232,Rumble0n,1487.3,1
8705,950019,AJ / Pier,1487.3,1
8706,2534492,MUOH | Respect,1487.3,1
8707,3215720,Gabe Versus The World,1487.3,1
8708,4929231,McSqueeze,1487.3,1
8709,3198308,BoA,1487.3,1
8710,3223702,wavvyr / bright,1487.3,1
8711,2299952,SmU5h | ShuBy,1487.3,1
8712,2524908,Henry,1487.3,1
8713,4224876,Clicter,1487.3,1
8714,5453323,Jony1285,1487.3,1
8715,614830,Karkat,1487.3,1
8716,3280208,LSG | Lil'Skrimp,1487.3,1
8717,3392071,4 7 | Ms Frizzle,1487.3,1
8718,3843866,Coomoo,1487.3,1
8719,66280,Bassyxx,1487.3,1
8720,960329,WnD | skythedog,1487.3,1
8721,2742984,HSC | Fear,1487.3,1
8722,4798714,Meepmeep,1487.3,1
8723,284411,hc | Pizza,1487.3,1
8724,3960338,Flaccid Pancake,1487.3,1
8725,1655059,Manzana,1487.3,1
8726,3892085,Gingy,1487.3,5
8727,2562103,ZRG | CUA | THE KINGPIN,1487.3,1
8728,250114,Flowx / Nick867 / Hydro / halc / Pats / Fl3rk3n,1487.3,1
8729,5172735,Tukishiro,1487.3,1
8730,156765,WWGG | Lite the Iron Man,1487.3,1
8731,2973941,Elyautia,1487.3,1
8732,3632816,Shades,1487.3,1
8733,2476978,peachmain | peachmainforever,1487.3,1
8734,65579,GirthwormJim,1487.2,1
8735,1278152,Young Jesus,1487.2,1
8736,60510,FingerStripes,1487.2,1
8737,5411979,TTT | Velqrow,1487.2,1
8738,1497174,GWU's Very Own | Mafia,1487.2,1
8739,3930125,WeirdoMcFreak,1487.2,10
8740,4216243,DK Broman,1487.2,1
8741,5236806,テア | ZowTP,1487.2,1
8742,5151444,Coop,1487.2,1
8743,3598232,E | G-Money,1487.2,1
8744,2049938,Digital Butterfly,1487.2,1
8745,4345883,Blurret,1487.2,1
8746,1623669,OUG | CATS,1487.2,2
8747,2552772,Samsara,1487.2,1
8748,126649,Jul,1487.2,1
8749,468521,Wess / V3M_T4NQUIL0,1487.2,1
8750,5480268,Sim Pleton,1487.2,1
8751,3898252,KU | いなばこうし#星詠み,1487.2,1
8752,4323184,Gabriel,1487.2,1
8753,1349808,Nacho,1487.2,1
8754,283445,Sw1m,1487.2,1
8755,2192227,notsarcastic69,1487.2,1
8756,505999,Crazykrai,1487.2,1
8757,1597299,MT | Acgamer28,1487.2,1
8758,1278544,RAINMAKER,1487.2,1
8759,5288389,Cringefail_Loser,1487.2,1
8760,4165777,CMNSense,1487.2,1
8761,4321264,ゼロール/Zeroll,1487.2,1
8762,1311306,POOKIE | Menderbug,1487.2,1
8763,482251,Joltman,1487.2,1
8764,1156593,Vali,1487.2,1
8765,3139809,Sr. Chef,1487.2,3
8766,2351250,FS | ChZr | Amadeus,1487.2,1
8767,3876912,JvO,1487.2,1
8768,49190,Tipper,1487.2,1
8769,4520960,PCG | Marx,1487.2,1
8770,919311,DrMichaelBay,1487.2,3
8771,1603752,OFF | SoySauce,1487.2,1
8772,2690580,lugardo,1487.2,1
8773,960827,SpringFlame,1487.2,1
8774,949033,BERKLEE (real),1487.2,1
8775,3421152,SeaSlugg,1487.2,2
8776,4656168,Noahh1,1487.1,2
8777,4015039,HVI | MightyBird,1487.1,1
8778,3009825,SBY | Manspider,1487.1,1
8779,1251115,Eli,1487.1,1
8780,4757714,Zayduhhh,1487.1,1
8781,4841389,GBLN | Torben,1487.1,1
8782,1095814,Praxis,1487.1,1
8783,4953369,Dr. Sax,1487.1,1
8784,5020935,yahoo!!,1487.1,1
8785,2725733,WU | GamestaPro,1487.1,1
8786,638920,Ki,1487.1,1
8787,65465,player 18,1487.1,1
8788,4181429,TTG | SR | Nyx,1487.1,1
8789,1263293,Lil' Adrian,1487.1,1
8790,5326078,Strafyu,1487.1,1
8791,2285266,Gruntan,1487.1,1
8792,3737934,Minty,1487.1,1
8793,1394681,David,1487.1,1
8794,1261171,NCE | CRiitics,1487.1,1
8795,2688761,StepKnightUp,1487.1,1
8796,2577669,Chunk | Speder6,1487.1,3
8797,4392357,VOLT!,1487.1,1
8798,2618190,AAlyx,1487.1,1
8799,2455686,TU | Vibrant,1487.1,1
8800,5134111,LupusBCWulf,1487.1,1
8801,1009121,HeroicShade,1487.1,1
8802,1983052,Ernesto,1487.1,1
8803,1038816,dj,1487.1,1
8804,1275584,AGE | Ikari,1487.1,1
8805,2544613,HTC | TKE | Sloop,1487.1,5
8806,1258224,NKN | Shikamounty,1487.1,1
8807,3318794,Jolyne,1487.1,5
8808,1995528,Solow,1487.1,1
8809,5503207,Miguelz GamesYT,1487.1,1
8810,3342878,Fentes,1487.1,1
8811,945629,Zippy,1487.1,1
8812,409084,Future Shock,1487.1,2
8813,3187695,RT | xHueco,1487.1,1
8814,4768469,Woody,1487.1,1
8815,415239,Pong,1487.1,78
8816,1087137,yuroobu's Pal | Nocturne,1487.1,1
8817,2286672,Beastman_Subaru,1487.1,1
8818,1018414,RisingSonic,1487.1,1
8819,1232717,LocoLobo,1487.1,1
8820,329849,trilliam / BOOM,1487.1,4
8821,4546060,SAU | Arbitrary,1487.1,1
8822,508245,Cryptom,1487.1,1
8823,1767832,SHU | Hastur,1487.0,1
8824,617756,TxcPizza,1487.0,1
8825,415526,Grandmaster,1487.0,1
8826,39192,Savage / Mugen,1487.0,1
8827,1395761,SRF,1487.0,1
8828,1662477,Fons,1487.0,1
8829,1206258,SDD | Sniks,1487.0,1
8830,3020242,VietKong69,1487.0,1
8831,5046959,Daor,1487.0,1
8832,4972093,LoudThunder34,1487.0,1
8833,3024653,Theodore Rice,1487.0,4
8834,3259210,Monami,1487.0,1
8835,10968,Enemy,1487.0,1
8836,5311951,Morg,1487.0,1
8837,3767741,KosmicPoly,1487.0,1
8838,37661,Sunn,1487.0,1
8839,4571980,my dad | BigFanofChowdah,1487.0,1
8840,1594899,SWAGnDRAGON,1487.0,1
8841,3888988,bhound / Rex,1487.0,1
8842,224918,GG | Soan,1487.0,1
8843,5308077,player 4,1487.0,1
8844,4132242,RGN | Potanti,1487.0,1
8845,1888916,Breakingbrad,1487.0,1
8846,5310038,Spectacular,1487.0,3
8847,187375,set!,1487.0,4
8848,981833,RC Scarlet,1487.0,2
8849,5471682,JimmyF,1487.0,2
8850,1039731,nokotanfan23,1487.0,1
8851,3141634,PRISMO,1487.0,1
8852,541316,RLz | Miruku,1487.0,1
8853,4685466,Dwawa53,1487.0,1
8854,1507859,Adam,1487.0,1
8855,268489,myname / Eppy,1487.0,1
8856,2026867,OFF | Vulcan,1487.0,1
8857,4967705,TbN,1487.0,1
8858,2677416,Spin4Eternity,1487.0,1
8859,1972241,BTE | ilovenoobs233,1487.0,3
8860,994391,Jagriff,1486.9,1
8861,3129507,Hen-Tyler,1486.9,1
8862,3048879,RPL | Bestagons,1486.9,1
8863,5487472,Matt,1486.9,1
8864,1521517,DMF,1486.9,1
8865,861679,Dook,1486.9,79
8866,3721384,SimplistiX,1486.9,1
8867,2386765,Wombus,1486.9,1
8868,3546698,Plainroky,1486.9,1
8869,164047,Firebolt / Howsov / Jate,1486.9,1
8870,374185,Laroy,1486.9,3
8871,1651699,ha | marion,1486.9,1
8872,4837821,BlightBingo,1486.9,1
8873,4449531,Dr. Theta,1486.9,1
8874,3015988,wubwubwubwubwubwubwub,1486.9,1
8875,3225183,FSC | The Big | MSCard,1486.9,1
8876,3509016,Blur,1486.9,2
8877,3727953,Shadow-Hisui,1486.9,1
8878,4800311,Leemur,1486.9,1
8879,4323178,Yuma,1486.9,1
8880,3802262,Jay,1486.9,1
8881,328986,NP | Undercover,1486.9,1
8882,4891727,Luan-k,1486.9,10
8883,2346816,#1 | KyleTM_Stan,1486.9,1
8884,2802256,Zakseed,1486.9,1
8885,5402224,Goldenpizza71,1486.9,1
8886,351677,Scooter,1486.9,1
8887,3785213,Ciscze,1486.9,1
8888,1124479,philms91,1486.9,1
8889,504430,Anavrins,1486.9,2
8890,3645222,RPL | rich,1486.9,1
8891,837300,Vimber,1486.9,1
8892,464315,Zephyrusk,1486.9,1
8893,241555,Nat,1486.9,1
8894,3098493,さく,1486.9,1
8895,1671602,Kdub,1486.9,1
8896,4448832,Cosmicnuisance,1486.9,1
8897,1707406,C4sualsam,1486.9,1
8898,1725177,Youngnamez,1486.9,2
8899,2693953,DizzY,1486.9,1
8900,1474346,Broken :(,1486.8,1
8901,479530,XG | Ssabado Gigante,1486.8,2
8902,1026478,toddlerman,1486.8,1
8903,589278,sreg_,1486.8,1
8904,145482,Nick78 / javi,1486.8,1
8905,3556962,JT7|SMFN | Soap Dispenser,1486.8,1
8906,4291794,PatoGrease,1486.8,1
8907,825451,LE | Bard,1486.8,1
8908,421270,WAVE,1486.8,1
8909,60416,SNACK?,1486.8,1
8910,139734,CRSDCrusader,1486.8,1
8911,4321810,PMA | kyrix,1486.8,1
8912,2447565,Astro,1486.8,2
8913,4373039,Doomsies / LV :3,1486.8,1
8914,3739396,UC | Mr. Science,1486.8,1
8915,245412,loaf,1486.8,3
8916,721013,OranSky,1486.8,1
8917,1955923,Yurin,1486.8,1
8918,887557,EMan,1486.8,1
8919,5345068,Matt,1486.8,3
8920,4639649,Na | Newstolgia,1486.8,1
8921,1155906,DistinctMadness,1486.8,1
8922,5382318,milk,1486.8,1
8923,448064,TBH | KingRoBo,1486.8,5
8924,2431664,3 munchkins + 1 Timbit,1486.8,1
8925,62732,I am confused | Karamel & Kragg broke up,1486.8,1
8926,4956504,Higs,1486.8,2
8927,1058482,MSCR | makimonday,1486.8,1
8928,29296,DBQ | ASN,1486.8,1
8929,3817529,Kael,1486.8,1
8930,2205195,CaveDan,1486.8,1
8931,760235,ian,1486.8,1
8932,151596,HU$TLE,1486.8,1
8933,1122901,Nova,1486.8,1
8934,1790827,Borb | Wisteria,1486.8,1
8935,5493610,Gautamuh,1486.8,1
8936,4188139,DEDEDEDEDE,1486.8,1
8937,1466003,V-Bucks,1486.8,1
8938,329341,MikeKirby,1486.8,1
8939,4761089,Grag / Sir Claps A Lot,1486.8,1
8940,2891228,ReaverKing,1486.8,1
8941,4451333,OBR | AntAnt,1486.8,1
8942,1840877,SMV | Huntaro,1486.8,3
8943,1984019,SmU5h | Yrneh,1486.8,5
8944,5496960,Falcoholic,1486.8,1
8945,262930,GOXP | FN/RayZenk,1486.8,1
8946,4403728,BD-Nik,1486.8,1
8947,2336665,KraKldor,1486.8,1
8948,1237129,Javi,1486.8,1
8949,1085166,UEA | COOLKINGZ,1486.7,1
8950,4723887,Dr E,1486.7,1
8951,1015268,TastySafry,1486.7,1
8952,3121765,K4K,1486.7,1
8953,3739666,FlemiZ,1486.7,1
8954,1097,CG | ZODD-01,1486.7,1
8955,4580404,SymbioteXII,1486.7,1
8956,4202832,Down$hift,1486.7,1
8957,3856021,zero,1486.7,15
8958,5294653,Rigby,1486.7,1
8959,360175,Rewhirl / Shuppen,1486.7,1
8960,779801,Weast Coast Gaming,1486.7,1
8961,1738627,Sargent / Mojakin,1486.7,1
8962,3633342,HoG | Dylweed,1486.7,2
8963,2319421,NE | Princess Bubblegum,1486.7,1
8964,1023627,BUNK | Mesteely,1486.7,1
8965,5342994,Absith,1486.7,1
8966,3463370,Dacious,1486.7,1
8967,3265807,Wafflz,1486.7,1
8968,3214480,Repeatsx / JrX9000,1486.7,1
8969,3484575,Vastfollower,1486.7,1
8970,2321045,Maestro Lobo,1486.7,1
8971,3415433,Eldestspore,1486.7,1
8972,3500435,BudX4916,1486.7,1
8973,4291823,JBANDIT,1486.7,1
8974,4939241,Jar | Weegiebro,1486.7,1
8975,1503239,DEI | Catsonthemoon,1486.7,1
8976,4521312,MDH/BH | Aña,1486.7,1
8977,4972565,Phatass,1486.7,4
8978,713053,RoseJ,1486.7,1
8979,2350672,Tachycardia,1486.7,1
8980,1425406,Dr. Death,1486.7,2
8981,5493607,Lil Penguin,1486.7,1
8982,1290330,Scaff,1486.7,1
8983,5377017,16. Nadia Kasun,1486.7,1
8984,12270,Pyraxy,1486.7,1
8985,5502777,IronShark514,1486.7,1
8986,3498470,PHO | Tommy,1486.7,1
8987,3228320,MachocheezyGD,1486.7,1
8988,3760694,BlazeN,1486.7,2
8989,694104,Yungwitch,1486.7,1
8990,836311,[116] | SH4DYNASTY69,1486.7,1
8991,1647356,BakaSeynex,1486.7,1
8992,3006098,BADDAN | Bollz,1486.7,2
8993,700679,kingjamjamjam,1486.7,1
8994,1118338,DAD | Quack,1486.7,20
8995,3088173,mtbeck2012,1486.7,1
8996,599442,Tora,1486.7,1
8997,4922820,GDLee,1486.7,1
8998,6123,Sylyx | REDJOHN,1486.6,1
8999,1810102,The4D.net | Ford4D,1486.6,1
9000,2947981,SaltNic / Jfamo,1486.6,1
9001,250437,Fisticuffs,1486.6,1
9002,1718963,MooseTheMouse,1486.6,1
9003,590681,Smoovdiabetic,1486.6,1
9004,1970430,Gamb0,1486.6,1
9005,4457719,dasifu,1486.6,1
9006,1016887,Vino,1486.6,1
9007,183126,GODFiDENT / eviL,1486.6,13
9008,614557,TheMusicer,1486.6,1
9009,1351625,Clutch,1486.6,1
9010,4400191,SK - BTT | Cherry me Patrocinó,1486.6,1
9011,3472452,Cannycannon,1486.6,1
9012,4109148,0s0 | Chr0me,1486.6,1
9013,2184006,tkinbear,1486.6,1
9014,1421192,Wylder,1486.6,3
9015,2352636,ØWL | AURORA,1486.6,1
9016,1610447,Rythmic,1486.6,1
9017,3246214,くまーん,1486.6,1
9018,4933689,Oranj Jus,1486.6,2
9019,2357862,CallMeTiredd,1486.6,1
9020,2821803,wakenotsleep,1486.6,1
9021,1413728,Kits,1486.6,1
9022,3776168,SquiddyBux,1486.6,1
9023,4855958,Plaquita,1486.6,1
9024,1616525,coffee,1486.6,1
9025,2440162,Botheryounot,1486.6,1
9026,4124902,DC3 | InfernoJoePro,1486.6,1
9027,3985065,Bandit / Sloth_Siege,1486.6,1
9028,1154271,Mixed race doubles?!,1486.6,1
9029,4767074,Amon Gus,1486.6,2
9030,3547488,OeS | ElFreddyXD,1486.6,1
9031,1715594,BBG | NuGgiE,1486.6,1
9032,1160091,creeps,1486.6,1
9033,44056,Knight,1486.6,1
9034,4278485,MacohPacoh,1486.6,1
9035,59080,Cyziax,1486.5,1
9036,2709167,みぎピン,1486.5,1
9037,71019,Zentech,1486.5,1
9038,5392294,Hoi,1486.5,1
9039,3992075,Yick,1486.5,1
9040,877499,YESA | Bagel,1486.5,1
9041,171066,Fran,1486.5,1
9042,1584952,Andrew,1486.5,1
9043,5319927,CAFÉ | Quilty!,1486.5,1
9044,36829,Youssef / Longo / Mukuro~,1486.5,2
9045,1763609,UT | Lord_Jesus,1486.5,1
9046,4966,TG | Lyric,1486.5,1
9047,1806171,HONOR | Homeboi,1486.5,8
9048,4013126,A-NUB,1486.5,2
9049,1137706,SK | NAT,1486.5,1
9050,744674,ONi | Rednose,1486.5,1
9051,1375422,JJ,1486.5,1
9052,3312063,Obnoxiously,1486.5,1
9053,2973079,Spectro,1486.5,1
9054,1005263,J10K,1486.5,3
9055,5457274,Amdaggle,1486.5,1
9056,138040,SSU | SpaceMiner,1486.5,2
9057,3835514,[CL] Yari | Cloutious,1486.5,1
9058,4229171,Henry | Henry,1486.5,1
9059,3990565,Cleven.,1486.5,1
9060,3620536,LOON | KairiSoraRiku1,1486.5,1
9061,4085821,YS/BH | Slash!,1486.5,1
9062,389392,INC | Darth Weegee,1486.5,1
9063,1638905,George,1486.5,1
9064,2553177,BasicallyCanadian,1486.5,1
9065,1010673,Charbs,1486.5,3
9066,5455798,Hostezza,1486.5,1
9067,1419586,Rat Gang | Prime,1486.5,1
9068,1469511,The Enemy | Hippolass,1486.5,1
9069,1452669,BaLKaИ,1486.5,3
9070,2652770,PCS | Minuscule-Radiateur,1486.5,1
9071,2653181,greezMONKè,1486.5,1
9072,55690,bye4,1486.5,1
9073,152804,Cisco,1486.5,1
9074,2663937,EtKa,1486.5,1
9075,5529042,PK,1486.5,1
9076,4991733,Hexcaliber,1486.5,1
9077,5492486,reecesreeses,1486.5,1
9078,951019,LR | Oven mittens,1486.5,1
9079,3737664,Javu_bushi_swo,1486.5,1
9080,5238517,c2gs Alex,1486.5,1
9081,2439829,Twille,1486.5,1
9082,2789947,SSF | TheLivingShadow,1486.5,1
9083,4298904,smons,1486.4,1
9084,5218030,Lucabear,1486.4,1
9085,1089772,Druul,1486.4,1
9086,5032282,dao,1486.4,1
9087,3106048,ASM | Adobo,1486.4,1
9088,755707,LET'S DO THE MATH,1486.4,3
9089,4622188,Cam,1486.4,1
9090,1383673,Nic,1486.4,1
9091,869416,Stormy_221,1486.4,1
9092,1370469,Rylast,1486.4,1
9093,4850310,BillyBobJr.The3rd,1486.4,1
9094,3311456,Loso,1486.4,1
9095,570809,AL Pigone,1486.4,1
9096,231718,Dralro,1486.4,13
9097,5522713,angel cruz,1486.4,1
9098,1311479,majinkomori,1486.4,1
9099,4081131,Efilife54,1486.4,4
9100,5030603,L1A | Kryos,1486.4,1
9101,1380914,MsPandemic,1486.4,1
9102,1009955,DB | DOODLE BOB,1486.4,3
9103,1862142,TerrAko / InventorY,1486.4,1
9104,1668097,Zyngbett,1486.4,2
9105,4885356,REV | LevelOne,1486.4,1
9106,291240,JUSTICE,1486.4,1
9107,1019939,iDJR,1486.4,1
9108,5398419,Paradox,1486.4,1
9109,850173,Tyson,1486.4,4
9110,3015830,KML | ELITE | honk,1486.4,1
9111,1591526,KML | Tidal,1486.4,1
9112,1919868,DarthCJ8 / JDQ05,1486.4,1
9113,3578533,RedXN | AncientRed,1486.4,3
9114,325542,ZB | Laspanditas,1486.4,1
9115,434908,HoG | BINGHI,1486.4,1
9116,1444471,Zonic,1486.4,1
9117,2040861,9Moons | Petrafied,1486.4,1
9118,316151,Mr.Moist,1486.4,1
9119,4390309,Duccoin,1486.4,1
9120,1057144,Halfcraft,1486.4,3
9121,1428738,fortnite,1486.4,1
9122,4380937,Unc1eGragas,1486.4,1
9123,13806,Sevan,1486.4,1
9124,2179769,MyNameIs90InASchoolZone,1486.3,1
9125,5507050,SBR | Tusk,1486.3,1
9126,725317,SA | Chozo1,1486.3,1
9127,4544273,Gabe Of All Time,1486.3,1
9128,5284819,JJ420,1486.3,1
9129,1789189,Pakku | Pakku,1486.3,1
9130,553177,RKO,1486.3,1
9131,2478966,CrazyJake,1486.3,3
9132,3211205,G2E | Marcy,1486.3,1
9133,1657566,aroo / Neo,1486.3,1
9134,358750,Px-Zaito240,1486.3,1
9135,2368521,PSP | BoodaMedz,1486.3,1
9136,3670187,Chicken Minis,1486.3,1
9137,1005647,Enma,1486.3,1
9138,5068000,John Notarnicola / david rose,1486.3,1
9139,508435,Abelucho,1486.3,1
9140,3127735,Hai,1486.3,1
9141,1685877,Quantum$,1486.3,1
9142,4503802,zvijons,1486.3,1
9143,3770471,kai,1486.3,3
9144,5165038,SBPD | Revenge Tryhard V2,1486.3,10
9145,2749110,mrlarson,1486.3,1
9146,630080,YUUM | Jennifer,1486.3,1
9147,3365263,SYNTHDC | Ricky S,1486.3,1
9148,1068283,Prince VonBlade,1486.3,1
9149,3011840,feminist68,1486.3,1
9150,4596773,OMUG | めっと,1486.3,1
9151,3643330,CX | Fc,1486.3,1
9152,4595277,TMSB | LT | Xerces,1486.3,1
9153,324373,TacosBrick,1486.3,1
9154,680611,NP | Nincada,1486.3,1
9155,4994482,MG | stubZ,1486.3,1
9156,1067445,EDG | Sonata,1486.3,1
9157,918277,PHNM | KornDog | CJFrozen,1486.3,97
9158,3008586,Worse Company,1486.3,1
9159,338140,Hope | Highland's Apparition,1486.3,1
9160,1216690,Puddles,1486.3,2
9161,5497517,Maddie L,1486.3,1
9162,3603108,ThrillHouse,1486.3,1
9163,4158759,nibaphogear,1486.3,1
9164,4133183,:v | bigDedu,1486.3,1
9165,1044664,T2S | Bukan,1486.3,1
9166,1957463,Soup,1486.3,1
9167,1270407,LethalPop,1486.2,1
9168,1725173,cozy | eevee noises,1486.2,1
9169,4561096,ali,1486.2,1
9170,5051945,Shaggy,1486.2,1
9171,5213464,corn face,1486.2,1
9172,999413,DBSosa,1486.2,3
9173,2819039,NDZ | Billy,1486.2,1
9174,401707,HHBA | Brogle,1486.2,1
9175,1982480,Mill,1486.2,2
9176,1549945,Alx,1486.2,1
9177,62922,LoF Blue / Ninja,1486.2,1
9178,3207441,starvingneopet,1486.2,1
9179,547525,AD | ice  zzzs,1486.2,1
9180,279308,NYU | ANS | SN34KZ,1486.2,1
9181,2347380,Artemis,1486.2,1
9182,5176858,ObtuseScholar,1486.2,1
9183,1165082,M2fires,1486.2,1
9184,2873208,CSULB OFM | Filmopolis,1486.2,2
9185,1101167,Tri,1486.2,1
9186,552864,KN | The Alphabet,1486.2,1
9187,761754,Serket,1486.2,1
9188,4269097,4Ruu | MothMayhem,1486.2,1
9189,2526145,Y.E.F | Glacey,1486.2,2
9190,2430990,Blade,1486.2,1
9191,148066,SHIN DILLON,1486.2,1
9192,5259449,Bats1101,1486.2,1
9193,2390361,MAMAMARTY,1486.2,1
9194,4937133,Soda,1486.2,1
9195,3672295,GRIFFS | THEKILL812,1486.2,1
9196,4854858,SnugBug,1486.2,1
9197,1232961,VC | NekoNX,1486.2,1
9198,1018032,oomfies,1486.2,1
9199,4541390,kkat6372,1486.2,1
9200,985534,ZFN | slowbeau,1486.2,3
9201,2295343,IN FLX WE TRST | a flea who can jump,1486.2,1
9202,1268262,Dcr321/Fusion,1486.2,1
9203,4172468,Yeonwoo,1486.2,1
9204,132568,Tempo Avenue | Shoghi,1486.2,1
9205,4068768,Poobmaster546,1486.2,1
9206,5327960,SmashFoos,1486.2,1
9207,1270366,Mondo,1486.2,1
9208,599217,SFL | LaVaughn,1486.2,1
9209,2497545,のぶ,1486.2,1
9210,5233676,Chuy,1486.1,1
9211,986569,Judgement,1486.1,1
9212,2189479,CapTheBest,1486.1,1
9213,1079313,RevolverOcelot / Ryougi,1486.1,1
9214,5331195,heatblast,1486.1,2
9215,27377,Berger / BubbleFuel,1486.1,1
9216,433929,Lavender / DairBair,1486.1,1
9217,4067511,PsycheRun,1486.1,1
9218,4236428,Diamond Boys | Deluxe007,1486.1,1
9219,4602604,nin10do,1486.1,1
9220,4855922,jajv0804 (jajv),1486.1,1
9221,3362658,F4keNotR3al,1486.1,1
9222,171392,LP | Datagram,1486.1,1
9223,1154431,Chevy,1486.1,1
9224,4496419,Stelter,1486.1,3
9225,174919,Kiki,1486.1,2
9226,136462,HoneyBee,1486.1,1
9227,3944620,Jetultra,1486.1,1
9228,2363129,nionnex,1486.1,1
9229,2463800,C_Splash / Jokeofalltrades,1486.1,1
9230,1123126,brz | Vivy,1486.1,1
9231,2305414,Shduke,1486.1,1
9232,1022484,Shumei,1486.1,1
9233,811850,Strudel,1486.1,1
9234,2244175,BEEG | SaltyMack,1486.1,3
9235,2247925,Shôga,1486.1,1
9236,5502698,travio,1486.1,1
9237,5206490,Neon,1486.1,1
9238,3542349,Guh? | Wingnut,1486.1,1
9239,1706406,Gecko,1486.1,1
9240,1447153,Gameboy,1486.1,1
9241,569607,BossMK,1486.1,1
9242,4873841,AngelBall,1486.1,2
9243,1194642,YT | Icarus,1486.1,1
9244,377726,Shadow_PR,1486.1,1
9245,684002,Yoinky Splatoinky,1486.1,1
9246,2257735,rek / Foxx Noodles,1486.1,1
9247,1722078,9000 Hippos,1486.1,1
9248,56529,FoH | Xorn,1486.1,1
9249,4162610,MalignantAuto01 / DR4C0Ottv,1486.1,1
9250,2891660,Luna99,1486.1,1
9251,5504552,Tippyjon,1486.1,1
9252,2496070,Kaninabe,1486.1,1
9253,4106672,RSG | Hansel,1486.1,1
9254,1616282,IMPULSE | Netherlord64,1486.1,1
9255,3936,bkb | ghettowarmachine420,1486.1,1
9256,374706,ΘΔ | GME,1486.1,4
9257,1028935,Mike G,1486.1,1
9258,3523445,iAnahlyze,1486.1,1
9259,4177393,GST | just.zare,1486.1,1
9260,3460215,ThatOneGuy,1486.1,1
9261,3455084,0-2ers | Biohazard,1486.1,1
9262,1499498,LinkMain,1486.1,1
9263,516047,WDKL MTM | D*ron,1486.1,1
9264,3995601,バクオト,1486.1,1
9265,1225216,P2W | JollyRoger,1486.1,1
9266,1061981,MimiksYou,1486.0,1
9267,4048629,armeeb,1486.0,1
9268,4201503,dymiren,1486.0,1
9269,3173215,ChuletaJones,1486.0,1
9270,401079,Aydin,1486.0,1
9271,1385206,JustAGuy,1486.0,1
9272,1597446,Asher,1486.0,1
9273,4953324,Ripon | Mr.Business,1486.0,2
9274,2307498,DJDOWLING01,1486.0,2
9275,2336929,Jeugh,1486.0,1
9276,4407998,Anakin Skinwalker,1486.0,1
9277,1441948,Val_,1486.0,1
9278,1984639,Lalo,1486.0,1
9279,3121181,FineLine,1486.0,1
9280,4891285,GhrelinMartyr,1486.0,1
9281,2333100,Iccarus,1486.0,1
9282,2708511,BIG:MARN,1486.0,1
9283,4896708,kali,1486.0,2
9284,2711079,SMFN | | Breäd Gao,1486.0,1
9285,4298765,blueo,1486.0,1
9286,1265053,PRNCSS | MX Golli,1486.0,1
9287,2435145,Simply Plagal,1486.0,1
9288,4985439,Solo | Wreck,1486.0,2
9289,45925,Playback,1486.0,1
9290,1771451,Sriracha / TheDood22,1486.0,5
9291,991772,Georgy,1486.0,1
9292,1011182,AVA_YANOS,1486.0,1
9293,4153953,zeusdeegoose,1486.0,1
9294,1710137,nicetrybuddy,1486.0,1
9295,2927177,HeyZeus,1486.0,1
9296,2351126,GabeGlitches,1486.0,4
9297,1306738,Kira,1486.0,1
9298,5481304,Ducky,1486.0,1
9299,5493467,Fives,1486.0,1
9300,3734295,わし,1486.0,1
9301,5116330,Ri@n_b0w 0u0,1486.0,1
9302,1000333,Bard,1486.0,1
9303,272701,Premasaur,1486.0,11
9304,3918914,VB | Takanochi,1486.0,1
9305,5498062,JD50,1486.0,3
9306,1412528,bye,1486.0,1
9307,4356141,BoGu,1486.0,1
9308,3425956,x-Tinkysenpai,1486.0,1
9309,5044531,syn-thetic,1486.0,1
9310,4042133,Juicy,1486.0,1
9311,2091199,Unlucky / Dade,1486.0,1
9312,2964133,Motz / Mekatex,1486.0,1
9313,1962936,NVS | Hobbes,1486.0,2
9314,1435399,MMNTS | MikesPepsi,1486.0,1
9315,4762671,Sylvanos,1486.0,1
9316,5339248,Dausen | Soundmoth,1486.0,1
9317,126743,YellowRello,1486.0,1
9318,3560035,Bitlytic,1486.0,1
9319,3178475,WillyMify,1486.0,1
9320,1591624,PlatCamp | Mark Plyer,1486.0,1
9321,1562365,goona,1486.0,1
9322,4789381,SDTripleDoublz,1486.0,1
9323,46746,ds2 | Aeryn,1486.0,1
9324,4255289,DC3 | Babel,1486.0,1
9325,1299123,Wald,1486.0,1
9326,2075264,BEASTMD,1485.9,1
9327,27597,GG8 | GreyArsenic,1485.9,1
9328,3042724,MSMU | wawa,1485.9,1
9329,5491667,VM7 | Gory,1485.9,1
9330,2708686,Rat Co. | Gumball Comics,1485.9,1
9331,3561930,Pierre,1485.9,4
9332,1196595,Puddle,1485.9,3
9333,4861716,TheBoss,1485.9,1
9334,4584335,CV | narramoment,1485.9,1
9335,4373204,LV :3,1485.9,1
9336,1204643,UberCheesecake,1485.9,1
9337,4561408,ADdead,1485.9,1
9338,7044,TanTaco,1485.9,2
9339,4441924,Pawn,1485.9,1
9340,4789211,Justshane,1485.9,1
9341,950669,Rat Gang | LV,1485.9,1
9342,1198116,Anxiety,1485.9,1
9343,1995034,Athens,1485.9,1
9344,286815,Bartender,1485.9,1
9345,1622528,Ericdj,1485.9,1
9346,1566355,Black knights | Andres,1485.9,1
9347,1142550,Killer N,1485.9,1
9348,1142426,romp,1485.9,1
9349,4614033,Ant,1485.9,1
9350,3269723,wook,1485.9,1
9351,2745240,KaBoom | Duh1Monkey,1485.9,1
9352,981683,Kubuu,1485.9,3
9353,4315197,TPPO | GenoLoop,1485.9,1
9354,148134,TTD | SWISH,1485.9,1
9355,1016616,BLaze,1485.9,1
9356,228725,King-Tiza,1485.9,1
9357,3520123,turb0charged,1485.9,1
9358,576800,ray,1485.9,1
9359,179999,mba | Ankylos,1485.9,1
9360,279655,Confused,1485.9,3
9361,37579,AMS | Final-Ninja-the-Link-Sage,1485.8,1
9362,3378516,KC | Foxy,1485.8,1
9363,5398100,Yohiza,1485.8,1
9364,3263352,Redhaxx carry par sephi,1485.8,1
9365,22255,bye3,1485.8,1
9366,1805722,-rhythm,1485.8,1
9367,3308961,Dr.Death,1485.8,2
9368,7661,Harry,1485.8,1
9369,1212468,TrisX007,1485.8,3
9370,3205259,SSS | dbfc | Bardock,1485.8,74
9371,1325232,SC_0Bsidian,1485.8,1
9372,5177472,PRECUY,1485.8,1
9373,2343834,DHG | Spam no jutsu,1485.8,1
9374,4143656,the dichotomy is crazy,1485.8,2
9375,1590543,MkVicente20!,1485.8,1
9376,1727067,UTO | Just Me,1485.8,3
9377,359838,IkeShamus,1485.8,1
9378,1901835,jameswo,1485.8,2
9379,1076369,TB | CU | ramE,1485.8,2
9380,374728,HD | Soopernoodle,1485.8,1
9381,2144192,Crixsix,1485.8,1
9382,58142,Melbo,1485.8,1
9383,4436085,Solar,1485.8,3
9384,2109226,lizard,1485.8,1
9385,4835174,Swift_Swing,1485.8,1
9386,224789,Bodunga of the Pooplands,1485.8,1
9387,3190299,KC | BENJI,1485.8,1
9388,13650,DSB | Byron,1485.8,1
9389,3226728,Berserker_Q,1485.8,1
9390,2923324,Dewtwo,1485.8,100
9391,3276118,Dani,1485.8,3
9392,1032359,CS3 | Tree,1485.8,5
9393,1447210,Conrad,1485.8,1
9394,1024649,Crash Chris,1485.8,1
9395,235543,Sir Dank Hit Me,1485.8,1
9396,805787,MerryBee,1485.8,1
9397,995783,KingDoppio,1485.7,1
9398,4828949,Saki | Hooiboone,1485.7,1
9399,137074,Breadery,1485.7,1
9400,2124047,Laguna51 / Menma,1485.7,1
9401,805341,Artelind,1485.7,1
9402,3336094,Lilskullripper,1485.7,1
9403,3818726,Zues,1485.7,1
9404,688632,TCE/Strider | Merlin,1485.7,1
9405,4826113,IgobyRosegold,1485.7,1
9406,315701,Dark Hersh / HaydenEatsShrimp,1485.7,1
9407,3253319,たなかっちnow/Tanakacchi now,1485.7,1
9408,1029695,1MFG | The Best Hamster,1485.7,1
9409,3931567,HBR | Elko,1485.7,1
9410,1683802,cstiger,1485.7,1
9411,15997,Oathlivion,1485.7,1
9412,46540,KS | Kam Steele,1485.7,4
9413,1036180,gnarly dave,1485.7,3
9414,3761988,Dudesickle06,1485.7,1
9415,321223,Heist | Experience,1485.7,75
9416,1761810,Suzuka_wave,1485.7,1
9417,1118045,BCB | Crossed,1485.7,1
9418,1632771,med.,1485.7,1
9419,3969466,SUGrCOATED,1485.7,1
9420,4069625,ray,1485.7,1
9421,2012074,Myke with a Y,1485.7,1
9422,4854893,SniperSnail,1485.7,1
9423,369302,youcanwonder,1485.7,1
9424,3493532,Kqt | mike,1485.7,1
9425,986976,Quaylectra,1485.7,1
9426,5184091,LUCS,1485.7,1
9427,1918149,BHOP | Buizel,1485.7,1
9428,1012453,SMS | Duck,1485.7,1
9429,5027740,NightKitty,1485.7,1
9430,1387464,Bulby,1485.7,1
9431,5243997,autumatic,1485.7,1
9432,5502662,Tiddylicker,1485.7,2
9433,4294027,Mygu3lh,1485.7,1
9434,4675535,nomad,1485.7,3
9435,2063472,SYN | Padrino,1485.7,1
9436,4356160,The Coach,1485.7,1
9437,5122906,AE | Ross A.M.,1485.7,2
9438,5507849,Pork,1485.7,1
9439,3006519,TBC | Bootyballspopeyes,1485.7,1
9440,2130788,PRON0BDY,1485.7,1
9441,5275273,Gyralo,1485.7,1
9442,2358488,NedG,1485.7,1
9443,2318709,The Giggler / smons,1485.7,1
9444,3311195,RPL | Swivel,1485.7,4
9445,1012972,hidN,1485.7,1
9446,1806789,TAMUC | Master byron,1485.6,7
9447,1059001,boundless / ttvBlitzNYC,1485.6,3
9448,3217657,DWallLaxer / TTVCrazyNoc,1485.6,1
9449,4959842,Takuma,1485.6,1
9450,1845292,S.Controllers | YDelirious,1485.6,6
9451,1887833,AvereFTW,1485.6,1
9452,4210033,Flow_st8,1485.6,1
9453,3618739,oscarwildefan69,1485.6,1
9454,263093,Kaztioh,1485.6,1
9455,3119740,Grass Wonders Had Enough,1485.6,1
9456,4778221,Hoekage,1485.6,1
9457,10906,Shunning,1485.6,1
9458,4380236,RhinoBoi,1485.6,3
9459,3263964,Optimal Key,1485.6,1
9460,5194332,FlaK,1485.6,1
9461,2305872,Sprinkles,1485.6,1
9462,2875177,Chubby,1485.6,2
9463,414577,KH4?,1485.6,1
9464,2226513,EWfish,1485.6,1
9465,1382316,Mattx1999,1485.6,1
9466,3313847,Papablanco,1485.6,1
9467,1007102,Benny Henny,1485.6,1
9468,5630,BKB! | stocmoney,1485.6,1
9469,3328452,Pun1sher,1485.6,1
9470,712382,Vpal,1485.6,1
9471,4739853,goat,1485.6,1
9472,1005132,Gamergolfo / Godspeed,1485.6,3
9473,1190021,Holl,1485.6,1
9474,1181209,DigitalCakeBell,1485.6,1
9475,5453277,flippers,1485.6,1
9476,448647,Swan,1485.6,1
9477,3772952,THE PAN,1485.6,2
9478,695448,TFG | Creedz,1485.6,1
9479,901491,Tanooki Dave,1485.6,1
9480,3344498,The | TrueKingOfPikmin,1485.6,1
9481,1055253,585Z | Clibs,1485.6,93
9482,394760,EddieTheKid,1485.6,1
9483,2240436,EFG | Mario del smash,1485.6,1
9484,1232826,Ketchub,1485.6,1
9485,5187556,ZManny / Shnissugah,1485.6,1
9486,2221800,Shmoney | BGunn,1485.6,15
9487,48539,SoMD | Password,1485.6,1
9488,1720637,Batcob,1485.6,1
9489,2647019,Stormstar,1485.6,1
9490,1797881,Iluminos / Svn_Arrow,1485.6,1
9491,1378176,Adam,1485.6,1
9492,277430,DiverseStyle,1485.6,1
9493,4843270,2wycked | Timmy fruitcups,1485.6,1
9494,216741,Triky20,1485.6,1
9495,484575,Gackt,1485.6,1
9496,4576146,Star Man,1485.5,1
9497,4590474,SinisterJ6289,1485.5,1
9498,3799764,wheezer,1485.5,7
9499,2548728,UCL | Ezking,1485.5,1
9500,3532201,LLN | Seven,1485.5,1
9501,989763,Strudel,1485.5,1
9502,2237995,Twyll,1485.5,1
9503,3873054,Rick Yasuda,1485.5,1
9504,5349690,Serpent Boy,1485.5,1
9505,288437,stilljmz,1485.5,3
9506,9971,Mykelism,1485.5,1
9507,5359246,player 4,1485.5,1
9508,3216614,Hall | TNT_A,1485.5,3
9509,683492,Whiplash,1485.5,3
9510,4843139,{Shiro},1485.5,1
9511,2797453,RiceFoe,1485.5,1
9512,1635685,AHB | Big Stew,1485.5,1
9513,2058719,Zen / Hideaway,1485.5,2
9514,4854894,GigaGoose,1485.5,1
9515,1472545,CS | Jester,1485.5,1
9516,4563511,FireLake,1485.5,2
9517,1247926,CCND | Zolly,1485.5,1
9518,2426222,DOUG,1485.5,2
9519,2159002,SUM | Iriam Games,1485.5,1
9520,4887032,Lixweird,1485.5,1
9521,39418,+,1485.5,1
9522,1376850,LoveSama,1485.5,1
9523,1988650,romuhhh,1485.5,1
9524,2896315,Facts & logic | it's Gojover,1485.5,1
9525,2485912,BSC | Re:Cupid,1485.5,1
9526,3768228,stead_fest,1485.5,1
9527,1323170,creamboy,1485.5,3
9528,492706,aplus95,1485.5,1
9529,3124851,ravioli,1485.5,1
9530,1767675,Dex,1485.5,1
9531,2002022,Mugzzz00,1485.5,1
9532,160113,ZAP / WaDi,1485.5,1
9533,1303403,Gric,1485.5,3
9534,2934683,ぬーぶごりら,1485.5,1
9535,5409183,player 4,1485.5,3
9536,2668968,Not | Zen,1485.5,1
9537,713251,ඞ | NeuralArch,1485.5,1
9538,1781112,Phantom_Menace,1485.5,1
9539,3632874,WOOOO! | Alejú,1485.5,1
9540,1106467,H.Combs,1485.5,1
9541,22310,Paul D,1485.5,1
9542,5323302,bird,1485.5,1
9543,242136,BadStoned,1485.5,1
9544,1574642,JKIM | Lugia,1485.5,7
9545,2620410,Sonicdash,1485.5,1
9546,4221111,PSRED!,1485.5,1
9547,276402,Epicshaner,1485.5,1
9548,5302924,Opdi,1485.5,1
9549,2081966,milkblade,1485.5,1
9550,1922723,Javii,1485.5,1
9551,214327,SHO WAR | Caius,1485.5,1
9552,1647670,CSULB | EcksDeee,1485.4,1
9553,4568348,SSG | AKAyoshi,1485.4,1
9554,3541155,Dr.RP,1485.4,1
9555,2966057,echen4556 / N1ghstalker,1485.4,1
9556,216159,CHANGE YOUR NAME,1485.4,1
9557,2156507,iKO,1485.4,1
9558,691929,SocKuh,1485.4,1
9559,4167920,LuisEZequielcor21 / JackP910YT,1485.4,1
9560,1451042,TDDB | Deeb,1485.4,1
9561,4664177,RIVAL,1485.4,1
9562,2348080,Indy,1485.4,1
9563,2042901,BlazingPhoenixTV1 / PalmChi,1485.4,1
9564,3220655,OG | I.Zee,1485.4,1
9565,1591575,Dr.KEATS,1485.4,1
9566,2962993,Oist / Juice1937,1485.4,1
9567,4198888,CDROM,1485.4,1
9568,2298170,DVNT | EHance,1485.4,2
9569,284421,Endi,1485.4,1
9570,3540999,BustMan,1485.4,1
9571,3792841,RAiL,1485.4,2
9572,4264319,JackalopeKing,1485.4,1
9573,4526099,HAPPY 50th DU! | DIER,1485.4,1
9574,517607,NEU | jabobster,1485.4,1
9575,3839231,Fishy | Fishmonger,1485.4,1
9576,4558024,FAFO | moey_joehawk,1485.4,1
9577,260312,81 | BIG dawg,1485.4,1
9578,2385010,Hope..,1485.4,1
9579,4436607,Mi0Z,1485.4,1
9580,140894,Raid,1485.4,1
9581,5220621,Plane28210,1485.4,1
9582,1405994,DrVenomKill,1485.4,1
9583,1394748,Cdudetheboss,1485.4,1
9584,5477267,Cacho,1485.4,1
9585,2667615,minivan / Twilight,1485.4,1
9586,5203160,zellemeimpoor | stussysavant,1485.4,1
9587,2185415,McYuumo,1485.4,1
9588,3365021,Haephnes,1485.4,1
9589,3139722,TGP | Dexadu,1485.4,1
9590,1120153,Fantasy,1485.4,4
9591,1834078,trap shadow 16,1485.4,1
9592,2317708,SWEET | Grandino,1485.4,1
9593,317867,Drakhallia,1485.4,1
9594,4871635,Shelbwy / SuperYosh23,1485.4,1
9595,1474562,Rob Jr. | Bilit,1485.4,1
9596,3497120,DreamOn | Demonbane,1485.4,1
9597,1076285,Astral,1485.4,1
9598,5506565,SweetPiru,1485.4,1
9599,5464048,SPROUT,1485.4,1
9600,999910,RNJesus,1485.4,3
9601,1435351,steve,1485.4,1
9602,2429114,Snodlop,1485.4,1
9603,436472,Blah,1485.3,1
9604,4915266,Q-Tar,1485.3,1
9605,263037,DivineConsumer,1485.3,1
9606,53537,HONOR | Headshot,1485.3,9
9607,2797199,Apex,1485.3,1
9608,2485148,JAPAN | やおーのきわみアー!,1485.3,1
9609,496767,BS | Mayhem | Mur45ak1,1485.3,1
9610,5507583,Tea | XrsFlare,1485.3,1
9611,3079561,B8 | SUKUN,1485.3,1
9612,1917123,Finesse,1485.3,1
9613,2431154,CZ | impAct,1485.3,1
9614,38849,flieskiller,1485.3,1
9615,5510803,AquaBat,1485.3,1
9616,1856472,tofuboi,1485.3,1
9617,1587857,Funkyyy,1485.3,1
9618,5142988,SteveZ / Deerfin,1485.3,1
9619,3149193,Tufts | Malex2005,1485.3,1
9620,1147118,minTea,1485.3,1
9621,216223,ZAKI,1485.3,1
9622,323937,Cdolla,1485.3,1
9623,3630326,Weird | anth0ntt,1485.3,1
9624,18762,BCIT / Tempo | IrisZ,1485.3,1
9625,3552162,:) | capital A,1485.3,1
9626,532044,trans joy | totsumemo,1485.3,1
9627,1291411,Skilledroy,1485.3,6
9628,3017056,Matthew Renda,1485.3,3
9629,4743949,Moe Jilla,1485.3,1
9630,680970,Halberd,1485.3,1
9631,1210385,Puka,1485.3,1
9632,699157,Tycho,1485.3,1
9633,3724860,Rielly,1485.3,1
9634,3014406,WHET | cyn,1485.3,1
9635,932452,[Danny],1485.3,1
9636,619063,MH | Derpy,1485.3,1
9637,2029948,Syn! | DC | Getsu,1485.3,4
9638,4321815,scruboptimal,1485.3,1
9639,8061,MunozSamurai,1485.3,1
9640,4376920,Heyas!,1485.3,1
9641,1318561,TDD | Totto,1485.3,1
9642,1105777,killer,1485.3,1
9643,3471536,0xQuinn,1485.3,1
9644,4757360,Chris,1485.3,1
9645,1767722,danny.,1485.2,1
9646,196041,Smore_Head,1485.2,4
9647,5481851,Swishradder,1485.2,1
9648,972469,Venuss,1485.2,1
9649,2266503,Smizzy,1485.2,1
9650,2400862,Smokey,1485.2,1
9651,3861620,princemarko,1485.2,1
9652,1107994,Aeduo,1485.2,1
9653,1530119,Dauv,1485.2,1
9654,1548912,Prime,1485.2,3
9655,3498584,LLN | Lyn AKA blpry,1485.2,1
9656,11482,AHFC | 1bm,1485.2,1
9657,4047295,Shae,1485.2,1
9658,1599313,Paula,1485.2,1
9659,1116994,kiru,1485.2,1
9660,5464023,Lola,1485.2,1
9661,1964268,UDEM | [mcg],1485.2,1
9662,290205,Iceman,1485.2,1
9663,1572719,dashsix / bean,1485.2,1
9664,5456416,Devyyn,1485.2,1
9665,4752841,FRONTIER | TERTRAROX,1485.2,1
9666,1406590,585Z | Shotglass,1485.2,8
9667,3038420,Big Boi,1485.2,1
9668,1932765,Pootr,1485.2,2
9669,5426973,CrabTheRave,1485.2,1
9670,4467326,OC | Gabs,1485.2,1
9671,2565597,INC | Christochat,1485.2,1
9672,4979604,MilkyMilk22,1485.2,1
9673,2981620,Malabar,1485.2,1
9674,1614696,JesusBread,1485.2,1
9675,989933,dell05,1485.2,1
9676,1871954,HeelJohnCena2025,1485.2,1
9677,138370,BYE2,1485.2,1
9678,3468412,BTL | Raykiri,1485.2,1
9679,2004373,Mula,1485.2,1
9680,2439420,Bluff,1485.2,1
9681,1908328,NE | Vic,1485.2,1
9682,1947442,MasterChipmonk,1485.1,1
9683,4547145,DontWeAllWant1,1485.1,1
9684,3548468,NGF | promamamia,1485.1,2
9685,212486,Crs,1485.1,1
9686,3879411,Gio021,1485.1,1
9687,962277,xJoseph48,1485.1,1
9688,4613907,WVW | SoaPo,1485.1,1
9689,25844,chubbywalrus,1485.1,1
9690,2445477,Shoghi's Child | Moo Mania,1485.1,1
9691,1669645,Yep,1485.1,1
9692,1444927,Egg,1485.1,1
9693,3258910,Nathan,1485.1,1
9694,5327707,Geek Squad | kOpA!,1485.1,1
9695,2970315,YgTz | RC,1485.1,1
9696,5126915,CAL | E,1485.1,1
9697,5518253,OmegaWarp,1485.1,1
9698,894679,Shitter,1485.1,1
9699,1242472,35 | GreyGuerilla,1485.1,1
9700,13446,2GG | Warchief,1485.1,1
9701,3718855,Goticas | FatZz,1485.1,1
9702,2025333,Playmaker,1485.1,1
9703,3049005,SRG/SDD | austin,1485.1,2
9704,3687457,Sachi,1485.1,1
9705,3316062,blxck_sheeep,1485.1,1
9706,5492413,BodegaBoy,1485.1,1
9707,3747783,Jams by Jyesh,1485.1,1
9708,43421,Darren,1485.1,1
9709,5228975,Chris J,1485.1,1
9710,2236169,Mr. | Mr. Fish,1485.1,1
9711,1016773,Texes,1485.1,1
9712,2245356,crabmaster53,1485.1,1
9713,4395943,Nefarious,1485.1,4
9714,2403678,Beefan4,1485.1,1
9715,4126822,Arhenni,1485.1,1
9716,1598205,GUMBOLAYA!,1485.1,1
9717,1871095,clean,1485.1,1
9718,1413536,Pangolin,1485.1,1
9719,276931,Brinks,1485.1,1
9720,4661775,Ponyville | Flare Brush,1485.1,1
9721,5140239,VioletBlosssom,1485.1,1
9722,2898705,Señor Whis,1485.1,1
9723,2729769,DMatts142,1485.1,1
9724,3191023,Ryland,1485.1,1
9725,2053401,Wheatley,1485.1,1
9726,288237,Fried,1485.1,1
9727,2098979,Andross,1485.1,1
9728,40543,Eto,1485.1,1
9729,2065789,SYN | WhitsFGC,1485.1,1
9730,1732382,HMB | dddan,1485.1,1
9731,2594417,Zanedotmidi,1485.1,1
9732,2321709,sowaboat,1485.1,1
9733,2876520,CheongPal,1485.1,1
9734,2001543,Fortnite | Jezztre,1485.0,9
9735,1696931,bottledwater,1485.0,1
9736,1047941,Pyxel,1485.0,3
9737,5441727,BTE | DW The G,1485.0,1
9738,2278023,UF | Kabishan,1485.0,1
9739,1902955,Triplicate,1485.0,1
9740,3934304,ocarrr,1485.0,1
9741,463092,Seus,1485.0,1
9742,5279015,MIKEYDON,1485.0,1
9743,4733352,0-2 | AyoFuzzy,1485.0,1
9744,911999,WREN | Beat,1485.0,2
9745,428593,Derdds,1485.0,1
9746,788383,SaladDressing / CampMonster,1485.0,2
9747,5451105,LimeSoda,1485.0,1
9748,5326132,Daeng,1485.0,1
9749,2377708,9Moons | AoiKypher,1485.0,1
9750,3989287,Xuão,1485.0,1
9751,1370436,Kappy,1485.0,3
9752,4730511,Enter | Domain Expansion!,1485.0,1
9753,3787480,IRL | Neko,1485.0,1
9754,5263790,KingRath,1485.0,1
9755,801371,SYN | DingusPunch,1485.0,1
9756,3670,kevbot,1485.0,1
9757,1970976,Xander,1485.0,1
9758,1010155,Soul,1485.0,1
9759,3405682,VLNY | HONGO,1485.0,6
9760,2099396,The Philadelphia Eagles,1485.0,7
9761,2934899,Itachi,1485.0,1
9762,4820922,Lunoko,1485.0,1
9763,2713078,LARP Queen 1917,1485.0,2
9764,5290460,RY | boopy,1485.0,1
9765,959933,Believe,1485.0,1
9766,1375426,Winter,1485.0,1
9767,5027761,smashbro64,1485.0,1
9768,2216273,Twirlzy,1485.0,1
9769,1178271,MSFT | Dantotto,1485.0,1
9770,1223877,MB,1485.0,2
9771,2094805,88.,1485.0,1
9772,1841930,Thor / Nikio,1485.0,1
9773,387146,The Other 98% of Milk,1485.0,1
9774,509055,Krv,1485.0,1
9775,3428855,NF/ECW/AGT/LK | Gamestar,1485.0,3
9776,2647582,TPretzel,1485.0,1
9777,3916162,Gerachu,1485.0,2
9778,1291408,KOPA,1485.0,3
9779,1475381,TSP | ThitKho,1485.0,4
9780,734060,Vader.pe,1485.0,1
9781,3988348,Purple,1485.0,1
9782,1480386,E | soraforsmashh,1485.0,1
9783,1681971,Lawnalog,1485.0,1
9784,4932410,Oltownbonkrs,1485.0,1
9785,840119,Waker,1485.0,1
9786,2197672,STE | JODIO,1485.0,1
9787,4301237,squeaky,1485.0,1
9788,4315837,FellowGFX,1485.0,1
9789,4990865,Vertical | Jayden,1485.0,1
9790,2229262,DO|LYM? | Maraud,1485.0,3
9791,4177053,Smashworth,1485.0,1
9792,4225084,Frojo,1485.0,1
9793,989829,ROBEROBE,1485.0,1
9794,1955064,Derek0f0nett,1485.0,1
9795,5251537,MatthewStar,1485.0,1
9796,3059436,AirBear,1485.0,1
9797,2539891,jibajabber,1485.0,1
9798,2583870,JustDru,1485.0,1
9799,2276413,bookofsimba / BaileyKing,1484.9,1
9800,5406039,Ironflame,1484.9,1
9801,2666264,JT7|GWU | Zerg,1484.9,1
9802,735335,Xx_waffleg_xX,1484.9,2
9803,3419097,LORI,1484.9,1
9804,156734,SteelSeries | Woocash,1484.9,1
9805,5004279,Mii Stunnaaaa,1484.9,1
9806,1572241,TheHunk<3,1484.9,1
9807,2069092,FSC/LCA/PDM | hiroshi,1484.9,2
9808,5159305,UW | Finnmacbo,1484.9,1
9809,260094,MuhLazer,1484.9,1
9810,793118,ANONTOKYO | Ro,1484.9,1
9811,712441,Little Cheese,1484.9,1
9812,1104467,Cosmic|BB|EFG | Evil M.,1484.9,2
9813,4148738,拓ちゃ,1484.9,1
9814,2668691,Chingles,1484.9,1
9815,3236252,George,1484.9,3
9816,2774779,SAS | QZR,1484.9,1
9817,970182,my b | Chillin,1484.9,1
9818,1250221,r.d.ab | MaliX,1484.9,1
9819,2734763,HiFive,1484.9,1
9820,1264725,Status Quo,1484.9,8
9821,4382589,i rmbr u was conflicted,1484.9,1
9822,1466183,quince,1484.9,1
9823,2328270,yakioni,1484.9,1
9824,429067,Jinjo,1484.9,6
9825,337781,Council | Hunk,1484.9,5
9826,213284,Seventy | Suss,1484.9,1
9827,2828496,Mr. Man,1484.9,1
9828,5198026,Waguri | Shadowsss,1484.9,1
9829,3307103,中野テリー,1484.9,1
9830,1632268,Sinfye,1484.9,1
9831,1501035,FN Inc. | Name.,1484.9,1
9832,1124557,GGCT | VeedsTheVillain,1484.9,1
9833,1488372,DCLE | Starbur,1484.9,7
9834,1000586,Cinosix,1484.9,3
9835,5448197,SGL_Nova,1484.9,2
9836,5164422,Ceasar,1484.9,1
9837,901479,shitter,1484.9,1
9838,3532562,Arabs N Scarabs,1484.9,1
9839,368967,Reis,1484.9,1
9840,1164446,[RR] | Saint Harri,1484.9,1
9841,2140550,LøveCłassy,1484.9,1
9842,1752261,FR | Brickst,1484.9,1
9843,545018,Retrobot,1484.9,7
9844,36193,GCB | Shimbius,1484.9,1
9845,4694228,Aftmostfieesh,1484.9,1
9846,5144918,Cherry / Morty-Slim,1484.9,1
9847,3458038,OMUG | ナツメ,1484.9,3
9848,4370236,(STI)D.Note,1484.9,1
9849,2035121,Stil3s,1484.9,1
9850,4804329,22Ace,1484.9,3
9851,2467954,glacial-storm,1484.9,1
9852,71027,Guerrero18,1484.9,1
9853,1379996,もちい,1484.9,1
9854,5278975,The Senate,1484.9,1
9855,278152,vasi,1484.9,1
9856,1715402,Midnight | LukeSky,1484.9,1
9857,1513337,Bumpers,1484.9,1
9858,5394884,DD | Guren,1484.9,1
9859,182230,Billy Herrington,1484.9,1
9860,2939042,Blaxas,1484.9,1
9861,2619317,Finesu!,1484.9,1
9862,2304381,KamiKavi,1484.9,1
9863,1123363,BowZarD,1484.9,1
9864,1502372,mo,1484.9,1
9865,4569492,CHS| | TyUpTyDown,1484.9,1
9866,1210092,LagSpike,1484.9,1
9867,4389961,BigGochu,1484.8,1
9868,1242703,Torball,1484.8,1
9869,231660,Orion,1484.8,1
9870,670903,DUSK | T_pot,1484.8,1
9871,1698768,LV,1484.8,1
9872,1385888,BRB | MM | PEACEPRIZE,1484.8,1
9873,1227994,Nic,1484.8,3
9874,5273241,Swami Rihva,1484.8,2
9875,126438,swordsman09,1484.8,1
9876,835089,xBigtim / Anikingskii,1484.8,1
9877,4299711,PLAYYOMIHUSTLE | lyNAx,1484.8,1
9878,4384928,Shawnty,1484.8,1
9879,4172844,ELG | Dark,1484.8,1
9880,3219644,Soup_Enthusiast,1484.8,1
9881,1237002,Scout,1484.8,1
9882,4853381,Shoghi's Child | MuteD,1484.8,1
9883,4318997,Azalea,1484.8,1
9884,224590,Velouria,1484.8,1
9885,4410227,Loydon,1484.8,1
9886,1708978,NOV4 | Koolst3r,1484.8,1
9887,1837096,AccreditedEel,1484.8,7
9888,3460801,TPS | MarteRD,1484.8,1
9889,2028322,MankEsports | Coryabro,1484.8,7
9890,422398,WPGL | Regia,1484.8,1
9891,2395323,Free Agent | LT.Smash,1484.8,1
9892,3039201,Ashely,1484.8,1
9893,1091079,Prime,1484.8,3
9894,3986393,夢幻 | sy#OKPG,1484.8,1
9895,2387592,Nazara,1484.8,1
9896,5312102,Bralwer | Peter Griffin,1484.8,1
9897,259907,Qbon,1484.8,1
9898,4758202,OF1 | DragoNix,1484.8,1
9899,1320879,S.W.O.G,1484.8,1
9900,2156699,Yisuh,1484.8,1
9901,3254213,Lyitex,1484.8,1
9902,1047937,muffin,1484.8,3
9903,148213,3pc.,1484.8,1
9904,1331981,Daveid,1484.8,1
9905,3478294,MXC | Tim2OP,1484.8,1
9906,1125024,Clark Team C,1484.8,1
9907,153372,Lt. Surge,1484.8,1
9908,475603,Tyions,1484.8,1
9909,2692839,excitingbike,1484.8,1
9910,1718608,CCND | Tyrone O'Canada,1484.8,1
9911,4980197,MrTr0ut,1484.8,1
9912,2424912,Jivebro,1484.8,1
9913,905378,Star Ninja,1484.8,1
9914,5125478,Iniba,1484.8,1
9915,1443909,Keeylo,1484.8,1
9916,3257244,CM | Sir_Micky,1484.7,1
9917,4047691,Guts117,1484.7,1
9918,315614,Rio | LittleCoaks,1484.7,1
9919,896686,Retro G.,1484.7,1
9920,256577,Lit,1484.7,1
9921,285216,Raiden / Rage,1484.7,1
9922,528129,g | Zador,1484.7,1
9923,691962,NTS | SleepyPsyduck,1484.7,1
9924,2963977,SheepFlamingo / MyDreamCat,1484.7,1
9925,504849,Element ERM,1484.7,1
9926,1014503,Sole / Walshy,1484.7,1
9927,1682148,Ursa Major,1484.7,1
9928,4975243,DancingTrian,1484.7,1
9929,2935477,luccao! / swarm,1484.7,1
9930,4230755,Dr.Rod,1484.7,6
9931,1610481,BinnieBoy,1484.7,1
9932,883444,BEST_MK_Raiden / Rock3t 66,1484.7,1
9933,2687704,ElG | Xandderr13,1484.7,1
9934,339023,Prime,1484.7,3
9935,1163674,Commandments / Joe Silly,1484.7,1
9936,4145594,MakoTn | Killua,1484.7,1
9937,2417042,SUNSHINE,1484.7,1
9938,1858555,otherguy,1484.7,1
9939,971707,Hazard / J2G / BoY BleaK / SKD / Ketchub,1484.7,1
9940,404768,King / Manie,1484.7,3
9941,2962351,Pado,1484.7,1
9942,2730951,Vollay,1484.7,1
9943,368688,PT Doggo,1484.7,1
9944,2011286,Crazy | thelectricow,1484.7,1
9945,5278518,Jr,1484.7,1
9946,955121,Question,1484.7,3
9947,5440278,Skyrvr,1484.7,1
9948,2896617,GamingWithNino,1484.7,1
9949,2638768,coveredinrice,1484.7,3
9950,1633836,davidson,1484.7,1
9951,1313932,Zenovex,1484.7,1
9952,1137420,Barbecue,1484.7,1
9953,2491567,resen,1484.7,1
9954,970202,Hostess | BaneDeath,1484.7,1
9955,5074524,#GirlStuff | d3lta,1484.7,2
9956,5475691,Popcorn,1484.7,1
9957,273068,Pinky,1484.7,1
9958,3815243,Arf Arf | LoopyPoopy,1484.7,1
9959,2332417,Jonnybhoy,1484.7,1
9960,2358298,AF | YAYAN,1484.7,1
9961,2775601,Jack Wykowski,1484.7,2
9962,3063587,The Goofy Goobers,1484.7,1
9963,3538382,CNM | Ashgaar,1484.7,4
9964,345557,Crimson,1484.7,1
9965,2560801,NP RBz | meiwaku,1484.6,1
9966,5405127,Merlyn,1484.6,1
9967,1425416,7DF/SMFN | jacks,1484.6,1
9968,436482,YobLeon,1484.6,1
9969,3991044,SLG | Agent810,1484.6,1
9970,256548,Parry,1484.6,1
9971,21327,rektangles / Terrion,1484.6,1
9972,1005251,dragonz,1484.6,1
9973,3125554,! | Spitfire,1484.6,1
9974,5102216,Prophet / 73Vi,1484.6,1
9975,4743616,JayVibes,1484.6,1
9976,533918,NJ | Maelstrom,1484.6,1
9977,3408613,deaddoggaming07,1484.6,1
9978,2877321,SBU | a3r0space,1484.6,10
9979,2899603,リボ,1484.6,1
9980,5473092,trancehelium,1484.6,1
9981,5051951,MSB | DegenePaco,1484.6,1
9982,4358246,s2_jabon,1484.6,1
9983,1227965,Nerf,1484.6,1
9984,3469677,Meta_Eclipse445,1484.6,1
9985,1411974,Flimbus,1484.6,1
9986,4926426,MW | YoshiStam,1484.6,1
9987,2325238,M8SN,1484.6,1
9988,1884610,sPiCe,1484.6,1
9989,5044435,ww | wushi,1484.6,2
9990,5025233,Loopz,1484.6,1
9991,1242111,Exo | Pep,1484.6,1
9992,5185436,JayKoTiK,1484.6,1
9993,1481666,DNA | shoes,1484.6,1
9994,1261600,Kapski,1484.6,1
9995,215618,Icekiller72,1484.6,1
9996,1948041,oasis !!,1484.6,1
9997,1064029,Vicvuci,1484.6,1
9998,2522918,SeeSay,1484.6,3
9999,1794848,Bertolino,1484.6,1
10000,1239182,bizcocho,1484.6,3
10001,2285547,Arc,1484.6,1
10002,2564311,JT7 | Spoob,1484.6,3
10003,3378230,BCourt3B,1484.6,1
10004,3144989,Pawn | marihearts,1484.6,1
10005,2216693,Ascend,1484.6,1
10006,1725508,KingKade,1484.6,1
10007,2689915,RVG | Mr. Universe,1484.6,1
10008,1583074,Blobbyfish,1484.6,1
10009,54497,Bc | Coach Pun,1484.6,1
10010,5256471,Rondon,1484.6,1
10011,36321,FREAKY | Pete Weber,1484.6,1
10012,1868107,Random,1484.5,1
10013,1570312,Nadjo,1484.5,3
10014,63220,RR | Mono,1484.5,1
10015,5364870,tico cuts | ticocuts,1484.5,1
10016,4062395,Ish | Mecano,1484.5,2
10017,4132635,Sync | Sync Weaver,1484.5,1
10018,3760614,toaster,1484.5,1
10019,1858668,GFalco,1484.5,1
10020,5162025,PecaoDGod,1484.5,1
10021,265105,Mr.White,1484.5,1
10022,57115,PowPow,1484.5,2
10023,936591,BLT | Crowthorn,1484.5,1
10024,1290774,walkemdownandstealtheyza,1484.5,1
10025,5393415,Mati-arms,1484.5,1
10026,3093415,FOOLS | Ryko,1484.5,3
10027,703307,EvilHouseSplat,1484.5,1
10028,4778865,Dark.Pch,1484.5,1
10029,128725,XDZ,1484.5,1
10030,1266450,Gottem / C-ROD,1484.5,1
10031,2032182,Truly,1484.5,1
10032,2097867,VR | Raizen,1484.5,6
10033,2594051,La Tortuga,1484.5,1
10034,1357807,LTG | Sushi,1484.5,1
10035,956514,NoName,1484.5,1
10036,1116586,Russian,1484.5,1
10037,1360179,new challenger,1484.5,1
10038,134975,Tape Gaming | Laelaps,1484.5,1
10039,4450844,0-2 hero | therealrubyred,1484.5,1
10040,139991,RR | Solid PajaHands,1484.5,1
10041,961802,SHED | Kasper,1484.5,1
10042,1716955,Funky_Dude123,1484.5,1
10043,2661025,Brigman,1484.5,1
10044,4851773,BH | RØZX,1484.5,1
10045,434818,KyeOd,1484.5,1
10046,3907694,Maddie,1484.5,1
10047,35873,Space,1484.5,3
10048,1161509,IQ,1484.5,3
10049,2257445,CR | Rid,1484.5,1
10050,285089,Black Steve,1484.5,1
10051,2708747,wolp | noraneko,1484.5,2
10052,3877328,d3ash,1484.5,3
10053,1827450,UAlbany Gold,1484.5,1
10054,2653318,Skyzeid,1484.5,1
10055,2635623,Eternal Knight,1484.5,1
10056,2342205,HBK | Havoc,1484.5,1
10057,997324,Fabian,1484.5,2
10058,5455809,UltraRed,1484.5,1
10059,885309,BYRD NS | Stickless,1484.4,1
10060,1580266,Flubby,1484.4,1
10061,1229846,teto | seraph,1484.4,1
10062,250324,47 | Zaxel,1484.4,1
10063,1214682,Sh-Awe,1484.4,142
10064,1076886,Hollywood,1484.4,1
10065,1741253,BB | UNCG | Tapu Masu,1484.4,1
10066,1695231,Jaiden,1484.4,3
10067,3466213,enky,1484.4,1
10068,4640803,Rich,1484.4,1
10069,1303490,Bizcocho,1484.4,3
10070,3833685,PiolinPR,1484.4,1
10071,1088675,SKZ | Tempo,1484.4,1
10072,214471,SH|RASEC,1484.4,1
10073,3412378,aircaves,1484.4,1
10074,3491328,Astravolt,1484.4,1
10075,1969809,GUMP | Chef,1484.4,1
10076,1790174,Sandshrew,1484.4,2
10077,466157,HTC scoob | Ramiel,1484.4,1
10078,1091064,potato,1484.4,3
10079,820303,Monstermash,1484.4,1
10080,5282059,Rec,1484.4,1
10081,2386054,Leviticus Sackington / freakbob58,1484.4,1
10082,5256337,Mr. Turtle,1484.4,1
10083,2270299,IGYI | McBobby,1484.4,1
10084,1272725,Vee,1484.4,1
10085,4126833,SpideyAdam2 / JoJo,1484.4,1
10086,2647915,Boo,1484.4,2
10087,1916703,Greenlinkly / Goob,1484.4,1
10088,2198834,The Lair | Krampus,1484.4,1
10089,149877,Derpinator,1484.4,1
10090,2720589,DarkArrow,1484.4,1
10091,328649,PAG | irving,1484.4,1
10092,4043723,unluck,1484.4,1
10093,2421291,AweKingSum,1484.4,1
10094,4755317,blue_album,1484.4,1
10095,1135012,Freefall,1484.4,1
10096,2153808,IV | Squirrel God,1484.4,1
10097,540739,EX | Haku,1484.4,1
10098,3907705,Kyle03,1484.4,1
10099,713123,Rockyino,1484.4,4
10100,1563169,Octo,1484.4,1
10101,2363375,Diamondfire,1484.4,1
10102,5143467,Rey5,1484.3,1
10103,3216582,Steelwulf0,1484.3,1
10104,810564,Sal_Fontes,1484.3,1
10105,2771596,LeBron Shaymes,1484.3,1
10106,5411995,Isaac 28,1484.3,1
10107,1350529,Morbius,1484.3,1
10108,1680350,JJJV3S | OlidBLAK,1484.3,1
10109,3360202,COH | TheFurryNinja,1484.3,1
10110,2231128,DD! | Gouuu,1484.3,1
10111,5279114,Joe Cool,1484.3,1
10112,4725797,Hector,1484.3,1
10113,2234060,SMFN | inti,1484.3,3
10114,1497408,Amarantha / don,1484.3,1
10115,3930148,JVaL-_-)d,1484.3,1
10116,1473628,BOPHADES,1484.3,1
10117,1168691,Bugacheen,1484.3,2
10118,2843013,CherryDoughnut,1484.3,3
10119,4493601,mattattack;),1484.3,1
10120,3719350,Slien,1484.3,1
10121,328656,Mr. C,1484.3,1
10122,3007146,Franman1,1484.3,1
10123,3440279,WKDP | Pear,1484.3,1
10124,4540095,Jvstin1128,1484.3,1
10125,1726878,RyGuy#7926,1484.3,1
10126,4550383,W-I | Hollow,1484.3,1
10127,1368315,RUDEBUSTER,1484.3,1
10128,810019,Kage,1484.3,1
10129,12500,Jeremy / Jacattaq,1484.3,1
10130,2171624,PickleLighter,1484.3,1
10131,2411118,DonkeyNoises,1484.3,2
10132,1754049,Epikai,1484.3,1
10133,1013787,Doofus,1484.3,2
10134,852387,LukeGirard,1484.3,1
10135,4734146,Wasp!,1484.3,1
10136,2349541,SMFN JT7 Soy | Glizzatron Prime,1484.3,1
10137,1003541,JAFF | GrillMan,1484.3,3
10138,1263071,9144712614 | AcidBarrel,1484.3,1
10139,229651,DF | Dstyles,1484.3,1
10140,3713774,HPU | Chondro,1484.3,1
10141,346199,Phire,1484.3,1
10142,2021501,B4 | GODBILLY,1484.3,1
10143,32389,heehoo10,1484.3,1
10144,2358550,Chubbs,1484.3,1
10145,5497550,celine F,1484.3,1
10146,487333,Lunarnaut / FROOT,1484.2,3
10147,5512032,SmallShape,1484.2,1
10148,1451204,NOA | JayJ,1484.2,1
10149,2489414,Justine,1484.2,1
10150,464546,Rockyino,1484.2,1
10151,345480,ShakeyJakey,1484.2,1
10152,1944887,Dee Waddle,1484.2,1
10153,2686647,Maddcat,1484.2,1
10154,1713568,Coral,1484.2,1
10155,320765,Awxlf,1484.2,1
10156,1631813,SHH | Cat Dad,1484.2,1
10157,154678,JoWiikly,1484.2,1
10158,345038,K-Baws,1484.2,1
10159,2160990,TV | floof5,1484.2,1
10160,5450146,Santi,1484.2,1
10161,176311,Sebychu,1484.2,1
10162,3700434,Seph / JoFix,1484.2,1
10163,900477,Mooncakes,1484.2,1
10164,5090756,dao,1484.2,1
10165,5087849,Reverse Curse Resident,1484.2,1
10166,1882155,Bullish,1484.2,1
10167,4976858,apples,1484.2,1
10168,854745,Alien,1484.2,1
10169,4630674,Ozen,1484.2,2
10170,1643357,Oceanic,1484.2,2
10171,1005805,Pado / Lisa,1484.2,3
10172,25629,WatchWaterboy,1484.2,1
10173,355160,JGFrey,1484.2,1
10174,2981707,FSG | ASH,1484.2,2
10175,2038133,Ray | RockinRay3305,1484.2,1
10176,5505932,Xinli,1484.2,1
10177,5166243,Rim,1484.2,1
10178,4391815,PB | QUIERES PASARLA GUAY?,1484.2,1
10179,4528276,eSportRN | Mate,1484.2,1
10180,926702,FLuX Magnetique,1484.2,5
10181,2406509,TUMMY | LeChrom Jairs,1484.2,1
10182,1600839,Ms | TeamRaven,1484.2,2
10183,901535,DebtCris,1484.2,1
10184,3910178,iaminyourcloset,1484.2,1
10185,32664,cambark,1484.1,1
10186,3795899,Apple,1484.1,1
10187,2842853,rare,1484.1,1
10188,5249373,RLG | titooo87,1484.1,1
10189,4651404,KSU | SaggyMilkJug,1484.1,1
10190,278241,Rising Stars | Draco,1484.1,1
10191,999549,Flynny,1484.1,3
10192,1524793,Vex_Vector,1484.1,1
10193,3015867,Midnight | | Clall,1484.1,1
10194,216358,2S | GentryPotter,1484.1,1
10195,1302258,7RedJ / Speedy_ 808,1484.1,1
10196,2710579,12G | CurlyFry,1484.1,1
10197,1364119,Murph / Tavares913,1484.1,1
10198,1417359,BanzaiBean,1484.1,1
10199,4524507,Crayfish,1484.1,1
10200,606124,SSF2 | PlayfulPiano,1484.1,1
10201,5274116,MFAT | Aly,1484.1,1
10202,1176894,Samatron,1484.1,1
10203,1557156,ToonNick / ThePatrioticMage,1484.1,1
10204,2470905,Bread / Sir Norf,1484.1,1
10205,1625635,zesp / Loftz,1484.1,3
10206,2016673,Aflimacon,1484.1,1
10207,5480459,Joey,1484.1,1
10208,4519718,Little Stache,1484.1,1
10209,5481876,kayjjohnson,1484.1,1
10210,1432319,Oscargonzalez616,1484.1,1
10211,1181794,Caesar,1484.1,1
10212,1041953,Sakraman_,1484.1,1
10213,1213289,Taj Mahal,1484.1,3
10214,1212987,Sedge,1484.1,3
10215,177631,dpjglad / Flurped,1484.1,3
10216,3395721,Przphantacy,1484.1,1
10217,1035832,Aluminum / cbb,1484.1,1
10218,427168,asinboy,1484.1,1
10219,432891,scoob | DarkPaladin73,1484.1,12
10220,22990,stoopdapoop,1484.1,1
10221,4968931,WCC | Glizzy,1484.1,1
10222,5405738,cinosix,1484.1,1
10223,503671,Negative,1484.1,1
10224,5452717,Nintendo F,1484.1,1
10225,1851619,Sykotic_ChaosNJ,1484.1,1
10226,1443023,Alfred,1484.1,1
10227,3567321,Lotus,1484.1,1
10228,2270615,Pughii / JelloMello,1484.0,1
10229,1323607,boogchops,1484.0,1
10230,1061378,TAKO | Flesk,1484.0,1
10231,250016,Lou,1484.0,1
10232,1405928,QLA | Gomez,1484.0,1
10233,2993829,Leaf Wind Storm,1484.0,1
10234,1809594,Exo | juste_Marc,1484.0,2
10235,1642090,Chunky,1484.0,1
10236,4265863,REV | Seb-Meister,1484.0,5
10237,2220198,Sylonma,1484.0,1
10238,2645478,Siren / ReeD,1484.0,1
10239,63481,Redpunter,1484.0,1
10240,4460501,Brand13R,1484.0,1
10241,2232367,HBA | Gohan,1484.0,1
10242,1447734,Zhengito,1484.0,1
10243,3743561,Creeps,1484.0,1
10244,1443925,yuri,1484.0,1
10245,1627761,&rew,1484.0,1
10246,5288189,skorz2,1484.0,1
10247,2367338,Kolibri,1484.0,1
10248,498554,Tachio,1484.0,1
10249,1350783,SFR | Banana Mage,1484.0,1
10250,3566499,CWS | MaidOfHonor,1484.0,1
10251,1105242,총수 | Kim Jong Il,1484.0,1
10252,1066318,SPR | Destiny,1484.0,3
10253,4995120,Skwanner,1484.0,1
10254,1203797,HighGluten,1484.0,1
10255,5236601,Elysium,1484.0,1
10256,33852,Gently Hardings,1484.0,1
10257,606918,Metal,1484.0,1
10258,35591,Crits / Navii,1484.0,1
10259,140102,ShadowFlame,1484.0,1
10260,66093,DrCraig,1484.0,1
10261,256574,Scary Terry,1484.0,1
10262,278160,bootyjo,1484.0,1
10263,515113,Yoblean / BobLeon,1484.0,1
10264,149830,?,1484.0,1
10265,683276,Kayak / Psychoace,1484.0,1
10266,1002629,Don,1484.0,1
10267,226539,Windmilllll,1484.0,1
10268,1136716,EVL | Atmer,1484.0,1
10269,1139474,lepton / SwagMikey123,1484.0,1
10270,1680298,Toky,1484.0,1
10271,1954650,KillerCam448 / Crabkiller114,1484.0,1
10272,1837320,Coz,1484.0,1
10273,1563861,TTO | Packun Flower,1484.0,1
10274,2184438,Citrust / Streak,1484.0,1
10275,2466716,Downstate Docs,1484.0,1
10276,409109,Dino / 240p,1484.0,1
10277,2941062,VerranickTTV,1484.0,1
10278,44957,Phanteros / DKLAP,1484.0,1
10279,3122762,Zest,1484.0,1
10280,3364723,Orion / DestroyerrZG,1484.0,1
10281,63200,Kobe’s Dawgs,1484.0,1
10282,2479608,Player 3 / Yoshi Kid,1484.0,1
10283,2043808,Ryze / Levetating,1484.0,1
10284,1804209,Dreii / JacintoElGrande,1484.0,1
10285,4332515,Spongedude,1484.0,1
10286,2928313,CarterKirby,1484.0,1
10287,2151478,glungus,1484.0,1
10288,4334850,Munky,1484.0,1
10289,4559764,Monkeybomb255,1484.0,1
10290,35491,2 Elephants 1 Cup,1484.0,1
10291,5157642,PikachuRaichu,1484.0,1
10292,3342664,AirVeil / m4licious,1484.0,1
10293,4859886,HYNDU / PumiClod,1484.0,1
10294,232154,Palex / POZ,1484.0,1
10295,2359160,ChoniesBalonies,1484.0,1
10296,1467455,PHL/ALS | Angelseb,1484.0,1
10297,173775,TD | Piss,1484.0,1
10298,4179560,THEGOAT456,1484.0,1
10299,1125770,Trace,1484.0,3
10300,452423,AD | Rinrin,1484.0,1
10301,1818320,Captain Ice,1484.0,1
10302,4384776,tbz | Luis,1484.0,1
10303,3059893,In the middle | Wagons,1484.0,1
10304,2121894,Rudulf / Lars,1484.0,3
10305,496937,Blame My Parents,1484.0,1
10306,3881702,Daizu,1484.0,1
10307,1768507,SnR | Null,1484.0,1
10308,3386187,Nths | Someguy21,1484.0,1
10309,1928383,The Weevil Bride,1484.0,1
10310,4221167,Alfin,1484.0,1
10311,2124114,jreiss,1484.0,1
10312,2348094,DMF,1484.0,1
10313,4910198,Ron,1484.0,1
10314,5471489,Abdoel,1484.0,1
10315,63230,MHG | Gumpis,1484.0,1
10316,245995,Vaar,1484.0,1
10317,241505,NineDJ,1484.0,1
10318,766897,Al Saiduq / Ruby Rosé,1484.0,1
10319,1940341,ajwm8103 / Ian sucks at brawlhalla,1484.0,1
10320,505638,TheMightyDialga / BlueJay,1484.0,1
10321,1126849,popstar,1484.0,1
10322,4784693,EF | Sevenroth,1484.0,3
10323,3024655,Marven Julius Yap,1484.0,3
10324,4170059,Tsubaki,1484.0,1
10325,1010660,StriderXIX,1484.0,7
10326,1688593,dwitt,1484.0,1
10327,5442237,EZ | Killer,1483.9,3
10328,4865034,gnarlydave,1483.9,3
10329,5502834,leftinstars,1483.9,1
10330,1844065,Yoshiman | Yoshiman929,1483.9,1
10331,337017,T1G | Illuzionz,1483.9,1
10332,5144327,TGP | newly,1483.9,1
10333,3444231,Luissbik,1483.9,1
10334,3259187,zoinks!,1483.9,1
10335,4789273,Amore,1483.9,2
10336,412125,Shiny Aron,1483.9,1
10337,5294981,CUM | Millimeter Peter,1483.9,1
10338,281777,Hentailuvr,1483.9,1
10339,736565,piroshi,1483.9,1
10340,4538083,Speed Thru,1483.9,1
10341,2555691,Big lando,1483.9,4
10342,1810023,ATLASGETMONEY,1483.9,1
10343,5509473,Dave,1483.9,1
10344,1944044,Savant,1483.9,1
10345,541053,Intune,1483.9,2
10346,1620655,1.2M | senzu,1483.9,1
10347,5282254,NicoleDob,1483.9,1
10348,4609180,ToyotaSupraKing,1483.9,1
10349,3100376,QU | doubleupdingo,1483.9,1
10350,3114320,Mel,1483.9,1
10351,1556262,Vert,1483.9,1
10352,4592965,antoo,1483.9,1
10353,4757090,Phu Ghazi,1483.9,1
10354,128234,BTM | Acro,1483.9,1
10355,3441453,Credentials,1483.9,1
10356,2429038,calamari,1483.9,4
10357,3177678,OTG | SewrRat,1483.9,1
10358,2372359,Umass Lowell B,1483.9,1
10359,5404321,Ditto | DittosNumber1,1483.9,1
10360,1814585,jayj,1483.9,6
10361,1040092,Cyla,1483.9,1
10362,4644446,Red Bull | LowIQRoy,1483.9,9
10363,3729261,løwkey | aka Kevo,1483.9,1
10364,3799127,TFO,1483.9,7
10365,1151286,Pado,1483.9,3
10366,2695327,rubi,1483.9,1
10367,183772,SBU | Lotus,1483.9,1
10368,5294049,Max,1483.9,1
10369,1096824,Franch1ze,1483.9,1
10370,5440307,Jtoro25,1483.9,1
10371,1969763,JAWBREAKER / Aezl,1483.9,1
10372,2788940,Cap9 | AkumaEnjoyer,1483.9,1
10373,867227,Iggy,1483.9,1
10374,894755,Liquid Richard,1483.9,1
10375,5450907,player 4,1483.9,3
10376,1379270,S_Machine,1483.9,1
10377,2433256,BMOLDIGITAL,1483.9,1
10378,4524427,Yurrb,1483.9,1
10379,3789044,Koro,1483.9,1
10380,4852614,Rexilo,1483.9,1
10381,2446056,Orbsil | ExSpike,1483.8,8
10382,375092,BZ | envoke,1483.8,1
10383,3557449,Drayden,1483.8,1
10384,3915418,Stick,1483.8,5
10385,1238554,NS| 柱 | OVA9k,1483.8,5
10386,867278,Rae,1483.8,1
10387,738948,Celxius,1483.8,1
10388,1699660,The_Mofologist / Jmartiles,1483.8,1
10389,797773,12G | Maxwell,1483.8,2
10390,529925,Denzel,1483.8,1
10391,127983,Sensei / Glentendo,1483.8,1
10392,1363209,ILMW | Megani,1483.8,1
10393,1358746,mN,1483.8,3
10394,1668963,fusi0n,1483.8,1
10395,4157924,moon reaper,1483.8,1
10396,2992559,Jaxzerra,1483.8,1
10397,426479,ENC | THEEFREDINATOR,1483.8,1
10398,1028479,Bob / L.A.,1483.8,1
10399,1589420,EST | Hormiga,1483.8,1
10400,3272100,De_Panda 水,1483.8,1
10401,1198322,Driggs / eruuc,1483.8,1
10402,3427684,まよまよ,1483.8,1
10403,245774,lilbirdie,1483.8,1
10404,4800324,Evergreen PooperScoopers,1483.8,1
10405,4641083,Pellonian,1483.8,1
10406,3968268,Arimus,1483.8,3
10407,1739737,Joe_Rando,1483.8,1
10408,4661352,Styraxes,1483.8,1
10409,3657545,hipwisconsin,1483.8,1
10410,1523202,NVM | Hotdog,1483.8,1
10411,808769,TURBO CHOP | Jewkob,1483.8,2
10412,4791220,Explosion2,1483.8,1
10413,5202502,buki0300,1483.8,1
10414,3329539,もっちゃり探偵,1483.8,1
10415,2559985,SinWorK,1483.8,1
10416,273116,Gotem,1483.8,1
10417,1882706,Solitaire,1483.8,1
10418,4266228,Casa de skibidi | WetSpaghet,1483.8,1
10419,1887818,it | sinkingfeeling,1483.8,1
10420,3378245,soup,1483.8,1
10421,5215547,Ki,1483.8,1
10422,31127,Fraude,1483.8,1
10423,5405967,jacob,1483.8,2
10424,3743317,TWN | goober,1483.8,1
10425,20727,Eon / Hangman,1483.8,1
10426,3471346,Mad Mouse,1483.8,1
10427,2880020,4Clovver,1483.8,1
10428,1142128,Avion / Awe,1483.8,1
10429,241701,MP | Rantanplan,1483.8,2
10430,276366,RSN-Bran,1483.8,1
10431,5493431,Kao,1483.8,1
10432,322562,CBKain_,1483.8,1
10433,1214708,Club2429,1483.8,1
10434,5485810,C9 | Yannis,1483.8,1
10435,4968056,AimBot,1483.8,1
10436,3613119,Starzz,1483.8,1
10437,5219022,Luffy7609,1483.7,1
10438,3008128,4thface,1483.7,1
10439,975507,XERXES / GutBuster,1483.7,1
10440,1776445,JGN | Wahu,1483.7,1
10441,5237548,C.Crow,1483.7,1
10442,1826931,brn2bwld,1483.7,1
10443,5315744,winter,1483.7,1
10444,4021106,CC | Jflexjr,1483.7,2
10445,3655041,KGE | DarkGreen40,1483.7,1
10446,1699758,Lukezsixx,1483.7,1
10447,2716367,IONA | Moat,1483.7,1
10448,2284276,Breozy,1483.7,1
10449,2056481,つ!viηe,1483.7,1
10450,3605719,Cxpher,1483.7,1
10451,4341807,TheRoyalPineapple,1483.7,1
10452,3043720,Rubix,1483.7,3
10453,1853779,Negationist,1483.7,1
10454,2965373,C33C33,1483.7,3
10455,1450596,UD/RR | Mudkip,1483.7,3
10456,669627,Zigisfredo,1483.7,2
10457,2259625,kelsZn,1483.7,1
10458,2703678,Blanco,1483.7,1
10459,3743322,Ike Spice,1483.7,2
10460,1484432,EP | Croc#6330,1483.7,1
10461,2759124,GOst,1483.7,1
10462,2359863,George,1483.7,1
10463,2173809,Reapr,1483.7,1
10464,1444012,Crazierz,1483.7,1
10465,3588971,Sunchaser58,1483.7,1
10466,3631479,FWG | Assasnake,1483.7,1
10467,23723,Landon,1483.7,1
10468,2060718,Jav,1483.7,1
10469,4873010,Akenaga X,1483.7,1
10470,310522,DD | WEED,1483.7,1
10471,1503303,BoSS | | Panic,1483.7,1
10472,3053494,Chino / Mzane,1483.7,2
10473,1771085,ELG | Rogelio17x,1483.7,1
10474,2977835,Tigzy,1483.7,1
10475,2559661,Willy D,1483.7,1
10476,4865036,gnarlydave,1483.7,3
10477,1156791,OwO | PeptoObismal,1483.7,1
10478,5451775,Florere,1483.7,1
10479,1706668,CU | ivy,1483.7,3
10480,5323292,Jay,1483.7,1
10481,5305740,ETL/BH/LK | Pp,1483.7,1
10482,4052735,Skyman,1483.7,3
10483,2506343,TCOxSRN | KashAlmighty20,1483.7,1
10484,5236488,yv,1483.7,1
10485,1291989,Pro Marshmallo,1483.6,1
10486,1320034,HANDYman! | NiKi,1483.6,1
10487,1040369,henrobs fellover,1483.6,1
10488,2229702,Ninjablue,1483.6,1
10489,5276707,Rad,1483.6,1
10490,3180055,Horizon,1483.6,1
10491,1357205,Cinnamon,1483.6,1
10492,5101777,MU | Rat | Duck290,1483.6,1
10493,4465284,Dryeyes,1483.6,1
10494,1531319,Str4ng3r,1483.6,4
10495,1599016,Bwa,1483.6,1
10496,2534762,Alien | Grug,1483.6,2
10497,282041,GabuTP / RigbyTP,1483.6,2
10498,4918082,[MUG] | Messaiga,1483.6,1
10499,5382162,Rails,1483.6,1
10500,1515158,bye,1483.6,1
10501,1978241,LYM? | HotCoco,1483.6,1
10502,5238710,T Wex,1483.6,1
10503,2065122,TheMidWestboxer,1483.6,1
10504,341179,Stride | kuyamilo,1483.6,1
10505,2663990,Rav,1483.6,1
10506,58168,AI | SonGohanX,1483.6,1
10507,3166590,BH | LaBocchi,1483.6,1
10508,4220943,S_Agent 3,1483.6,1
10509,5398869,JJStar7524,1483.6,1
10510,1412550,MatiasYturrizaga,1483.6,1
10511,1502612,Shadow | Steph,1483.6,1
10512,229756,BassMage,1483.6,2
10513,2710165,WolfGalaxy,1483.6,1
10514,1590569,TTU | Solar Colony,1483.6,1
10515,3818766,Salato,1483.6,1
10516,3480610,HumongousAfro,1483.6,1
10517,2301069,Nick_BOI,1483.6,1
10518,5329354,Dawsboss,1483.6,1
10519,5215695,123jf,1483.6,1
10520,4421152,Dyspeon,1483.6,1
10521,1711047,SRG | Karlwithak,1483.6,1
10522,5468145,Spookalaxy,1483.6,1
10523,232298,RS4TS* | Lopp567,1483.6,1
10524,5331371,Tacoburro^3^,1483.6,1
10525,4251810,Paper,1483.6,1
10526,4374549,FIU | Santy,1483.6,1
10527,231910,Cyber bunny,1483.6,3
10528,1049752,Jiggs,1483.6,1
10529,3033813,NSG | Blazing Rodney,1483.6,1
10530,778383,Azure | 《Aqua》,1483.6,1
10531,241596,A-Frame,1483.5,1
10532,2490558,Xav,1483.5,1
10533,2340556,ANGL | Seri,1483.5,1
10534,2308594,716 | Plum,1483.5,1
10535,1013095,DonoDeluxe,1483.5,1
10536,176626,Stew,1483.5,3
10537,5511876,Joey,1483.5,1
10538,1497026,MushroomFusion245,1483.5,1
10539,1722786,lsq [btd6] | lonelymatt,1483.5,1
10540,3909495,Blooper307,1483.5,1
10541,1520041,ASword6,1483.5,2
10542,1375430,unreal,1483.5,1
10543,1588290,Flute Boy,1483.5,3
10544,3840872,ricoboiii,1483.5,1
10545,622824,Ben-jam-in,1483.5,1
10546,1872060,Pkmkeke,1483.5,2
10547,3453442,Pandulce,1483.5,2
10548,4552972,Menace_TS,1483.5,1
10549,264813,Bloom | BIG TITS BIGGER RESTS,1483.5,1
10550,1344369,Chicken Minis / Blu,1483.5,1
10551,4948637,WILKES | TanMan07,1483.5,4
10552,1600220,Overcommon7,1483.5,1
10553,3006841,Employed | Noodle,1483.5,3
10554,148491,Connor Esports | yogi,1483.5,1
10555,5136544,Shoghis Child | BlackFrost,1483.5,1
10556,5463658,Bilbowswagginz,1483.5,1
10557,1476399,FastCat,1483.5,1
10558,4972367,C2F | Tarzan,1483.5,3
10559,990361,Bas,1483.5,1
10560,1068580,Shadow,1483.5,1
10561,2162089,InsertName,1483.5,2
10562,8148,Kannonzz,1483.5,1
10563,2652838,Bulldogg,1483.5,9
10564,2476300,hymn,1483.5,1
10565,2835534,WPK | Dexter Morgan?,1483.5,4
10566,1562981,MRL | cu4dr0,1483.5,2
10567,3290350,ShadowWolf515,1483.5,1
10568,1594873,GFB | Pelham of the Stars,1483.5,1
10569,4637881,BlackHeart,1483.5,1
10570,5010975,Toxic,1483.5,2
10571,63313,Sneakywill,1483.5,1
10572,4437119,ESFFU | Mr.Moist,1483.5,1
10573,1177437,JactusCack,1483.5,3
10574,320938,Gator,1483.5,7
10575,5305323,Unowninator,1483.5,1
10576,3485919,URI | Powwu,1483.5,1
10577,1952546,StarGoldfish347,1483.5,1
10578,3904210,Windy City | Chinobi,1483.5,1
10579,5503978,Pillowhands,1483.4,1
10580,4807902,Timetraveler,1483.4,1
10581,2398773,Bumburi,1483.4,1
10582,3742931,deepmemory,1483.4,1
10583,854727,Shitter,1483.4,1
10584,1513765,CLEVELANDLANTIS,1483.4,1
10585,3296996,Shukla Shores | Derek,1483.4,1
10586,3052741,Squidpai,1483.4,1
10587,3284004,Canny,1483.4,1
10588,1762490,CoX | MMG | Camaraderie123,1483.4,1
10589,1437255,oChronic--,1483.4,1
10590,1798115,GG | Gabe South,1483.4,1
10591,1597294,JayDee,1483.4,1
10592,1321229,AustinTrnh,1483.4,1
10593,3024020,Brightnova,1483.4,1
10594,1691142,ぷねうま,1483.4,1
10595,4955870,Lefty,1483.4,1
10596,3628522,Pcookie72,1483.4,1
10597,3067506,Twisted / BigAldeez,1483.4,1
10598,4879372,Libowski!,1483.4,1
10599,4101398,RioT,1483.4,3
10600,1076329,LB | DragoDaDragon,1483.4,1
10601,3332229,TIMPALA,1483.4,1
10602,221529,IRON GRD | KosherSalt,1483.4,1
10603,1502373,Washndry,1483.4,1
10604,329559,BlazingPhoenixTV1 / Tax1k,1483.4,1
10605,3331619,EndySlendy,1483.4,1
10606,2373782,Mickle,1483.4,1
10607,3402139,Trish,1483.4,1
10608,538981,GKrunk / Woof,1483.4,4
10609,4787893,MD,1483.4,1
10610,5148258,Bueno.,1483.4,1
10611,1312614,Goldsmith,1483.4,3
10612,214326,Angelic Buster,1483.4,1
10613,4619758,Muñeca,1483.4,1
10614,1593364,Biggly Buff | RamenRaymond,1483.4,2
10615,3959079,Mine | Ryan#3,1483.4,1
10616,5282081,Skelly,1483.4,1
10617,4181706,vrvco / Tzbu,1483.4,1
10618,5471323,RGS | R0yalGenesis,1483.4,1
10619,2757247,wastemaker,1483.3,1
10620,3843622,tastehercoffee,1483.3,1
10621,5167580,LNB | Nickfaz,1483.3,1
10622,569521,GumiGumpy / DragonTD,1483.3,1
10623,5197207,Maddox,1483.3,1
10624,2722000,Back Fat,1483.3,2
10625,1742968,DUSK | | Iceman,1483.3,1
10626,4946328,Wynd,1483.3,1
10627,2026311,EyeDee / Hitchcock,1483.3,1
10628,374576,BDD | fletcher,1483.3,1
10629,2549187,BlackFrost / Sirnite,1483.3,1
10630,1183175,Hazard / J2G,1483.3,3
10631,2689805,Kwe_TheStampede,1483.3,1
10632,1678142,VoidCrumbs,1483.3,1
10633,272562,Professor Kay / Vanta,1483.3,23
10634,3838940,LW | BP | Njord Joestar,1483.3,1
10635,1065728,Shmixerization,1483.3,1
10636,995840,MasterBasedBean,1483.3,3
10637,2661151,Melioduz,1483.3,1
10638,3864515,Big Train,1483.3,1
10639,3406816,1 | Donutdonut,1483.3,1
10640,4154347,Leywin,1483.3,1
10641,4341038,EDANNY_189,1483.3,1
10642,5442366,Tony Cheese,1483.3,1
10643,965657,天 | LumiNavi,1483.3,102
10644,3030187,Dapper | Cyclone,1483.3,1
10645,1274872,How is it bollin ? / CAMUGLYFRL,1483.3,1
10646,1732702,Yelta,1483.3,1
10647,1419539,GH | Cosmic,1483.3,1
10648,489611,Runaway Weenie,1483.3,1
10649,5240959,Chudton63 / Gh0st,1483.3,3
10650,539178,Jxn/Burrit0,1483.3,3
10651,1000582,Scanz,1483.3,3
10652,20658,Braf,1483.3,1
10653,735645,Nido,1483.3,3
10654,1632273,CRC | Bares,1483.3,1
10655,1753105,Cboi,1483.3,1
10656,1035744,Kid_Filth,1483.3,1
10657,4286708,ImtripIe / SITYOFSAINTS,1483.3,1
10658,1355753,CoK | Stuffy,1483.3,1
10659,768075,Meka,1483.3,2
10660,1500178,MesiasArt,1483.3,1
10661,1350750,Jah,1483.3,1
10662,711217,Kappungac,1483.3,1
10663,3980346,Hyp3r10n,1483.3,1
10664,1268211,Tonynumber4,1483.3,1
10665,3173262,Stan,1483.3,1
10666,2072502,Bronkly,1483.3,1
10667,57302,Jish | Jish,1483.3,7
10668,4460504,GERMANASHEE,1483.3,1
10669,4888218,David A,1483.3,1
10670,404740,Req•LaZy / Deku,1483.3,1
10671,60895,GJay / Sloth,1483.3,1
10672,222202,RedThunder,1483.3,1
10673,2243570,NotMyNumber,1483.3,1
10674,25577,N8,1483.3,1
10675,158345,romuhhh / Rockhopper,1483.3,1
10676,2024795,UMB Team B,1483.3,1
10677,1006001,TheSpikeKing,1483.3,1
10678,5060601,gigi_loves_you,1483.3,1
10679,1658683,Bubbles,1483.3,1
10680,406232,QUAHOGGRIMREAPER,1483.3,1
10681,261200,Abyss,1483.2,1
10682,1928817,GF | KnuckS,1483.2,10
10683,4177411,RSGabe,1483.2,79
10684,2041458,Revolver_13 | Revolverrr,1483.2,1
10685,1213312,MilkWarrior,1483.2,3
10686,1587852,NoWay / Nerd Immersion,1483.2,1
10687,1781603,Nad79 / Pun,1483.2,1
10688,762312,Emilz,1483.2,1
10689,5217360,Keygan.,1483.2,1
10690,4080181,Rex pj,1483.2,1
10691,1875930,c4nvm,1483.2,1
10692,3125072,MinMin's #1 Defender,1483.2,4
10693,3938078,CFF | Uncann,1483.2,1
10694,217031,solomisfit,1483.2,1
10695,48862,goo,1483.2,1
10696,221256,HBSC | SquattingxBear,1483.2,1
10697,4862575,WNFC-VT | missing_link,1483.2,1
10698,1667521,Pangoo,1483.2,1
10699,1351375,HomeFries,1483.2,1
10700,698623,ricE_ECD,1483.2,2
10701,2126902,AFK,1483.2,2
10702,2379654,Schizo Coati,1483.2,1
10703,5153287,PLC | WakeUpDP,1483.2,1
10704,2818557,Fuma,1483.2,1
10705,1601530,RRalph,1483.2,1
10706,2012954,SoyFurry,1483.2,1
10707,931878,TheDams,1483.2,1
10708,1573869,ragediety,1483.2,1
10709,366755,M4nji / LX,1483.2,1
10710,5528991,Jone,1483.2,1
10711,151081,Kirby Surfsiders,1483.2,3
10712,1588105,Game Magician / SHADOW,1483.2,1
10713,2599248,ZipZap,1483.2,1
10714,5345890,Shiny Aron,1483.2,1
10715,3712854,White Fang | KJHDante,1483.2,1
10716,4440064,GameFreak,1483.2,1
10717,1071111,Klump,1483.2,1
10718,414601,Rant19,1483.2,1
10719,2300901,Afmbot,1483.2,2
10720,1076718,Androos,1483.2,1
10721,1292145,ThirdDegreeByrnes,1483.2,1
10722,268920,FTK Horizon,1483.2,1
10723,288091,S6 | Miami,1483.2,1
10724,5092739,27,1483.2,1
10725,5451131,DoshVader,1483.2,1
10726,2305289,justabagel,1483.2,2
10727,1060647,Dusty_Carpet,1483.2,1
10728,2613865,Iso,1483.2,1
10729,2031139,EyeDee,1483.2,1
10730,4148388,NRG | YUNO!?,1483.2,1
10731,1256898,Permafrost,1483.2,1
10732,132384,Ray Kalm,1483.2,2
10733,4216544,Kanon | Astra Storm,1483.2,1
10734,1818644,RedKnight,1483.1,1
10735,2558663,munkeyy,1483.1,1
10736,2454914,WU | Cappin,1483.1,1
10737,4530243,klazyt,1483.1,1
10738,232381,Raf,1483.1,1
10739,2187831,kwell,1483.1,1
10740,2746839,CDS | Gravy =P,1483.1,1
10741,3448714,SAUCELESS | Seiji  [B],1483.1,2
10742,243592,Carlos,1483.1,1
10743,5202386,Nair Jordan,1483.1,1
10744,310545,EPODT | Uncle Phil,1483.1,1
10745,3593799,MariMarsXP,1483.1,1
10746,1863883,Baldo,1483.1,1
10747,3053148,PNG | Penguno,1483.1,1
10748,2326515,Bosspug,1483.1,1
10749,397736,LemonCake,1483.1,1
10750,1386276,CR | Billbourin,1483.1,1
10751,5297800,vedant,1483.1,1
10752,1378316,Eternal / Veronicaa64,1483.1,2
10753,889406,Deathy,1483.1,1
10754,1884570,No Team | WufflePuffle,1483.1,1
10755,3691073,DTM,1483.1,2
10756,329093,RubyD,1483.1,2
10757,4104558,SKADOOSH,1483.1,1
10758,59065,Artan,1483.1,1
10759,2433921,Der Kaiser,1483.1,1
10760,5332267,Murder,1483.1,1
10761,757524,DR.B GALAXY B,1483.1,1
10762,699810,BadWolf / Happidog,1483.1,1
10763,2331169,FaKe | AshAwesome,1483.1,1
10764,3755111,control,1483.1,1
10765,1737081,Deedle,1483.1,1
10766,1555327,CMU | doubl,1483.1,1
10767,5323592,anthony,1483.1,1
10768,57986,2D Cowboys | Bloodzure,1483.1,1
10769,28017,Freiztmare,1483.1,1
10770,2751133,Mister Ka$h,1483.1,1
10771,5017666,SBU | cyanzura,1483.1,1
10772,4155710,orion,1483.1,1
10773,294882,terishu,1483.1,2
10774,2092548,RIP_Gurdy | Kyletron70,1483.1,1
10775,2698534,BUG | TechnoPuff,1483.1,2
10776,2357131,Protean,1483.0,2
10777,5061383,ODU | Aris,1483.0,1
10778,1721585,Alucard,1483.0,1
10779,379679,Spitz,1483.0,1
10780,1803024,FB,1483.0,1
10781,990260,LB | Riiiiii,1483.0,1
10782,612904,The Haven | skywalker,1483.0,1
10783,2520813,FF | Snazzypants73,1483.0,2
10784,2974390,Creative_Commander,1483.0,1
10785,1502367,silversteve,1483.0,1
10786,1180937,WTF | Phaazoid,1483.0,1
10787,5474460,puppylove,1483.0,1
10788,3505283,DGM | ElFrodo,1483.0,1
10789,4390180,HIV- | PJ9DTHEIII,1483.0,1
10790,329546,GG | VaR,1483.0,1
10791,4396748,c-tilt,1483.0,1
10792,155992,NSM | TwistedHero,1483.0,1
10793,516817,solar,1483.0,1
10794,3944374,2Fish,1483.0,1
10795,1929735,Spooky | Juice,1483.0,1
10796,5080109,Bozo | GoldBasilleaf,1483.0,1
10797,3315242,LYM? | PWR BRAIDEN,1483.0,4
10798,186127,CS3 | empty :3,1483.0,2
10799,1158116,AfroNinja,1483.0,1
10800,704402,FC | 716 | SU | Swoggles,1483.0,1
10801,1174587,Khori_,1483.0,1
10802,1169975,golf,1483.0,1
10803,2018841,ODU | theAl-Khemist,1483.0,1
10804,1815550,SMFN | Chironi,1483.0,7
10805,3373133,てんぷる,1483.0,1
10806,3289922,Big Jilm,1482.9,1
10807,1046179,AnJrew,1482.9,1
10808,233377,DrCondor,1482.9,2
10809,3643471,Prod,1482.9,1
10810,4397911,Lash,1482.9,1
10811,68529,D,1482.9,4
10812,1112551,Combo_Barrage,1482.9,1
10813,1162240,Zephyr,1482.9,1
10814,1259098,sirwranwrap,1482.9,5
10815,5432074,TRW | TheRealWill,1482.9,1
10816,348589,BGT | Okami,1482.9,1
10817,4589994,MSMC | Mouse,1482.9,1
10818,3480376,Frigid,1482.9,1
10819,7623,Timko AF,1482.9,1
10820,1400513,Big Squanch,1482.9,1
10821,1003164,Spookydook,1482.9,3
10822,2598341,O-2er | BlazRod,1482.9,1
10823,2376300,silk,1482.9,1
10824,4039960,AltoFGC,1482.9,1
10825,1329063,Peebs,1482.9,3
10826,4341916,krholl l,1482.9,1
10827,5346281,HAMFRIED,1482.9,1
10828,1901790,Preskool rosen,1482.9,1
10829,2561650,Ace-Cel,1482.9,1
10830,1461662,Snarl | eSVee,1482.9,3
10831,429122,Nibbs / Jakobi,1482.9,1
10832,1213414,Jeff,1482.9,3
10833,5471305,Joey,1482.9,1
10834,3029084,Kirbmain,1482.9,1
10835,1520045,JEL | JEL KING,1482.9,1
10836,2643907,Sirkel,1482.9,1
10837,1039153,PG | Cosmoh,1482.9,1
10838,1885107,H00D-4x,1482.9,1
10839,1219109,Kdawg,1482.9,1
10840,2568957,SR | TheCodingLegend,1482.9,1
10841,3635283,404 / LT | H0IIIII,1482.9,1
10842,3786637,La Chancla,1482.9,1
10843,677731,Canine,1482.9,1
10844,2623009,Sturgeon,1482.9,1
10845,1502690,WAK,1482.9,1
10846,5393068,K | Jack,1482.9,1
10847,4946310,Aegis,1482.8,1
10848,2872851,SM|BLZE | Bubbros,1482.8,1
10849,1009977,RPC | Crodius,1482.8,1
10850,2321076,Wish,1482.8,1
10851,2173675,Br'er Rat,1482.8,1
10852,3239395,zwwack,1482.8,3
10853,1186584,Koopa Troop: | Radeon,1482.8,1
10854,434040,WL | LVL3,1482.8,4
10855,863095,ChaosX,1482.8,1
10856,4329886,Inferno,1482.8,1
10857,5393197,a qt pi,1482.8,1
10858,4508570,Aitsuki,1482.8,1
10859,1719818,Hanazono,1482.8,1
10860,1693661,Naz | Ethanminister,1482.8,1
10861,4550924,Xuuigi,1482.8,1
10862,172229,Lemillion | zukake,1482.8,1
10863,3912609,KIT | tim,1482.8,1
10864,2096854,Xero,1482.8,1
10865,2366285,BR | Tenshi,1482.8,1
10866,2384154,Eco,1482.8,1
10867,5478231,bman,1482.8,5
10868,2464067,kapsyzz,1482.8,3
10869,4155714,b1ggycheese,1482.8,1
10870,1312989,CheeseScientist,1482.8,1
10871,4562262,AtomicStew,1482.8,1
10872,3286126,Patatajavi,1482.8,1
10873,4155853,BlazeN,1482.8,2
10874,5058,Bullshooter,1482.8,1
10875,4148693,Big-Joshfire,1482.8,1
10876,5323289,Darsh,1482.8,1
10877,1496699,Nimenog / Ehhhhh,1482.8,1
10878,5285691,Herralta,1482.8,1
10879,2370515,CheezyPR,1482.8,1
10880,1548525,P-Slaw,1482.8,1
10881,1810975,nouser,1482.7,2
10882,5497354,SooIcy,1482.7,1
10883,4386696,Tane,1482.7,1
10884,265129,DD| Unshorn,1482.7,1
10885,1364819,Sl1nk,1482.7,1
10886,701840,Tig Black,1482.7,1
10887,343663,JUMO,1482.7,2
10888,2316588,ME ESPORTS | ROYALS,1482.7,1
10889,1842842,Nikio,1482.7,1
10890,1007411,ProZ,1482.7,2
10891,4692763,Sokloeum,1482.7,1
10892,1375420,Shays,1482.7,1
10893,3448078,VictoPM,1482.7,1
10894,5303115,Amitii,1482.7,1
10895,2412523,JSCC | Charge,1482.7,1
10896,5436811,Luxon,1482.7,1
10897,2715347,Humber MT | Rudulf,1482.7,2
10898,1423760,TREMBLE BEFORE | The 0-2 King,1482.7,1
10899,1981255,Young Gleesh,1482.7,1
10900,1452677,GingaPowa,1482.7,1
10901,4085834,WowoitsBobo,1482.7,1
10902,1035725,Chris!,1482.7,1
10903,184680,BlackAce,1482.7,1
10904,2529202,Nu j.C | Soliloquy,1482.7,1
10905,2948788,Wisdom,1482.7,2
10906,4915486,octo :),1482.7,7
10907,4997551,PigWarrior,1482.7,1
10908,3454125,SteveFranchize,1482.7,1
10909,5172220,Zipponst,1482.7,1
10910,3676309,DUDEdontSHOOT718 / Jadegunz,1482.7,1
10911,1764005,KAJ12,1482.7,1
10912,1091113,NeoJoe,1482.7,3
10913,5403943,w3edrat,1482.7,1
10914,2816074,わんしー,1482.7,1
10915,2292962,Daedofr,1482.7,1
10916,4975711,Conor,1482.7,1
10917,254855,Troll Dog,1482.7,1
10918,2162378,Leeshmow,1482.7,1
10919,3586143,O2S | wombat,1482.7,1
10920,1361938,MusicalJoker,1482.7,1
10921,3039211,Joberry Biscuit GF (Gluten Free),1482.7,1
10922,1058705,NessFTW,1482.6,1
10923,4062488,ARealGamer12,1482.6,1
10924,5211995,GINYU FORCE | Funtime Freddy,1482.6,1
10925,497606,Leon,1482.6,1
10926,1000578,EnvY,1482.6,3
10927,1549286,WeebGod9000,1482.6,2
10928,26053,MoldyBagel,1482.6,1
10929,2142107,CookieSparx,1482.6,6
10930,3875871,ICON | Zayko,1482.6,1
10931,1769416,Bewareme428,1482.6,1
10932,2243645,papadrew,1482.6,1
10933,4583147,Jr.ChickenCombo,1482.6,1
10934,2728660,VOID | Futuristic Ninja,1482.6,1
10935,1044659,Tax Guy | Smatt16,1482.6,1
10936,1339276,moose,1482.6,1
10937,1730380,Ripto,1482.6,5
10938,1327226,NT,1482.6,1
10939,2667246,Phenotype,1482.6,1
10940,4959239,Sonick,1482.6,1
10941,2138630,Greeetaku / Dudz,1482.6,1
10942,558643,MIT A,1482.6,1
10943,1035745,Templisk,1482.6,1
10944,5147607,dimbo pie,1482.6,1
10945,3305964,Flarejuice,1482.6,1
10946,1010661,NotJohn,1482.6,3
10947,5460093,charlie,1482.6,1
10948,49396,Big Tippy Goth GF,1482.6,1
10949,1442947,Miles,1482.6,1
10950,904619,TCTH | Luma,1482.6,1
10951,1771928,David E,1482.6,1
10952,1005870,Flutter,1482.6,10
10953,525345,ITD | Bayo!,1482.6,2
10954,1923573,BoxOfChocolate | Schnittsel,1482.6,1
10955,5213198,LJL,1482.6,1
10956,215409,Deadfish,1482.6,1
10957,1838907,Schlinky Minky,1482.6,1
10958,49043,crash,1482.6,1
10959,4619741,Lane,1482.6,1
10960,3216625,DB | Pompin,1482.6,2
10961,306104,BEE | Augment,1482.6,1
10962,1484986,Raize,1482.5,1
10963,3417106,HazBoL | ShinePrime,1482.5,1
10964,1360079,Huggo,1482.5,1
10965,1872558,Ego | Gunjoshi,1482.5,1
10966,5382590,MACHOMAN,1482.5,1
10967,601961,UNCW | Wild Cappuccino,1482.5,1
10968,3947327,CapnWarpBeard,1482.5,1
10969,2463667,MysticArts,1482.5,1
10970,357315,Dirtyroach,1482.5,1
10971,2643810,JRoyal,1482.5,7
10972,3874878,Paper,1482.5,1
10973,5458997,BFBB | NightwingJacobb,1482.5,1
10974,3389554,Zest,1482.5,1
10975,1157355,RTR | Porcelain,1482.5,1
10976,5665,Moobs / Rudy,1482.5,1
10977,5510458,G$hmoney,1482.5,2
10978,3884502,BIG | tiggy,1482.5,1
10979,2874755,9bit_,1482.5,1
10980,1092173,ESG | Freshman,1482.5,1
10981,3497435,shmoopy,1482.5,1
10982,1833953,USD | Jetski,1482.5,1
10983,3092511,woah | mickeymishima,1482.5,1
10984,962566,Pegarus,1482.5,1
10985,358990,FrickenChris,1482.5,1
10986,1641941,theta,1482.5,2
10987,698543,U.F.O,1482.5,1
10988,56325,Winters,1482.5,2
10989,4549941,TIDE | minoruUu,1482.5,1
10990,5122345,PumiClod,1482.5,1
10991,1666958,JusCheat | HEX,1482.5,1
10992,1082076,314,1482.4,1
10993,1062180,Russell,1482.4,1
10994,950422,SKY | DarkPuma,1482.4,1
10995,351949,teki,1482.4,1
10996,2667093,Zen | WesNile,1482.4,1
10997,5346891,D5 | Dabid,1482.4,1
10998,1370305,Flaring Aqua,1482.4,3
10999,3896098,Mykarm.,1482.4,1
11000,4483850,navE,1482.4,1
11001,2223960,weeniebagel,1482.4,1
11002,1411952,Dr. Death105,1482.4,1
11003,3642000,Phloppy Disk,1482.4,1
11004,221493,UGS | Havard,1482.4,1
11005,2379012,insertname,1482.4,1
11006,760511,Lamp Oil,1482.4,1
11007,5225444,Folpackiles -1,1482.4,1
11008,1451404,Ted,1482.4,1
11009,3630972,ぶらいと,1482.4,1
11010,341917,SSC | aReEeNeN,1482.4,1
11011,2860709,amyuki,1482.4,1
11012,157616,AKG | gaze,1482.4,1
11013,3919355,Flavor,1482.4,1
11014,1098687,NP | Lamp,1482.4,1
11015,148465,freaky | Madera,1482.4,1
11016,126363,Jet Hoss,1482.4,1
11017,4565547,GR | Parmasean,1482.4,2
11018,1427940,Aqua | Dahyyun,1482.4,1
11019,1067091,Synthetic Beans,1482.4,1
11020,4658162,mohle,1482.4,4
11021,812100,StuffyLeopard,1482.4,1
11022,5515458,OnlineMilk22,1482.4,1
11023,2162531,Limb0,1482.4,1
11024,4562493,diplomaman,1482.4,1
11025,1449475,Inaba,1482.4,1
11026,3625142,CG | BBQcarnage,1482.3,1
11027,3821956,Benja,1482.3,1
11028,5258908,MrKaBoom,1482.3,1
11029,581568,albi / FatherPlum,1482.3,1
11030,4897431,MrK,1482.3,1
11031,1213226,Max Ruby,1482.3,3
11032,4450479,Arlo,1482.3,1
11033,1212419,AIRBORNE,1482.3,3
11034,5300791,lasheena,1482.3,1
11035,5471439,wurrm,1482.3,1
11036,2653112,Forresth,1482.3,1
11037,2160546,OCO | Cal,1482.3,2
11038,3684353,Corn | Corneilus Fuzzyboots,1482.3,1
11039,2267371,MCG | Zachimney,1482.3,1
11040,2338720,Chooch,1482.3,17
11041,1572203,UHS | TheRealJ.B,1482.3,4
11042,339820,ST | Wanted,1482.3,1
11043,2939717,CheebZurger,1482.3,1
11044,2401757,CU | casa della mozzarella,1482.3,9
11045,2433452,Neb,1482.3,1
11046,1422943,NP | Vangi,1482.3,1
11047,907269,VRtual | Huey_Yoshikage,1482.3,1
11048,1067648,DWMA | albarn,1482.3,1
11049,4436541,MAF1A,1482.3,1
11050,1125764,Gum cuzzler,1482.3,6
11051,1342933,The World,1482.3,1
11052,981674,12G | Habibi,1482.3,3
11053,3011109,KUSC | がんめん,1482.3,2
11054,2098154,OPE | Temp Seal,1482.2,3
11055,2971560,Mercury2C,1482.2,1
11056,2362062,ESG | JAYDASH,1482.2,1
11057,4485008,Joeyawesome120,1482.2,1
11058,2028192,Gamer gyal | Justineeweenie,1482.2,1
11059,3777410,FGCGrinch / MrDaringDapper,1482.2,1
11060,1034358,NP | LCD,1482.2,3
11061,3676371,TS | ByFabri457,1482.2,1
11062,1060133,TC | Tarsh,1482.2,1
11063,3932235,ness,1482.2,1
11064,1634391,Tamus / MudJam,1482.2,1
11065,5256581,aelo.plays,1482.2,1
11066,4955721,Pch,1482.2,1
11067,2907737,TV! | GrapeJamSwisher,1482.2,1
11068,4328619,Artiyi | RTG,1482.2,3
11069,3267981,alaz,1482.2,1
11070,4966232,UnrealOG,1482.2,1
11071,1367074,Velocity24,1482.2,4
11072,4864414,pk.phoenix,1482.2,1
11073,4656654,CHS | Void,1482.2,1
11074,3616063,RU | うぇんと,1482.2,1
11075,3619992,Dr_MaxD,1482.2,1
11076,4531110,yenelikethat,1482.2,1
11077,4295814,MTG | Freewave,1482.2,1
11078,2913281,UNC Asheville,1482.2,1
11079,4436536,ballington,1482.2,1
11080,1443916,Bdenz,1482.2,1
11081,4774156,mrex,1482.2,1
11082,2039243,iLPG | Champagne,1482.2,2
11083,4223984,yoowassup,1482.2,1
11084,4322191,Dragonite2,1482.2,1
11085,3983067,George,1482.2,1
11086,752837,Bomb Squad NYC | [A] Tortoise Knight,1482.2,9
11087,44478,Willy P,1482.2,1
11088,490956,Jboss,1482.1,10
11089,3069144,RW | | Himzoo,1482.1,11
11090,2284972,CBK,1482.1,2
11091,242678,Irrefutable Node,1482.1,1
11092,2902760,ilDPli,1482.1,1
11093,608416,Sir Nose,1482.1,1
11094,4232573,Synvy,1482.1,1
11095,2625948,ShiroMiku,1482.1,1
11096,1743964,8L8 | Lunar!,1482.1,1
11097,874212,Milky Ounces,1482.1,1
11098,1129623,OG | Milo,1482.1,2
11099,5497552,Patrick M,1482.1,1
11100,5172445,shadowc0re,1482.1,1
11101,1835714,CX | croosie,1482.1,5
11102,1287516,superturtle71,1482.1,2
11103,4609624,Swicked,1482.1,1
11104,2011068,Kaiser,1482.1,1
11105,3864487,DT | Blobkins,1482.1,1
11106,2158995,HTC | Danila,1482.1,3
11107,2224182,Booqefius / NELSON (ネルソン),1482.1,3
11108,4099727,Gozer,1482.1,1
11109,1094064,Poke,1482.1,1
11110,3096941,Neilkhepri,1482.1,1
11111,5153260,Usul Stilgar Naib,1482.1,1
11112,5491002,tomahawk0311,1482.1,3
11113,2483379,yes,1482.1,1
11114,5323299,LUCAS MFING SWAGHETTI,1482.1,1
11115,4450699,DJSkull,1482.1,1
11116,2005803,HLT | Colemak,1482.1,1
11117,2731888,Cartoon,1482.1,1
11118,4348732,Peechu,1482.1,1
11119,5190791,ramen,1482.1,1
11120,3161056,DMP | Dex<3,1482.1,2
11121,718016,Irving,1482.1,1
11122,2708842,LuiGames8,1482.1,1
11123,5336860,BAN | Robeezy703,1482.1,1
11124,2725788,Cyberkevh912,1482.1,1
11125,5288227,Jordan,1482.1,1
11126,1230979,WKZ| | Beastmode,1482.1,1
11127,3967228,CLB | ExoStormer22,1482.1,1
11128,4913602,Lotuskeep,1482.1,1
11129,1451818,Jeggy,1482.1,1
11130,3166073,Zhriss / xJizmo,1482.1,1
11131,4485011,LouiZaza,1482.1,1
11132,5384435,Sleepy,1482.1,1
11133,3589187,TGD | Kigh,1482.0,1
11134,1076505,Fitsi,1482.0,2
11135,1441138,CB | Ender Glory,1482.0,1
11136,1467702,Kay,1482.0,1
11137,3484017,GreekFire,1482.0,2
11138,5168345,Caleb | gamer01,1482.0,1
11139,1322748,Xplosive Oaks,1482.0,1
11140,160268,JAYDASH / Vile,1482.0,1
11141,2936855,DissRuption / Novl.,1482.0,1
11142,3655888,RISINGxFALLEN,1482.0,1
11143,1384980,VM | Stardust_Omega,1482.0,1
11144,2156080,Voxel,1482.0,1
11145,268523,Skittles,1482.0,1
11146,4899110,J4TG,1482.0,1
11147,1047476,Req / w3edrat,1482.0,2
11148,2717050,POW | ØWL | DarkLion,1482.0,2
11149,329522,thebeardydragon,1482.0,1
11150,244599,ahfc | poma,1482.0,1
11151,504473,NateDoge,1482.0,1
11152,540978,Mana,1482.0,1
11153,3128331,Dwindling,1482.0,1
11154,5393228,evan,1482.0,1
11155,4760017,Phaze | Some Guy,1482.0,1
11156,2710163,SirDoucheBag,1482.0,1
11157,3308397,Recount,1482.0,1
11158,5481915,Icarus,1482.0,1
11159,4654961,NataZz,1482.0,1
11160,131174,Scarlet,1482.0,1
11161,50742,Life Is Arbitrary,1482.0,1
11162,5218011,German,1482.0,1
11163,1964627,Javier Long Nuts,1482.0,1
11164,1513459,Seikatsu | TinyTea,1482.0,4
11165,2392722,Brandeis Bootlickers,1482.0,1
11166,5317237,UC | Carlos,1482.0,1
11167,1363238,ch8ckey,1482.0,3
11168,3444004,FD,1481.9,2
11169,1802274,Yort,1481.9,1
11170,1290322,Vinculouz,1481.9,1
11171,1895634,MP/BH | JotaDe,1481.9,1
11172,1930959,Garb,1481.9,2
11173,2357096,AllState Guy,1481.9,1
11174,5254621,Zatch,1481.9,1
11175,5416684,ぱか,1481.9,1
11176,4979879,607 | Sue,1481.9,3
11177,885529,Quarters,1481.9,1
11178,3572900,Hamlet,1481.9,1
11179,1538012,MANONDORF,1481.9,1
11180,1784881,DPU | Turbow,1481.9,1
11181,970260,NapkinsMD,1481.9,1
11182,3332725,Grey_fox,1481.9,3
11183,4458577,Themisterolo,1481.9,1
11184,1639898,Wrench,1481.9,5
11185,4448209,SM | Saint_Milkman,1481.9,1
11186,721347,Sirius,1481.9,2
11187,987178,Nicing,1481.9,1
11188,3557131,HTC | Hideo Michael Kojima,1481.9,2
11189,891171,Lucy the Lamia,1481.9,1
11190,1989652,KUSIDREAM,1481.9,7
11191,642364,AMiniassassin,1481.9,1
11192,2796914,Mimayon,1481.9,1
11193,1787848,Vince | big-bang1_jr,1481.8,1
11194,1727304,Shawarma,1481.8,7
11195,4370591,Swan,1481.8,1
11196,49366,Kezzup / Exposed,1481.8,1
11197,3184811,One Way. | Mateo ! SJ,1481.8,1
11198,1587006,FlippedUpsideDown,1481.8,1
11199,1214695,SentPain,1481.8,1
11200,4960884,Gos_Of_Skill | GOS,1481.8,1
11201,55138,Kobe,1481.8,3
11202,4755126,SMO | Corvo,1481.8,1
11203,329422,WAR | IllusioN,1481.8,2
11204,2688614,Gimmicks,1481.8,1
11205,5340959,BoBB,1481.8,1
11206,1189830,ShokioZone | Mr10acity,1481.8,1
11207,3465710,BM | Shusui,1481.8,1
11208,948260,core_nation,1481.8,1
11209,2911538,King of Sting,1481.8,1
11210,990881,[Amon],1481.8,2
11211,4479343,RandyBoyJr,1481.8,1
11212,853589,AlteredBeast / NICKTENDO64,1481.8,1
11213,3058710,Gyroman.exe,1481.8,1
11214,2935350,Shmoneyman,1481.8,1
11215,2092517,Reeks,1481.8,1
11216,4136640,JMTG,1481.8,2
11217,2758310,ShineSpike,1481.8,1
11218,5263561,rpdfuego,1481.8,1
11219,5393196,sinema,1481.8,1
11220,2075369,BT | Blue_Flash4,1481.8,1
11221,157247,GT | Rude,1481.8,3
11222,1353827,JohnnyPants,1481.8,3
11223,4109077,Player 2,1481.8,2
11224,4385201,BRISK,1481.8,3
11225,1105705,PARACHUTEpomniWARHELMET9,1481.8,2
11226,2416540,gimmiK,1481.8,1
11227,2471527,MikeyGuy,1481.8,1
11228,7798,Treetrunks,1481.8,2
11229,1442945,Yuri,1481.8,1
11230,4726479,Grim..,1481.8,1
11231,2289462,casey,1481.8,1
11232,1360018,SeVeR,1481.7,1
11233,1083688,Soju Soulja,1481.7,1
11234,1074137,Feblex,1481.7,1
11235,2746240,Sugondeez | Kob,1481.7,2
11236,1687900,Bray,1481.7,3
11237,5244345,Dark Knight,1481.7,1
11238,838764,duke,1481.7,1
11239,3747330,Rdup222,1481.7,2
11240,3651347,FullBox/200 | AfroPunk Ky,1481.7,2
11241,4126415,DA MASKED KUSKO,1481.7,1
11242,12642,Asa,1481.7,1
11243,1262839,RainPut,1481.7,1
11244,4373497,Camponator,1481.7,1
11245,1199022,Parkourr,1481.7,1
11246,1667673,Bipolar Bear,1481.7,2
11247,1894469,TH | |havoc,1481.7,1
11248,2638577,IDk,1481.7,1
11249,981252,CC | Sotomon,1481.7,1
11250,3987288,Shell2005,1481.7,4
11251,4426490,u swear,1481.7,1
11252,2042873,bboy,1481.7,1
11253,657127,Kilo,1481.7,1
11254,2299692,GMAX,1481.7,2
11255,2020616,Druuber,1481.7,1
11256,770435,Adamantoise,1481.7,1
11257,413696,CyanoticSENKU,1481.7,1
11258,2952534,Yela,1481.7,1
11259,444252,Lightning papi,1481.7,1
11260,3806553,IceM,1481.7,1
11261,2465157,PolyAmory<3 | Mk,1481.7,1
11262,4513124,Oblivion,1481.7,1
11263,1113764,MyGuy / CheeseBread,1481.7,1
11264,3289323,CRTHG | Space Food,1481.7,1
11265,691698,W Gang | K.I.C,1481.7,1
11266,54749,guap,1481.7,3
11267,993723,Prefix | Inhibitedisland,1481.7,1
11268,2218407,NTC | BIGMEAT24,1481.7,1
11269,3791380,Bailadoxical,1481.7,1
11270,4043755,Roderick,1481.6,1
11271,5463198,Zuckundeez,1481.6,4
11272,4972285,Flowerkraut,1481.6,1
11273,1660117,RizzyLeul,1481.6,1
11274,1910680,Azalea,1481.6,1
11275,4467761,Newpichu,1481.6,2
11276,1706812,Abdo,1481.6,1
11277,4948202,ECU | Zenith,1481.6,1
11278,1796656,AmazingBilly99,1481.6,1
11279,2534720,CRAB | small funny,1481.6,1
11280,4719459,FC | Vidad,1481.6,1
11281,4332522,everydaygamer,1481.6,1
11282,1479245,ApophisXL,1481.6,5
11283,5475842,B.A.G | Elizzie,1481.6,1
11284,4856112,Saihito,1481.6,1
11285,4419954,chuggin piss,1481.6,1
11286,4450409,Daddy Bowser / Mlillo90,1481.6,1
11287,4175512,ChaoticNatsu,1481.6,1
11288,2976239,Stanster1247,1481.6,2
11289,30632,Bloodynite,1481.6,1
11290,4417269,てんさい,1481.6,1
11291,373753,PullUpSkrrrr,1481.6,1
11292,2735190,GLITCH,1481.6,1
11293,358381,WF | Drago,1481.6,1
11294,2481123,GODHAND,1481.6,1
11295,802618,FIU | Botan,1481.6,1
11296,460465,SamersonT,1481.6,1
11297,4217716,DragonPunch_623,1481.6,1
11298,41711,UNRANKED | Fat_Aime,1481.5,1
11299,1904636,Futurebubble / BalloonBoy / Marckiemoo,1481.5,2
11300,4959274,B BOI,1481.5,1
11301,158866,ChicagGhost,1481.5,1
11302,1039940,RubyRulez,1481.5,1
11303,1596623,Gate,1481.5,1
11304,4238196,Trujillo,1481.5,1
11305,2676136,OTU | Kirx2,1481.5,1
11306,1381029,Gotennn,1481.5,1
11307,1856237,Turbo | Rage,1481.5,1
11308,4223482,homie,1481.5,1
11309,3510383,ElDiablo | FazeSQ,1481.5,1
11310,3761364,Makavelo,1481.5,1
11311,5520081,Shaw,1481.5,1
11312,4939249,CAROUSEL | CREAK,1481.5,2
11313,5261228,Kayla,1481.5,1
11314,6839,Drephen,1481.5,2
11315,3071796,ON\OFF | keowing,1481.5,1
11316,1351232,IG | NJIT | Ortega,1481.5,1
11317,5213290,Bryito878,1481.5,2
11318,3024118,MadamMojito,1481.5,1
11319,1972073,ABT3 | whitechocolatewill,1481.5,1
11320,5052224,William,1481.5,1
11321,1271930,adam kopa,1481.5,3
11322,1671882,Hank,1481.5,1
11323,1648298,Chase,1481.5,3
11324,3821004,CdC | Jurooo,1481.5,1
11325,1141830,Welcome to (Paradise),1481.5,1
11326,426707,Thadamas,1481.5,1
11327,4759067,M4-Koishi,1481.4,1
11328,1796329,Doggers | Doggem,1481.4,1
11329,4777697,FSC | MoltenCinder,1481.4,1
11330,5498355,David_Savage | dsavage49,1481.4,1
11331,134470,CENA,1481.4,2
11332,2213536,Zappa4GGST | Emsti Nima,1481.4,1
11333,4511602,Mr. T,1481.4,1
11334,278275,GM SoulRock,1481.4,1
11335,2016149,NGF | Whaley,1481.4,5
11336,4334374,Big Szop,1481.4,1
11337,2828456,Entity,1481.4,1
11338,4840818,ArtZery,1481.4,1
11339,898565,STG | KingJoker,1481.4,1
11340,824204,BADDAN | Ensemble,1481.4,2
11341,2755727,Lavender,1481.4,1
11342,2557909,Hypr,1481.4,1
11343,19709,Old McJonald,1481.4,1
11344,2033102,TEQU,1481.4,4
11345,3371987,MrElijah02,1481.4,1
11346,2195268,riley | RileyBeans,1481.4,1
11347,5119007,Noksycle,1481.4,1
11348,1722565,MP | Day,1481.4,1
11349,4638424,sity,1481.4,1
11350,313170,Louch,1481.4,1
11351,50221,Pawnch,1481.4,1
11352,2144504,Sea Snail Stans,1481.4,1
11353,5146425,Ivan,1481.3,1
11354,2565212,HOT | Chimera,1481.3,1
11355,4969029,Cheese,1481.3,1
11356,2262955,UNH | Jollification,1481.3,1
11357,861063,bobandjim,1481.3,7
11358,1478578,bisasam,1481.3,12
11359,2915158,SEVA | Ranfo,1481.3,1
11360,13624,Toad King,1481.3,1
11361,3026055,Squadala!!!,1481.3,1
11362,5279274,strawberryjam,1481.3,1
11363,2142646,KSC | Sourdough,1481.3,2
11364,3586471,TriBailey,1481.3,2
11365,2677301,TypeSaucy,1481.3,1
11366,4155615,George,1481.3,2
11367,2983412,Rututu2111,1481.3,1
11368,658141,Imaginary,1481.3,1
11369,2283366,Mitosis Man,1481.3,1
11370,1096909,GUMP2 | Woz,1481.3,2
11371,1756189,Kraid,1481.3,2
11372,4536930,FU | YoloD.,1481.3,1
11373,5226010,sigh-b,1481.3,1
11374,2038148,Empirony,1481.3,2
11375,5303671,じしゃく,1481.3,1
11376,790171,GALVAN!,1481.3,1
11377,61787,~X~,1481.3,1
11378,67664,Inferno,1481.3,1
11379,3479325,DAG | Kellex,1481.2,2
11380,2012725,LUD / LW | Chuchu,1481.2,1
11381,978835,RPL | Marmotín,1481.2,1
11382,1381021,Salt,1481.2,1
11383,1541011,Oreos,1481.2,4
11384,698696,Absol XIII,1481.2,1
11385,3555091,Yottabyte,1481.2,1
11386,1387149,Darth Wampa / Hawx,1481.2,1
11387,4109255,Team Havok,1481.2,1
11388,4127031,UL | DankStep,1481.2,1
11389,69292,Woz,1481.2,1
11390,4826064,Wonderboy,1481.2,2
11391,3693691,AndrewAJT,1481.2,6
11392,3804224,ZAZA,1481.2,1
11393,5408620,JurassicAsher,1481.2,2
11394,4870146,idk | Gurugamish,1481.2,1
11395,3614913,Gobyoushi,1481.2,1
11396,916636,Citric,1481.2,1
11397,1188738,Sammy98,1481.2,1
11398,3789485,WOKE 2 | Zipponst,1481.2,11
11399,3695357,TheLazyGoon,1481.2,1
11400,3424511,ミジンコ,1481.2,1
11401,4486541,Mystic,1481.2,1
11402,4376421,TPIG,1481.2,1
11403,3803409,Cicatrix,1481.2,1
11404,2695877,Dark | Darkgamer,1481.1,1
11405,1009070,Ego | TAMU-C | Maple,1481.1,7
11406,148679,AlexNoah,1481.1,1
11407,3116647,yunglean2004,1481.1,1
11408,3864677,Acrux,1481.1,2
11409,5016737,Be4rman,1481.1,1
11410,1143105,Tufts,1481.1,3
11411,1998727,FIU | TOTO_PINK,1481.1,1
11412,2306851,Maximus,1481.1,1
11413,5308104,Patrick,1481.1,1
11414,3070392,Björken,1481.1,1
11415,5145334,Carpediem,1481.1,1
11416,2507857,CUAA | Rogue0,1481.1,1
11417,1198327,PitchingAce33,1481.1,2
11418,4502674,Quahogs,1481.1,1
11419,2477550,Meat Machine,1481.1,2
11420,1695597,Cadrega,1481.1,1
11421,4005126,Oracle | Prømise,1481.1,1
11422,1357376,N | Nova,1481.1,1
11423,819230,Willy P,1481.1,1
11424,3578407,ViA | Momo,1481.1,1
11425,4770156,invoicefriend,1481.1,1
11426,2514385,HK_Laxx,1481.1,1
11427,1239625,DingusKhan,1481.1,2
11428,3486684,George,1481.1,2
11429,4648595,Ryza-2K,1481.1,3
11430,1690038,dopAmine,1481.1,1
11431,4940031,Professor-E,1481.1,1
11432,5249090,Rulo,1481.1,2
11433,1704747,Haku,1481.1,1
11434,2156238,Sports?,1481.1,1
11435,4994980,kami,1481.1,1
11436,2204180,Noreen/OMG | IX Kaisa,1481.1,2
11437,3121740,noob,1481.1,1
11438,5323461,Ryan,1481.0,1
11439,1593922,HawtPawcket,1481.0,1
11440,3115776,Adjusters | Perry,1481.0,1
11441,37179,Phoenix,1481.0,2
11442,1333364,Dog | Donny,1481.0,1
11443,4208700,GGCT Archnemesis,1481.0,1
11444,4532490,Koozu,1481.0,3
11445,1709763,MICKEY | S.A.N.D.,1481.0,1
11446,5427267,:),1481.0,1
11447,1672816,Gobo,1481.0,1
11448,43268,Gen / G-Rain,1481.0,1
11449,4687474,thadd,1481.0,3
11450,2973565,PACOS,1481.0,1
11451,3160053,Eda,1481.0,1
11452,5165531,OKAY | THE BOY,1481.0,3
11453,1421838,SkyLexiFox,1481.0,1
11454,5267073,PooPooPeePee | Seabass,1481.0,1
11455,2639442,FairJordans,1481.0,2
11456,1713961,Ignatius :)))))))),1481.0,1
11457,1592904,Kenken,1481.0,2
11458,4183780,DC3 | JoyconJack,1481.0,1
11459,2055029,cicada,1481.0,1
11460,1775911,HERO,1481.0,3
11461,1655862,Blue,1481.0,1
11462,416407,Sled,1481.0,2
11463,705880,GGN | Casper,1481.0,1
11464,1661263,FusionDanceZ,1481.0,1
11465,172811,Pulse | Amity,1481.0,1
11466,4018587,TGOM | TurboRotary,1481.0,1
11467,986032,Calibration,1480.9,1
11468,2712672,MF Loo,1480.9,1
11469,22441,Bobo,1480.9,1
11470,4786741,LR | L3O,1480.9,6
11471,780625,Ortcelo,1480.9,1
11472,5510597,vitz,1480.9,1
11473,5226898,PomfPaw,1480.9,1
11474,1593309,Monika | Rocks,1480.9,2
11475,5349764,Mikep716,1480.9,1
11476,453809,Dougsauce,1480.9,1
11477,1536326,WiiMote,1480.9,1
11478,1020102,Hakuna Merkava,1480.9,1
11479,2776314,Beetle,1480.9,1
11480,5509084,Gavluigi10,1480.9,1
11481,1286604,Smad,1480.9,2
11482,1847381,ES | Gemini,1480.9,1
11483,5248046,RealDeal,1480.9,1
11484,4169987,Plestern,1480.9,1
11485,5055978,USV | MadCap,1480.9,1
11486,998302,CarVac,1480.9,3
11487,2153486,GabrielTH,1480.9,2
11488,2436632,flimbus,1480.9,1
11489,4619765,Zyxi,1480.9,1
11490,1129789,100T | Limt3d,1480.9,1
11491,2975970,TruthsFTB / flyingpanther,1480.8,1
11492,1622416,EricDJ,1480.8,1
11493,1661879,annieruok,1480.8,1
11494,2059096,PrincessJade,1480.8,1
11495,2593064,Bigestiron588,1480.8,1
11496,1972209,D00MENATIOR,1480.8,1
11497,3142143,KitoMori3404,1480.8,1
11498,1284535,Entendu,1480.8,1
11499,5145923,TMAndy,1480.8,1
11500,4313214,Trifecta,1480.8,2
11501,4940010,DarkAegis & Roric,1480.8,1
11502,322428,Fairess,1480.8,2
11503,5236338,P-CEP | WrathNier,1480.8,3
11504,5242182,charlie,1480.8,1
11505,29511,MV | Horse!,1480.8,1
11506,5201165,h00d,1480.8,1
11507,5493771,xXDemonAnnihilator420Xx,1480.8,2
11508,468918,RPS / Jazz,1480.8,1
11509,5476287,Ratfeller,1480.8,1
11510,48041,Slade,1480.8,2
11511,2969405,MFtoat | Illegal,1480.8,1
11512,780334,CaptainKrispy,1480.8,1
11513,3214221,WOKE 2 | SILLY | Lekong James,1480.8,3
11514,1503399,longshot,1480.8,1
11515,4620943,ZebraFang,1480.8,1
11516,3379168,ブロリーの | NisKuu,1480.8,1
11517,4109927,Pleasechris,1480.8,1
11518,5258906,Flip C,1480.8,1
11519,2064241,Blinded,1480.8,1
11520,5070028,PeacefulChip,1480.8,1
11521,253909,KumaDusk,1480.8,4
11522,4408947,Grub | Hub,1480.8,1
11523,2346031,Is_Lamoo | Lamoo,1480.8,1
11524,2160822,fed(us),1480.8,2
11525,5422308,Felipezu,1480.8,3
11526,4851716,HiFi | The Kaiden Show,1480.8,1
11527,3817812,2LATE,1480.8,1
11528,4805440,Charlemagne,1480.8,1
11529,137310,NPT | CS3 | Lacen,1480.8,1
11530,4235292,Silver / Ludicolo,1480.8,1
11531,4922478,dao,1480.7,1
11532,2200487,Raven / Creed,1480.7,2
11533,5132494,Kenny,1480.7,1
11534,3195070,Nate,1480.7,1
11535,2229091,EvilMeyers,1480.7,1
11536,3449915,B Team | BigDeripoFan23,1480.7,124
11537,1667233,BB | BigBoi,1480.7,1
11538,5462845,OtherPerson2348,1480.7,1
11539,2981252,WHOLE MILK,1480.7,2
11540,2447549,Hiro,1480.7,1
11541,3648798,RiRi,1480.7,1
11542,1039683,USC | SWERV,1480.7,6
11543,5002196,qmeliq,1480.7,1
11544,1025462,Fortin / Denis_Codeur,1480.7,1
11545,250838,Sky | Skydierf,1480.7,3
11546,3475249,FightRise | shogberg,1480.7,2
11547,2554069,BigH,1480.7,1
11548,5013576,7x8=56,1480.7,1
11549,4733679,Mercury,1480.7,1
11550,2559138,Halal Joker,1480.7,2
11551,4380669,Ender,1480.7,1
11552,1065790,Nz,1480.7,104
11553,46231,geg :),1480.7,4
11554,1183071,NR | Kaen,1480.7,2
11555,5214049,ITLA | Emil06,1480.7,1
11556,3590328,F.O.O.L | Gadrick,1480.7,1
11557,5123423,SCC | Victhor99,1480.7,1
11558,4934033,Chaotic,1480.7,1
11559,4127711,e13,1480.7,1
11560,5348413,J.nando,1480.7,1
11561,626955,HLS | WillFightYoKids,1480.7,1
11562,3740074,Ninth,1480.7,4
11563,4903593,Crocodile,1480.7,1
11564,28218,Skylit,1480.7,38
11565,1040633,KML | WM | SNick,1480.7,2
11566,1796649,Lagiakai,1480.7,14
11567,249741,VVV | pancit:D,1480.7,1
11568,986120,Spectre,1480.7,5
11569,2547434,wifi,1480.7,1
11570,4840980,JohnMario,1480.7,1
11571,1708257,Gamma,1480.7,2
11572,977182,thicc papi,1480.7,1
11573,1837703,Case | Fish-Fry,1480.7,1
11574,3352491,TCT / RKT | LionLynk,1480.7,1
11575,3998571,AWF | ØZ Xenon,1480.6,1
11576,1051018,Lancer677,1480.6,1
11577,3014312,LuRe,1480.6,1
11578,3024652,Dennis Carvalho,1480.6,3
11579,3415299,AV | Howl,1480.6,2
11580,4924209,BHS | WinningIsn'tForEveryone,1480.6,2
11581,1242205,Cameron M.,1480.6,1
11582,3951503,TUC|MR | Astromer,1480.6,2
11583,1584377,HLG | EL JANDO,1480.6,2
11584,1406711,Scar<3,1480.6,2
11585,2713520,toffee,1480.6,1
11586,2391566,Rinser,1480.6,1
11587,597292,Ringtext,1480.6,1
11588,3739944,DisbeBobby,1480.6,1
11589,1505578,top_man,1480.6,1
11590,4344223,BRC | Kyren?,1480.6,1
11591,5030722,Jepsiter,1480.6,1
11592,2690251,OTL | Loser,1480.6,8
11593,3629648,Minty,1480.6,1
11594,4299369,Oumi,1480.6,2
11595,1452267,0gold0,1480.6,1
11596,4216485,S.T.I.C | IBM,1480.6,2
11597,3017058,Michael Castro,1480.6,3
11598,5457059,bdknight,1480.6,2
11599,4228554,Plumage,1480.6,3
11600,4503174,Strange,1480.5,2
11601,496154,GoDMoDe,1480.5,1
11602,2084841,Free Agent SCS | TMC*^,1480.5,1
11603,1284724,Zelos,1480.5,1
11604,2762710,RooRoo,1480.5,2
11605,215280,LS | Dr. Miami,1480.5,4
11606,2412163,Sylvain,1480.5,2
11607,5143466,Mehtars,1480.5,1
11608,2030374,Toaster,1480.5,1
11609,1507541,CrookedMailman,1480.5,1
11610,4807433,いんがざらし,1480.5,1
11611,265022,VentoLivre,1480.5,1
11612,1227780,Qt,1480.5,1
11613,2363661,VIE | Coyote,1480.5,2
11614,4863466,Peenar | Luimadeit,1480.5,1
11615,28134,SF | DMD | DoubleC,1480.5,1
11616,5486516,Kyleg00d,1480.5,1
11617,4031526,Justins edits,1480.5,1
11618,3099686,Byleth simp,1480.5,3
11619,138012,Anorey / Stump,1480.5,1
11620,1530531,BearRun,1480.5,1
11621,4629646,ESS | Marsh3408,1480.5,1
11622,1500914,Ken 10,1480.5,1
11623,2959455,FSC | Solo,1480.4,1
11624,4380617,JayHero,1480.4,3
11625,4127894,Kujomon,1480.4,1
11626,4206170,MAG | themagig,1480.4,1
11627,3212682,LC | Papabrisk,1480.4,1
11628,5256225,Mr. Broseph,1480.4,1
11629,1212228,Venture,1480.4,3
11630,1588985,Skilled Roy,1480.4,2
11631,5145922,mr aug,1480.4,1
11632,1488410,GoTE/FIU | Bluray,1480.4,1
11633,5013669,dao,1480.4,1
11634,2909640,Aricco72,1480.4,2
11635,4618155,FrogyChair,1480.4,1
11636,1071423,Gumbie,1480.4,2
11637,2307527,Macadamianut,1480.4,1
11638,1849855,#TeamThomie | YuukiYuui,1480.4,1
11639,4940350,Hades,1480.4,1
11640,5481611,Greenbasrd,1480.4,1
11641,5481940,ZENI,1480.4,1
11642,5236494,Justgoose,1480.4,1
11643,1402983,Halo-Halo,1480.4,2
11644,1051063,boda,1480.4,1
11645,4145607,Maddox,1480.3,1
11646,5442176,Big Tits,1480.3,2
11647,5186328,Player 4,1480.3,1
11648,4943932,CravePizza,1480.3,2
11649,1313481,GGEZ | ButterCup,1480.3,1
11650,3305304,KU | KILINN,1480.3,2
11651,3698772,Lucky,1480.3,1
11652,3655710,dipshit larry,1480.3,11
11653,3121160,Slugma Males,1480.3,1
11654,2517985,Deltarune,1480.3,10
11655,336805,Jamal,1480.3,1
11656,1086319,Sass~E,1480.3,2
11657,5245736,Juan muzska,1480.3,1
11658,158298,Hollet / C-Sticks,1480.3,2
11659,718446,JUSTCHILDISH,1480.3,1
11660,2483347,TajMahal,1480.3,2
11661,2251943,HC | Esmyr,1480.3,1
11662,1812199,Flapsman,1480.3,1
11663,2264917,Mobley,1480.3,1
11664,3252385,4riedRic3,1480.2,1
11665,10269,Andross,1480.2,1
11666,1249968,El Bicho,1480.2,1
11667,5500442,agony,1480.2,1
11668,3746712,WTG | Tonic,1480.2,1
11669,2962076,DEICIDE,1480.2,1
11670,4545866,Simon | CIA X JFK,1480.2,1
11671,172286,Lazkap,1480.2,2
11672,435624,Ideal,1480.2,1
11673,61109,BCe | Moosh_Da_Moosh,1480.2,1
11674,3886703,Satoniou,1480.2,1
11675,1476065,pikey,1480.2,6
11676,2732048,KU JAX | Coach,1480.2,1
11677,4287822,Carlo Plucas,1480.2,2
11678,2322571,彗星の如く現れたスターの原石 | Hoshi すいちゃんは... 今日もかわいい!,1480.2,2
11679,1129419,PT,1480.2,1
11680,1670599,Hardware? | Jose_HoseB,1480.2,1
11681,4994582,TD | shudha,1480.2,1
11682,2560614,clem / Lucy,1480.2,1
11683,980853,jsolo,1480.2,2
11684,135246,Strong Army | Faelwyn,1480.2,1
11685,2837071,Fruit,1480.2,1
11686,1891289,Princess Crow,1480.2,1
11687,1304897,SoP | Latios,1480.2,1
11688,1722276,TIDE | Moe ඞ,1480.2,2
11689,5319284,Judhead,1480.2,1
11690,2263511,ツツ | Mudikyu,1480.2,1
11691,1715284,Alibi,1480.2,7
11692,3675570,Rad Pitt,1480.2,1
11693,5241813,Pink45 | Koi,1480.2,1
11694,5389197,RJ,1480.2,2
11695,1099459,B-Cab,1480.1,1
11696,851753,AT46,1480.1,1
11697,1013934,SoraTheWeeb,1480.1,1
11698,4664683,beef stew,1480.1,2
11699,2232029,SBU | Pineapples,1480.1,87
11700,4404429,Ginaz | Dreidle,1480.1,3
11701,5483347,Dummy 3,1480.1,1
11702,1835347,NT | Pi,1480.1,1
11703,3198014,zephyr,1480.1,3
11704,2022351,TTD | Auxillary,1480.1,4
11705,1601730,kogsatsu,1480.1,1
11706,2652814,Smashed,1480.1,1
11707,5222692,Raptor,1480.1,5
11708,1595166,CookieCripsOFC,1480.1,1
11709,2019461,isogod,1480.1,1
11710,1294572,MWA | umanz,1480.1,2
11711,4519738,jgrin,1480.1,1
11712,1589984,Gatsby,1480.1,2
11713,5319692,Tlaloc,1480.1,1
11714,4805570,Yungeifel,1480.1,1
11715,499395,Sarge,1480.1,1
11716,1286847,ME | Stinzy,1480.1,1
11717,1941930,Slanderous,1480.1,4
11718,1051129,gay,1480.1,1
11719,2999211,Lapis,1480.1,1
11720,56495,SBAB | Avocado,1480.1,1
11721,5426012,Cinosix,1480.1,1
11722,1706813,paulbunyan45208,1480.0,2
11723,3443623,Flare,1480.0,2
11724,2734142,Rasqii,1480.0,1
11725,1309708,HKSBC | imissu,1480.0,2
11726,1644072,Menace,1480.0,1
11727,4993361,Banjj,1480.0,1
11728,2545898,MBD,1480.0,2
11729,1043314,Takeshi,1480.0,1
11730,1104278,Steamed Yams,1480.0,1
11731,3662775,DEI | dizzyfan2187,1480.0,1
11732,1105647,Java,1480.0,1
11733,2483246,Qrow234,1480.0,1
11734,3156069,Nodayssoff,1480.0,1
11735,1959550,G.Cab,1480.0,2
11736,1445104,Chance,1480.0,1
11737,2528895,HeyThereVader,1480.0,1
11738,2689520,Sanosuke / Bam,1480.0,1
11739,5245235,Dullahan,1480.0,1
11740,2692828,KTTG,1480.0,1
11741,3801506,POOKIE | Ham Sandwich,1480.0,5
11742,3659561,Kaptain,1480.0,1
11743,4910197,Jay,1479.9,1
11744,5509370,Khronium,1479.9,2
11745,5435863,Rai,1479.9,1
11746,4629267,Rad,1479.9,2
11747,2155906,WafflesnCrepes,1479.9,1
11748,1968772,Isolet,1479.9,1
11749,3686845,Yogurtboy,1479.9,2
11750,5398727,Shabbadont45,1479.9,1
11751,1037570,SRC | Omits,1479.9,5
11752,4798008,hood certified | wheaties,1479.9,2
11753,5269595,BigDC,1479.9,1
11754,2491088,Team Can’t Swim,1479.9,1
11755,4024082,DPU | StarStrux,1479.9,1
11756,1262382,Bloom | Haroff,1479.9,3
11757,5191712,Abritten,1479.9,1
11758,3125361,ChillyWillie,1479.9,1
11759,1507423,THC | WO! | RandyMayCrazy,1479.9,3
11760,4563117,Nukez,1479.9,1
11761,1243961,PeerPressure | Iristari,1479.9,1
11762,3903890,FBI | MaouSilver,1479.9,2
11763,3021157,SpiggitySpoo,1479.9,1
11764,1454375,Bats,1479.9,1
11765,3931740,LV Pride 94,1479.9,1
11766,2973766,DragonThrow,1479.9,1
11767,251809,BOAT / Vendetta,1479.8,4
11768,4640022,Untrue,1479.8,2
11769,4617288,asder,1479.8,1
11770,4969111,tides,1479.8,1
11771,5196735,Skill Issue | CheckWiiOutNess,1479.8,1
11772,5461787,YOSUKE FIT,1479.8,1
11773,269190,RageCage / Stark,1479.8,1
11774,2697693,Thorns,1479.8,1
11775,5013424,Dookie,1479.8,1
11776,5365686,kennymeboi,1479.8,1
11777,4827926,SOL | S_CMatt,1479.8,1
11778,4362794,Fonz,1479.8,1
11779,2514214,Egg | Soft-Boiled,1479.8,1
11780,1164758,Neon Dreams | Peeps,1479.8,1
11781,52031,Mayt,1479.8,1
11782,2152091,D4nkey,1479.8,2
11783,3756551,spaced_seed,1479.8,1
11784,4994903,icracklover,1479.8,1
11785,2052509,Rohnathan,1479.8,1
11786,5469254,EX Beat,1479.8,2
11787,4651542,Swagboi21,1479.7,1
11788,5294738,BYe,1479.7,1
11789,5065788,Ijn52,1479.7,1
11790,5266436,Vladicuervo,1479.7,1
11791,5135890,ShulkStar89,1479.7,1
11792,1139807,DakuSky,1479.7,2
11793,5532435,Halo Biltz,1479.7,1
11794,1309364,Kooks,1479.7,1
11795,3615538,MASH | The208studio,1479.7,1
11796,1689774,fuckboiiii,1479.7,1
11797,5463430,5Ds | Anx,1479.7,1
11798,5207681,CVU | Bread,1479.7,1
11799,2570948,Mike,1479.7,2
11800,1083679,ALUC,1479.7,2
11801,4441890,SaturnSN,1479.7,1
11802,1212394,Casino | ANTSAM,1479.7,1
11803,546176,IMP | Polar,1479.7,1
11804,1782821,Pulk,1479.7,1
11805,3293966,Sandzan,1479.7,1
11806,5389342,Bazookagreg,1479.7,2
11807,3924721,NO DELAY MOD | Jibby,1479.7,2
11808,2659799,gio,1479.7,2
11809,5299435,KVN,1479.6,1
11810,3681126,RU | shai,1479.6,1
11811,2956879,Yeet (God),1479.6,1
11812,1279076,UCLA | Jarhead,1479.6,2
11813,1407536,FSG | The Golden Sorte,1479.6,1
11814,1377843,Council | Frad Hopne,1479.6,2
11815,831301,PokeGar,1479.6,1
11816,1831934,Mattcha,1479.6,2
11817,1570459,lenny,1479.6,1
11818,1312553,myhdra,1479.6,6
11819,683219,Burger King | Crimmin,1479.6,3
11820,1111313,dig,1479.6,2
11821,2196831,cmeonline,1479.6,208
11822,450353,Smooth,1479.6,6
11823,3155337,T-T | DendeGod,1479.6,1
11824,4927588,McWubbz,1479.6,1
11825,1386933,hailey,1479.6,1
11826,4747950,Sadistic Pillow,1479.6,1
11827,2791464,franiss,1479.6,1
11828,2457631,Erwin,1479.6,1
11829,4152163,Rainbow Monkey | Champish,1479.6,3
11830,5342936,Phoenix.,1479.6,1
11831,3599637,iNotPyro,1479.6,1
11832,516197,GTH | Skunkle,1479.6,92
11833,1050853,russain,1479.6,1
11834,1284243,SCG|Maidenless | Dazai,1479.6,1
11835,1183884,A | Darkrai,1479.6,1
11836,3131353,NYLove,1479.5,1
11837,3645381,dr perky,1479.5,9
11838,3672706,Honey | Magtix,1479.5,1
11839,5448134,Vibin',1479.5,8
11840,1813391,Moon,1479.5,2
11841,2057246,VC | Nizmo,1479.5,1
11842,4946,djang0,1479.5,3
11843,4742642,RamdYsan,1479.5,1
11844,1091411,IHL,1479.5,156
11845,4105474,RSC | Kirvin,1479.5,1
11846,2434015,jimena,1479.5,2
11847,4693325,PoseidonsPoet,1479.5,1
11848,2938462,Team Bois | TheGreatTrambino,1479.5,1
11849,702928,George,1479.5,1
11850,3229837,Vibin,1479.5,2
11851,411187,GRAvITy,1479.5,7
11852,3650709,Amorgos,1479.5,2
11853,132627,Farko,1479.5,1
11854,1678130,muffin,1479.5,2
11855,3603956,AWF/MW/RSC | Tsukiyomi,1479.5,1
11856,1287565,Deaf,1479.5,2
11857,5225623,napalm dust,1479.5,1
11858,4267910,Victencio39,1479.5,1
11859,2296737,Regular Duck,1479.4,2
11860,5521254,Adrii,1479.4,1
11861,2518663,Starlow,1479.4,2
11862,4302917,MM | Yoted,1479.4,2
11863,3017542,Howie Dewin,1479.4,1
11864,2051873,LifeStream,1479.4,1
11865,3904700,Megahikari,1479.4,2
11866,2156554,Eggyolkio,1479.4,2
11867,2692890,Xenobladelink,1479.4,1
11868,2700784,SpamU,1479.4,1
11869,3661030,Post | ChaosPigeon64,1479.4,1
11870,2545576,PTH | Amamiya,1479.4,1
11871,3915846,WOODY,1479.4,1
11872,2340170,Mickey | Heartbreaker556,1479.4,3
11873,44708,tktk | DevvyStar,1479.4,2
11874,2384762,Itsmemosdios,1479.3,1
11875,3378222,GreenWarrior291,1479.3,1
11876,2332045,M4nC0mB0$<(l-l)>,1479.3,1
11877,64981,Chocolate,1479.3,1
11878,4105041,Lucy Hamilton,1479.3,1
11879,1447483,Puffthebest,1479.3,1
11880,3988917,MysteriousPeople,1479.3,1
11881,1542022,P0d ki113r,1479.3,2
11882,1009184,Glace,1479.3,1
11883,1313326,Viviko,1479.3,1
11884,11787,NGUN,1479.3,1
11885,2604285,Niteowl11611,1479.3,1
11886,3415599,RUSHAWK,1479.3,1
11887,1671816,heat_surge,1479.3,3
11888,1514938,UDC | TBMJ,1479.3,2
11889,261116,ChuWii,1479.3,1
11890,627492,Envoy,1479.3,2
11891,4870078,VRT | lakia,1479.3,2
11892,5166305,ELMAPO,1479.3,1
11893,4380686,wydrah,1479.3,1
11894,4717075,Odysseus,1479.3,1
11895,1788735,Pk| | Mike.mezzy,1479.3,1
11896,5461596,Lil_Shroom,1479.3,1
11897,5509468,Nate,1479.3,2
11898,1375339,Sansmyman,1479.3,4
11899,44406,Cash12121,1479.3,1
11900,1091080,MCWizard,1479.3,6
11901,1488659,byler,1479.2,2
11902,3293380,Gamez.Png,1479.2,6
11903,5506071,Cool man 13 | Coolman 13,1479.2,2
11904,2144733,Quarter,1479.2,1
11905,5502403,BIGBOSS786,1479.2,1
11906,2996278,TwintyTwinTwinTTV,1479.2,1
11907,1409165,Slasher,1479.2,2
11908,2122850,Daifuku,1479.2,1
11909,496109,HARPERMVP203,1479.2,2
11910,1261655,Gum Cuzzler,1479.2,3
11911,2120456,ItsPronouncedAshTin,1479.2,2
11912,3505961,badnachobb | badnachobb,1479.2,1
11913,2440000,CU | Soken,1479.2,1
11914,3384296,Luna,1479.2,5
11915,2255773,Figh,1479.2,1
11916,396023,LtDan,1479.2,1
11917,4833140,<3 STL | Cdawgo,1479.1,2
11918,37116,"GUG | Matt, Vegas",1479.1,1
11919,2466271,Bubba Senpai,1479.1,1
11920,3483470,5 Kägë,1479.1,1
11921,2389275,WASD | Yuri Ark,1479.1,2
11922,1857998,Slash,1479.1,1
11923,3640414,WilSports | MickeyLeo69,1479.1,1
11924,1309978,X,1479.1,1
11925,405682,Zarek,1479.1,2
11926,2345286,Professor,1479.1,1
11927,5250055,rtm | mimi,1479.1,1
11928,1594720,HC | Random,1479.1,1
11929,1701726,SMV | YOYO4EVA | Yoyo,1479.1,4
11930,530408,Kaxemer,1479.1,1
11931,5147669,Pocket,1479.1,1
11932,224062,Nick,1479.1,2
11933,1645128,Mothman,1479.1,1
11934,5501430,FancyName,1479.1,1
11935,1047939,CDMJ,1479.1,3
11936,2878532,Nighlok,1479.1,1
11937,5283173,Darimbus,1479.0,1
11938,4637817,SWR | Enriquethepigeon,1479.0,2
11939,5499600,ColorZ,1479.0,1
11940,231776,Krajako,1479.0,2
11941,2448935,Yucko,1479.0,1
11942,5313274,4Freddy! | RNGKari,1479.0,2
11943,5098261,MixTor,1479.0,1
11944,5330057,AllDogzGoToHeaven,1479.0,1
11945,4105101,Stellar | Soul,1479.0,1
11946,1308508,Teej,1479.0,1
11947,3883572,frosty,1479.0,2
11948,2653843,yung farquuad / Peregrine,1479.0,2
11949,1411938,russell,1479.0,1
11950,1714929,Sway,1479.0,1
11951,4317745,Vaskro,1479.0,1
11952,1727874,Nightmares | LGBT Youth,1479.0,1
11953,2146995,WSU | LemonKW!,1479.0,2
11954,984765,IPG | 49 Zohran Mamdanis,1479.0,2
11955,143276,JC_DOOM,1479.0,1
11956,1064010,12thMEATMEOWSF | Hidro,1479.0,2
11957,3613036,Llammaface,1479.0,1
11958,2097942,CSUS | Threats,1478.9,1
11959,1821041,Juiced | Jfj3,1478.9,1
11960,849496,Arc | Some_Cat,1478.9,1
11961,4406978,SHS | Glub,1478.9,1
11962,2544028,Dexend,1478.9,1
11963,3289322,NT / RS | DoryanXS,1478.9,1
11964,2181020,Tr4sh | Red4Rage,1478.9,1
11965,3532832,SandyFRKNSkullz,1478.9,2
11966,1895714,redbird,1478.9,1
11967,5265395,Dranster,1478.9,3
11968,1802625,Lord Pent,1478.9,1
11969,4399000,Sr.Astur,1478.9,1
11970,5302972,ruse,1478.9,1
11971,2153975,Justin esports | KunkyFong,1478.9,1
11972,2690731,Drizzy | DomTheProfit,1478.9,1
11973,1093920,Jell0,1478.9,1
11974,663524,xDCx | PandaMx,1478.9,1
11975,2263356,Hudson,1478.9,1
11976,1340822,Jusst_Jesse,1478.8,2
11977,2579365,ogs,1478.8,1
11978,3114442,Prof. Goose,1478.8,1
11979,2811030,LuminaryEnds,1478.8,2
11980,5146426,BCR Reaper,1478.8,1
11981,3233880,SteezySteve,1478.8,1
11982,4409678,ERyze,1478.8,1
11983,714893,Sigma | 1%Milk,1478.8,4
11984,3599647,DriftySaber,1478.8,2
11985,4533551,Natu,1478.8,1
11986,593563,LVL1Newb,1478.8,1
11987,2374891,Naz,1478.8,1
11988,764569,Michel,1478.8,1
11989,5487474,Tyrfing,1478.8,3
11990,2961754,HRT | Ventis,1478.8,1
11991,3782118,Endonaut,1478.7,1
11992,1956175,Mlepclaynos,1478.7,1
11993,5016255,Zeón,1478.7,1
11994,5496193,SOYSONIKO,1478.7,1
11995,49549,Jimmychanga,1478.7,1
11996,3450770,UMF | Muscles Marinara,1478.7,1
11997,3628691,R.R.A.C.Player,1478.7,1
11998,3899623,Hazel,1478.7,2
11999,1081643,UCI | Glowstick,1478.7,3
12000,1444433,Guts,1478.7,3
12001,4906786,Voorhees,1478.7,7
12002,3090210,Trans Rites PW | Third Rate,1478.6,1
12003,3058812,KY | Kirbyer,1478.6,1
12004,5173844,Masq Maskera,1478.6,1
12005,5351166,aurelius,1478.6,1
12006,1304721,IrateKevin,1478.6,4
12007,3892624,UG-MAN,1478.6,2
12008,2264643,Xonic,1478.6,2
12009,2201016,Ritual,1478.6,1
12010,1332554,3Gi | Jake the Snake,1478.6,1
12011,1627657,Ish,1478.6,2
12012,607268,STG | Rambler,1478.6,2
12013,250187,ALX R,1478.6,2
12014,5353507,OK | Idree,1478.6,2
12015,619220,waifuSZN,1478.6,1
12016,2972185,Chungus,1478.6,1
12017,2653439,The SD King,1478.6,1
12018,1423769,jeggy,1478.6,1
12019,2315655,DaddyJ,1478.6,4
12020,4155851,Pineapple,1478.6,2
12021,4383143,TUC|PB | Pikosito,1478.6,4
12022,4906787,Gmx,1478.6,7
12023,1646347,Monihalla / SweatyMeat,1478.6,2
12024,3325179,Gapi,1478.5,1
12025,2927175,HeyZeus,1478.5,1
12026,4137301,LCE | Pachito,1478.5,2
12027,1067315,Flapjack,1478.5,1
12028,4619710,Maxwell,1478.5,1
12029,4729203,Reforger | Pix.L,1478.5,1
12030,4583641,XZ/BK/ECW | Diegoseventeen,1478.5,2
12031,2060668,CRONIK | BlueCario,1478.5,1
12032,1412036,Ramen Bomber,1478.5,1
12033,212553,Lankles,1478.5,2
12034,2600818,WelpItsJustEric,1478.5,1
12035,4081172,AJAX,1478.5,1
12036,2079531,TamerDJ,1478.5,1
12037,5430305,UnicornRainbowSprinklBoy,1478.5,3
12038,1267354,Hario,1478.5,1
12039,3356813,Dynamike,1478.5,4
12040,819374,Microsoft | Amirthegoat,1478.5,1
12041,3870660,Sweeney,1478.5,1
12042,1679029,coolamp,1478.4,2
12043,3295750,KurtBlowBrains,1478.4,1
12044,2775754,599,1478.4,1
12045,4197922,Made in China,1478.4,1
12046,3051945,HANsquad,1478.4,1
12047,3857154,FORTNITE,1478.4,3
12048,5300462,SevenTure,1478.4,1
12049,538881,morrocoYo,1478.4,2
12050,1474257,Momo,1478.4,1
12051,2921888,rattrap1357,1478.4,1
12052,5472982,Pews X,1478.4,1
12053,5256584,Comatoad,1478.4,1
12054,2462541,QU | Rφse,1478.4,3
12055,907138,CFF | Karma,1478.4,4
12056,2150969,Wimble,1478.4,1
12057,4961532,Boogel591,1478.4,1
12058,1837506,Brobo,1478.4,1
12059,2141952,Frosted Flakes Man,1478.4,1
12060,5529060,Connie<3,1478.3,1
12061,3216957,NT | ÑFC | Darka,1478.3,1
12062,32315,BB | Henshin,1478.3,1
12063,2308190,XXT | meno77,1478.3,1
12064,3557139,SEU | LaserXL,1478.3,4
12065,4614484,YeetGod,1478.3,2
12066,1170045,SENTRY | V,1478.3,8
12067,1788685,EVC | Potter,1478.3,2
12068,1295284,HONOR | TwinKnight,1478.3,3
12069,1525027,VχD | ECHRO,1478.2,108
12070,1736706,jordan,1478.2,1
12071,983829,Exkalibur,1478.2,20
12072,2429007,GWU | Eleazerg,1478.2,1
12073,1300866,Krosluck,1478.2,1
12074,4789026,RTM | somdomho,1478.2,1
12075,1247396,Stormbraker,1478.2,1
12076,4005653,MOHAMMED GHANDI,1478.2,1
12077,5475901,Snail,1478.2,1
12078,5415807,vJash,1478.2,1
12079,178349,ShiNe,1478.2,8
12080,4865985,CypherTanuki,1478.2,6
12081,1952510,Bigblack,1478.2,2
12082,5056426,Tenebrium,1478.2,2
12083,2747115,roropoke,1478.2,1
12084,4337784,MOB | Rap,1478.2,2
12085,5291695,SLU | HisBrother,1478.2,2
12086,4094570,TheManBoy37,1478.2,1
12087,1046471,Usagi,1478.2,1
12088,1861563,vesl,1478.2,2
12089,5370859,Jestintime,1478.2,1
12090,4975901,Kuro,1478.2,1
12091,139430,GMBL | EVIL | Omega Raider,1478.2,2
12092,3457369,MattGames,1478.2,1
12093,2322121,Royal Smash | TheMike,1478.2,4
12094,5180002,dao,1478.1,1
12095,4861719,$Hunter,1478.1,2
12096,2609565,JASON,1478.1,2
12097,2286988,leadingluminary,1478.1,2
12098,1846533,XCL | _chepe_,1478.1,1
12099,1166118,NP RBz | meiwaku,1478.1,3
12100,524635,Jay Are,1478.1,1
12101,2872056,Chalphy | Torrent,1478.1,1
12102,2750603,raresushi,1478.1,2
12103,1461859,Kryptonite,1478.1,1
12104,1727718,MM | | Parra,1478.1,2
12105,4617600,Surgent,1478.1,1
12106,1256573,Butterdog,1478.1,6
12107,2874360,NSG | Mr tot,1478.1,2
12108,406791,SiLeNtX,1478.1,2
12109,5205472,Six Seven,1478.1,1
12110,5479500,Country,1478.1,2
12111,5463941,Mike,1478.1,1
12112,1104858,Zzzz | Astrum,1478.0,3
12113,4783977,Sose,1478.0,1
12114,2062951,AAAAAAAAAAAAAAAAAAAAAAAAAAAAAAAAAAAAAAAAAAAAAAAAAA,1478.0,1
12115,688313,ENC | Merrosextius,1478.0,1
12116,1173030,HoM | SKY | Gogetta,1478.0,1
12117,2534835,EVC | PupTup,1478.0,2
12118,5345163,Ryan,1478.0,1
12119,509397,MH | Sneakyjtb,1478.0,1
12120,3458045,Familia Chimada,1478.0,1
12121,4854327,Skill Issue | Yell0,1478.0,1
12122,1820888,H2 | Liv :D,1478.0,2
12123,5302950,tyronejenkins,1478.0,1
12124,5232739,cy,1478.0,1
12125,1796376,Dr | Pancakes,1478.0,1
12126,3128029,Sr. Chef,1478.0,2
12127,5241859,absol,1477.9,1
12128,1796862,BluSkies,1477.9,2
12129,2623162,Pierce,1477.9,1
12130,1154928,SK | SMFN | Spoon,1477.9,4
12131,4734338,DeLulu,1477.9,1
12132,3232139,Chemon LLC | niembro64,1477.9,1
12133,5263983,Juanacon,1477.9,1
12134,2164385,Saved | G0SPEL,1477.9,1
12135,3757117,Poli,1477.9,2
12136,3474728,University of Wisconsin Milwaukee,1477.9,1
12137,4755173,Muggi,1477.9,1
12138,5529262,Ominide/Pew Alt,1477.9,2
12139,1222343,BB | Azul,1477.9,2
12140,2458974,MilkyMike,1477.9,1
12141,1731573,Kirbishii,1477.9,4
12142,3820935,Fanny,1477.9,2
12143,5040225,BHS Indecisive | !RILEY!,1477.8,2
12144,4809623,Blitzkrieg,1477.8,1
12145,3830114,SoupcanSam,1477.8,1
12146,1764366,Cpt Defiler,1477.8,1
12147,5484511,Ghostface,1477.8,1
12148,4315566,Vem,1477.8,3
12149,5452872,Soda,1477.8,1
12150,2911325,Wills,1477.8,1
12151,2222485,BYOG | Lusion,1477.8,1
12152,1614898,The Yeet!,1477.8,1
12153,3540745,Mai Gai,1477.8,2
12154,1715654,UA | Vanilla,1477.8,2
12155,844902,Mageking,1477.8,2
12156,5530848,bread,1477.8,2
12157,2791463,franiss,1477.8,2
12158,3394114,Bakery,1477.8,2
12159,1810605,unity / mr.cow,1477.8,4
12160,3029473,John Pantusa,1477.8,3
12161,3981308,Seamus,1477.8,1
12162,705732,Restlesssucc,1477.7,1
12163,3966305,SSC | Elisqui.V1,1477.7,2
12164,3785472,Dafrone,1477.7,2
12165,4953746,ryxn,1477.7,1
12166,1686282,megacam1,1477.7,1
12167,1663928,Brony,1477.7,13
12168,1865098,Kegaku Vapor,1477.7,8
12169,4359723,Magma,1477.7,14
12170,1284485,Val,1477.7,1
12171,243936,fr13bs,1477.7,1
12172,3885595,SK,1477.7,2
12173,4817381,Southern,1477.7,2
12174,160430,MAXOUT,1477.7,1
12175,4338988,lyss,1477.7,1
12176,1325957,Eazyali,1477.7,1
12177,1695083,BB | | CJSD,1477.7,1
12178,5360439,LHS | Julius,1477.7,1
12179,2162156,PF | Spud,1477.7,1
12180,2524965,CS | Idontlikesteven>:(,1477.7,2
12181,5240032,AshBnuy / I love Banjo >w<,1477.7,1
12182,2918762,Joe Stiff / Bread Eater,1477.6,1
12183,3138403,bye3,1477.6,1
12184,2150042,GalenGale,1477.6,1
12185,1716091,Jockeylou,1477.6,11
12186,45077,Tylt,1477.6,1
12187,55256,SK | TSQ | Bolasz,1477.6,3
12188,5280947,Splixima,1477.6,1
12189,285668,Tensei,1477.6,2
12190,146522,MEMPHIS | Kasei,1477.6,2
12191,2986197,datBEEGbogDec,1477.6,1
12192,1312657,Denz,1477.6,2
12193,3994062,Raury,1477.6,1
12194,738791,Shadow,1477.6,1
12195,2402756,DUST | MD | Misty_bot,1477.6,1
12196,2081121,It/Its | SpaceySoundy,1477.6,1
12197,4533341,TotallyTigg,1477.6,3
12198,626667,Rio,1477.6,3
12199,1268210,Jamall / Mochie,1477.6,2
12200,1255255,Poster Nutbag,1477.6,7
12201,5249722,HandySeal22,1477.6,1
12202,5480303,Zilla Zaibatsu,1477.6,1
12203,454053,BeefMilk,1477.6,3
12204,1834506,iLPG/NT | Komane,1477.6,2
12205,1572692,るーつちゃん,1477.5,2
12206,4837866,Huggies11500,1477.5,1
12207,3662593,$moneymons$,1477.5,2
12208,5114216,Josh,1477.5,2
12209,4543680,Juan's GemMine | Juan Cena,1477.5,2
12210,3412648,Sackrine | Erik%,1477.5,1
12211,273476,TheEvilTurnip,1477.5,4
12212,4903198,Leothegoat,1477.5,1
12213,4771737,FRANK NITTI,1477.5,2
12214,3470991,RachnerasBoyToy,1477.5,3
12215,5479494,Shoja,1477.5,2
12216,4629246,Fiestero,1477.5,2
12217,4507942,666 | JackAttack,1477.5,1
12218,1421193,Sr. Chef,1477.5,2
12219,5431346,DuckSauce,1477.5,2
12220,5098254,MDFabi,1477.5,1
12221,2502345,Joshua,1477.5,1
12222,325330,Meta,1477.4,1
12223,1795705,UNCG | Pikamare,1477.4,3
12224,3005139,JimmyWings,1477.4,1
12225,1829663,ButterKeeby,1477.4,1
12226,5282117,Subticc,1477.4,1
12227,2837550,Styx,1477.4,2
12228,425471,she go | nyoom,1477.4,1
12229,1236202,flowerboy,1477.4,1
12230,2215225,HV | Caramel_ssb,1477.4,1
12231,5440468,TwinBladez,1477.4,2
12232,5360579,LHS | DJMicrowave,1477.4,1
12233,1932095,AER | KuroRaiden,1477.4,1
12234,129373,MOB | WontonWarrior,1477.4,472
12235,1535877,Army of Faye | Kengar Dongatron,1477.4,6
12236,4405594,kyza,1477.4,4
12237,2433818,Iliana,1477.4,2
12238,1291415,Watson,1477.4,2
12239,3026746,URI | doughboy,1477.4,1
12240,212441,EVIL | Evilgoku,1477.4,11
12241,1854066,Sh0wers,1477.4,6
12242,1378983,zink,1477.3,1
12243,2163380,Yeeterora,1477.3,1
12244,1932371,Mayhem | Dr. Slippers,1477.3,1
12245,1103733,DSG | Ramen,1477.3,1
12246,2466404,Toxic,1477.3,2
12247,1303459,BUTLR,1477.3,2
12248,494315,SRG | CopperChicken,1477.3,1
12249,5229816,MMG+ | BIG CRUMB,1477.3,2
12250,1112426,Cuzin,1477.3,2
12251,437044,Breathlessx22,1477.3,1
12252,595350,FV | DanggChris,1477.3,1
12253,5515546,Little Mac,1477.3,1
12254,268877,Homie,1477.3,1
12255,1323203,theNewYorkTims,1477.3,2
12256,3605518,francis,1477.3,7
12257,2604381,bababooey,1477.3,5
12258,1667119,University of South Carolina,1477.2,1
12259,3599815,Kenny,1477.2,2
12260,231895,Dee,1477.2,1
12261,1440439,Rara,1477.2,2
12262,1925305,SNRS | Banana Fish,1477.2,1
12263,1323175,Cupcake,1477.2,2
12264,3011266,MZ | Diantha,1477.2,1
12265,1679470,AConfusedRobot,1477.2,2
12266,4308921,Skifax,1477.2,1
12267,5283524,Glassygold,1477.2,1
12268,1265300,[DOJO 345] | Dakkat,1477.2,1
12269,2983610,SFA | snootchie bootchies,1477.2,1
12270,4758650,amateurgaming100,1477.2,1
12271,3238708,SHU | Valentino,1477.2,1
12272,1106385,Kradfiz,1477.2,1
12273,5276462,Hotpantz,1477.2,2
12274,5491032,Cloud,1477.1,1
12275,3955123,Ganondong,1477.1,5
12276,5344959,Autofill gang,1477.1,1
12277,1739658,J0ker,1477.1,1
12278,160235,:3 | Parma Jawn,1477.1,3
12279,4912982,gdk | Slide4YungTherk,1477.1,1
12280,1513381,CH | OCULUS,1477.1,4
12281,5355528,DRK | Zelgius,1477.1,1
12282,4921927,SLU | ApeX,1477.1,2
12283,640666,iR | BaldBonobo,1477.1,2
12284,1109533,Fire Nolan,1477.1,2
12285,4515980,DEGEN | zab0,1477.1,2
12286,5514341,PV.Social,1477.1,1
12287,1421264,Bizcocho,1477.1,2
12288,4546572,TIDE | mausx,1477.1,1
12289,4127915,MillerTime,1477.0,1
12290,689781,FzP | Molto,1477.0,7
12291,4968423,TheSoreTucker,1477.0,1
12292,5487204,ELLSTARR,1477.0,3
12293,4255578,Human,1477.0,1
12294,5263753,Goop | DKP,1477.0,1
12295,1395287,WNL | renko,1477.0,3
12296,5299474,SNEAKS,1477.0,1
12297,315863,Pat Ryan,1477.0,2
12298,4528405,Ames,1477.0,1
12299,5355768,snowgloww,1477.0,1
12300,3635344,HU | Coaster,1477.0,1
12301,7705,hc | Tarchwood,1477.0,2
12302,735405,WFL | Trent,1477.0,1
12303,825382,NEINx,1477.0,101
12304,1322657,Litman,1477.0,5
12305,4972502,Nick | ImHereSoIDontGetFined,1477.0,3
12306,2304179,TSS | RadioInactive,1477.0,2
12307,5375607,GRILLdWaffls,1476.9,1
12308,1375925,Teddie,1476.9,3
12309,4921009,Sgt. Crayon,1476.9,1
12310,1323169,natureboy,1476.9,3
12311,2940248,Flex,1476.9,5
12312,5131569,SSS | Bwinner,1476.9,1
12313,1024235,Jakers,1476.9,2
12314,33843,F5 | Winter,1476.9,2
12315,980339,HONOR | ZeXiiuZ,1476.9,2
12316,4825675,ImMACulate,1476.9,1
12317,1722652,Cattail,1476.9,2
12318,138177,Cat Named Virtue,1476.9,2
12319,5468953,Bok Choy’s team,1476.9,2
12320,138941,Action Oasis | Travisty,1476.9,1
12321,878893,LTU | AoE | Joy-Con Jesus,1476.9,2
12322,350926,BG | BBW,1476.9,2
12323,3086902,Detective Parks,1476.8,1
12324,5469873,donut,1476.8,2
12325,3937958,Kiger,1476.8,7
12326,362903,Scarfchomp,1476.8,2
12327,170695,PalmChi,1476.8,79
12328,3594933,Casual_cuz,1476.8,1
12329,4922371,Aftmostfieesh,1476.8,1
12330,4365374,Rod Wavedash,1476.8,1
12331,4609052,Tristan,1476.8,1
12332,2996650,JRaz16,1476.8,79
12333,4160214,The Best Kirby,1476.8,1
12334,422093,DR.COCKTOPUS,1476.8,1
12335,2480027,Ego | QuagmireToiletGaming45,1476.8,2
12336,1887920,GSE | Yin,1476.8,1
12337,2391842,Stardust,1476.8,2
12338,1434842,colebasaur,1476.8,2
12339,5105769,King,1476.8,2
12340,737562,Brimp,1476.8,2
12341,1188478,Wylder,1476.7,2
12342,3761622,DocMcNut / Clicter,1476.7,4
12343,4682204,Botsaga,1476.7,1
12344,3205092,REV | MetalGearFear,1476.7,5
12345,609170,Kuma,1476.7,4
12346,4008763,jojo,1476.7,1
12347,5473121,ZENI,1476.7,1
12348,1326526,CHAR | Deltabolt,1476.7,1
12349,4271704,AGRC | Emil,1476.7,1
12350,5509491,koinoyokan,1476.7,1
12351,2320926,Blastsu,1476.7,2
12352,1158852,fudge,1476.6,2
12353,336672,NUV | Pyrobug,1476.6,1
12354,3907022,Colin Rhubarb,1476.6,1
12355,2279163,Takeachance,1476.6,2
12356,1009877,Devilman,1476.6,1
12357,1177909,SAHS | DN | RR | Dragonfire,1476.6,4
12358,5234056,MasterMax,1476.6,1
12359,5120407,swagowner,1476.6,2
12360,5354153,CoachMichael / Julio,1476.6,2
12361,1799945,Mazlow249,1476.6,1
12362,1615454,Bferrero,1476.6,3
12363,546742,DarthArma,1476.6,4
12364,5436654,Mercury,1476.5,2
12365,1303482,xSpantx,1476.5,2
12366,1239180,eo2,1476.5,2
12367,2471321,Outlaw Sly,1476.5,2
12368,5328847,Eva01 | Eva01,1476.5,1
12369,1144562,NessCyanide,1476.5,9
12370,5294572,Comatoad,1476.5,1
12371,1625942,Shady,1476.5,1
12372,2614771,Mr.Bell,1476.5,8
12373,5288827,TL | NicoTheLoaf,1476.5,2
12374,5512109,papa,1476.5,1
12375,2294121,934 | Masta934,1476.5,1
12376,2695584,MRTAC0B0I,1476.5,1
12377,2847785,JalaLD,1476.5,2
12378,407895,Shy,1476.5,1
12379,3329370,MyA | LoroRuiz,1476.4,1
12380,3339278,;) | tokyo,1476.4,1
12381,640241,A&B,1476.4,1
12382,1691239,TAMIU | CHAR | Some User,1476.4,2
12383,2623469,Wesley,1476.4,1
12384,1718536,UH | Gold,1476.4,2
12385,5271743,(>~<) | A ! R,1476.4,2
12386,5429709,Crow,1476.4,1
12387,1175877,SSS | Ruben,1476.3,2
12388,5061559,Kung fu witch,1476.3,2
12389,1467610,Gamesdean,1476.3,1
12390,50703,ARJAY!!!,1476.3,3
12391,5345731,Kevtask10,1476.3,1
12392,1240621,Wylder,1476.3,2
12393,23109,DeathMelon,1476.3,4
12394,3224482,SilverBackJackal,1476.3,1
12395,5397357,Ramurox,1476.3,2
12396,805291,Jazzy G.,1476.3,1
12397,2143430,YES! | Woulphy,1476.3,12
12398,3123035,Trep,1476.2,1
12399,1599043,Goldsmith,1476.2,2
12400,3744973,Yevnoir,1476.2,2
12401,5368928,FREE | RVA | Opalescence,1476.2,2
12402,1137350,LoLo,1476.2,2
12403,379697,Rhinodude,1476.2,2
12404,1537941,spacebrojakob,1476.2,4
12405,2163680,Cgp,1476.2,1
12406,1412604,HealerJavier,1476.2,2
12407,4869117,Nedgurlin,1476.2,1
12408,2622118,Yep Yep,1476.2,2
12409,3469640,WORM | Roekast,1476.2,1
12410,1276259,PAL | Brandino,1476.2,2
12411,5306952,:) | mini bell,1476.2,1
12412,2396700,Alolan Punishment,1476.1,2
12413,3131712,PeaceEIY,1476.1,3
12414,879589,ENC | Salty Fun,1476.1,1
12415,4377250,Geek Zone,1476.1,1
12416,279711,Guyakian / YajYaj,1476.1,4
12417,5238117,Coolpeople,1476.1,1
12418,4962737,Obiom,1476.1,1
12419,1191568,CTG | Dice,1476.1,2
12420,2170239,SmU5h | Xozniath,1476.1,3
12421,2076198,WOKE 416 | Wallzer,1476.1,5
12422,1213190,tony,1476.1,2
12423,5470242,Xesobi,1476.1,4
12424,5429328,Arcane,1476.1,1
12425,4102860,Toona,1476.1,2
12426,2432465,EVC | GETEZ,1476.1,2
12427,3755,K-Phat,1476.1,1
12428,5281253,GX Ryuk,1476.1,2
12429,1192060,FreeDry,1476.1,2
12430,5299781,Shadownightwolf36,1476.1,2
12431,2812772,BB | UNCG | SlimiestSnail,1476.1,2
12432,3475116,Jone_of_arc,1476.1,1
12433,1897561,RaS | | FlaringAqua,1476.0,2
12434,1323174,Hammul,1476.0,2
12435,3252832,George,1476.0,1
12436,2719297,Axel,1476.0,1
12437,1183242,RaW | Gekyume,1476.0,3
12438,5146467,LLL | EndLLog,1476.0,1
12439,2963942,derk,1476.0,3
12440,5323790,makixumum | kirbycool,1476.0,2
12441,1063336,G.O.T,1476.0,1
12442,4805415,Wack,1476.0,1
12443,1735665,NYU | Rex,1476.0,6
12444,2532075,NH | Treegun,1476.0,2
12445,4569146,HSL,1476.0,1
12446,5342631,mTx | MOB | SteR ThA KiiD,1475.9,2
12447,1715193,Frozen Legend,1475.9,1
12448,1139286,CR | JayD,1475.9,2
12449,1287677,Jelato,1475.9,19
12450,3425032,Ikilldpacman,1475.9,3
12451,153380,GGCT | GreenBolt,1475.9,2
12452,1843514,Twan,1475.9,2
12453,5195403,Æ | Mahamarr,1475.9,1
12454,2743494,Hofstra | Jedi,1475.9,1
12455,4314950,ChrisTheMii,1475.9,2
12456,3298659,AKG | Lizbattler,1475.9,1
12457,4943431,Dubby.gg | CruzMissle,1475.9,4
12458,2024104,UC | Tacotonic,1475.9,7
12459,1017797,Jona,1475.9,2
12460,1497272,Mischief,1475.9,2
12461,567810,PPT | KaiAi,1475.9,2
12462,1361591,MST | Asterius,1475.8,3
12463,2895246,YBG | car,1475.8,3
12464,208450,Stealth_Pilot,1475.8,5
12465,968032,KarpKing,1475.8,1
12466,4337266,G&W | Ovaille_Yvorne,1475.8,2
12467,2416274,Vallient,1475.8,2
12468,5251598,YeetGod,1475.8,2
12469,4075687,UTulsa | MysticPuffin,1475.8,1
12470,2483363,George,1475.8,2
12471,1004924,Kason76,1475.8,2
12472,160068,!== | tropidolaemus,1475.8,113
12473,833792,MankEsports | el jefe,1475.8,2
12474,1374053,A_N | Alan | 愛蘭,1475.8,2
12475,1843574,Denki,1475.8,1
12476,3421439,USF | Eatyurhelmet,1475.8,2
12477,315585,Nemesis,1475.8,1
12478,1773770,GFlowZ,1475.8,17
12479,384617,Goonish,1475.7,1
12480,5004700,Exploit,1475.7,3
12481,3777334,Miku! | Zaekrin,1475.7,2
12482,3676573,Vmeer,1475.7,2
12483,341429,Jeb,1475.7,2
12484,2014903,TooPudding / Mr.Danger,1475.7,3
12485,1650821,Rose,1475.7,3
12486,134172,Storm,1475.7,2
12487,3191716,UglyBean,1475.7,4
12488,1071248,PNG | Zayzay,1475.7,81
12489,1182597,redboss,1475.7,5
12490,2697934,AO5 | Korok,1475.7,8
12491,5459673,Whelmed,1475.7,1
12492,1806679,Damiaen,1475.6,1
12493,3297333,MunkoPunch,1475.6,1
12494,3531989,ShineG4GWoke2 | xltl,1475.6,88
12495,2984901,Eerie,1475.6,1
12496,2871393,KITTY GIRL! | Princess,1475.6,2
12497,4676875,GD | Onryo,1475.6,3
12498,5004850,HU | dexlabox,1475.6,1
12499,2988252,SU | Eightooooooobears,1475.6,2
12500,5141405,ByteOf87,1475.6,3
12501,1213415,Antony,1475.6,2
12502,4969032,Styles,1475.6,1
12503,941395,UMN | GrizHawk,1475.6,3
12504,3371664,Klown,1475.5,2
12505,5487455,rett,1475.5,2
12506,2927233,The Snackbar,1475.5,3
12507,3779646,VORTEX | Yummie??,1475.5,2
12508,1263030,JMel,1475.5,2
12509,2020699,MarkusSparkus,1475.5,2
12510,2722003,Zuma,1475.5,1
12511,2647073,EVC | TheRoadChip,1475.5,2
12512,1833092,Midasty,1475.5,2
12513,2133022,Kasp3r,1475.5,2
12514,3820908,NBG | Booster F,1475.5,1
12515,220199,MP | Shady,1475.5,2
12516,5471424,Dag,1475.4,1
12517,5152390,carow,1475.4,2
12518,1488639,grongnort,1475.4,2
12519,1008354,FatMooCows's team,1475.4,2
12520,4966021,introspectral,1475.4,2
12521,5521250,P Fuego,1475.4,1
12522,5203132,LucaReality,1475.4,1
12523,2386951,Wildknight21,1475.4,1
12524,4804396,SageHyp3r,1475.4,1
12525,1236684,Combusting,1475.4,5
12526,3999709,WES | icy,1475.4,2
12527,5388035,Wubdub,1475.4,1
12528,1207906,Pado,1475.4,2
12529,5457233,JaaKoriien,1475.4,2
12530,2165182,Trey,1475.4,1
12531,5464038,Altru,1475.3,1
12532,2582471,dog,1475.3,1
12533,3268622,SaturnVI,1475.3,1
12534,997285,NGF | Steamedklams,1475.3,3
12535,2729732,Nerotyx,1475.3,2
12536,3516096,LYM?/HONOR | MarbleD,1475.3,2
12537,1572423,JesusLovesU | Tonio,1475.3,1
12538,693464,MHM | Creamking,1475.2,3
12539,4333111,Myself lol | Dazed,1475.2,1
12540,740485,SH | Dargin,1475.2,2
12541,5463477,Captian kernel!,1475.2,2
12542,3454226,Puffy,1475.2,11
12543,2177124,Keisen,1475.2,1
12544,26255,Scythesurge,1475.2,1
12545,424234,SparkinMed,1475.2,1
12546,4716280,gnarlydave,1475.2,2
12547,393775,CS | Ubl,1475.2,5
12548,5512599,Diggin,1475.2,1
12549,5534742,saint,1475.2,2
12550,3730177,ADumbWeeb,1475.2,2
12551,2717095,Gumbolaya,1475.2,8
12552,4404607,yes,1475.1,2
12553,5302933,Jairman,1475.1,3
12554,5526229,Zzz | Gidock,1475.1,1
12555,3722526,Hotdon,1475.1,2
12556,2800459,Dancer,1475.1,2
12557,53327,lolahmed,1475.1,2
12558,2326276,ktw1273,1475.1,3
12559,3491625,935Fox,1475.1,4
12560,57305,CaesarTheSalad,1475.1,1
12561,4856114,MicroGod,1475.1,1
12562,136374,XG | Moncho,1475.1,2
12563,5339066,Ojaheroes | MikeyDaTurtle,1475.1,1
12564,1872533,CTR/Vars Fest | WrongHouse,1475.1,2
12565,2792452,urboy15,1475.0,1
12566,281476,LH | Icemanruz,1475.0,3
12567,175851,Piggy,1475.0,8
12568,5305278,Sernite,1475.0,1
12569,5403813,JPM | Huey,1475.0,2
12570,172458,Edo,1475.0,1
12571,953580,SilentStorm,1475.0,1
12572,4378855,Josh H,1475.0,2
12573,902052,AGENTS!YF0X0MEGA,1475.0,6
12574,1138424,GGRI | SpaceCowboy,1475.0,1
12575,5534819,cadaver,1475.0,2
12576,1832687,MEDINA,1475.0,4
12577,3378295,Aries,1475.0,2
12578,5118281,JVN,1474.9,2
12579,4025478,BnB | AbsurdGod,1474.9,2
12580,1536832,KaK | Chrollo,1474.9,2
12581,1370447,Alpha,1474.9,2
12582,5005145,sloanbarber2002,1474.9,1
12583,5235330,Im A Stud,1474.9,2
12584,1409150,Mrs Pandemic,1474.9,2
12585,974384,Croquetto,1474.9,5
12586,30828,Wisi / Beasty,1474.9,3
12587,2390682,CMU | Pickles,1474.9,2
12588,4374621,Cyan,1474.8,6
12589,2067050,MachoTaco914,1474.8,2
12590,1683384,jec 3,1474.8,2
12591,5136351,pado,1474.8,3
12592,40136,ENC | Shyguy,1474.8,599
12593,1589248,James Scott,1474.8,1
12594,5382661,Comatoad,1474.8,1
12595,3399427,Drew,1474.8,2
12596,3530719,StreetPass | Jarre Verte,1474.8,1
12597,1294343,ServSafe | Weegee,1474.8,1
12598,1906054,NJolt480,1474.8,2
12599,2173443,MTM | scarface,1474.8,1
12600,1791583,BudLightOnGameDay,1474.8,2
12601,3075830,LOONΔ | Choerry,1474.8,4
12602,67069,A.M.,1474.8,2
12603,3201494,bagel eater (A),1474.8,2
12604,3132902,NGL | SuperNova,1474.8,3
12605,3933918,BMW | WitherLead,1474.7,11
12606,3888581,VLNY | Rich29,1474.7,2
12607,1370443,george,1474.7,2
12608,4069218,Crisiscrumble777,1474.7,1
12609,5479474,Brooke,1474.7,1
12610,1120340,Asobu IX,1474.7,2
12611,3218062,bug,1474.7,1
12612,5521166,HTC | Crusstavo Fring,1474.7,2
12613,2442856,Rising,1474.7,2
12614,5319302,UC | Noah,1474.7,2
12615,1509046,Ego | WormHero,1474.7,3
12616,4157825,LB | Tortuganoble,1474.7,1
12617,960626,SMFN | Roast Beef,1474.7,3
12618,1741243,YTP | Mintly,1474.7,2
12619,2373665,EVC | P0megranate,1474.7,2
12620,1373194,ArmoredAI,1474.7,2
12621,3066346,Zentaiyer,1474.6,2
12622,2472231,Sky,1474.6,1
12623,584375,Socket,1474.6,1
12624,1125774,Arion,1474.6,2
12625,1058354,Fox,1474.6,2
12626,1376011,Vol | Indominus,1474.6,3
12627,5386085,Smesh,1474.6,1
12628,5230973,MrRio,1474.6,3
12629,4076054,MogMewSigma,1474.6,2
12630,1128033,adam,1474.6,2
12631,1437992,JSTAR,1474.6,2
12632,2998643,FlarbaDoodle,1474.6,2
12633,5231039,MKJay,1474.6,1
12634,3388703,Whyachi,1474.5,3
12635,4306584,TR | Trippy,1474.5,2
12636,1047497,Pakman,1474.5,4
12637,3594620,MankEsports | B O A T,1474.5,2
12638,1685970,Suz,1474.5,1
12639,1706373,Shalom | Natann,1474.5,3
12640,4685,vortex,1474.5,2
12641,3573687,Mr. Matty O,1474.5,2
12642,1226716,ET | Kohru,1474.5,2
12643,1426379,JorgeAG,1474.5,1
12644,246112,Yurikov,1474.5,2
12645,2999161,ChubbyWanaSoup,1474.4,86
12646,1564942,Greningod,1474.4,1
12647,3863646,Holy child: | Womp_Womp,1474.4,1
12648,5481886,Mike,1474.4,2
12649,5522616,Ryan,1474.4,2
12650,1622588,8=D~ | Ye old Cum Bucket,1474.4,2
12651,228688,NPT BCe | DanTheMan,1474.4,2
12652,2689412,Frostmeiser,1474.3,3
12653,3188047,まさやん,1474.3,2
12654,2067957,HushPlush,1474.3,4
12655,5319278,Ede,1474.3,4
12656,5532817,Jvsh,1474.3,2
12657,2917340,crazygreenguy,1474.3,2
12658,1261592,God is Ned,1474.3,2
12659,1059029,NiP,1474.3,2
12660,3103314,Dingus,1474.2,7
12661,1809412,juste_Geo / juste_Sam,1474.2,2
12662,1776059,2,1474.2,1
12663,1467632,focus,1474.2,1
12664,2181937,KML GRN PP JT7 | quinn,1474.2,10
12665,3046412,MCM | | Lyss,1474.2,3
12666,2550307,BlazeBergy,1474.2,1
12667,2958467,Aleks,1474.2,2
12668,5475784,Advent,1474.2,2
12669,4315375,QU | Wellthen,1474.2,2
12670,1186180,Pado,1474.2,2
12671,4561190,TrueNen,1474.1,2
12672,1922902,Choy,1474.1,2
12673,5389039,MamaLuigi,1474.1,3
12674,36503,Ayden,1474.1,2
12675,2677136,Nck,1474.1,1
12676,1609380,Blue,1474.1,1
12677,999655,Excalibur,1474.1,2
12678,2923257,AGENTSLYFOX,1474.1,1
12679,49181,Elliott,1474.1,1
12680,3452968,TWK | WARIOLOVER57,1474.1,1
12681,4365869,kingeb1,1474.1,1
12682,5479619,gokussj12,1474.1,2
12683,2011206,Fmr. UT | Silver,1474.0,2
12684,4201855,Xen0,1474.0,4
12685,3722767,ZeroM,1474.0,2
12686,1797498,SniperJenko,1474.0,1
12687,1225901,Coltol / Horseleg,1474.0,2
12688,5313246,Couchpotato,1474.0,2
12689,5139970,Jay Grunt,1474.0,6
12690,1730641,mayo,1474.0,4
12691,21918,Ozzero,1474.0,10
12692,1488646,jeans3,1474.0,2
12693,2341954,Trigglypuff,1474.0,1
12694,1414111,? | Laserguy,1473.9,2
12695,2363408,Misha,1473.9,1
12696,1073019,HectorJuan,1473.9,4
12697,4728327,cR | Aisareu,1473.9,2
12698,5145163,GGB | Fexican,1473.9,1
12699,1685968,Suz,1473.9,1
12700,4476473,frenchi,1473.8,6
12701,5469099,Comatoad,1473.8,1
12702,1213416,Lucas,1473.8,2
12703,1700757,RDJellyBelly,1473.8,1
12704,3334555,WU | Dee Zhaee,1473.8,3
12705,5023492,Yojo,1473.8,2
12706,1620940,BlueShell / Shooting Starr,1473.8,5
12707,4741366,Breeze,1473.8,2
12708,1047938,nizreaf,1473.8,4
12709,1059024,joe,1473.8,2
12710,1792862,leggy145,1473.8,6
12711,5237882,MKJay,1473.7,1
12712,1784280,Frisk,1473.7,6
12713,1620873,NKA | Dragon,1473.7,2
12714,1800605,rodthegodx,1473.7,1
12715,5251601,YeetGod,1473.7,2
12716,2162512,Sigma Gyatt Clapper 690,1473.7,2
12717,5492544,vonxsan,1473.7,1
12718,4630950,TDB | ThatDerpyBird,1473.6,2
12719,4116032,justbathwater,1473.6,2
12720,2329289,PXP | JurassicPhD,1473.6,1
12721,1360002,MUC | Lia,1473.6,3
12722,135691,LatinoHeat | KidFlash,1473.6,2
12723,2181609,Crow,1473.6,2
12724,5387040,TM| Terrythepromise,1473.6,2
12725,2080364,BE | Derp,1473.6,2
12726,3299368,Fuji,1473.6,1
12727,345918,SwavyB,1473.6,2
12728,3935870,NEFN | SkyFoxBox,1473.6,1
12729,1571442,goona,1473.5,2
12730,45775,LB | Swiftly,1473.5,2
12731,4501040,gouiefan | Silly goose 87,1473.5,2
12732,1323172,Celeb,1473.5,2
12733,990305,Samatar,1473.5,3
12734,4614325,PEAK | MBS | Seel,1473.5,2
12735,1291410,Pan Dulce,1473.5,2
12736,1627597,Pear,1473.5,2
12737,1281850,Kopa,1473.5,2
12738,59178,could be | tsuku,1473.5,3
12739,2455864,Dust_2?,1473.5,1
12740,945864,Kirbstari,1473.5,4
12741,1370317,feet | vexel,1473.5,2
12742,2551507,Landon,1473.5,1
12743,5384371,Juri | CJN0VA,1473.5,2
12744,4670716,Eljesus,1473.4,2
12745,5370045,Comatoad,1473.4,2
12746,276900,BrwnMamba,1473.4,2
12747,1571465,NoRecovery,1473.4,2
12748,3905529,SpartanLv9,1473.4,2
12749,5492644,Kamedoodles,1473.4,3
12750,1133379,Rovi,1473.4,4
12751,527563,Jay Cee,1473.4,2
12752,812070,TheMasta / 9,1473.4,2
12753,4179625,Silent,1473.4,2
12754,3344990,true | Zantryx,1473.4,2
12755,508803,PXP | Bluetank,1473.4,1
12756,2524155,Tom,1473.4,1
12757,3857549,Qwik | Minikweak,1473.3,2
12758,260956,KornDog | Jahz,1473.3,3
12759,2024580,Penut,1473.3,1
12760,4084984,loquacious | fluxnar,1473.3,3
12761,5125462,Baker,1473.3,2
12762,5113918,Zen,1473.3,2
12763,2648699,Mekhi,1473.3,2
12764,5497884,3DSCHRIS,1473.2,2
12765,5213355,CosmicJumpscare,1473.2,1
12766,4807896,Reis,1473.2,2
12767,54638,Westinite,1473.2,1
12768,3994489,ferb | Kangaroo,1473.2,2
12769,1593851,صبر الأسد | Hmiza [Atlas Lion],1473.2,2
12770,1720766,Bunky,1473.1,2
12771,1369753,SGTpepperLHB,1473.1,87
12772,3830758,Shockwave,1473.1,2
12773,2915747,MrCheese,1473.1,3
12774,1077692,Ace / Pretzel,1473.1,2
12775,282086,NoahsFriend | Chumpkin,1473.1,4
12776,5327644,Gardengnme,1473.1,2
12777,3807548,Chilynn,1473.1,1
12778,5263905,peachy_bella20,1473.1,1
12779,5506140,Khrome,1473.1,2
12780,4070325,sea bass,1473.1,1
12781,965758,Metal,1473.1,20
12782,25447,KY,1473.1,2
12783,1798013,Kepler Academy | Roy-L-Tea,1473.1,2
12784,5225725,my22cents,1473.1,1
12785,4321946,FF | Auto,1473.1,3
12786,45049,gunks | Flaming Hot Vegitos,1473.1,2
12787,4102780,BigRED,1473.1,5
12788,3640078,Wocktober,1473.0,1
12789,286385,Quevas,1473.0,6
12790,2220299,CT | t0wers,1473.0,2
12791,5265190,Kazumai,1473.0,2
12792,2994391,Goob,1473.0,2
12793,2883985,MC Kirby,1473.0,1
12794,3443759,KU/VLNY | VanGo,1473.0,12
12795,3026162,BTE | XKaiX,1473.0,6
12796,782714,Zarky,1472.9,2
12797,1335553,Edzombie,1472.9,2
12798,1645160,Asher,1472.9,2
12799,1184249,MUOH | Klutz,1472.9,3
12800,2283964,CallFromAlaska,1472.9,2
12801,3907225,UG,1472.9,6
12802,254183,Javi,1472.9,2
12803,5489237,Country,1472.9,2
12804,1965430,gold_dxj,1472.8,2
12805,1839953,Down bad | I Pay Child Support,1472.8,2
12806,1335512,Fly NY,1472.8,2
12807,1195719,Garfiejus,1472.8,2
12808,2058983,Coolr#6057,1472.8,1
12809,1634685,Selvath,1472.8,1
12810,32018,TechBonus,1472.8,2
12811,1409160,George,1472.8,2
12812,5512753,WMFC | Abi,1472.8,5
12813,5436804,ODA LVL | yoshimitch,1472.7,2
12814,492770,Dancer,1472.7,2
12815,534625,Beef Milk,1472.7,2
12816,2933123,NG -,1472.7,2
12817,4018244,aqua,1472.7,6
12818,1186181,Queras,1472.6,2
12819,5294023,A | checo4315,1472.6,1
12820,529807,Oasis | Abaddon,1472.6,2
12821,67078,Tico / crouton,1472.6,5
12822,183981,Purp,1472.6,3
12823,4369447,cmeonline,1472.6,6
12824,657524,MEAT UP! | Andromeda,1472.6,7
12825,5393265,cyclone,1472.6,2
12826,904295,Zio,1472.6,3
12827,5510599,CoolZoom,1472.6,2
12828,3648285,THE PAN / Dandori!,1472.6,3
12829,1578756,Gcheese87,1472.5,2
12830,228272,Autofister,1472.5,10
12831,5518396,Fire wolf,1472.5,2
12832,5037538,Mr Master,1472.5,2
12833,544544,DiddyDough,1472.5,2
12834,679722,STG | SoFtBOILeD,1472.5,5
12835,426564,MBS | Ethab Taxi,1472.5,6
12836,4039533,MichaelKingtana,1472.5,6
12837,4160208,Kirby,1472.5,1
12838,764550,hamma,1472.5,1
12839,1830460,eveningstar,1472.5,1
12840,1556150,Rayne,1472.4,3
12841,3787371,Los Hermanos,1472.4,2
12842,742102,Council | viktim,1472.4,2
12843,5344953,juan,1472.4,1
12844,336580,SHERB | Jake,1472.4,2
12845,1047945,ghost,1472.4,2
12846,3127927,ThunderStar,1472.4,1
12847,2776528,HoP | Horseman,1472.4,1
12848,2702015,Kyle | Green Bean Gang,1472.4,2
12849,1186188,qaaaa,1472.4,15
12850,804317,Stormblessed,1472.3,8
12851,1137347,Merciful,1472.3,2
12852,1335526,Mn,1472.3,2
12853,1236237,North,1472.3,2
12854,1588002,Dmatts,1472.3,2
12855,1586982,John | Munch,1472.3,3
12856,1466200,3474131357 | Nimenog,1472.3,4
12857,2367611,TBB | BananaFrosty,1472.3,1
12858,2300160,yamsang,1472.3,4
12859,1979672,Guichabou / Hexo,1472.3,3
12860,2450682,DG,1472.3,2
12861,1151291,Goofy,1472.2,2
12862,3610176,NinjaMagic,1472.2,3
12863,5492488,ybox3,1472.2,2
12864,1098164,LX3,1472.2,3
12865,3519051,R.I.Pierre,1472.2,1
12866,4281177,Deific,1472.2,2
12867,4359300,THING | S H E D,1472.2,2
12868,5492641,Devyyn,1472.2,2
12869,946629,djb.A | Toona,1472.2,3
12870,1261593,DBJ,1472.2,2
12871,2952808,Lelesus,1472.2,2
12872,2690816,Ndub,1472.2,2
12873,1787480,Rolo64,1472.2,2
12874,5215488,vic_g_legend,1472.1,2
12875,40169,FC | Sin,1472.1,2
12876,3741074,BlazeN,1472.1,2
12877,2662298,BankD,1472.1,2
12878,5328962,LeonardLOW,1472.1,2
12879,4193598,Queenies | Dragon,1472.1,7
12880,3652198,Jake,1472.1,2
12881,1309477,kdog,1472.1,8
12882,4605955,RISE | Juno,1472.0,2
12883,2033539,JU1CE,1472.0,3
12884,2443527,UC | Solve,1472.0,4
12885,960018,Cheez,1472.0,8
12886,3770516,skeet,1472.0,2
12887,2583352,Mike,1472.0,2
12888,4790420,Dub C,1472.0,1
12889,1437386,PattyOats | ÆON,1472.0,3
12890,4060915,DarkFlamez0410,1471.9,3
12891,3554126,MDH | Tranqui,1471.9,3
12892,2434800,EF | Billyboyjoe,1471.9,1
12893,381638,BB / Chloe,1471.9,2
12894,1251412,xz,1471.9,2
12895,1304400,Kyrios,1471.9,2
12896,3334603,Geeky,1471.9,11
12897,1826312,LogistclNightmr,1471.9,9
12898,5218146,Grim,1471.9,2
12899,3148520,Shadowbroker45,1471.9,2
12900,2993690,George,1471.9,2
12901,4755183,Lamp,1471.9,1
12902,4741386,CHP | Smurfposter,1471.9,2
12903,2052945,Gonzo,1471.8,3
12904,1005168,Bulging Bonis,1471.8,6
12905,1526801,RPL | SynthJ,1471.8,3
12906,1708272,Cheese,1471.8,3
12907,2828433,Poo | Marzelo,1471.8,2
12908,3916721,TheChickenBoy,1471.8,3
12909,4276988,Mister Marvelous,1471.8,4
12910,5432870,Mordeo,1471.7,2
12911,2442955,gay bowser,1471.7,2
12912,5092164,SuNe,1471.7,2
12913,1464203,zuma,1471.7,2
12914,3708321,Help | Keebs,1471.7,1
12915,615281,SacaLuigi,1471.7,2
12916,5487483,Skreeonk,1471.7,2
12917,4576011,FF | Rockyman,1471.7,4
12918,4236524,Msngr,1471.7,2
12919,2387518,Zebron22,1471.7,2
12920,2100221,Odin,1471.7,5
12921,977123,Sol | Octo,1471.7,2
12922,4831305,Zermen,1471.7,2
12923,5393143,Skelly,1471.7,2
12924,2371034,YeahPowder / Happi,1471.6,2
12925,4575434,XZ | G DOGG,1471.6,2
12926,2410918,StormRD | the_mamba23,1471.6,2
12927,5402212,Divinity,1471.6,2
12928,2267905,S1lvar,1471.6,2
12929,677867,JazzerThighs,1471.6,4
12930,326428,SoDa,1471.6,5
12931,5462570,Tracz,1471.6,2
12932,2283224,SCCS | Liam1283,1471.6,2
12933,1722408,Zorie,1471.5,2
12934,3641370,WRLD | Jaddinho,1471.5,2
12935,3285136,LucDuc,1471.5,4
12936,1468611,NMDusk,1471.5,214
12937,1239865,PSG | Petrikov,1471.5,142
12938,5245323,Hevern,1471.5,4
12939,1548148,ENC | LATORR,1471.5,2
12940,1023450,J2G,1471.4,6
12941,1291409,JAQ,1471.4,2
12942,139089,xxPAkoFDoGs,1471.4,6
12943,1000503,Mohri,1471.4,2
12944,1175837,RNJesus,1471.4,2
12945,2438614,Saxaslayer,1471.4,10
12946,1683383,grung nort,1471.4,2
12947,1060016,Wyvern,1471.4,3
12948,5307901,Macuddles,1471.4,2
12949,2967736,RSC | びくとりあ,1471.3,2
12950,5379693,Eaterarena,1471.3,1
12951,4303280,Sneezles,1471.3,4
12952,1085657,Lardo,1471.3,7
12953,5383518,Kirbypuff,1471.3,3
12954,2842781,GQ | Joe101t2,1471.2,5
12955,10204,Level1 | Slimy,1471.2,2
12956,1299694,popstar,1471.2,2
12957,5474873,ChrisHD,1471.2,2
12958,4224923,USF | Racoon,1471.2,3
12959,5394745,LifeStream,1471.2,2
12960,2957865,Coolmantg,1471.1,2
12961,3187328,LAGr/IRONGRID | BlackDiamondGMZ,1471.1,3
12962,4310353,aidepole,1471.1,3
12963,3897283,George,1471.1,2
12964,3117323,King,1471.1,2
12965,3799091,reed_qt,1471.1,6
12966,2249417,BTE | Isa-Ginger,1471.1,3
12967,5418532,Jiyn,1471.1,2
12968,1750279,Parth Esports | Pun,1471.1,3
12969,2932181,Acehern,1471.1,2
12970,4380616,PsychoticNetural,1471.0,2
12971,4589193,mTx | MOB | SteR ThA KiiD,1471.0,2
12972,3144106,Jetro,1471.0,2
12973,589695,Teddy,1471.0,2
12974,3345718,SHU | PickleGuy77,1471.0,6
12975,176250,Broseidon Rex,1471.0,2
12976,1449565,potato,1471.0,2
12977,1215649,The Great | Gatsby,1471.0,3
12978,2997271,zorsti,1470.9,3
12979,1151282,Crowley,1470.9,2
12980,3320141,BomberDX,1470.9,2
12981,4126814,KnockedArrow,1470.9,2
12982,1137354,Trace,1470.9,2
12983,5112743,DLN | Krysos22,1470.9,2
12984,19540,Ho3K | Deven3000,1470.9,2
12985,535244,Cen$,1470.9,2
12986,1526937,Acrator,1470.9,3
12987,1793124,RTS! | SpencertheSavage,1470.8,4
12988,1588265,Jourzzo,1470.8,2
12989,3205929,Puyogi,1470.8,2
12990,3194713,ten,1470.8,2
12991,5167936,ESM | Buzz Nightmare,1470.7,2
12992,5461604,GOKU74THECHAMP,1470.7,2
12993,4706948,Durian,1470.7,2
12994,3005544,SuperSaga,1470.7,5
12995,3993628,JT7|SMFN|ILMW | Air Gumbo,1470.7,2
12996,3121167,Nort,1470.7,2
12997,4669578,Yuma,1470.7,2
12998,2127785,Player 1,1470.7,2
12999,2005360,HTX | Mike.Jones,1470.6,3
13000,1282333,Dartinez,1470.6,2
13001,3117322,Sr. Chef,1470.6,2
13002,1522673,chromozone,1470.6,2
13003,5251683,lexipro,1470.6,5
13004,1175842,Modest Tomato,1470.6,2
13005,2970787,RR | bengee,1470.6,5
13006,15283,LT | Masquerade,1470.6,2
13007,1259270,DOPECORD | lobster22,1470.6,4
13008,5381985,SashaLun,1470.6,2
13009,4189823,wyborn,1470.6,2
13010,1581118,Doormatt,1470.6,2
13011,4584629,Ornik,1470.5,169
13012,3676876,NikoTheFox,1470.5,2
13013,2262401,LegendaryCH,1470.5,2
13014,1005882,gerig / Lastrain,1470.5,2
13015,1924701,ALU | BlueMousse,1470.5,3
13016,754808,Stykes,1470.5,6
13017,1087804,chaelaza,1470.5,2
13018,821654,sorashiro,1470.5,2
13019,16034,Vale / Sindiso / Lyqosa,1470.5,6
13020,3314065,Geeg,1470.5,2
13021,1339469,arch1nhuman,1470.5,2
13022,5313812,ShekFu2,1470.4,2
13023,3049306,Arcenedon,1470.4,2
13024,5196012,CalcBC,1470.4,3
13025,1775479,SmU5h | SoP | Inlajin the Gooner,1470.4,2
13026,2416951,DTD,1470.4,2
13027,5353172,OA_osama13,1470.4,2
13028,171461,Kazma / WeebLord,1470.3,2
13029,27043,SPT,1470.3,10
13030,157930,GFST | Nicky Videogames,1470.3,2
13031,5425152,LatinOctopus,1470.3,2
13032,5329619,Scattered | Poisonboi,1470.3,4
13033,5325801,CCST/XZ | Eliotmxd,1470.3,2
13034,300881,Xiph,1470.2,5
13035,67166,Figs / IamLuffytv,1470.2,5
13036,2828446,Poo | BOD,1470.2,2
13037,1579158,Gamesdean,1470.2,2
13038,3799841,Eliakim,1470.2,6
13039,1005851,rakeg,1470.1,2
13040,2649773,ChZr | DairyDistributor,1470.1,3
13041,1409156,Akira,1470.1,2
13042,3937851,Clang!,1470.1,2
13043,433828,Nana,1470.1,2
13044,1499968,sr chief,1470.1,2
13045,4432241,Gum Cuzzler,1470.1,2
13046,1584208,YorzTruly | Links,1470.1,2
13047,132651,Protom,1470.1,2
13048,2821943,Clay,1470.1,2
13049,180777,SU | PenguinPowerTV (A),1470.1,2
13050,1502368,MR.Syg,1470.1,2
13051,168626,WEED,1470.1,2
13052,182942,EON | Lilbirdie,1470.1,2
13053,2384448,Fatherandre,1470.0,5
13054,49856,Turquoise,1470.0,3
13055,1196594,RNJesus,1470.0,2
13056,1383940,George,1470.0,2
13057,2977157,Pellet Project,1470.0,4
13058,2329552,NGU | Z | Satanael,1470.0,16
13059,4418279,r,1470.0,2
13060,4907435,BTWGNS | 4ACES,1470.0,2
13061,367724,ZavIsCooler,1470.0,2
13062,1671581,James,1470.0,2
13063,1409173,Ryan T,1470.0,2
13064,3484679,Lemons | Eric_is_China,1469.9,3
13065,820278,Syn! | Maddness,1469.9,3
13066,2650282,OGS | Never,1469.9,88
13067,5462829,dao,1469.9,2
13068,5498668,Tyrfing,1469.9,2
13069,4982957,Slim22,1469.9,3
13070,2349123,SwissCheesii,1469.9,2
13071,2773837,DoKuroDill,1469.9,2
13072,1007874,MHM | Cipher,1469.8,6
13073,2363291,Sisou,1469.8,2
13074,2584344,Maya Papaya,1469.8,2
13075,1804989,AABattery,1469.8,2
13076,445410,skies,1469.8,8
13077,1006729,Blacklink,1469.8,2
13078,4493686,FW/AS | Kiki,1469.8,2
13079,5182862,JVChris,1469.8,2
13080,1633795,Asher,1469.7,2
13081,261474,DPD,1469.7,85
13082,1612653,Starbucks,1469.7,3
13083,925836,Ashley,1469.7,3
13084,1357706,KFC | mrclidexx,1469.7,2
13085,1758431,HTC | bigboy,1469.7,5
13086,15056,MHG | Koopa,1469.7,2
13087,4424285,PG | 100 horses,1469.6,6
13088,2415208,George,1469.6,2
13089,1751957,Tendonitis,1469.6,2
13090,1418994,SNHU | Frozen1ne,1469.6,3
13091,29218,fnoogie,1469.6,2
13092,1851257,Sweet TeaS / KnuckS,1469.6,2
13093,5471292,NIGHT!,1469.6,2
13094,1008845,Mistfern,1469.6,2
13095,4517985,ⶴልፏቻጎነⶴ,1469.6,2
13096,183585,Professor Lex,1469.6,2
13097,1062603,SKT | kevinTube,1469.6,5
13098,1706670,ZBK,1469.5,2
13099,2216009,M0byWik,1469.5,2
13100,5013534,LilSushiVert,1469.5,3
13101,3185141,Domicron,1469.5,2
13102,5282557,Tweek,1469.5,2
13103,1002526,slacker,1469.5,2
13104,1886117,:/ | Kirbychu,1469.4,2
13105,232730,RLz|PMA | Cortex,1469.4,15
13106,3790903,.wav | Jawn Cena,1469.4,24
13107,5509493,Jonny rukus,1469.4,2
13108,3432451,Kookas,1469.4,2
13109,138022,Jettset,1469.4,2
13110,1667663,FzP | Genki,1469.4,5
13111,1227995,Mr Morty,1469.4,2
13112,650168,EON | Walla,1469.4,89
13113,3610654,Jocto,1469.4,6
13114,5298589,ToughLudwig,1469.4,2
13115,2239818,Nyam,1469.4,2
13116,66329,SomeDumbAss / Sapphire,1469.4,2
13117,1163658,CREAM,1469.4,2
13118,2174973,Leo505,1469.4,2
13119,4975262,Voidkarma,1469.3,2
13120,3709516,Icicles,1469.3,10
13121,1843355,TedFromSales,1469.3,3
13122,3968651,Rail,1469.3,2
13123,4531067,AON | ZeroTwoNone is OVERRATED,1469.3,2
13124,1513799,silversteve,1469.3,2
13125,1584905,The Senate,1469.3,2
13126,3652191,Phil BP,1469.3,2
13127,3917435,betu$,1469.3,3
13128,1451789,Waluigi,1469.3,2
13129,680011,Sober,1469.3,2
13130,1072598,thanos car,1469.3,4
13131,3545813,DrummerOfMetallica,1469.2,5
13132,1137349,BigChungus,1469.2,2
13133,1003885,KBizzle,1469.2,2
13134,3500870,Sypher,1469.2,2
13135,2714496,Kevo360,1469.2,127
13136,2271421,Nim Chimpsky II,1469.2,6
13137,1213033,ScorpioX,1469.2,2
13138,1219098,Guthwine,1469.2,2
13139,2091533,SFA | Maxwell,1469.2,10
13140,3743483,Soysauce,1469.2,2
13141,1316609,Parapsyche,1469.2,2
13142,4754279,real | Dank8908,1469.2,2
13143,4142183,MR/FW | HYNDUX,1469.2,2
13144,5512067,JayGoat,1469.2,2
13145,5062681,InfoDemon,1469.1,3
13146,995951,G-man,1469.1,6
13147,153521,Foger,1469.1,2
13148,1261683,Goldsmith,1469.1,2
13149,1228069,Bizcocho,1469.1,17
13150,5256161,OB | monkeyking,1469.1,3
13151,1358499,BrokenSink / catlover,1469.1,5
13152,1213022,SCP035,1469.1,2
13153,1739380,poobadooba,1469.1,14
13154,2981614,Billiard,1469.1,5
13155,2890915,Crow,1469.1,2
13156,1689702,EMW Esports 2 | prashantinator,1469.1,5
13157,1239096,CG9,1469.1,2
13158,869778,GexTechs,1469.1,10
13159,1294718,Landslide,1469.0,2
13160,1163651,Cooking Mama,1469.0,2
13161,1005219,Holder,1469.0,2
13162,4385,AGRC | Emil,1469.0,2
13163,1219088,Pado,1469.0,2
13164,2858350,Parmajon,1469.0,2
13165,1578755,Gatzby,1469.0,2
13166,3869041,Retired 2026,1468.9,2
13167,655576,Claw,1468.9,3
13168,4351070,Thrustspy7 / TanMan07,1468.9,13
13169,1265288,Bruh,1468.9,2
13170,1010671,Blakey Bagz,1468.9,2
13171,29832,MATT | The Don,1468.9,2
13172,4912720,Alex,1468.9,2
13173,3705826,Chaldea | Kaizer-E,1468.9,2
13174,4815414,Ly,1468.9,2
13175,1421043,Player 1,1468.9,2
13176,349801,EVC | Gotham,1468.9,4
13177,5391952,MUERTEY879,1468.9,5
13178,1358770,FlaringAqua,1468.9,2
13179,997968,FZP | Peco,1468.9,2
13180,2688617,ha | Fupply,1468.8,5
13181,2291502,GaurDelfino,1468.8,6
13182,1213075,jsc060506,1468.8,2
13183,4675585,MXM,1468.8,2
13184,1171373,PANGOLIER | YAZBAT,1468.8,3
13185,3046382,SeanHamilton,1468.8,2
13186,1312594,Gum Cuzzler,1468.8,6
13187,156791,IDHAN,1468.8,2
13188,1010677,Corklop,1468.8,2
13189,264797,Mindset | Martires,1468.8,2
13190,1466198,DannyEspo | BohemianStrangler,1468.8,2
13191,870081,Mz. | fiNESSe,1468.8,2
13192,1820835,SU | Sarvi,1468.8,2
13193,2374756,Taj Mahal,1468.8,2
13194,55821,Spaceman / ADrew,1468.8,2
13195,424415,King Lycaon,1468.8,2
13196,3800940,C3 | phob zombie,1468.8,3
13197,1575786,Drgnball_Durag,1468.7,3
13198,1000342,Nitro,1468.7,2
13199,1004646,Dom,1468.7,2
13200,999683,tapu tachi,1468.7,2
13201,3017052,Daniel Gomez,1468.7,2
13202,3799104,MrLPika,1468.7,2
13203,3799108,Djohnmark,1468.7,2
13204,2929159,KUDAZAI,1468.7,2
13205,4726946,benn 9 9 9,1468.7,2
13206,5293731,DYL,1468.7,2
13207,5432848,Zuma,1468.7,2
13208,1551652,diStRaKtiOn-,1468.7,2
13209,1389846,Kazuto,1468.7,107
13210,50987,Failsafe,1468.7,2
13211,54771,ITT | Lazer,1468.7,2
13212,1213071,Zuma,1468.7,2
13213,566175,Afro,1468.7,2
13214,1004601,Deadmanwade37,1468.7,2
13215,3970494,KingHig?,1468.7,2
13216,1000585,Kazu,1468.7,2
13217,233730,koko,1468.7,2
13218,1600460,KML | GRN | Kai Wizzy,1468.7,3
13219,1134294,Minty567,1468.7,2
13220,5462393,Headphonelll,1468.7,2
13221,3849360,9th | Chachi,1468.6,3
13222,4860697,HLW (bastion) | blastaway,1468.6,4
13223,4443931,LzPwns,1468.6,2
13224,1091106,Nad,1468.6,2
13225,4132262,discord | TheFreakery,1468.6,3
13226,1358754,Don,1468.6,2
13227,3101749,Image,1468.6,2
13228,3280017,Voki / Crustle,1468.6,3
13229,5528056,Dr.FeelGood,1468.5,2
13230,4537539,LuuvMiki,1468.5,2
13231,4987537,Orio,1468.5,2
13232,3408020,WHAM-O! | TripTrap,1468.5,6
13233,1303433,skilledroy,1468.5,2
13234,1819065,Ivan | Piranha,1468.5,2
13235,1213186,Alexandeer Cole,1468.5,2
13236,1000580,Kaze Kuma,1468.5,2
13237,1349077,Skilled Roy,1468.5,2
13238,2977954,Montwee,1468.5,3
13239,4031817,Crimson | Paradox,1468.5,3
13240,1633506,Myle | Palm,1468.5,2
13241,55475,Te quiero mucho perro,1468.5,3
13242,4137069,George,1468.5,2
13243,1127287,DOOB | Jmoto,1468.5,3
13244,2647233,Mando,1468.4,2
13245,5140465,oscs | rookie,1468.4,2
13246,4153806,maeval,1468.4,2
13247,1349080,Dos Toro,1468.4,2
13248,232081,Sprout,1468.4,2
13249,3508569,dsizzle,1468.4,2
13250,3914669,MOB | Not Pierce,1468.4,2
13251,1897991,TamaPDaiFreaky,1468.4,5
13252,1499972,myth,1468.4,2
13253,3770472,philsitch,1468.4,2
13254,3652186,Rezi,1468.4,2
13255,2670021,ogBeanlord,1468.4,2
13256,1844399,BH/EPH/ | Mercad0,1468.4,3
13257,594904,vlz,1468.4,88
13258,943530,13605607939 | YBMalik,1468.4,2
13259,4485252,テア | VenusTP,1468.4,2
13260,2388282,WilSports | Regicide,1468.3,2
13261,321927,Wesh,1468.3,2
13262,5513065,ℂℝ | CacheRefresh,1468.3,2
13263,174758,BlackRobinHood / TTVSmarty1upz,1468.3,2
13264,1669615,jimbo shrimp,1468.3,2
13265,3334712,swag owner,1468.3,2
13266,1588225,George,1468.3,2
13267,3888774,DR | Young leviticus,1468.3,2
13268,3334591,Vex,1468.3,2
13269,1669617,biggiecheese,1468.3,2
13270,277785,Crimson,1468.3,2
13271,53967,Yeah~ok,1468.3,2
13272,2311476,Tyswan,1468.3,2
13273,3500797,Tobi,1468.3,75
13274,4365114,Sirius | darkst@r,1468.3,2
13275,1163643,F-ThisGame,1468.2,2
13276,1588263,Abqed,1468.2,2
13277,1502369,RamRnch,1468.2,2
13278,3115194,Turbo Kid,1468.2,3
13279,3017054,Zadane Russell,1468.2,2
13280,993259,SMASHBOY / BlackMoon,1468.2,2
13281,1448938,WTX | Magic,1468.2,2
13282,1261731,chance,1468.2,2
13283,3081392,Warguts | Morganssch,1468.2,2
13284,1793983,T!NCHO,1468.2,2
13285,760144,Trace,1468.2,2
13286,1197866,NeroPhoria,1468.1,2
13287,5500207,Mars,1468.1,2
13288,1060194,Lord | N0buddy,1468.1,2
13289,407425,cookies,1468.1,2
13290,353973,peco,1468.1,2
13291,28682,Therin,1468.1,2
13292,1283050,URI | Yamcha,1468.1,4
13293,56002,Turbo,1468.1,2
13294,40139,Forte,1468.1,3
13295,5430804,flann3l,1468.1,2
13296,1047934,maegenta,1468.1,2
13297,2739014,Hotpocketgod,1468.1,3
13298,1479384,Shugokimon,1468.1,6
13299,1213181,Alexandra,1468.1,2
13300,1213192,Ben,1468.1,2
13301,994014,SMASHBOY,1468.1,2
13302,226641,Frankie Pac-shots,1468.1,2
13303,1003359,MEANS | KoroSenpai,1468.1,2
13304,3134324,Dilon,1468.1,5
13305,1102905,Mythic,1468.1,2
13306,2415070,decodedangel,1468.1,2
13307,4726352,ShockDunes,1468.1,2
13308,4508174,Linguini,1468.1,2
13309,995428,AK47,1468.0,2
13310,1010670,Kelpos,1468.0,2
13311,5332560,icedragon,1468.0,3
13312,1005773,Arcenedon / BrandonReturns,1468.0,2
13313,1004722,Zeno / Dom,1468.0,2
13314,1000383,GoldFishGod / Toastmastr,1468.0,2
13315,1636255,Janky,1468.0,2
13316,3024651,Daniel Rios,1468.0,2
13317,3017049,Jack Griffin,1468.0,2
13318,20997,Mlarcin / Abs,1468.0,5
13319,22447,BOW,1468.0,2
13320,2932144,Joe,1468.0,2
13321,4187507,BlazeN,1468.0,2
13322,3778680,xXBIGTWEAKERXx / MasKey,1468.0,2
13323,3894154,SHU | YoYoPenguin,1467.9,5
13324,1588292,Yurt,1467.9,2
13325,1522692,axiom,1467.9,2
13326,2121485,Kvng,1467.9,22
13327,1213331,Dr. Gaming,1467.9,2
13328,13712,RPL | 86mercy,1467.9,3
13329,1476118,ayden,1467.9,2
13330,1213320,TirgerWinner,1467.9,2
13331,1178622,L3gacy,1467.9,2
13332,4561150,Ginaz | JZ,1467.9,2
13333,1692015,Duck,1467.9,2
13334,319404,Stykes,1467.8,2
13335,29505,F4 | FALCON,1467.8,2
13336,2072264,Stalwart | Mad Dog,1467.8,3
13337,2477044,Azure Devil | Taykoe Da Wulf,1467.8,4
13338,1261559,Goblin,1467.8,2
13339,1212991,GMX1331,1467.8,2
13340,3969306,CptHiBob,1467.8,2
13341,1000577,Mistfern,1467.8,2
13342,986819,ESG | Magnatoon,1467.8,5
13343,2240212,Shitheed,1467.8,2
13344,2516452,SFL,1467.7,2
13345,2722214,Dee,1467.7,2
13346,5018283,Oasis | FC | G-XTREME,1467.7,2
13347,3414983,Katie,1467.7,2
13348,2414728,IssBebo,1467.7,2
13349,4311036,:3 | K4tamari,1467.7,3
13350,153328,K-Ham,1467.7,4
13351,1420734,Nowhere,1467.7,108
13352,193290,Sway,1467.7,2
13353,2431280,JGSmashKing,1467.6,2
13354,2821520,Queen+1 / Queen,1467.6,2
13355,3024648,Alex Radion,1467.6,2
13356,1660008,Dekkoda,1467.6,6
13357,1584903,Enrique The Pigeon,1467.6,2
13358,1291413,The New York Tims,1467.6,2
13359,1054918,BeanBagz,1467.6,2
13360,1275585,Ren,1467.6,2
13361,2273709,LampShady,1467.6,7
13362,3382949,TAN | nhance,1467.6,2
13363,1287559,Kopa,1467.6,2
13364,1868108,JRG | Tarm,1467.6,3
13365,4550192,Alek,1467.6,2
13366,1335510,Degree,1467.6,2
13367,1304294,Agitated_Crustacean,1467.5,2
13368,1599042,Judge Grant,1467.5,2
13369,4666292,Cheezesports | Cyberhedgehog,1467.5,2
13370,1713130,LXX,1467.5,87
13371,227763,Abubu,1467.5,2
13372,4369446,cmeonline,1467.5,6
13373,1451799,Footwater,1467.4,2
13374,1047926,Kronic,1467.4,2
13375,1000818,EaglEye,1467.4,2
13376,2050466,KirbybiM,1467.4,2
13377,3891878,MHM | Muhbeans,1467.4,4
13378,4820809,Peegion3099,1467.4,2
13379,1047925,Rook,1467.3,2
13380,2538295,ECSU | Lisk,1467.3,2
13381,1163647,Lil Lando,1467.3,2
13382,2121943,SunSamurai,1467.3,2
13383,3664031,KornDog | approximately 7 moths,1467.3,3
13384,3448708,Panacea,1467.3,2
13385,3305650,Stupid | Stickman,1467.3,2
13386,1023451,Mdemz,1467.3,2
13387,3641947,Appleton,1467.3,3
13388,1102906,maduro,1467.3,2
13389,1102903,Najiram,1467.3,2
13390,2615482,APE | Lamentation,1467.2,5
13391,71375,#1 Grunk Fan | | Crowbar,1467.2,2
13392,2943393,Mikedude,1467.2,2
13393,3367275,Swordhero1,1467.2,3
13394,171742,VGR | Cipher-X,1467.2,3
13395,3735413,Limit edition,1467.2,2
13396,989185,menmoo,1467.2,2
13397,137524,Scott,1467.2,2
13398,2705175,ComboKyo,1467.2,2
13399,1706669,OJ,1467.2,2
13400,1234038,Double Take,1467.1,2
13401,4648743,Eboys,1467.1,2
13402,5372905,Telerion,1467.1,2
13403,5251599,YeetGod,1467.1,2
13404,1620951,Brendan,1467.1,2
13405,1443929,Majic,1467.1,2
13406,1187451,Rap / TurtlesLayEggs,1467.1,2
13407,4715484,Mexico | Elpacheloco,1467.1,2
13408,1391371,Mobozu,1467.1,2
13409,1693752,WE OUTSIDE | Ascension,1467.0,8
13410,5288202,Alex,1467.0,2
13411,2856129,Rylon,1467.0,2
13412,801270,Gigasucc,1467.0,2
13413,1409163,Bizcocho,1467.0,2
13414,1831687,paul blart,1467.0,3
13415,1438075,Majic,1467.0,2
13416,1091114,Mistfern,1467.0,2
13417,1498448,Black Lemonade,1466.9,3
13418,4895554,RRT4 NEO | Stuber,1466.9,3
13419,1458674,Crazy | Psyclone,1466.9,11
13420,179750,Dagel,1466.9,2
13421,1251410,eod,1466.9,2
13422,1145390,Flop,1466.9,2
13423,5274605,Plunger,1466.9,2
13424,2606495,Inspector,1466.9,2
13425,1196902,Hazze16,1466.9,2
13426,3118515,Adrk,1466.8,2
13427,3572314,Mondai,1466.8,2
13428,2621847,GMBL | TwinkPounder with Cheese,1466.8,2
13429,1597032,Hague,1466.8,80
13430,2374757,TheMuffinMan,1466.8,2
13431,2901033,TB | SavageWesBoy,1466.8,2
13432,2393166,adrian,1466.8,20
13433,1590468,Collin,1466.8,3
13434,1000581,Dosu,1466.8,26
13435,4339600,GRN | calen,1466.8,2
13436,3268492,Numboss,1466.8,3
13437,3074925,arascrubfan | Sor0ne,1466.8,3
13438,5471199,bawp it,1466.7,2
13439,1125759,Nokys,1466.7,5
13440,1047915,Francis,1466.7,2
13441,991742,TakeTheCan,1466.7,2
13442,1010676,O-Diesel,1466.7,2
13443,1476122,grongnort,1466.6,2
13444,2646199,HU | Donut,1466.6,3
13445,5335442,Devyyn,1466.6,2
13446,2307142,HazBol Boys,1466.6,3
13447,4348875,fishmonger,1466.6,2
13448,4816312,Patrick Roscher,1466.6,2
13449,982503,lan destrouyers :),1466.6,2
13450,185474,VoM,1466.6,2
13451,1086647,Ishtar,1466.6,2
13452,1396688,Flaring Aqua,1466.6,2
13453,2756590,BaconBob,1466.5,2
13454,1620759,Meliodas~Senpai,1466.5,2
13455,4687477,chrisdol,1466.5,2
13456,2670019,Zorro,1466.5,2
13457,1997837,Fal | ShockFire101,1466.5,6
13458,5509536,Tyrfing,1466.5,2
13459,1744096,MT | BrokenSink,1466.5,16
13460,4985004,CAROUSEL | splexc,1466.5,2
13461,4185719,blug | pbjray,1466.5,3
13462,2875230,Unminutto,1466.5,2
13463,1335670,ThePsychicBoy,1466.5,4
13464,3494539,DED | Takobellgod,1466.5,7
13465,1643972,SMV | Suben,1466.5,2
13466,172753,Procyon / Vent,1466.3,10
13467,4966698,Shad0w,1466.3,2
13468,1151280,Chevy,1466.3,2
13469,4573172,SOL | Jugganaut,1466.3,4
13470,509977,Dabble,1466.3,75
13471,62442,KoF | Mikoshi,1466.3,2
13472,2731273,AoC | Mobidud,1466.3,3
13473,1350154,DMF,1466.3,2
13474,1444252,NR | Scrub_lio,1466.3,4
13475,2789664,NeonPlays,1466.2,2
13476,4202047,BlazeN,1466.2,2
13477,1370440,Toast,1466.2,2
13478,3620723,Hall | Grape,1466.2,2
13479,16099,ID | NiGHTS,1466.2,7
13480,5238941,Wildcats | Ego,1466.2,2
13481,1396823,Notarlgirl,1466.2,2
13482,1091057,spiddey,1466.2,2
13483,1508567,kennijeez,1466.2,3
13484,2733884,TS4,1466.1,3
13485,2989687,TB | red$king,1466.1,2
13486,460456,M0sSFLoweR,1466.1,2
13487,2890870,Denyu,1466.1,2
13488,4932384,Siva Wolf,1466.1,2
13489,2116414,GMU//SMFN | Trile & Error,1466.0,3
13490,4160426,Effen Esser | Gueszst,1466.0,2
13491,1312642,Tarbox,1466.0,2
13492,293557,sdg,1466.0,2
13493,1047931,Crowley,1466.0,2
13494,4438546,WOKE 2 | Kirbynstuf,1466.0,4
13495,1177035,12g | debjo,1466.0,2
13496,5479179,PissBby,1466.0,2
13497,900792,ENC | Salty Fun,1466.0,2
13498,4292187,Unk,1466.0,2
13499,404668,TCaP | Green Marth,1465.9,102
13500,1242708,joeru_br,1465.9,2
13501,70854,AV NG | Pablo YBL,1465.9,4
13502,4814250,WOKE 2 | SweetJP,1465.9,4
13503,2010983,ScottGreene,1465.9,2
13504,2644514,Quacklers,1465.9,3
13505,4300986,Detta,1465.9,2
13506,2733515,#1fenrisglazer,1465.9,2
13507,1358830,Scorpio,1465.9,2
13508,4106114,Chaos | Deigo,1465.9,2
13509,2364643,GGCT | Robbjam,1465.8,2
13510,2925444,UNH | Cherrisoda,1465.8,2
13511,4790589,BC Gold | SparkUnknown,1465.8,2
13512,3005572,DD BD | Sonicc,1465.8,7
13513,3648498,LR | Caspar,1465.8,3
13514,1306216,No title,1465.7,2
13515,3019069,LoreMaster | Dusk,1465.7,2
13516,4952148,Xanthous,1465.7,2
13517,4583798,dek,1465.7,3
13518,3875087,muimui,1465.7,5
13519,1199064,Fatikans,1465.7,2
13520,1591100,NYU | KoreanBF,1465.6,2
13521,5317555,Comatoad,1465.6,2
13522,2638518,REV | Brayden,1465.6,77
13523,5522044,Poyocat! 猫,1465.6,2
13524,5424554,knicks,1465.6,2
13525,4545833,WAA | Diplo?,1465.6,5
13526,876109,Spike,1465.6,2
13527,2682389,tokyo,1465.6,2
13528,1010672,Buldging Bonis,1465.5,2
13529,5195476,Impact,1465.5,2
13530,411433,Nuzz,1465.5,2
13531,5060955,Foofey,1465.5,2
13532,1476127,ryan thomas,1465.5,2
13533,1901855,EJKinc | itssodarkoutside,1465.5,2
13534,4972501,Nick | ImHereSoIDontGetFined,1465.5,2
13535,5493077,Gah!!!!!!!,1465.5,2
13536,5288211,Nick,1465.5,2
13537,2877269,Jermball,1465.5,77
13538,2890872,Legend of Capo,1465.5,2
13539,1335513,Denz,1465.5,2
13540,1059032,TheGodRA,1465.5,2
13541,994408,Atomic,1465.4,2
13542,3755117,Corndog | Paransky ツ,1465.4,2
13543,4460490,Cody Schwab,1465.4,5
13544,4820103,murkury,1465.4,2
13545,3751314,BlazeN,1465.4,2
13546,4352725,Robwaah007,1465.4,4
13547,735414,DTN | Aero,1465.4,677
13548,1421179,Frozen Angel,1465.4,2
13549,4780194,PLUTO / Croogle,1465.4,2
13550,3780343,Speedyon,1465.3,2
13551,2978862,Integral,1465.3,2
13552,1586105,GWU | Rip Van Winkle,1465.3,77
13553,9969,Elu,1465.3,92
13554,1978355,Snowbunny Mind Control,1465.3,2
13555,971433,HB | Frisbee,1465.2,2
13556,1499982,Axiom,1465.2,2
13557,1114497,Maduro,1465.2,2
13558,1437275,Banana Boi,1465.1,2
13559,2690127,Susanoo,1465.1,5
13560,1476056,george,1465.1,2
13561,5527014,PAPI,1465.1,2
13562,2937217,1zei,1465.1,5
13563,3804749,Scamitai,1465.0,69
13564,1091104,Repto,1465.0,2
13565,3792824,George,1465.0,2
13566,1617457,MMG+ | PepMonk,1464.9,3
13567,1184411,J2G,1464.9,83
13568,1213264,Gman50up,1464.9,2
13569,4979139,Redthunder,1464.9,2
13570,5334037,Real | Mr.0,1464.9,4
13571,4539651,MrGreenman,1464.9,4
13572,5487254,Icon,1464.9,2
13573,250002,ATMO | Mischief,1464.9,335
13574,1068887,FSC | Tal_Dave,1464.9,6
13575,2842075,Swazelton,1464.8,2
13576,251822,aplsed,1464.8,2
13577,3917953,Asteria,1464.8,8
13578,2762474,Redact,1464.8,4
13579,4899099,Ravidge,1464.7,3
13580,4068346,KU | OceanRhapsodyy,1464.7,3
13581,1151281,Segue,1464.7,4
13582,4678691,saydot,1464.7,5
13583,5209600,ゆーぞん,1464.7,2
13584,4614844,べにあ,1464.7,2
13585,5492185,Woodsii(A),1464.7,2
13586,3745058,DAG,1464.7,2
13587,1806698,A-NUB,1464.6,2
13588,2443476,GQ | MrMekaMan,1464.6,7
13589,256273,Brownie,1464.6,82
13590,5518284,Jone,1464.6,2
13591,1666428,Quick silver,1464.6,2
13592,4972911,Goth Mommy,1464.6,2
13593,1060123,PP SAD | Big Nibble,1464.6,4
13594,2798444,Thor,1464.6,2
13595,904540,Wyrmidon,1464.6,4
13596,1653684,Rain~ / varunk,1464.6,4
13597,156841,Calvination,1464.5,3
13598,5391753,EnderRedstone38,1464.5,7
13599,1358859,George,1464.5,2
13600,2104041,Amdaggle / alitheowbot,1464.5,2
13601,2100795,PayoRD,1464.5,2
13602,1478785,GSP | Nomil,1464.5,10
13603,943527,MegaMito,1464.4,5
13604,5464042,ZENI,1464.4,2
13605,5464215,Poppt 2,1464.4,3
13606,4984813,CAROUSEL | zombie,1464.4,2
13607,1936086,CHEDDA/GG,1464.4,2
13608,5527443,Spoof,1464.4,2
13609,4519990,GSG | MOB | Reed,1464.4,2
13610,4985527,CAROUSEL | noro,1464.4,2
13611,3633314,LazyRaptor,1464.4,2
13612,2982182,TC | left,1464.3,2
13613,3352676,VB | Ansem,1464.3,2
13614,3734488,Rageofcp,1464.3,2
13615,4538999,BlueHanma,1464.3,2
13616,5463833,toadsworth,1464.3,2
13617,795777,TwizzyBomb,1464.2,3
13618,5369063,Free Agent | Sirpops92,1464.2,3
13619,1358828,Lando,1464.2,2
13620,5492437,don swig,1464.1,2
13621,1396861,Hot Potato,1464.1,2
13622,39665,DS | oaT,1464.1,4
13623,1004880,Seberster,1464.1,3
13624,1739347,Treyko,1464.1,5
13625,1775775,DYOUNGLION,1464.0,2
13626,2911033,Amanto,1464.0,2
13627,3687630,GRNT | Elam,1464.0,2
13628,1277523,Delphox,1464.0,7
13629,1813348,OUG | Abruzaza,1464.0,11
13630,4087304,BlazeN,1464.0,2
13631,1213304,Turtlez,1464.0,2
13632,4295742,meebo,1464.0,4
13633,1370306,zimbabweman,1464.0,5
13634,2815426,Stinky PEtE,1464.0,2
13635,1344189,FreshGags,1463.9,4
13636,5308111,JohnnyBoiXD,1463.9,2
13637,2787718,TajMahal,1463.9,2
13638,1162044,laprip,1463.9,3
13639,2730011,GetintheZone | Autozone,1463.9,2
13640,404762,EEL | Emi,1463.9,2
13641,3452732,Berry | HuevitoConJamon,1463.9,3
13642,4221307,F2 | Griffin,1463.9,10
13643,5351037,Christian,1463.8,2
13644,4208823,ChebJeb,1463.8,6
13645,183402,Kibou,1463.8,75
13646,2163265,AE | NFO | Nishiro,1463.7,3
13647,4947179,crocus,1463.7,2
13648,2923784,"SNHU | I say, I say",1463.7,4
13649,3903444,Ayngel,1463.7,2
13650,2478946,CCNY | Ado,1463.7,2
13651,1798489,ShisuiPhilly,1463.7,2
13652,2738641,Shalom | Mercury,1463.6,9
13653,2499050,Soulless,1463.5,4
13654,2585804,GUMP2 | ToxiC,1463.5,4
13655,1071559,YES! | apple,1463.5,7
13656,747674,TG | PerfectEffectX,1463.5,6
13657,2387170,ggecko,1463.5,3
13658,1706019,GGCT | Kxng Murdock,1463.5,2
13659,3997416,KornDog | Littlejordan44,1463.4,3
13660,1549461,UH | Nimble,1463.4,2
13661,4823556,Jayrosen,1463.4,2
13662,1213266,Rangerfan359,1463.4,2
13663,5528951,ig_johnnny,1463.4,2
13664,5384836,Joey,1463.4,2
13665,2787789,deex3,1463.4,2
13666,1055389,Guili,1463.3,5
13667,2791892,Pie | Chin341,1463.3,2
13668,2673391,ZRG | SMFN | Habibi,1463.3,21
13669,3688574,Big_Tilt,1463.3,2
13670,1312613,meranda,1463.3,2
13671,3133939,Inescapable,1463.3,3
13672,1195761,Cranco,1463.2,3
13673,1616509,OCO | CHICO,1463.2,4
13674,3906196,S0lid,1463.2,2
13675,2305468,CAFFEINE | Tazrael,1463.2,2
13676,4668815,高太一 | TB | Kaiser,1463.2,3
13677,2150679,SAPPHYRE / gabagoolian,1463.2,5
13678,1582117,CU | GP | LOTG,1463.1,3
13679,1047923,PANDA,1463.1,2
13680,5240,bye2,1463.0,3
13681,3627941,PlumpRat,1463.0,3
13682,1242244,Blondechai,1463.0,2
13683,360966,Colmar,1463.0,4
13684,471415,Phast,1462.9,3
13685,5329841,normal oreos,1462.9,2
13686,5140316,PK | Moonlight,1462.9,5
13687,3044499,Björken,1462.8,2
13688,2946340,OmegaSong,1462.8,2
13689,4375598,YUM | astuto,1462.8,7
13690,2462478,GEORGE,1462.8,2
13691,1669551,muffin,1462.8,2
13692,1602986,BopIt! / Whimsicott,1462.7,243
13693,1832945,ProNub,1462.7,2
13694,1827024,UH | Zeno,1462.7,3
13695,5246045,FW | Yisux,1462.6,4
13696,1723601,flapjack,1462.6,2
13697,1621023,RST | Falke,1462.6,9
13698,2433722,GillaMon,1462.5,2
13699,5481770,Nibbs,1462.5,3
13700,1708173,Void GQ | Gameq11,1462.5,3
13701,1325386,KDEN,1462.5,6
13702,5251199,BluDiamond / lasheena,1462.5,2
13703,1374562,Squid,1462.4,4
13704,3016330,yoshi0luigi,1462.4,4
13705,1462598,Lucretius,1462.4,4
13706,2406828,Dengaku,1462.4,2
13707,1291412,mN,1462.3,5
13708,3712540,SparkMinus,1462.3,6
13709,2288783,ML | gaverto,1462.3,5
13710,2824423,Sunbun,1462.3,3
13711,1871594,MBS | Venera,1462.2,2
13712,468474,NUAC | Jigsaw,1462.2,3
13713,4305222,TengoCancer | TengoCancer,1462.2,3
13714,1056950,Dark,1462.1,4
13715,4995804,KeyBoardMelee,1462.1,2
13716,1503997,DKIG | NOODLE,1462.0,4
13717,3913570,SMFN | G_Locker,1462.0,8
13718,1029144,poisonous_paint / Lugia,1461.9,10
13719,1660336,Chzii,1461.9,2
13720,5372247,The Generals,1461.9,4
13721,503697,Okami,1461.9,2
13722,126119,artist | NEK,1461.8,2
13723,3680739,Lil_Shroom,1461.8,3
13724,4299622,LatestSunlight,1461.8,4
13725,5013667,Rpto,1461.7,4
13726,4493365,MBS DUST | Fhantum,1461.7,2
13727,4291864,Rice | Drev,1461.7,3
13728,2076982,WW | Abida,1461.7,13
13729,1009849,ADaMKOPA,1461.6,17
13730,4002671,MK ASTRO,1461.6,7
13731,3050306,Kura,1461.6,3
13732,1659263,MC Esports | Hammer,1461.6,2
13733,1816286,Churros,1461.5,2
13734,1183152,KRU | Robber,1461.5,6
13735,3471355,ZeroNebula,1461.5,2
13736,3019673,Trans Rights | Vaguely Vulture,1461.5,3
13737,3741073,balls,1461.4,2
13738,5081711,Tecray,1461.4,2
13739,533304,Troll_Tactics,1461.4,84
13740,329096,The Technicality Guy,1461.3,4
13741,2653486,SBU | neso,1461.3,89
13742,5368160,KC | Mr. Dream,1461.3,3
13743,1820420,Evory,1461.3,5
13744,4126740,TL | NicoTheLoaf,1461.3,2
13745,3184099,CHOKE | rizwan555ansari,1461.3,2
13746,1571225,Boof | B,1461.2,5
13747,3765781,the don,1461.2,2
13748,2433246,UnMinuto,1461.1,2
13749,2096363,blep / bemis,1461.1,3
13750,3630138,PROWLER,1461.1,8
13751,356440,Max,1461.1,8
13752,5461494,Harry,1461.1,3
13753,5161641,SR | MIC | ΩSaga,1461.0,4
13754,5317238,UC | Jonathan,1460.9,3
13755,4966696,3Stok | Sayr aint a 2-and-2er,1460.8,2
13756,1227113,Skill Issue | Southwatchgaming,1460.8,3
13757,4018296,REV | LevelOne,1460.8,2
13758,1196600,Carmello,1460.8,2
13759,1736203,Grimturtle,1460.8,7
13760,3170226,GNF | ArmorUp,1460.8,2
13761,4703678,LFG | Darq,1460.7,2
13762,3493615,SRFLOWERS,1460.7,2
13763,2566074,PonZu,1460.7,2
13764,3127948,coinstar,1460.7,2
13765,137508,Usagi / AZ,1460.7,4
13766,1171951,Chalk Connoisseur,1460.7,4
13767,1033744,NotBlAkE,1460.6,2
13768,2020997,NOwl_XX,1460.6,2
13769,3127980,jA,1460.6,53
13770,4789415,smblue,1460.5,2
13771,2105669,GAS LEAK | illish,1460.5,9
13772,3101527,CL3,1460.5,2
13773,4144239,Bang,1460.4,2
13774,5504879,YBG | Snowbunny Mind Control,1460.4,2
13775,4981531,twinbro,1460.2,2
13776,2313751,<>< | FroggiGutts,1460.2,2
13777,2010424,Bry <3,1460.1,6
13778,1341885,Colby,1460.1,3
13779,1092735,CHIBI / Blap,1460.0,19
13780,4789276,Billy V.,1460.0,2
13781,18504,janky,1460.0,2
13782,1311062,A Billion Lions / Petayaa,1460.0,9
13783,2358518,StarlightGames | RoboRex,1460.0,6
13784,4984826,carousel | pyrojuliet,1460.0,2
13785,148121,George,1459.9,9
13786,2943445,Aleks,1459.9,2
13787,56794,LIL DJ / Omega,1459.9,3
13788,330986,G I G A,1459.9,98
13789,1876355,Hoolai,1459.9,3
13790,4865147,Pewds | PTG,1459.8,4
13791,5281567,Inezuse,1459.8,10
13792,4934859,RyLovesCornChips,1459.8,2
13793,2304087,Gandy,1459.7,2
13794,4397859,Warp9 | Sunlu,1459.7,3
13795,2432540,TSG | Marnix4PF,1459.7,3
13796,1311080,boing | En,1459.5,11
13797,1102519,Nook | soup?,1459.5,4
13798,3782904,BlazeN,1459.5,2
13799,1778468,M3 Chaotic,1459.4,2
13800,4329794,KyRo,1459.4,17
13801,3614894,Pacific | Velxify,1459.4,7
13802,4891104,Crowe,1459.4,6
13803,1803609,Kwan,1459.4,2
13804,4166835,ECW | Thor,1459.3,3
13805,5469767,Yassyle,1459.3,7
13806,2177714,JPjumper,1459.3,3
13807,3389982,Random Nom,1459.3,2
13808,1274160,CCS | Stoic,1459.3,5
13809,3651930,mel,1459.3,2
13810,5122805,MBS DUST | Fhantum,1459.2,2
13811,5017942,LS/ω | Cal3s,1459.2,2
13812,3664948,sam,1459.2,5
13813,1783074,KSU | RM | colorfulʚɞ,1459.2,3
13814,3538292,UWGB | Skooks,1459.1,4
13815,4527401,SHED | Mrs. Ledge Dash,1459.0,3
13816,3815934,Monke Geek,1459.0,6
13817,4707708,GPO,1459.0,2
13818,250834,Abso,1459.0,125
13819,1358756,Marco,1459.0,4
13820,4096227,LT | ᛒᛚᛟᚱᚷᚢᛊ,1459.0,4
13821,3018358,Jmander,1458.9,75
13822,1050012,Crazy | Heewon(A),1458.9,7
13823,4168843,zachprime,1458.8,2
13824,58998,D3ADLYKANSAS,1458.7,3
13825,135818,YeetGod,1458.7,4
13826,4575825,Kitsch,1458.7,5
13827,3378385,o49,1458.7,6
13828,5376438,K00paLink,1458.7,2
13829,2982480,EDLN | PyroAce,1458.7,3
13830,5300201,TheOldMan,1458.6,2
13831,1181821,swatty524,1458.5,2
13832,1811106,poem.,1458.5,4
13833,5210846,BrokenPMC,1458.5,2
13834,4603945,Luny,1458.5,3
13835,4820838,JacobEqualsGood | othawise,1458.4,2
13836,4984297,Dannilzz,1458.4,2
13837,4488560,Cheech,1458.4,5
13838,5320735,yurigod,1458.3,5
13839,4809006,Spaceman5,1458.3,2
13840,1812177,red dot,1458.3,5
13841,2502485,livia,1458.3,2
13842,3448883,SAUCELESS | Waku [A],1458.3,5
13843,3593474,TOD | TRIZZY,1458.3,3
13844,1901957,Zfoy720,1458.3,3
13845,2454296,15 | SunshineFan15,1458.3,12
13846,4987273,POW | ØWL | Lost Cramorant,1458.2,8
13847,771848,Next / Wefflez,1458.2,5
13848,3003650,Zinc / CHIBI,1458.2,2
13849,68211,Duke,1458.2,2
13850,5520306,Tewmwo,1458.1,2
13851,3975151,Cheech,1458.1,5
13852,405448,Lucienflash,1458.1,4
13853,1809196,Lanxum,1458.1,21
13854,1553414,Babino / ranklelait / Bonane / Dezarme,1458.1,3
13855,1511907,EMW Esports | Succulent,1458.0,3
13856,2983975,Photonegative Mickey,1458.0,5
13857,3107231,POP Smash | Zucaritas03,1458.0,153
13858,5498732,Michael L.,1457.9,2
13859,1827892,Wilsports | Leiothrix,1457.9,84
13860,5317242,UC | Michael,1457.8,2
13861,1389610,mustard,1457.8,3
13862,5487479,CatMarrow,1457.8,2
13863,2999251,707 | broken rose,1457.8,9
13864,2134121,SmU5h | TTV | SuperDumbNasty,1457.8,6
13865,411580,Shoat,1457.8,5
13866,4348066,tarrigan,1457.7,5
13867,1640788,Special K,1457.7,2
13868,1082920,KML | electrode,1457.7,8
13869,2455865,Agua,1457.7,214
13870,5456483,Spookier518,1457.7,2
13871,184112,LR | Brad,1457.7,7
13872,2526200,TPA | Venikki,1457.7,4
13873,2373488,ThatOneHermit,1457.6,4
13874,3478253,LNE Megalodons,1457.6,2
13875,2067535,SHU | quackatak,1457.6,6
13876,4823448,789,1457.6,2
13877,1588019,BART,1457.6,5
13878,2787231,MOB | Celcha,1457.6,7
13879,3415586,DGI_Twist,1457.5,3
13880,4148242,MOB | Bobo,1457.5,2
13881,3029296,fg / DC3 | Mikey!,1457.5,6
13882,3229247,whysosirious / Yuurei,1457.4,11
13883,840569,EnviableAce,1457.4,3
13884,3450065,Wannabe Squid,1457.3,4
13885,5443830,GGG | Nebula,1457.3,3
13886,1256236,felix,1457.3,12
13887,490588,Paulo,1457.2,14
13888,692033,Tanooki Dave,1457.2,3
13889,1965894,godpartikle,1457.1,3
13890,2997117,HPixels,1457.1,3
13891,2411850,SDR | SSC | Fox Mayor,1457.1,3
13892,1241637,Moonlight,1457.1,2
13893,2495516,CringeBaby,1457.1,5
13894,4799280,Baithoven,1457.0,5
13895,5056757,Shirou,1457.0,3
13896,5331849,Folk_Valley,1457.0,3
13897,2929199,oddeyes,1457.0,82
13898,5082134,hisao,1456.9,3
13899,70443,TaDavidID,1456.9,2
13900,5208172,4SW | SASS-CHAN,1456.9,4
13901,5083240,Titan,1456.9,2
13902,3098383,CL3,1456.9,2
13903,4630665,CUNYBC | Milk,1456.8,3
13904,3147680,Yolo!,1456.8,10
13905,1422826,Darcy,1456.8,2
13906,1218925,Spant,1456.8,4
13907,5212230,Chamezz,1456.8,5
13908,5505023,RADIO!,1456.7,3
13909,5528998,law,1456.7,2
13910,4177848,DC3 | 10マイル,1456.7,2
13911,5310632,AT | AbyssalThunder,1456.5,3
13912,160474,WinterShorts,1456.5,10
13913,1309914,Valis / Lil_Ernie,1456.4,4
13914,1159658,Toogis,1456.4,33
13915,1742591,Toni Flamboni,1456.4,12
13916,4375099,[EF] | 62t62t62t,1456.3,2
13917,1642464,PADB,1456.3,2
13918,2241463,Smasher,1456.3,6
13919,2017089,Gurt Yobain,1456.3,7
13920,5166427,Ilya,1456.3,5
13921,5332676,Animage,1456.2,3
13922,1477968,CiG | Tyranno,1456.2,3
13923,4327832,Nasa,1456.2,3
13924,5509416,silver,1456.1,2
13925,5487421,Beans82,1456.1,3
13926,4203924,Shoe / JODAPRO,1456.1,3
13927,1536348,MONKE | Limerick,1456.1,5
13928,1855283,C.Y. / laramie,1456.0,3
13929,1537942,spacebrogabe,1456.0,3
13930,3597190,UmbraLimit | Serenade!,1455.9,8
13931,402419,BCe | Galactic Papi,1455.9,7
13932,1069426,loganpitt,1455.9,3
13933,1376695,Staples,1455.8,3
13934,2847784,DandyMan,1455.8,3
13935,1468631,PU | AstroBoost,1455.7,3
13936,2733850,Denkou331,1455.7,3
13937,1036122,KDE | Koopai_,1455.7,123
13938,2740580,MunchyGordita,1455.7,3
13939,1788496,DVNT | L.A.W,1455.6,9
13940,4541213,BTE | Poyocookies!,1455.6,3
13941,5409670,Almost,1455.6,4
13942,3756570,Mr. Torchon,1455.6,5
13943,5228680,JPN | KurtSwitch,1455.5,2
13944,1440849,ODSY | Tharpy,1455.5,7
13945,2941552,brow,1455.4,3
13946,2496625,URI | DYL,1455.4,83
13947,3386584,QTN | Mr. President,1455.4,6
13948,1319155,gubby,1455.4,10
13949,4563701,Ew | Egasp,1455.4,7
13950,3632321,Asher,1455.4,3
13951,1526577,Floptimal,1455.3,2
13952,2277682,Roselia | Hinotori,1455.3,3
13953,3825693,RedKetchup,1455.2,5
13954,4929453,goomie,1455.1,2
13955,4563999,FarmerNoodle,1455.1,3
13956,3512078,Samurai,1455.1,3
13957,489313,(Pyresho) | Mellow,1454.9,6
13958,2798443,Purp,1454.9,2
13959,2245731,Vorhees,1454.9,14
13960,3465663,upsets.gg | Chair,1454.9,3
13961,1754459,TAMIU | Orange120,1454.9,6
13962,231173,Absol is free,1454.9,5
13963,1003574,Tonystarch,1454.9,5
13964,1004590,NaNdIdDy,1454.8,9
13965,1005803,Pado,1454.8,5
13966,1754013,SLB/BH/AWF | Rudeus(mate),1454.8,5
13967,3799771,Auresco,1454.8,5
13968,428013,PTG / Big Zest,1454.7,12
13969,1689775,Shoop,1454.7,3
13970,1744356,Tony Lasagna,1454.6,3
13971,25536,Karp,1454.6,4
13972,363783,SRG | Marcanine,1454.6,2
13973,4302082,GxD | Cipher,1454.6,2
13974,1383873,RAMONE,1454.6,4
13975,2462972,BrianTheDiabetic,1454.5,4
13976,2618966,MOB | Stelter,1454.5,7
13977,2392742,Venrid,1454.5,144
13978,1023844,WiseMansGame,1454.4,2
13979,1160502,SMFN | D6,1454.4,4
13980,1285997,Tone,1454.3,3
13981,2278119,UC | sKOtchbonnet,1454.3,3
13982,869312,eof,1454.3,7
13983,1824970,KDE | Chappsticc,1454.3,396
13984,1877723,Atomicbaum,1454.2,4
13985,2669752,chapo,1454.1,4
13986,214144,Santa,1454.1,3
13987,1568546,Scourge,1454.0,5
13988,1278211,Alibaba,1454.0,6
13989,2738170,Mxrkykoi,1454.0,3
13990,22865,M6|PAG | BLACKATLAS,1454.0,2
13991,3112289,Quetzal,1454.0,4
13992,5247,FFL | Soma,1453.9,82
13993,1584880,Gidthekid,1453.9,3
13994,4007397,YTS | Absolutelynothing,1453.8,9
13995,2197178,Mage | CptSparrow,1453.8,98
13996,2772410,SubPar,1453.8,4
13997,3598945,Arcadia | Sonic,1453.7,3
13998,358315,NerdCedric,1453.5,7
13999,4884414,Yawill,1453.5,3
14000,5025169,Gael,1453.4,2
14001,157913,izanagi,1453.3,77
14002,3683175,MSU | dbfc | Chief Beef,1453.3,7
14003,1655989,SweetMayo,1453.3,4
14004,4337820,Sam G,1453.3,3
14005,3408042,The_Sperminator,1453.2,7
14006,2348605,GUMP2 | Eleven,1453.2,14
14007,5432834,Pengu,1453.2,2
14008,3703506,OB | Slurps,1453.1,5
14009,4783213,Planman0,1453.1,5
14010,2330748,Lizard,1453.1,2
14011,3808786,Chud Maxing Mexican,1453.0,2
14012,3799128,Birch,1453.0,5
14013,4754790,ryyyan,1452.9,4
14014,3063803,Sunset,1452.9,4
14015,1041019,HC | Esmyr,1452.8,11
14016,2264877,Lockhart,1452.8,114
14017,390090,Δ&Λ | Lucent εχΘ,1452.8,3
14018,2694823,Hugg1es,1452.7,16
14019,3661688,Ryhnoo-,1452.7,3
14020,3392105,No tag,1452.6,5
14021,2585770,LEYC | Squines,1452.6,3
14022,5066658,DRIBBZ,1452.5,15
14023,1518356,ΣΘΤ | Resident,1452.4,4
14024,5306024,The Halo Princess,1452.4,3
14025,978405,Ikana,1452.3,4
14026,414495,Spins | Unshorn,1452.3,385
14027,3799103,Drilago,1452.2,5
14028,4937913,Andres :3,1452.2,3
14029,3215396,ECSU | Labyrinth,1452.2,9
14030,1211230,Pistachio,1452.1,5
14031,3127478,GradientAscent,1452.1,5
14032,1213302,Skilled Roy,1452.1,4
14033,3779572,Mii221,1452.1,3
14034,3038753,HomeFries,1452.1,5
14035,3041475,Peter,1452.0,3
14036,2129082,Zackman,1452.0,3
14037,2937966,Misha,1451.9,3
14038,2817632,c!? | crisis,1451.9,6
14039,158364,PsychoPat / TheStrangerOnTheInternet,1451.9,8
14040,5008010,LTU | Funkymonkey_1515,1451.8,2
14041,3942067,SwagLakitu,1451.8,8
14042,2413351,UMD | King,1451.8,13
14043,2653108,Dandy,1451.8,4
14044,2162564,CreamedLad,1451.7,5
14045,2429006,littlecow,1451.7,9
14046,2552891,DatBoiNikku,1451.7,5
14047,2162290,MG1,1451.7,3
14048,4192713,Jon Wolfe,1451.3,76
14049,3388699,Javi,1451.3,5
14050,4906784,Dao,1451.3,5
14051,1034801,DEWM | Hailfire,1451.3,347
14052,2436705,New Phone | Gamerguydood,1451.2,4
14053,3630185,Pepsi Man,1451.2,4
14054,3579712,BER,1451.2,4
14055,917917,1MS | Rei,1451.2,7
14056,39642,SI | Ojwaddler,1451.1,7
14057,1588085,SuperSweet,1451.0,4
14058,4122237,mr. chef,1450.9,4
14059,1383891,Narwhal,1450.9,4
14060,1480367,contraband,1450.9,4
14061,35556,D3_Will,1450.9,8
14062,1045056,arvent,1450.9,3
14063,3667425,baychi,1450.8,3
14064,5146060,LT | Discoman,1450.7,6
14065,1005182,slap | SnuggleWorm,1450.7,49
14066,22952,Tarn,1450.6,3
14067,1887775,RapMonster / Amused?!,1450.6,10
14068,1210502,iLuvJesus | Bulbasir,1450.5,5
14069,4788041,br1ght(A),1450.4,9
14070,4994872,Spaghider,1450.4,4
14071,1826835,BTY | Zarberian,1450.4,5
14072,5344969,ethan,1450.3,2
14073,144157,CGCTCP | Noose,1450.3,4
14074,4407792,The King of Evil,1450.2,3
14075,3477839,SirXyonder,1450.2,10
14076,5511823,Gurple death,1450.2,3
14077,3079594,Dead Calm,1450.0,27
14078,5140629,Yya | Skyguy123,1449.9,4
14079,4417134,UC | lil' ploppy,1449.9,4
14080,5235378,BTE/SR | KIRBOCAT,1449.9,9
14081,325777,MOB | COLD,1449.8,239
14082,3378257,Birdman,1449.8,4
14083,1797793,Dredawg,1449.6,5
14084,5194596,joob,1449.6,3
14085,171152,ZooK,1449.5,3
14086,5440373,Flimmy,1449.5,4
14087,5132238,Alicate,1449.5,4
14088,2436324,APFalcon,1449.3,4
14089,1334807,KOPA,1449.1,74
14090,4618628,Cake/GGFC | Homunculus,1449.1,8
14091,3510360,Sumner,1449.1,6
14092,156844,Gloves,1449.0,3
14093,1377337,Ernie,1448.9,3
14094,4341096,JAVI,1448.9,6
14095,273323,kennay!,1448.9,4
14096,1891424,<>< | The Notorious D.U.Q.,1448.8,5
14097,4630235,Lil Dood | Strænger,1448.7,4
14098,1584904,Jimbo Shrimp,1448.6,10
14099,5498281,ZASE | Dr.GitGud,1448.5,4
14100,344679,ΘF | Ginja,1448.5,160
14101,2731822,Ansd,1448.4,6
14102,4486873,memer,1448.3,4
14103,1465414,ANT3,1448.3,5
14104,2634157,POP | SparkSkill,1448.3,157
14105,266521,Lynx,1448.3,6
14106,315515,2%,1448.3,3
14107,4039599,Anonymous,1448.3,5
14108,173609,MHM | Cyro X,1448.2,9
14109,1462092,IRON GRD | Kaido,1448.2,4
14110,2205732,BCe | Riften,1448.2,12
14111,4691454,loomer | ali,1448.2,10
14112,3474734,UC | sopps,1448.2,8
14113,4314058,UNCG | LuiCrack21,1448.1,5
14114,146240,My Wallet | Supah,1448.1,13
14115,2933000,Fantasy,1448.0,76
14116,4609328,#1 Idate fan | Jaydent,1448.0,2
14117,3915886,iStorable,1448.0,5
14118,1947521,Tommytamsworth,1448.0,7
14119,1007420,KyleTM,1447.9,185
14120,5396192,Dante,1447.9,2
14121,2174205,Iftach,1447.8,5
14122,3622068,MSU | RDOT,1447.7,97
14123,1042501,bobz,1447.6,5
14124,5214225,LOTG | bobbyd0g,1447.5,4
14125,3914112,ELG | Jusmeezy,1447.5,6
14126,3848914,Press,1447.4,4
14127,4136832,Laingdon | Spicy Bird,1447.4,4
14128,1135293,GenerationGame,1447.3,5
14129,2426018,987 | Bulbo,1447.3,4
14130,5137444,SSS | The Beast,1447.0,3
14131,1856959,Gibbydorf,1447.0,6
14132,1074241,DE | Pop,1446.9,6
14133,3910823,SD | Luffy,1446.9,3
14134,2982200,Kyoma(A),1446.9,75
14135,3315641,Team red | Ajred,1446.8,75
14136,5342226,whysosirious,1446.8,4
14137,3190701,Trickerii,1446.7,3
14138,3125903,Death Lord,1446.7,8
14139,1277941,Hollow,1446.6,6
14140,4071035,Varks,1446.6,5
14141,683993,CPU_1 / Mr. Patch,1446.6,5
14142,28594,RVW,1446.6,85
14143,3892509,george,1446.6,4
14144,5004689,Ginger92,1446.6,6
14145,3122783,Deestroy,1446.6,4
14146,1349104,CastleBx,1446.4,4
14147,1239987,Determined,1446.4,5
14148,1587188,[REDACTED],1446.4,33
14149,253366,Aanubis,1446.3,3
14150,1020415,Jake the Snake,1446.3,13
14151,3721870,O2TheScientist,1446.3,3
14152,3000429,PVTA | Gregory Tingus,1446.2,13
14153,4819061,Sir chedda,1446.1,4
14154,3308346,DMPSTR | RaffyTaffy,1446.1,7
14155,1196586,MC,1446.1,4
14156,1663971,Mr. | Grayagi,1446.0,7
14157,160229,innoxia,1446.0,96
14158,797138,IHasChins,1446.0,3
14159,4381780,Edge,1446.0,4
14160,2823354,Goke | Valis,1445.9,6
14161,1125757,Maegenta,1445.9,4
14162,2432455,GoldHawk,1445.9,4
14163,5167084,Galaxia,1445.9,3
14164,982874,Filthyy,1445.7,3
14165,3591799,jacob,1445.5,4
14166,1633577,Matt Da Cheetos,1445.5,3
14167,3952279,WP | Zenko,1445.5,4
14168,2606469,BB24 | Sh1ro,1445.4,3
14169,2336833,Hollow,1445.3,8
14170,2993682,voorhese,1445.3,4
14171,1842329,CrossingxFate,1445.3,4
14172,2998301,凱 | Kaai,1445.2,9
14173,4614255,dbfc | Red Rocket,1445.1,6
14174,594813,Mamox,1445.1,8
14175,1006204,Lunarnaut,1445.0,3
14176,3867660,CP | SSC | PenetaX,1444.8,7
14177,3634128,DW | LuigiDood,1444.8,11
14178,1230827,ENC | LATORR,1444.8,7
14179,4473956,Tam,1444.6,3
14180,1005821,Sage678,1444.5,8
14181,1210160,PalmFire,1444.5,80
14182,4549974,Mumaki78,1444.4,3
14183,2265536,Tao,1444.3,3
14184,3640379,saltfries,1444.3,8
14185,2141410,AHRC | Aminayski,1444.3,148
14186,928114,SHED | guarő,1444.1,10
14187,3185903,ÑFC/BH/SR | Dr. Diego,1444.0,5
14188,2692540,Mustard | DrMegaSteve,1444.0,3
14189,1091078,Q-Tips,1444.0,4
14190,4514351,TrueKanta,1443.9,4
14191,370640,Alex,1443.9,4
14192,3992539,Arcane,1443.7,3
14193,4441990,SuperStuyBros. | Eth123,1443.7,6
14194,158745,Th3italianpanda,1443.6,5
14195,4431527,FP INFORMÁTICA | Daniel xd,1443.6,3
14196,2131824,Silver,1443.6,3
14197,379735,Lancer47,1443.6,4
14198,4169800,lynxcero,1443.6,4
14199,2932518,Ash,1443.6,3
14200,12207,:thinking:,1443.5,11
14201,999550,Tarbox,1443.4,6
14202,3863224,Kev,1443.4,4
14203,5504128,Elitrealessence,1443.3,4
14204,3103316,hulk hogan,1443.2,7
14205,172699,JamesB,1443.2,127
14206,2089299,Malyssious,1443.0,5
14207,3999655,UIR | esp1,1442.9,6
14208,4130068,DreamOn|KROS | RJ,1442.7,5
14209,279507,Monty,1442.6,5
14210,3619893,pizzu,1442.5,8
14211,1437075,Phoenix / B,1442.4,10
14212,4510032,OG | MariozFigs (B),1442.4,10
14213,1797070,fanTaSea91,1442.4,4
14214,55936,AbsoLucian,1442.3,4
14215,1444457,GL | Karnage,1442.3,18
14216,256527,Pawnchan,1442.2,36
14217,5235525,WHS | ZickGooner49,1442.1,3
14218,3799115,Orion,1442.1,4
14219,2266201,I love Mikochi | Turbo110,1442.0,5
14220,1810768,SBD,1442.0,9
14221,1836944,MGaming,1442.0,7
14222,1033595,even,1441.9,9
14223,1451778,Hydro,1441.9,4
14224,2359746,GirlBoss,1441.9,4
14225,1514568,longshot,1441.8,3
14226,148884,Sice,1441.8,3
14227,227746,CLAMP,1441.7,5
14228,3989839,Mr.GetOwned,1441.7,4
14229,4091344,Life1 | Sunlight!,1441.6,4
14230,3216222,Cou / Fourbular,1441.6,6
14231,3576644,Kyle_9,1441.6,5
14232,1466203,Imanjoneser,1441.5,4
14233,4449717,LC | Twilight Slayer,1441.5,4
14234,3759410,Moonbeam,1441.3,15
14235,1580796,Señor,1441.3,106
14236,1005485,TMA | PANDA,1441.3,8
14237,4665696,blip,1441.2,3
14238,3498012,hani,1441.1,9
14239,5532492,BerrysNCream,1441.0,5
14240,3799109,Rose,1441.0,4
14241,2553675,Rider | poncho,1440.9,4
14242,996777,Pichuvan,1440.9,11
14243,2421435,UMBC | Odisi,1440.8,5
14244,3748160,IND | ISheika Zubac,1440.7,3
14245,5478363,thuang14,1440.7,12
14246,3655214,George,1440.6,4
14247,5468790,Nickxsk,1440.4,4
14248,2074159,SBU || CB | Chudliest Catch,1440.4,110
14249,5350783,nioskee,1440.3,3
14250,1052746,Tae,1440.2,5
14251,4733118,YF21,1440.1,5
14252,4618201,ButsFromGerserk,1440.0,4
14253,2399759,GanondorfPlays,1439.9,4
14254,1003237,Turbo,1439.6,4
14255,3683989,qwerty,1439.6,4
14256,1603236,Neku (B),1439.3,17
14257,1465623,MANONDORF,1439.3,9
14258,3949483,ODA LVL | Blucket,1439.2,5
14259,2268895,Cameroon,1439.1,5
14260,3799113,Infernape,1438.9,4
14261,3799090,SteR ThA KiiD,1438.9,4
14262,1005937,Gayok,1438.9,4
14263,1281880,Vixxterity,1438.8,8
14264,1544557,G00GL3,1438.8,4
14265,3238251,Omen | Astralis,1438.7,4
14266,4230799,woofie,1438.7,11
14267,3759411,MoistMayo,1438.6,11
14268,3043091,N/a | Man on Fire,1438.6,26
14269,1320481,The Wicked Weiner,1438.6,8
14270,2699937,WALLBREAKR / G_Locker,1438.5,5
14271,4317801,천사 | Seraphim,1438.5,9
14272,3723364,kev,1438.5,4
14273,2431727,TheTrashMaster,1438.4,4
14274,157352,SYE | The Real Mr. M,1438.3,9
14275,1026262,MORN | Mistfern,1438.2,90
14276,2553828,Loam | Benanator876,1438.2,7
14277,2462311,UG | Uchiegoochie,1438.1,4
14278,5004512,JaysPT,1438.1,11
14279,2090717,John Fortnite,1438.0,6
14280,1807403,Ace,1437.8,12
14281,2972388,Saturn,1437.5,4
14282,398064,Aidn,1437.4,78
14283,4531433,Edgyninja,1437.4,8
14284,3876976,BigRumbus / Kampei,1437.4,11
14285,1884519,Angel,1437.4,7
14286,289985,Jack | Arcos,1437.2,14
14287,2670225,Kookas,1437.1,4
14288,4958979,NINE SOL!,1437.0,6
14289,1954010,toad (B),1436.7,321
14290,3041666,Buke,1436.7,101
14291,1000579,Pqndaa,1436.7,4
14292,1053638,PVG | Kendriin,1436.7,14
14293,3804746,YoshiAwesum,1436.6,22
14294,4910697,Akbros | A-Crack,1436.1,4
14295,5325982,ArcAPK,1436.1,4
14296,50963,tickletoe420 / EnbyFish,1436.1,125
14297,2997758,MeNsCh,1436.1,83
14298,2251188,break_a_leg,1436.0,9
14299,920328,Cheech,1436.0,319
14300,3387641,Canonball!,1435.8,20
14301,342327,Heirophant,1435.7,6
14302,3149366,Sr Chef,1435.5,7
14303,5150016,WP | Zenko,1435.5,13
14304,2142882,FibX,1435.4,76
14305,3569548,ACHOO! | Fall,1435.3,11
14306,4922506,joueur,1435.3,5
14307,969118,UC | jaruca,1435.2,7
14308,3769247,cashew,1435.1,10
14309,1456448,LilBulb,1435.0,7
14310,935995,DayRa,1434.9,14
14311,2936084,.wav | Jsé (B),1434.9,27
14312,2925460,Wiimote,1434.6,10
14313,68072,Paradox,1434.6,10
14314,1058827,Drake?!,1434.6,4
14315,1345584,BUG | DirtyMilkHunter96,1434.5,9
14316,66840,YE | Showkase,1434.5,47
14317,5308415,CHDRR,1434.4,4
14318,1754875,FSC | Lavolon,1434.4,5
14319,1536781,DMD/Cozy/BHAUS | HenArten,1434.4,6
14320,2810972,SBU | hibanaii,1434.3,7
14321,1582158,AUSTI,1434.3,12
14322,2442392,Laingdon | Magnesium Fire,1434.2,7
14323,3606821,EPT | JELIJE,1434.2,5
14324,3619457,Wilkes | CheeseToast,1433.9,5
14325,2046992,Ben_SSB,1433.9,9
14326,1099464,Bomb Squad NYC | Akihisa Suficientemente,1433.6,5
14327,1389904,Bandit,1433.6,5
14328,5138453,Xan,1433.4,4
14329,3899270,Solar4Eva,1433.4,10
14330,1348744,Fizzy~!,1433.3,4
14331,1240860,CG9,1433.2,5
14332,4451332,KOR | Aslice133,1433.2,5
14333,1137378,Bizcocho,1433.0,45
14334,3178398,BTBest | Crisis,1433.0,8
14335,3518311,Skye,1432.5,7
14336,317717,Dancer,1432.5,4
14337,666023,WaVeYbAbY845,1432.4,4
14338,1153961,TTV | DanTheEnigma,1432.3,24
14339,1894408,Emzy,1432.2,7
14340,4934787,Lord Santo,1432.1,5
14341,999767,gort | Wumbosaurus,1431.8,4
14342,156500,Elito,1431.8,4
14343,3436214,Gmx,1431.7,18
14344,940439,Croquetto,1431.6,7
14345,1724797,WS | fammydamammy,1431.6,10
14346,768377,Adrian,1431.5,82
14347,1005221,Woof,1431.4,84
14348,4990814,Reaper01,1431.4,4
14349,5140276,:3 | Aether,1431.3,4
14350,4380618,Aether,1431.2,4
14351,2218224,Swagger no Swagging,1431.0,7
14352,212399,KML | aaron,1430.9,7
14353,4082525,NeoPhantazus,1430.8,6
14354,127977,GOOM | Tufukins,1430.8,5
14355,3432992,Earl,1430.8,4
14356,4465414,N25>.< | MikuMikuBeam>-<,1430.5,83
14357,2750451,FSC | 1965 Ford Transit,1430.5,108
14358,1224158,Joker,1430.3,5
14359,4760933,Tastyburger | Dunnzy!,1430.3,8
14360,4922523,Mungo,1430.2,4
14361,245235,sabotage,1430.2,5
14362,5487444,AlfaFang,1430.2,4
14363,3923750,HLW | WAHOOOO!!!,1430.2,8
14364,2124806,Punkid667,1430.1,8
14365,5429619,Nintunde,1430.0,7
14366,1008360,Quinnipiac Team B,1429.8,7
14367,4112326,eclipse,1429.6,8
14368,2281076,FadedXI,1429.6,5
14369,2908736,MOB | Auresco,1429.5,22
14370,5441751,Kros | Grim,1429.5,5
14371,4440449,GreenKingFisher,1429.5,19
14372,1453452,Im | Evil Davo,1429.5,89
14373,1980123,Kaz | Ace,1429.4,9
14374,645277,therealeli,1429.3,9
14375,3318307,PP | Bebopbobep69,1429.3,4
14376,2199318,fflord,1429.1,4
14377,5089716,Blalex,1429.1,5
14378,3735166,Knowa,1429.1,6
14379,1405055,jacqinora,1428.9,6
14380,3409948,UC | Harmonic,1428.8,7
14381,5456918,RickTheDoorTechnician,1428.7,6
14382,5487534,Joker,1428.6,5
14383,2646283,Nova,1428.5,6
14384,3121363,King Midas,1428.5,7
14385,5341035,Slaughter,1428.3,8
14386,4608470,Sphinx,1428.3,6
14387,129886,MiST | Kayuga,1428.2,4
14388,5516005,LEI10,1428.1,5
14389,4917246,YeetGod,1428.0,4
14390,4041315,RyanTFR,1428.0,4
14391,3049162,AWater22,1427.8,7
14392,2954589,snow krow,1427.6,9
14393,4681049,GutBustr,1427.4,127
14394,5444740,Paulamu,1427.2,6
14395,4561179,Cosmo A,1427.2,4
14396,1604832,AFG | Xobell,1427.0,7
14397,2537818,tymo(B),1426.8,17
14398,517804,Creestab | Discord Game Tester,1426.6,6
14399,1224282,Daddy,1426.5,5
14400,355046,NH | UberCheesecake,1426.4,5
14401,3285615,UNH | 8 Bit Steve,1426.2,7
14402,4924179,Metabean75,1426.2,4
14403,1423742,ZASE GOAT | Raynbow,1426.0,10
14404,336091,Jnewbs,1426.0,10
14405,2570942,SBU | Sal,1425.8,6
14406,4088120,BeanieBoba,1425.8,7
14407,968495,Volcanic Rave,1425.8,15
14408,2271553,SSS | Kona,1425.7,10
14409,1723443,JBergs,1425.6,82
14410,1193981,WFF | Minty,1425.2,91
14411,3627592,spork (A),1425.1,5
14412,314123,Mayor Marc,1425.0,75
14413,5521283,One | Carpet,1424.9,4
14414,5011824,jmadluck,1424.8,4
14415,1033756,Moofs,1424.7,5
14416,3024420,K.O.G.,1424.5,87
14417,741492,Jay,1424.5,75
14418,2693674,oRion,1424.3,5
14419,4953141,Corvus,1423.9,6
14420,5191787,Hazz | TTVHazzan_faour,1423.7,5
14421,1973650,texas_7_drw,1423.3,5
14422,4166621,Cup,1423.0,7
14423,1471662,Carmel,1422.8,7
14424,2649169,C,1422.6,8
14425,2496977,Sampai,1422.6,79
14426,1207937,MHM | Snivy,1422.5,8
14427,4049237,JayNY,1422.1,5
14428,2643052,GIANT | DJnutz,1422.0,5
14429,1093927,Notorious D.U.Q.,1422.0,7
14430,5181029,Pepe,1421.9,11
14431,3762354,MUDITA | SICK ASS IGUANA,1421.6,10
14432,952373,ENC | Soto,1421.4,77
14433,4239069,TXC | Seek,1421.3,11
14434,1845151,MT | Eclair,1421.3,8
14435,2684284,ADJ|Wilsports | Bounce,1421.2,13
14436,4724812,NENO | ExVee,1421.2,11
14437,1786810,Zander,1421.2,6
14438,4598998,FF | HWhirter,1421.1,8
14439,1108477,GBurg | Slytle,1420.9,10
14440,1018822,Rockin Jr.,1420.9,74
14441,3544027,Dao,1420.9,4
14442,331723,Dadvon,1420.8,8
14443,2958007,gratreedi,1420.2,6
14444,1119020,SMFN | Frank,1420.1,13
14445,1186149,Syn! | Ethan,1420.1,13
14446,3349086,EVG | AKUMARD,1419.9,73
14447,5195480,PPP | Lavender,1419.9,22
14448,2093234,poo | Doi,1419.8,100
14449,3631010,Izunia,1419.6,13
14450,157232,Kev,1419.5,7
14451,5083318,Maximus Ridonculus,1419.1,4
14452,4946924,Pekka Gamer,1419.0,9
14453,3158975,Ketsui,1419.0,22
14454,4659979,ScurpDurgen,1419.0,4
14455,2354083,Funky Monkey,1419.0,5
14456,4983676,AnyRandomPerson,1418.9,5
14457,1125434,TB | Xavier,1418.7,7
14458,1731362,AWG | Hybridomega,1418.6,14
14459,2609146,THE BOIS | Imapotato,1418.4,142
14460,228239,Jun,1418.3,85
14461,5498325,omggkawaiiangel (A),1418.2,8
14462,2598045,Menbow/めんぼぉ,1418.2,90
14463,2009058,131 | organic,1418.2,86
14464,4641243,Hatethisgame: | Mr.Bobert,1418.0,5
14465,2084268,SBU | Griever,1418.0,99
14466,3408716,qwimm,1417.6,38
14467,3125267,ZASE | DDDeez,1417.6,13
14468,3686579,Antslayer01,1417.5,6
14469,1114214,PANDA,1417.4,6
14470,4949479,BigRumbus,1417.3,8
14471,1588491,sap.,1417.1,88
14472,2659460,Cap Joker | Cap Aigis,1417.0,4
14473,5246632,Mezcal,1417.0,8
14474,796048,ENC | Drilago,1416.9,1225
14475,5249345,SphealingIt22,1416.7,10
14476,1038452,Wilsports Alex | Forseti,1416.2,12
14477,3014006,CFF | Professor,1416.1,7
14478,46551,MOB | Relic Song,1416.1,417
14479,2690038,Cipher,1416.1,9
14480,3166306,wlw | blep,1415.8,80
14481,5174318,Chambaisthe1,1415.7,6
14482,391424,Strong,1415.5,5
14483,812513,SBU | Luckky,1415.3,126
14484,2423405,ICy,1414.7,9
14485,3614853,REV | Lightning,1414.2,12
14486,2525178,LinkMain,1414.2,9
14487,4993771,Thug | DaBronxBully,1413.6,4
14488,4022843,MHV | Mxtz,1413.2,8
14489,3377531,John D. | Rockefeller,1412.8,11
14490,4149565,SeaneBuns,1412.7,6
14491,4271847,AUD | Nebula,1412.2,9
14492,5092856,THE POOL,1412.1,7
14493,5475912,theswitchbricker,1412.0,6
14494,2695078,The Lash,1412.0,14
14495,1005770,Spooncan,1411.7,9
14496,5460061,F_nr1r,1411.7,42
14497,3394106,Poolin,1411.3,10
14498,4340471,Erronn | softyy,1411.1,5
14499,3932471,cl3,1411.0,6
14500,4363416,big joe09 fan | MrNubslair,1410.9,10
14501,573466,WC gaming | | User,1410.9,559
14502,3833508,Dae!,1410.6,6
14503,4566783,Altar,1410.6,10
14504,1000565,Kumakage,1410.5,54
14505,144195,mTx | MOB | SteR ThA KiiD,1410.5,1159
14506,467958,CTG | MMG+ | Cheara,1410.4,93
14507,4936278,SAMBA,1410.3,10
14508,57017,Tiki,1410.1,23
14509,5129657,swaglucy,1409.7,11
14510,1464882,Metal,1409.7,7
14511,2047806,ZASE | kenzi,1409.4,10
14512,1782790,agony,1409.1,6
14513,147824,TSG | Mr.L,1409.0,87
14514,4317739,AM,1408.7,5
14515,1451810,Soraforsmashh,1408.5,6
14516,952370,ENC | B1ggyCh33s3,1408.4,6
14517,184077,UC | Mayyro,1407.8,95
14518,2054522,UC | TKE | Wilsondo,1407.6,12
14519,2083546,Awesometems,1407.6,8
14520,391283,AWG | Silver X,1407.3,99
14521,1286732,mN,1407.1,13
14522,1004221,WeirdGuy,1406.9,8
14523,2371795,DZN | Sussy Imposter Pants,1406.8,7
14524,955105,IamLuffytv,1406.4,82
14525,2744568,SCB | HeroXD,1406.1,7
14526,3220598,Mad | Hatterchini,1405.3,6
14527,1371493,RaS | | blqzd,1405.1,47
14528,1756408,PB | Yhamer34,1405.0,11
14529,3690720,Chrono,1405.0,10
14530,328872,3.0,1404.3,11
14531,1800324,UF | Lycan,1404.2,8
14532,1444992,GaR | BANZOOO,1404.1,12
14533,5518866,ZASE | ZBosGaming,1403.4,5
14534,416640,Gawmer,1403.1,10
14535,3311926,LemaRequiem77,1403.0,6
14536,1420773,MacSmitty,1402.9,79
14537,147852,TSG | Manie,1402.5,47
14538,5185569,OIKDrx,1402.4,9
14539,4190699,smallblock,1402.3,9
14540,682118,Koolaid,1402.2,5
14541,3636465,NP | BlueCorp,1401.9,11
14542,1886939,Vorhees,1401.9,9
14543,4443888,jellydonut,1401.4,8
14544,3207377,MHM | jac238,1401.2,5
14545,2910757,Zach,1400.9,16
14546,323850,Lare-Bear,1400.8,6
14547,1702281,Bell Gargoyle | abqed,1400.3,6
14548,3988343,Cove | B Dawgg,1400.1,13
14549,2473421,SwissWriter (B),1399.7,143
14550,3738477,Carbonated_soup!!!,1399.2,10
14551,1459868,Re: VexZan,1399.1,132
14552,2273336,RSS | 17,1398.8,11
14553,1581939,:3 | Sigma Nine-Set,1398.5,17
14554,22867,EON | ClueLess,1398.4,83
14555,2553881,MG | Abs0lution,1398.4,22
14556,5469785,Fat & $wag,1398.3,8
14557,3616808,LOON | MaLi,1398.3,7
14558,1032169,Shin-P,1398.2,77
14559,1401608,section8stray,1397.7,78
14560,2705483,ChickenDog,1397.2,7
14561,3699680,JUICY23,1397.0,12
14562,4261774,Dome,1396.8,7
14563,4298203,WasabiGuy,1396.7,21
14564,3101298,NP | jaymo,1396.5,178
14565,2890513,Blair,1396.3,106
14566,4313095,Bell | The Reverend,1395.6,12
14567,48735,FzP | JTPROG,1395.6,12
14568,2463396,ZAP,1395.2,8
14569,1996784,Nemi,1395.1,7
14570,1593729,SwimTank | MOB | the drink,1395.0,928
14571,3679006,PS | DED | Elite_DRIFT,1394.9,12
14572,5471435,ColaBriss,1394.9,8
14573,2075292,TCS | Hijanks,1394.2,9
14574,2651174,BLOOM | NOBODY WINS BUT I!!!,1394.1,17
14575,4402011,SUBTO | Mario_LC,1394.1,8
14576,4608792,L3th4L,1394.1,8
14577,3720538,_Rift_,1393.8,14
14578,3049870,SparxTreat,1392.5,84
14579,1520007,Bahoochie,1392.4,15
14580,3991626,Aurafistkaz,1391.2,15
14581,2396760,SBU | Demon Mode,1390.7,127
14582,4970864,Greenguy22,1390.6,9
14583,3204847,Jimmy Dice,1389.7,11
14584,2740140,SsusS | WayLaY,1389.6,7
14585,1669700,Goldsmith,1389.6,166
14586,2414864,TekkNick,1389.6,27
14587,3534025,OTE | Khaonika,1389.0,85
14588,709923,SBU | JetFire,1388.8,120
14589,4117559,robo (B),1388.5,9
14590,182145,Javi,1388.5,32
14591,1444855,SPF 69,1388.2,81
14592,1901768,GayyyBowser,1387.7,21
14593,3381604,No T.,1387.5,96
14594,3841519,Hat | Hatterchini,1386.9,17
14595,2444715,omar,1386.7,75
14596,18685,JLo,1386.5,91
14597,1883543,The retired | Spurple IV,1385.9,74
14598,4346501,naonao,1385.6,13
14599,129976,C2F | Tarzan,1385.4,99
14600,1063778,sky,1384.8,88
14601,1255588,Tyland,1384.8,13
14602,171958,VoltFlair,1384.7,8
14603,5336297,ArcEdge,1384.6,8
14604,1046645,kPham [A],1384.4,18
14605,213567,Asher,1384.3,304
14606,1618520,fluff,1384.1,12
14607,822534,CC | Vetta,1383.6,214
14608,1659305,MC | Ryzoluca,1383.0,57
14609,3026182,Fish Noises | Polar Bear,1381.4,11
14610,3471609,WOKE 2 | justrailly,1381.1,143
14611,3852093,Lenny | Goat,1381.1,29
14612,5469794,Impaler_the_Vlad,1380.6,12
14613,2919051,PES,1380.6,9
14614,5383240,hreed,1380.3,13
14615,1522320,PaulGaming | Flora,1379.3,11
14616,5137219,TheTrueSmug,1379.2,8
14617,2693691,MC | Creative,1379.0,8
14618,1723671,dbfc | Caelifera,1378.8,88
14619,4614432,haste,1378.8,24
14620,2157002,Multi,1378.3,15
14621,4408383,Aide,1377.2,9
14622,1595369,ShockDunes,1377.1,77
14623,3226555,ODA LVL | Systembrace,1376.9,8
14624,5225722,UG Eli,1376.4,11
14625,541675,silly | Togie,1375.6,86
14626,2528169,Kisukoa,1375.2,14
14627,3996996,AWOKEN. | Quilt,1374.8,19
14628,2160906,ECN,1373.5,29
14629,1431747,JWW,1373.5,9
14630,41440,Master J.J.,1373.3,149
14631,1833944,DD | Pawnchan,1373.1,10
14632,711721,Dreagune,1372.9,504
14633,2705447,MOB | swiftniko,1372.8,460
14634,4944635,NP | Ronox,1372.6,19
14635,358960,USAE | inf.escape,1372.4,88
14636,3500237,Gmx,1372.3,87
14637,1391703,NYU | Coelocanth,1372.0,11
14638,2290696,FF | CartwheelEgg,1371.9,24
14639,2947878,Celluba,1371.6,8
14640,5011301,SBU | Doofus,1370.6,9
14641,5406035,MAC-PAN,1370.0,7
14642,1362866,Jort Pervis,1368.9,14
14643,1085549,Judas Jackrabbit,1368.8,102
14644,2168567,GCG | DeezHands,1368.2,77
14645,691323,MMG+ | PACKNETO,1366.6,75
14646,260658,Denik,1366.2,98
14647,3045609,Riles,1365.5,13
14648,4072459,ROSE | Medli(A),1365.3,17
14649,1005484,SHU | domicron_,1365.1,41
14650,5297919,Cinosix,1365.0,19
14651,428414,XIII | JKnight,1364.9,128
14652,1004616,el tumi,1364.8,170
14653,3028947,Italian_Luigi,1364.5,86
14654,1314991,Cookies,1364.4,106
14655,3705970,IceDweller,1363.9,27
14656,1885345,Jammer,1363.3,80
14657,4345812,cstew,1363.1,34
14658,4535041,SSS | Dream Machine,1362.8,95
14659,5213449,sleepytoast,1362.7,12
14660,4708995,apinhead,1361.6,19
14661,221537,CHV | Procyon,1361.3,91
14662,971156,Unsponsored | ChefRoyardee,1360.3,67
14663,1257079,天 | Pryce,1360.1,252
14664,2095348,Flavor_Text,1359.7,10
14665,3029685,LilSushiVert,1358.9,36
14666,1640882,Rinn,1357.7,12
14667,1187453,MOB | Rap,1356.8,86
14668,1130582,mega!,1356.3,87
14669,4156469,Apricot,1355.3,86
14670,4775762,BeanSGreens4,1354.5,11
14671,15447,SRG | JKiller,1354.2,10
14672,2896387,dbfc | gObe,1353.9,91
14673,3015954,fourducks,1353.6,95
14674,1500251,CC | Bizcocho,1353.6,95
14675,1791615,B Team | Sir sKorZington,1353.2,124
14676,3118355,CheeZYBrED,1352.7,22
14677,2813171,Kit-Kate,1352.4,75
14678,2388354,AlexD,1351.9,29
14679,2163728,narramoment,1351.7,20
14680,2454608,Cj1150,1351.2,16
14681,5126587,Cherry,1350.4,60
14682,3628126,Økami,1349.5,89
14683,3798818,Flo,1348.1,137
14684,1025526,DED | mdemz,1346.7,157
14685,944712,G-Force,1346.5,77
14686,1677180,Se,1345.9,16
14687,3628174,2Hand Sosa,1344.9,17
14688,4436723,Mash,1343.8,15
14689,24211,SaltyFun,1343.6,111
14690,2423882,NAZ | RedPhantom,1343.2,13
14691,992868,SkilledRoy,1342.3,91
14692,5237678,vinny6,1340.5,14
14693,171700,Dr. Bondie (B),1339.7,89
14694,703199,No. XIV | Molotov,1338.9,76
14695,1154098,LOA5000,1338.8,81
14696,4523561,Octobro_,1338.8,55
14697,1419655,aroo,1334.7,22
14698,4157833,Deific,1333.0,75
14699,3005704,YT | Fatamus Ballamus,1332.4,89
14700,2550511,ChromaBPD,1331.6,37
14701,2451243,Blacthulhu,1331.2,83
14702,2326839,Jackbozz,1330.4,73
14703,5260467,KONICHIWA VB3 | Riblet,1329.7,13
14704,1948313,NP | woosy,1329.6,14
14705,1792906,Sourkroutt,1329.1,75
14706,2689576,Broshi,1328.1,44
14707,5013844,Roric ツ,1324.8,17
14708,1437134,Solfege,1323.2,117
14709,4423766,Nasa,1322.7,13
14710,3233229,Argonop,1320.8,20
14711,1913227,Nindo,1317.5,75
14712,987077,Chopland Sedans,1314.2,78
14713,4930421,TOKNR,1313.2,17
14714,2503807,Iona | Brick Eyes,1312.1,76
14715,2819271,hew,1311.0,100
14716,2391441,SBU | Vanilla,1309.2,76
14717,701630,MOB | P.I.E.R.C.E,1307.7,377
14718,2213920,Aura Ora!,1307.4,91
14719,1582252,ImYeah (A),1307.0,76
14720,4282118,MsMoon,1304.9,24
14721,3645517,Riles,1304.4,82
14722,1088407,Izuoh,1300.1,34
14723,2965327,B Team | Silly | Kira,1297.6,103
14724,558281,Bocaj,1297.0,17
14725,3561847,linker19,1295.5,21
14726,3178531,Cosmic,1294.5,18
14727,1464461,Julionn,1292.5,19
14728,5123555,Skillet,1292.0,62
14729,1805922,Southern,1291.7,22
14730,1704407,Farley,1291.5,27
14731,147845,TSG | M.Dre,1291.4,301
14732,1539676,Steel Legend,1290.2,24
14733,1884925,RTW | QUORTH,1289.4,100
14734,1254941,<>< | FishyBusines,1288.7,96
14735,345133,LGBT | Zhalos,1288.7,84
14736,361018,DankStep,1285.5,82
14737,3127896,Beempa Clan | Nick,1285.1,45
14738,3759548,FREE AGENT | Onyx!~,1284.9,23
14739,4997594,Furret S,1280.7,75
14740,1883748,Hanler30,1276.7,86
14741,3613127,Kaiju24,1275.3,24
14742,3210488,GTN | Smokingaces,1274.5,81
14743,3625760,MellowTreat,1273.6,92
14744,3014877,SFS|JVFIVE | SAPPHYRE,1273.0,187
14745,2345159,MOB | JUBBAJUBBA,1272.5,35
14746,260300,MOB | cba,1272.5,425
14747,4569398,Komajiro,1272.0,29
14748,250041,GODFiDENT / AscendX,1269.3,71
14749,542042,CU | Blott,1267.0,85
14750,1477426,SkilledRoy,1259.5,169
14751,156936,OG | Barry,1254.6,78
14752,1810177,HU | AquaSerenity,1252.4,96
14753,5087825,Rob,1245.1,75
14754,3984994,CHIBI,1244.7,74
14755,152312,HexagonBear,1241.8,73
14756,3419888,Queenie,1236.2,101
14757,2694799,Don Melon,1235.1,129
14758,4805782,HenryWeekends,1233.3,78
14759,2360357,NP|100Sneeds | Mr.Whale,1232.5,36
14760,5028950,GODENMON,1230.9,73
14761,1090914,GARZON,1230.3,90
14762,1814363,Vibe_Killer | Metalek,1229.5,90
14763,965274,NYStateAlchemist,1227.6,82
14764,1995168,Mussy!,1218.0,55
14765,3040400,POG | HATTERCHINI1,1212.3,80
14766,5158539,Byteof87,1210.8,78
14767,2015272,FRTN | hannahls,1206.5,88
14768,3238423,m?n | PHG/SJI | mom?gaming,1206.2,123
14769,982139,LuuvMiki,1204.2,97
14770,580964,CocoMangoCherry,1203.7,72
14771,2503726,VGLounge | SeniorMints,1201.4,76
14772,279753,MOB | crimson,1198.1,435
14773,2583406,UMSV | SEN | Frozen,1198.0,85
14774,3731849,gabendorf,1186.2,59
14775,4034196,Doctor Izunia,1175.3,83
14776,56461,HDR | Arique,1143.4,83
14777,232461,JonahZgo,1142.2,77
14778,1151820,Anoobis,1134.6,94
14779,1805042,Stromboli,1121.7,165
14780,2641542,Dancer,1079.0,106
14781,255443,KenkakuSam,1058.1,165
