rank,entrant_id,name,elo,sets_played
1,1216463,LRA | Syrup,2271.8,179
2,370802,CTG | Zomba (B),2207.2,238
3,58121,Ling,2176.4,267
4,2831089,Bubbs,2154.8,985
5,1005189,SBU | Quidd,2131.8,266
6,1972274,Raccoon | Cody,2128.6,410
7,231113,Jakal,2121.7,125
8,15768,TSM | Tweek,2111.7,84
9,171589,Akbros | SassyFlygon,2099.5,137
10,46517,Tony Pajamas,2055.5,158
11,1888506,Bruho,2054.6,51
12,2220603,FORTUNE | DWTW | Fhantum,2037.6,211
13,4650650,Meeprage,2023.2,133
14,158871,ShopifyRebels | Light,2020.1,67
15,1760115,RW | Synnister,2016.2,125
16,1769202,VL | Aquaze,2013.5,153
17,156255,Phantom,2011.8,54
18,2053872,Just Blue,2002.5,51
19,2519248,Team Vars | Free KayFlock,1998.3,1594
20,2419314,Aries,1997.1,164
21,414731,EMPIRE | PkChris,1995.2,305
22,1423851,Balls | CAT,1985.2,94
23,271875,716 | mfy.gg | Fresh,1983.7,104
24,1050386,ENC | Cee,1974.9,296
25,1212255,Interrobang,1959.4,139
26,3662307,Moist | Light,1959.0,34
27,233318,PAG AoC | Gaius,1956.0,136
28,680006,FC | Wheezer,1955.3,595
29,15889,FC | Mr. E,1953.2,359
30,1071129,Pharaoh,1948.7,89
31,415862,ENC | MOB | reed,1948.5,1358
32,241491,MOB | Myles,1946.3,1045
33,2381488,Obey Your Master,1945.5,79
34,1256099,716 | Kabayeezy,1943.2,73
35,1290320,7DaysFREE | AmericanWeeaboo,1940.5,158
36,181830,WPC | Vivi,1938.1,143
37,147246,LeoN,1937.5,50
38,2520770,CHP | Smurfposter,1936.0,150
39,919736,ZeroTwoNone,1932.7,158
40,1797847,LRA | Mr_Thugz,1929.8,142
41,1802371,TheBluntOgre,1927.3,114
42,182912,Steelix,1926.2,149
43,1774523,NEPA / VLNY | lastMinute,1925.4,69
44,3097780,Loq | Seel,1924.0,263
45,1064188,Yeast,1923.1,277
46,404287,NS | Bloom | Phaethon,1922.3,57
47,1784114,SOUP-E | GRIT,1922.2,316
48,132408,BLZE | 6:00am,1917.2,108
49,220089,BlitzLuigy,1913.0,96
50,942751,Antimony Fan | Grape Investor,1911.5,81
51,136534,NPT BBM | Beast,1911.1,77
52,61591,DA EMP | Sinji,1910.9,104
53,583155,MOB | Bobo,1908.3,1277
54,1744009,EMW Esports 2 | Saiyan,1901.1,117
55,228477,LRA_START,1897.8,210
56,1412639,Fortune | xavier,1897.1,94
57,540839,MBS | Justinbyleth,1896.9,134
58,1591717,FrBz | Keykard,1895.8,89
59,464995,Bandon / Elam,1894.5,66
60,1852344,LRA | Karflo,1893.6,139
61,143562,Sin | ZeldaPlayer,1893.1,212
62,1100022,LRA PAL | Lakia,1892.5,201
63,2058734,LCU | TW | Kay Yun,1890.8,79
64,1189720,TR | MBeniS | Marvale,1890.3,133
65,53621,Ho3K | John Numbers,1887.0,131
66,981752,Tano,1885.5,167
67,2867178,Akbros | Bing Bong,1883.3,129
68,1467525,FREE AGENT | ZiggySmols,1881.7,312
69,2309083,WSU | PoppinXL,1880.1,31
70,3566032,Bloom | sLuGG,1880.0,149
71,1243241,NS | Amai7,1879.9,28
72,2048041,Green Guy,1879.4,128
73,2010954,Char,1878.2,42
74,1931564,RW | MBS | Petayaa,1877.6,91
75,1334378,9th | Finn,1875.5,61
76,662541,Deltaforce,1875.1,112
77,358391,Na | Vince,1868.7,100
78,568434,Sobriquet Sola,1867.8,92
79,467656,WPC | 幼鹿 (fawn),1863.1,149
80,1714016,swag ! 8 | Christian,1860.1,55
81,261992,Amaryllis,1857.9,208
82,605782,parkerx1,1857.3,110
83,1557444,Na | snogi,1857.1,52
84,1810739,GuyGuy,1856.2,192
85,616232,FzP | BeatyBean,1854.0,620
86,1608902,MikemasterX10,1853.8,137
87,999566,FzP | LRA | TabSoda,1852.9,109
88,1738277,SirDunk,1851.4,56
89,160103,Gen,1850.7,412
90,569558,Cartluke14,1849.6,76
91,1331707,layla,1848.7,80
92,265075,the wise cow | pango,1845.8,113
93,2324329,GRNT | Virgo,1844.5,77
94,496339,Meli,1841.4,136
95,2105718,H-Meister,1838.7,425
96,152534,EMPIRE | SoulArts,1838.6,236
97,1330121,Swigzy,1838.5,203
98,2516567,4Freddy! | Hikari,1837.9,261
99,1605499,Luigikid64,1837.1,66
100,1112678,GRNT | FroggySTYL,1836.9,185
101,1875022,OXESPORTS | toyotatace,1836.0,48
102,29992,Sho,1835.9,61
103,3655189,RowanWinnerLittleMacMain,1834.4,131
104,469746,Haars,1834.1,74
105,544114,Derpager,1832.1,104
106,1942364,Scrote,1830.5,82
107,2385861,SCB/Ug_nyc | FGCGambit,1828.8,212
108,737909,FrBz | StarZ,1825.9,25
109,2797217,Asbestos | FruitMeatball,1823.2,84
110,390014,Reyluno,1822.9,124
111,1473392,Straw Hat | Hoo D. Nii,1822.2,105
112,1463554,FzP | TW | MBS | SmashBros!,1820.5,238
113,1480033,Gh0st,1818.4,173
114,551860,PBJ | Noodl,1818.0,127
115,3405682,VLNY | HONGO,1817.4,61
116,1650136,SBU | Amayne,1815.4,154
117,1138799,9superpie,1815.2,93
118,2876366,Bloom | Kyrein,1814.5,37
119,1802706,DoAndroidsDreamOfESheep,1813.4,91
120,1641578,GRNT | Skew,1810.7,96
121,3321192,FzP | Zuhiy,1810.1,182
122,2564154,Louis Dio,1810.0,117
123,1744683,REBIRTH | Chum,1808.8,126
124,1244041,ToughLudwig,1808.6,149
125,44379,Lito,1808.0,80
126,1224156,MMG+ | GRNT | Slade,1807.7,293
127,249887,ENC | Noku,1807.4,1060
128,1276193,A9,1806.3,84
129,297614,MRW,1805.9,129
130,3304742,Pizza Ant,1805.4,121
131,1703174,SJU | Taiyo,1805.2,107
132,1692066,Jailbird | Yufine,1805.2,166
133,3743679,Shon | שון,1804.6,170
134,266003,Smush | Burst,1804.5,125
135,2902631,NP | UniTy,1802.9,109
136,3870772,4Miles | Kayla the Pacinator,1802.0,81
137,1087860,DTP,1801.8,110
138,2421372,Dandori | Artfishbot,1800.5,103
139,1986069,GRNT | Jager,1799.1,337
140,2842804,Redsaw,1798.4,521
141,1224902,WebbJP,1797.3,93
142,3545741,Mr.Fahrenheit,1797.1,75
143,70538,ABT3 | Wrath,1796.5,22
144,35065,Artisan,1795.8,132
145,1150960,FG | BlazingBoy,1795.8,57
146,1141497,matt,1793.9,81
147,1700217,RW | Floppyfail,1793.5,449
148,1005216,GRNT | Serta,1793.4,186
149,758335,MBS | Z minus,1792.8,81
150,1274182,PTM | PK Freeze,1790.9,63
151,1031199,Obmcbob (B),1790.3,100
152,1525089,RLz | Krugbo,1789.9,88
153,3716419,Libré,1784.9,41
154,16113,Raptor,1783.6,307
155,71079,HyperKirby,1782.8,43
156,1370191,EMW Esports 2 | KingP,1779.6,52
157,774806,VB3,1778.2,139
158,1779817,AlphaBorb,1777.2,72
159,1187180,smub,1777.0,31
160,53020,Draxsel,1776.7,59
161,452907,Reilly,1776.5,157
162,2384793,SBU | Steve,1776.4,76
163,6301,Team Vars | Rivers,1775.8,29
164,1803620,ZASE | ZBosGaming,1775.4,195
165,2978333,WW | Fader,1775.3,72
166,1003161,ZXZ | The Hunter,1775.1,69
167,380159,IMP | Zaxel,1774.1,155
168,1661301,obesefart,1773.1,78
169,1593009,CHP | MomHunter9009,1772.8,61
170,328739,FZP | EO,1772.0,159
171,1710348,Nimbus,1771.8,75
172,1684008,AFAS Bloom | Hyacinthia,1770.5,172
173,1541928,TFCR | Parkinja,1769.5,31
174,266015,FC | Stratas,1769.1,234
175,913225,Rider | G4G | tf j,1767.9,114
176,780256,NiP,1767.1,660
177,1156328,DU | Moony,1766.5,49
178,1802684,TorqueDawg,1766.0,95
179,1793104,MiikeFromTheBronx,1765.5,61
180,3032725,q2 | Judgy,1765.0,67
181,1312764,<>< | Deception,1763.8,197
182,1430481,ARIES,1763.3,125
183,1825040,GTH | vitz,1758.5,250
184,155986,Chrin / GOGO,1756.6,451
185,67389,Liyrex,1755.6,71
186,2636165,OE | G4G | KAZÍÍ,1755.2,109
187,2194631,yeehaw,1753.6,70
188,1055253,585Z | Clibs,1752.9,180
189,2892291,ȺͶŦI_UNKNOWN PlȺYER,1752.6,96
190,147483,HypestTown,1749.5,49
191,51901,Bachilles,1749.3,123
192,3694907,G4G | Sentinel,1749.2,147
193,29243,ENC | Jaku,1749.0,102
194,4992539,Val,1748.5,72
195,719390,CHP | Conor McGregor,1747.2,27
196,1809569,RyandotSly,1746.3,81
197,2857352,ANTSAM | ScuffedHits,1746.2,78
198,997249,MBS | MEGA CHAD,1744.2,57
199,318918,Council | Diamond,1743.5,89
200,1609925,MOB | Infernape,1742.7,1558
201,229860,WKZ | Mega,1742.2,175
202,2202094,CSH | Kayjun Lady,1741.4,360
203,147436,Hindsight,1740.4,189
204,3029296,fg / DC3 | Mikey!,1740.2,80
205,1089023,LittleMacMain / HunterWinthorpe,1739.0,57
206,2352081,TheRam,1738.8,114
207,47475,Jukain,1737.7,97
208,606386,CJFrozen / Dany,1737.6,19
209,1720410,FS | TJ13,1737.3,45
210,2858096,PUP | myles,1737.2,21
211,358345,Bloom | ZG,1736.0,121
212,10212,BLZE | Aryeh,1735.6,68
213,155564,FzP | TR | Hydra,1735.3,21
214,1452744,Cross,1735.1,110
215,657781,Schmeat | WheeZy,1735.0,44
216,3919918,Revo (B),1733.3,62
217,148134,TTD | SWISH,1732.9,95
218,885991,自由 | PsyKoD(A),1732.8,35
219,1727992,CRIMSON DIH,1732.4,171
220,1693402,Vinsmoke,1732.4,110
221,278439,FC | Haze,1731.6,108
222,2286649,Quandale Dinglelingleton,1730.5,33
223,261142,Djohnmark,1730.2,437
224,1409030,HW | ...Insignia,1729.3,27
225,5029272,MCU | | Matt MurDoc,1727.7,56
226,3353422,EMW Esports 2 | Tomodachi Wife,1726.2,105
227,285520,Blank,1725.9,82
228,2243550,StarForce,1725.6,173
229,147588,CS | Lu,1725.5,121
230,1529247,Mellow,1725.0,100
231,1633924,ENC | Gabo,1724.5,519
232,1805037,THR l GRNT | TWICE,1724.0,168
233,937157,CCS | Saber_Wolf,1723.8,77
234,989934,716 | KingCoreyFTW,1721.8,124
235,267047,FSF | Zach,1721.4,40
236,147886,Xioli,1720.5,106
237,1835094,Night,1719.4,99
238,1751649,Syn! | D.Danger,1717.9,873
239,1662027,Seb Undeble,1717.6,152
240,800407,Tom,1717.1,524
241,131490,C2F | Grunk,1716.5,88
242,649442,TK1,1716.3,1063
243,146828,TCT | Naga,1715.9,75
244,71401,UtopianRay,1715.6,132
245,594478,CU | Skink?,1715.5,89
246,275689,WS | DavudTwentySeven (B),1715.2,87
247,2285604,CandyKongLover1,1715.0,87
248,428340,VYRUS | GRNT | Orango,1714.9,49
249,1053442,Baren,1714.5,157
250,1454971,SHU | Mr. L,1714.5,72
251,779312,Cafe,1714.4,38
252,586229,Jules,1713.4,46
253,1864686,Ampersand,1712.8,65
254,245443,coffeebug,1712.8,680
255,185802,GTH | EJJ,1712.5,103
256,1648968,10K | Mulli$,1712.3,106
257,1655542,DeLay,1711.9,194
258,1296894,GTH | Justinjpeg,1711.8,114
259,4907338,Jiggytillwedrop,1711.7,84
260,2583231,GRNT CHP VB3 | Louie,1711.0,211
261,155979,TTD | PolarChan,1710.4,98
262,2020012,MayoNays,1709.8,18
263,54394,FzP | Dukkha,1709.2,92
264,3890634,Xela,1707.4,62
265,1065790,SM | iNsane,1706.1,44
266,5099878,Enigma,1705.9,79
267,757280,Kitty Princess,1704.8,140
268,1804240,.wav | Croix,1704.5,120
269,2086830,DeepShahGaming | Quoge Gaming,1704.0,68
270,1306487,Nik S,1704.0,51
271,1665968,RVL | Bloom | Spiceepicklez,1703.7,78
272,2980064,MMG+ | BIG CRUMB,1703.7,200
273,1902502,SBU | MeKa,1703.4,171
274,2067535,SHU | quackatak,1703.3,75
275,448583,Otaku,1703.2,31
276,2564912,VC | Friegg,1703.0,38
277,4907373,MVA Vicenscian,1701.3,86
278,18802,SR | Kola,1696.9,14
279,3650755,Myth,1696.1,9
280,1871419,SSS | clanc,1695.7,73
281,70210,TRL,1694.3,78
282,2553113,FalcoJoe,1694.2,162
283,160326,TRAIN,1693.8,22
284,1022822,GRNT | Mr.L,1692.1,65
285,172316,Next | Woozie,1692.0,88
286,1412503,MBS | Steffen,1691.3,75
287,27457,PixelVault | NibbyNibbyNub,1690.6,100
288,2168776,Rocco,1690.4,58
289,614049,MouseRat,1690.1,57
290,4122369,HONOR/BTE | INVINCIBLE,1688.5,196
291,3532000,icedragon,1688.5,98
292,3573687,Mr. Matty O,1687.9,64
293,2121485,Kvng,1687.9,125
294,250899,Sigma | | EightONine,1687.5,31
295,4475237,Usual,1687.3,75
296,2465656,loq | gwyn,1686.1,37
297,4317604,WHS | BETA,1685.3,141
298,1070879,Trenko,1684.4,88
299,11136,Rawk,1683.8,71
300,612997,SCB | Tito,1683.8,94
301,2042041,Xen0,1683.1,75
302,4910318,ttvBlitzNYC,1682.5,48
303,4100607,Raccoon | Cody,1682.0,14
304,2330376,OE | Menchu,1681.0,77
305,1309314,slaying mantis,1680.7,84
306,56497,Alo!,1680.0,31
307,65516,Sin | SMB,1679.9,40
308,2093733,ZERO REGRETS | Twitter Gooner,1679.5,50
309,2359922,Booju,1679.5,79
310,240751,Team Wex | Wex,1679.4,262
311,2379973,131 | Ham Burrito,1678.5,106
312,3409938,alex | oliomar player89(OLIMAR),1678.3,30
313,39740,player 4,1677.9,98
314,1229103,MOB | Eliakim,1677.7,691
315,2547733,Antonio,1677.6,140
316,1788561,~NEOS~,1676.8,75
317,4169797,lilpeep,1676.0,10
318,1750056,SuperSanic21,1676.0,143
319,1721948,Wilsports | Queen,1675.7,238
320,54725,naitosharp,1674.7,27
321,265251,Deedha (B),1674.6,89
322,2687729,ODA LVL | turkeyboy2012,1673.8,58
323,1420734,Nowhere,1673.8,52
324,436376,Epic_Gabriel,1673.2,15
325,851857,ENC | SaladDressing,1673.2,69
326,3529377,Bloom/EMWesp | feminine,1672.9,73
327,171393,MNI,1672.1,75
328,1288104,SBU | vanchy,1671.1,141
329,3798390,Acey,1671.1,47
330,3260808,PPP | Pineapple,1670.8,211
331,1108399,cyanzura,1670.4,160
332,1303313,Kqt | narrwall,1670.3,28
333,2252991,Comoli,1669.9,100
334,1595628,FC | G-XTREME,1669.4,226
335,680481,LuffyMK,1669.2,25
336,1662508,husk,1669.2,77
337,4398761,Darby,1668.3,79
338,1228156,Pado,1667.6,503
339,1029647,M,1667.5,81
340,571119,MSU | OmniElement,1667.2,73
341,577153,SKRA | PPA | Riflip,1667.0,35
342,1510743,MMG+ MBS | K1NG,1666.0,140
343,1375338,TF0256,1665.7,69
344,1998572,amoxicillin | dish soap,1664.8,40
345,864900,Newgate,1664.7,90
346,136738,Element,1664.2,73
347,2195603,charszum,1664.2,278
348,4313177,Cookies,1662.8,97
349,3362490,RW | Swirls,1661.9,82
350,3032025,CU | toge,1661.9,70
351,3436028,Rojo | Ajred,1661.7,127
352,979064,CarBev | YajYaj,1660.9,98
353,1816924,Nickxsk,1660.6,50
354,304973,OG | Zaphros,1659.3,180
355,1990442,EDLN | JWU | Tetrahedryn,1658.7,59
356,285302,TammEsports | Oats,1658.0,13
357,1989652,KUSIDREAM,1657.8,87
358,3553647,HoP | C.Y.B.E.RX,1657.7,92
359,4689970,Free KayFlock,1657.3,8
360,3585975,TBZ | ManNeeTee12,1657.3,66
361,342066,Joe-J,1657.1,58
362,1510669,NotBae,1657.1,70
363,1475247,Playmaker,1656.9,76
364,1322135,LRA | Jellyfish,1655.8,74
365,753258,Luminous!,1655.4,47
366,2025333,Playmaker,1655.2,116
367,1903494,GGG | SuperStarz,1654.4,104
368,824294,ET | GODwithinAnthony,1654.2,111
369,4961117,tahlia,1654.1,37
370,1726538,131 | Ashen One,1653.6,75
371,2140230,HpOfficejetPro,1652.5,62
372,3501232,HoP | Angle,1652.0,123
373,1863576,MBS | GrlyTeenQueen,1650.1,49
374,1031044,benn 9 9 9,1649.8,87
375,3801556,Providence,1649.7,79
376,5691,Draxsel / Gadget,1649.6,78
377,1157788,Glutamate,1649.4,114
378,1992273,TXC | Geodash,1649.2,105
379,1466524,EMW ESPORTS | EMW,1649.0,85
380,3451131,EMW ESPORTS | Baconator,1649.0,71
381,3446093,SBU | Bluespark7,1648.9,119
382,734353,WG | MintyFlesh,1648.9,138
383,1154793,DGS | spickles,1648.9,10
384,1249706,Mr.Fluffy,1648.5,69
385,1307014,SOUP-E | Moat,1648.4,175
386,1770562,MOB | Loftz,1647.5,1161
387,1399314,Robb (with 2 Bs),1647.2,61
388,917807,Ex0,1646.6,53
389,1141005,Light's friend | Clive,1646.4,124
390,4451542,SBU | Grosssshi,1645.2,16
391,1398715,Fizzystix,1645.1,185
392,1992892,CS,1643.1,87
393,3662593,$moneymons$,1643.1,44
394,33900,BxBonobo | Kamex,1643.0,93
395,71570,TR | SlingShot,1642.9,83
396,1698228,J.B.,1642.0,55
397,155168,Dyla,1641.9,70
398,760443,Palex,1641.7,57
399,290952,Nico,1641.7,74
400,3894154,SHU | Penguin,1641.2,116
401,1121293,Val,1640.2,164
402,1285194,trap queen,1639.5,238
403,569195,AGN | Mizu,1639.5,83
404,1218189,Heinous,1638.9,107
405,2700639,Desimus,1638.1,86
406,3206002,2desi | future,1637.7,106
407,71594,Arch,1637.6,39
408,1063610,Onin,1637.5,6
409,1522320,PaulGaming | Flora,1637.5,77
410,230038,X,1637.2,76
411,1773770,GFlowZ,1637.0,136
412,4008986,LYM? | Eleventy1,1636.9,18
413,654259,Whitest dudes you know,1636.5,77
414,2217983,Akbros | Brokoli,1635.8,70
415,251734,GAMEING INC. | THE SCHMIXTAPE,1635.5,7
416,256474,dbfc | yoBBi,1635.1,186
417,1210907,Drip,1635.0,63
418,1400293,BoY BleaK,1634.5,10
419,2650945,RISE|I am | The Devil,1634.2,137
420,2585393,Playmaker | Sonix,1633.8,72
421,3447761,C2F | Cou,1633.6,108
422,1247262,ƒяєє αgєηт | TM7_ZAP,1633.4,6
423,345023,GRNT | PC Ninja,1633.2,846
424,1401818,Jefff,1632.7,70
425,2925431,CHP | JAMES,1632.6,56
426,219727,EZ | Killer,1632.2,42
427,2167729,SCB | NinJenDo,1631.9,140
428,1261294,SYN | GabeOG,1631.7,71
429,2017089,Gurt Yobain,1631.6,68
430,2598045,Menbow/めんぼぉ,1630.9,15
431,230304,GTH | LRA | Steven8er,1630.8,77
432,70832,Oatmeal,1630.8,41
433,1788380,ZASE | Shigga_Sears,1630.6,130
434,4943959,Pasta!,1630.1,60
435,274501,FC Bloom | KOM,1629.7,14
436,12385,LGBTQ+ | Chess,1629.4,29
437,2192335,SnoopDan,1629.4,98
438,3620456,ZeroTwoNone,1629.2,15
439,2585781,NS | Wilsports | Hingle McCringleberry,1629.0,13
440,523826,HONOR | Yourbro,1629.0,7
441,3907470,Next | 716 | | CoreyIsHot,1628.8,8
442,1995706,Anagram,1628.7,78
443,2564413,Akbros | S&Xman,1628.1,143
444,2402885,BlueFlare,1627.8,95
445,2084157,PPA | Finraal,1627.8,59
446,341914,Triple A,1627.3,51
447,325777,MOB | COLD,1627.3,207
448,1468611,NMDusk,1627.2,197
449,228604,Na | Spiro,1625.9,7
450,599043,AFAS Comfy | Sovereign,1625.7,51
451,2427279,GTN | ShoKhaizo,1625.5,68
452,5013417,KevinFundiesGod,1625.3,23
453,692906,Juicebox,1625.2,21
454,56621,Youtube.com/ | Arhungry,1625.1,9
455,3619477,DinoNuggies,1625.0,125
456,370861,Sinai | Zenkai,1624.8,17
457,2129156,Stelter,1624.7,209
458,997968,EastBlueRugs | Peco,1624.7,66
459,1239865,PSG | Petrikov,1624.6,93
460,4440070,Gotmilk,1624.6,100
461,1063242,glob?!,1624.3,74
462,1445259,CarBev | abc,1623.5,88
463,499319,EDLN | Salt King,1623.3,23
464,2803219,WAMP | Ryot,1623.0,33
465,61785,G5 | Jack777,1622.7,24
466,367815,Tr4sh | Chocolate Jesus,1622.2,67
467,1910295,Crooos,1622.0,24
468,1210633,NYU | Scout,1621.9,65
469,1535877,Army of Faye | Kengar Dongatron,1621.7,18
470,368063,C2F | Average Alex,1621.6,39
471,29244,DK DAN,1621.5,51
472,550127,WFP | CRB,1621.3,17
473,2410827,she/her | sickle,1621.3,74
474,63962,ENC | Ice,1621.2,112
475,2111706,Toxic,1621.1,102
476,2201580,TDC SJSU | Lammers44,1621.1,7
477,3005544,SuperSaga,1620.7,67
478,1863577,MSU | Pacific | Auramaster,1620.4,177
479,1471306,FSC | GRNT | Wildogz,1620.0,73
480,1719545,3U | Pado,1619.8,53
481,4780618,Dan_Zz 0_0 | Dan_Zz 0_0,1619.8,32
482,993562,JuanR,1619.2,58
483,2087765,WU/MTLC/ML | TWITCHY!,1618.9,8
484,1758326,ebs | $hrutik,1618.9,20
485,503384,Foreskinuinely | ProtoMania,1618.2,22
486,252976,red berpo,1618.0,18
487,564784,Vakira Man,1617.6,78
488,605965,Tony Pajamas,1617.0,6
489,1586470,Cipher,1616.8,118
490,1256236,felix,1616.4,113
491,1714828,Sentry | Naomi,1616.2,23
492,2735086,TikTok shop | Dr but terkel,1616.2,40
493,2311781,CU | gira,1615.6,86
494,213342,PinkDocJ,1615.5,9
495,265634,The Concept of De4th,1615.4,25
496,331606,PhantomLosers,1614.5,68
497,1807403,Ace,1614.5,86
498,1811210,GTH | MBS | Bootleg,1614.5,93
499,2391287,CunyBC | Billio,1614.5,82
500,3709516,Icicles,1614.4,54
501,2587016,GetJigglyWithIt,1613.6,23
502,2151188,DumplingKing (A),1612.6,90
503,1191080,dbfc | LRA | Pardo,1612.5,320
504,1214510,TTD | UpTilted,1612.4,70
505,1834479,rogwrat,1612.3,41
506,1729757,Invincible | Poisonboi,1612.1,93
507,1404744,Fonica,1612.0,9
508,2790597,Tr4sh | $Krilldog$,1611.7,98
509,3911172,HoP | CRIT,1611.2,8
510,1928105,JPN | KurtSwitch,1611.0,80
511,850212,Balderdash,1611.0,247
512,1884886,jon,1610.9,92
513,1671018,Kazuha Mishima,1610.6,58
514,1128032,BigBJimbo | B3nan,1610.6,69
515,2086155,EMW Esports 2 | Lozman,1610.5,258
516,1590243,GS/HoM | Majestic Souls,1610.3,13
517,1345295,Honeynut,1609.8,9
518,1824970,KDE | Chappsticc,1609.1,326
519,2232029,SBU | Pineapples,1608.7,76
520,314641,OFY,1608.7,44
521,937364,bran,1608.5,81
522,1531390,Fiestero,1608.4,181
523,2993602,CCNY | EOI | Ebrima,1607.9,380
524,4830852,Skip,1607.8,165
525,2444228,CarBev | VesselHK,1607.7,60
526,1183244,chancla,1607.6,104
527,918277,WU | KornDog | CJFrozen,1606.7,18
528,5205715,EF | TINGLEHAWK,1606.6,18
529,3749822,Aero,1606.6,7
530,159520,Scrafty,1606.0,8
531,1130355,T-T | BigFish,1605.9,8
532,3233312,PPB | Szadubiii,1605.8,53
533,171945,Zach67671,1605.2,66
534,3331431,DREAM BIG | luci,1605.0,119
535,576268,Suarez,1604.8,62
536,3799132,Charles,1604.6,16
537,1347370,fg | flarp,1604.0,6
538,1111772,Mr Zacky,1603.9,122
539,1700267,DBQ | Ralphieboi,1603.3,72
540,2426029,F5 | Lipden,1603.2,23
541,571090,Ikan,1603.1,8
542,1077177,H2 | Moxort,1602.7,15
543,63188,envy,1602.7,7
544,1556407,セクシー | DrJulian,1602.6,81
545,1820835,ethbeast / Sarvi,1601.9,56
546,2996581,PUP | Myles,1601.9,6
547,1170599,Castillo,1601.2,101
548,3268179,Blug | Potatobagel,1601.0,56
549,1350424,MHM | 天 | VulgarKaiju,1600.8,681
550,25509,OA|FC | Nexus,1600.7,12
551,1671986,Chud | BigGubGubFan67,1600.7,11
552,4467122,SCB | Rise Up,1600.3,7
553,1728859,GRNT | Swag Master,1600.2,128
554,525344,SN | Tilde,1600.2,7
555,2413463,Hung | Grey,1600.1,94
556,337973,ALTAlter,1599.9,261
557,321425,Purity,1599.0,7
558,29142,SENTRY | spoop,1598.5,20
559,3008266,Arpo,1598.4,32
560,3238251,Omen | Astralis,1598.3,49
561,1250027,SnappleOK,1598.0,84
562,1518438,SWR | Enriquethepigeon,1597.9,184
563,889148,Wendys4for4,1597.8,5
564,4192713,Naito Wolfe,1597.7,45
565,374582,AFG | Paper Tom,1597.3,93
566,267460,Ranger,1597.2,8
567,1585721,MBS | Mimik :P,1597.0,95
568,3798456,ItzRed510,1597.0,18
569,1659330,SamSam,1596.6,71
570,70916,Chag,1596.6,6
571,2088174,GORDO | TFO256,1596.4,227
572,1740335,dark cat,1596.4,41
573,1321838,Adam,1596.0,27
574,272462,Zoo,1596.0,69
575,946548,DTN | Jahzz0,1595.9,19
576,1804461,VLNY | DDrakgo,1595.8,55
577,1624931,Bionicle,1594.7,17
578,10943,Spaceghost,1594.4,20
579,536978,? | Ditto,1594.4,7
580,1323217,Ian,1593.3,7
581,1992753,DoGood | H03$ M4D,1593.0,76
582,1478578,bisasam,1592.8,71
583,129074,Applebee's | Dovidio,1592.8,9
584,3846993,C1W | kimbee,1592.7,32
585,1802504,dbfc | Grumbo,1592.6,81
586,1580144,Madasti,1592.6,73
587,937691,Jon,1592.5,47
588,417249,ED | Cee,1592.1,17
589,753836,3D | Juuuuul,1592.0,8
590,4501421,MOB | Sir Moves,1591.9,7
591,1071318,UD | MPg,1591.6,7
592,869771,SU | Kipp,1591.3,7
593,4708995,apinhead,1591.1,156
594,245147,BmX,1590.9,11
595,3747879,GOAT EATER,1590.7,104
596,3552179,Condy (A),1590.6,40
597,2059142,ZMR | Beetlethebard,1590.6,11
598,260177,RES | RobbieAK47,1590.3,14
599,3249566,EDLN | Octo,1590.0,116
600,1530122,Humble Genius,1589.8,10
601,796048,ENC | Drilago,1589.6,1179
602,708513,LUX | victory,1588.9,103
603,3616043,RW| | Bri-Guy,1588.5,73
604,3601968,Magnus Carlton,1588.1,6
605,650168,EON | Walla,1587.8,23
606,2966770,luisfr,1587.8,59
607,3620468,Kaliber,1587.6,112
608,4069233,SCB / UG | Ryzakyn,1587.6,7
609,4557694,Girlypop hit & run,1587.5,7
610,63605,NBG | Pelca,1587.4,9
611,4557714,REV | LevelOne,1587.4,141
612,1349650,Mattyton,1587.3,5
613,185040,Aero,1586.7,10
614,374672,Reverb,1586.6,21
615,327906,GUMP2 | Key,1586.6,7
616,2707000,Will,1586.5,5
617,4381444,YBG | Snowbunny Mind Control,1586.5,298
618,3799114,Quidd,1586.4,5
619,1007323,SBU | Glial,1586.3,115
620,3650929,EOI | Pizzaritos,1586.3,7
621,1654888,AoC | Kitana,1586.2,103
622,2006693,CHP | Relaxe,1586.2,338
623,1731974,Ryan,1586.2,83
624,1112255,GIANT | fart,1585.9,103
625,1762779,X!Akuma,1585.8,134
626,3015864,Otaku,1585.7,6
627,963186,Armed Robbery,1585.1,95
628,2130599,Badplayer シ | Cellist,1585.1,43
629,4783971,Marcotics,1585.0,5
630,1151464,AG,1585.0,8
631,1673862,RANDOM / iNsane,1584.3,7
632,128671,QueVeen,1584.3,38
633,1214682,Sh-Awe,1584.2,139
634,3689884,PEAK | Zexoh,1583.9,47
635,3313383,God's Plan | Madeline On Deck,1583.5,6
636,1529812,FBI | MaouSilver,1583.1,333
637,1751760,Alex | The Freakinator,1583.0,61
638,252377,Slasher,1582.7,24
639,358859,CHV | | ligarachi,1582.6,76
640,5389972,onins,1582.5,4
641,2987715,GORDO | TFO256,1582.2,7
642,997342,716 | winters,1582.1,109
643,2070314,TheBlockMan,1582.1,7
644,187298,Amrit,1581.9,5
645,1848747,Biscotto,1581.2,85
646,3069144,RW | | Himzoo,1580.8,91
647,2431283,GRNT | Gatsby,1580.7,7
648,2539081,Admin,1580.6,70
649,414495,Spins | Unshorn,1580.6,296
650,1393892,Charles,1580.6,9
651,1620949,Potato,1580.6,6
652,368162,Justice,1580.3,7
653,1072988,ZekeReds,1580.1,141
654,717897,JD4,1580.0,6
655,1284430,Exia,1580.0,6
656,2276114,Sauce,1579.9,59
657,2057015,Transgender Gandhi,1579.7,67
658,3449915,B Team | BigDeripoFan23,1579.3,156
659,2334632,MOB | Lemon,1579.1,22
660,5501248,player 4,1578.6,4
661,1602986,SBU | BopIt!,1578.6,260
662,5165038,SBPD | Revenge Tryhard V2,1578.5,42
663,4179963,GeraldDaGifafe,1578.4,33
664,1795687,AlexAWG,1578.1,16
665,1035429,Ethan,1578.0,6
666,2086800,RISE | Union X,1577.9,82
667,2044060,luxa,1577.5,7
668,5532174,MMG+ | FS | Slade,1577.5,6
669,3216109,EX-SOLDIER | Luneth 凶,1577.3,8
670,5099409,REV | H-Meister,1577.2,6
671,2824423,Sunbun,1577.1,69
672,3843865,LYM? | MM | Darwin819,1577.1,21
673,1580089,DENIM CLUB | petebr0,1577.0,16
674,1444831,SNB | Joker,1577.0,71
675,3799112,Cee,1576.9,11
676,55669,SeaBass,1576.9,6
677,2186935,Wrap!,1576.8,6
678,2877321,BBG/SBU | a3r0space,1576.6,16
679,1776133,Mishka (B),1576.4,61
680,1724767,CR | T-sizzle,1576.3,86
681,4773,Phish-it,1576.3,11
682,2827039,MMG+/WAMP/FS | Lumikade,1576.1,40
683,3199276,max,1575.9,35
684,1564320,Bozo,1575.7,6
685,132399,MEAT UP! | boosk,1575.6,6
686,5322784,'Jo | Dexter,1575.4,4
687,3900888,Indian Vegeta,1575.2,7
688,2915526,Hobo,1575.2,53
689,483953,SMFN | JKIM | Oolong,1575.0,3
690,2136075,G-Money,1574.5,152
691,2178506,Swaggin | Disarming5,1574.5,60
692,1689702,EMW Esports 2 | prashantinator,1574.2,71
693,1304876,Jayrock,1574.2,30
694,1347812,Ruden 15,1573.9,70
695,4907374,Squarish,1573.7,75
696,1993120,C2F | Watherum,1573.4,6
697,261298,Booty / Karxm,1573.0,94
698,57875,XenoZero | DarkBlues,1572.2,5
699,2936084,.wav | Jsé (B),1571.9,81
700,2224902,TDC | Skeletal,1571.9,5
701,5212230,Chamezz,1571.8,32
702,2263562,WE OUTSIDE | YoshiSonic,1571.8,82
703,368692,TSG | M. Dre,1571.6,54
704,1224024,RATS | ybm,1571.6,120
705,2644919,Forfun,1571.5,4
706,1188432,Mono,1571.1,51
707,4716031,Bri-Bri,1571.0,12
708,3676808,q2 | Crescent | Ashi,1570.8,6
709,249838,Dark Wizzy,1570.7,7
710,4644446,Red Bull | LowIQRoy,1570.6,23
711,4780587,Kiro:),1570.5,29
712,4891727,Luan-k,1570.3,103
713,1807531,CTG | AnthonyIsntCool,1570.0,6
714,342452,ID | Ironbrand,1569.6,52
715,1964751,ROK | Karu!,1569.2,3
716,525095,GG | Fillie,1569.1,4
717,968270,ExpiredMilkman,1569.1,7
718,1797814,Monk,1569.1,8
719,4492599,Blank,1569.1,5
720,1507971,NikShadow,1569.0,75
721,1398595,Brok3n,1568.9,46
722,4255289,DC3 | Babel,1568.8,87
723,1003263,Sailor Jess,1568.6,8
724,1174400,Soul Society | LazyZach,1568.6,6
725,528494,Virgo,1568.5,4
726,250040,ENC|MOB | LocalmanMatty,1568.3,564
727,1400088,Reo M,1568.2,52
728,1311062,A Billion Lions,1568.1,69
729,1082920,KML | electrode,1567.8,15
730,467446,LoKi,1567.5,3
731,3416651,WPC | FS | Rhinestone Lady,1567.2,116
732,1588293,XDDD,1567.1,6
733,1796929,GWU | Jbay,1567.0,26
734,63270,crisspy,1566.5,6
735,1569435,SZ | Asimo,1566.5,4
736,2694823,Hugg1es,1566.4,64
737,2266169,CU | JINX,1566.4,102
738,55579,ShyGuy,1566.3,6
739,2111593,Koozu,1566.2,85
740,33533,EON | Joe Silly,1566.1,7
741,1556770,Gamer,1565.9,11
742,1413210,WHS | Tabpol,1565.9,18
743,4514349,Rozzler | Jeremy,1565.9,25
744,1350627,SYN | Undeadbraindead.,1565.8,5
745,1888387,Goober707,1565.6,3
746,2419958,WW | Kale,1565.6,5
747,3631801,domisBUGGIN22,1565.1,134
748,244403,Metal,1565.0,6
749,67704,FC | frawg,1564.6,9
750,1053638,PVG | Kendriin,1564.5,104
751,1007446,E_01,1564.5,5
752,264813,Bloom | BIG TITS BIGGER RESTS,1564.3,26
753,36745,Tadeo,1564.1,5
754,5317226,UC | Destra,1563.7,3
755,2035678,PeteMan23,1563.1,389
756,129118,Prof3ssorMGW / Kiranchi,1563.0,5
757,1287834,Salvo,1562.8,3
758,1478011,JEFF! | Waluigi,1562.8,37
759,1914833,Hobart,1562.6,75
760,2429045,Pringles,1562.6,75
761,2272295,LYM? | MM | Llama,1562.5,96
762,2054692,Nickel,1562.5,7
763,5532474,player 4,1562.4,6
764,4293691,nunnyu,1562.4,19
765,2530077,Bishop,1562.2,141
766,36972,XL | Kwaz,1562.1,3
767,2538873,Kuranosuke,1562.1,52
768,592441,MysticJinx,1561.9,9
769,1809196,Lanxum,1561.8,58
770,1164200,DC3 | Jely,1561.8,89
771,427133,username,1561.8,185
772,1208753,Agua,1561.7,78
773,1175582,CarBev | Moo!,1561.7,78
774,720319,DSFC | Silvio,1561.6,6
775,2024480,EVC | BB8,1561.5,53
776,2106910,EVIL MEDINA,1561.4,19
777,2496625,URI | DYL,1561.3,31
778,861679,Dook,1561.2,139
779,965758,Metal,1561.1,50
780,1571616,MatthewStar,1560.8,65
781,2917783,Aegon,1560.8,8
782,620017,MBS | xiii,1560.6,74
783,1935076,SS/Syn! | Krush,1560.6,20
784,1030265,SOUP-E | Antimony,1560.4,3
785,1971465,AOC | Dededenied,1560.3,7
786,1099914,Bimbus,1560.3,75
787,177352,ICYoyo,1560.2,74
788,244598,PSG | balls,1560.2,142
789,215623,BERG | Tarik,1560.1,2
790,45894,TTD | $N,1559.8,189
791,810259,GMBL | HugeUrsalunaLover901,1559.6,4
792,1007420,KyleTM,1559.5,124
793,2393895,yinyong,1559.5,84
794,3576637,샤인Burst,1559.3,4
795,206240,CF | Phuzix,1559.3,8
796,5462754,player 4,1559.3,6
797,520996,Tal / Onii-chan,1559.1,5
798,53639,Ho3K | Dill,1559.0,6
799,2193127,KornDog | | Dragonbeast,1558.8,6
800,1820508,UNCG | Chugs,1558.5,8
801,1931403,SickSeven!?,1558.4,49
802,1017079,Chillshroom,1558.0,82
803,1257450,131 | Trist,1557.5,58
804,1505876,CloudX,1557.0,4
805,156498,Machu,1556.7,3
806,1195749,Jek,1556.5,28
807,1183424,OUG | MAMMOTH,1556.0,11
808,728226,Ziglet,1555.9,39
809,1279541,Chance,1555.9,83
810,65808,Glentendo / Wraith,1555.9,36
811,1246252,DUSK | Pugi,1555.8,10
812,211775,luca,1555.6,3
813,1864338,AnThran,1555.4,4
814,331195,MikeMM,1555.3,30
815,48333,Glorius,1555.2,64
816,184112,LR | Brad,1555.2,55
817,2191486,Let me be | Frankis,1555.1,83
818,27007,Rocky,1554.9,103
819,4179802,GSG | Reed,1554.9,5
820,54741,Craftis,1554.7,3
821,1012141,Utopian Ray,1554.7,7
822,1104029,Newplayer1,1554.6,83
823,4533862,925 | GhostEchoH,1554.6,75
824,55893,SMB / Glare,1554.4,11
825,3799766,Cody,1554.4,11
826,2460125,C.Y.,1554.2,5
827,5497226,GeraldDaGifafe,1554.0,6
828,5208172,4SW | SASS-CHAN,1553.9,11
829,3804902,Donoxed,1553.9,80
830,4155854,Cross,1553.7,6
831,490956,Jboss,1553.7,6
832,1451843,Jerry,1553.5,63
833,3120894,NotBae,1553.4,5
834,2633734,KC | Dr. Rage,1553.4,4
835,1487050,Toon On Deck,1553.3,4
836,181106,Billy Schilly,1553.0,3
837,588721,Mr.Lgx,1552.9,6
838,1154271,Mixed race doubles?!,1552.9,65
839,2291502,YBG | GayDelQueero,1552.6,6
840,5512053,player 4,1552.5,5
841,1193133,TC | Sky,1552.4,21
842,70634,RE | Ex-SOLDIER,1552.3,3
843,1069395,NS | Zoboomafoo,1552.3,10
844,1311080,boing | En,1552.3,61
845,811118,Rigz / Kiranchi,1552.1,8
846,4584629,Ornik,1552.1,206
847,1723671,dbfc | Caelifera,1552.1,38
848,1081948,Potato,1552.0,5
849,1794745,STG | LostVayne,1552.0,11
850,1612820,Pink Cage,1552.0,7
851,1175885,stinky3,1552.0,35
852,1358283,CAT | MixyCat :3,1551.8,80
853,71480,InC | Cyberman65,1551.8,38
854,2264971,GRNT | PokefanZ,1551.7,14
855,3051948,G4G | Schmiggle,1551.7,63
856,2382805,Mr. Fish,1551.2,71
857,1349965,Strawbz,1551.2,89
858,1219109,Kdawg,1551.2,5
859,233010,Syrup / nicklebackair,1551.0,5
860,1556722,Monkey-nut,1550.5,5
861,1588223,Gatsby,1550.4,6
862,1399266,B-) | Mcccc,1550.4,8
863,224470,Greg House,1550.3,3
864,1147275,FrBz | CookieKing,1550.2,3
865,4949496,SBU | Neso,1550.2,84
866,752382,CHP | Swish,1550.2,54
867,160229,Vent / innoxia,1550.1,95
868,44466,Envy,1549.9,7
869,1708272,Cheese,1549.9,3
870,1099727,MU | ApolloKage,1549.8,2
871,1321137,Chimi,1549.8,5
872,3634128,DW | LuigiDood,1549.8,50
873,26047,Brave,1549.7,68
874,787741,Potato,1549.7,5
875,1340386,Apollo?,1549.7,64
876,3799101,Gatsby,1549.7,12
877,208120,nullus,1549.6,3
878,318349,KGP | Rex,1549.6,5
879,147818,G-Rain,1549.5,28
880,3094941,MOB | Stelter,1549.4,5
881,1898936,Ashen,1549.3,6
882,5126819,player 4,1549.2,3
883,242533,BusinessGoldFish / kev_aROS,1549.2,6
884,3849122,MOB | GRNT | Chrin,1549.1,9
885,1778344,Apricorn,1549.0,26
886,3220848,Kelvin,1549.0,84
887,5305119,kliesen (B),1549.0,6
888,337781,Council | Hunk,1549.0,29
889,3799098,Myles,1548.9,11
890,539888,ZFN | SCents,1548.8,2
891,1497028,PM745,1548.8,3
892,2406428,MeatBurger,1548.6,3
893,2867051,UNH | Breb,1548.5,88
894,1838937,dhar mann fam | Bawsome,1548.5,2
895,184005,ShinyMark / MkLeo,1548.3,2
896,1127013,Thomas,1548.3,7
897,857520,Council | Mooch,1548.2,6
898,1655988,Potato,1548.0,5
899,2890940,djb | Gatsby,1547.9,5
900,294988,ESG | JAYDASH,1547.6,92
901,129878,ShadowKO,1547.6,4
902,4124902,DC3 | InfernoJoePro,1547.5,84
903,207656,Ian,1547.5,7
904,1246482,Piss,1547.5,4
905,1868170,NS | BeastModePaul,1547.4,2
906,5480483,Swagmaster,1547.3,5
907,2999161,ChubbyWanaSoup,1547.1,71
908,1054597,Terence,1547.1,22
909,180459,Fence,1547.1,5
910,2605918,Zamu,1546.9,4
911,69946,BACKTOTHELOOT,1546.8,61
912,1771679,ZeroTwoNone,1546.8,5
913,2719997,Yoshibu,1546.7,144
914,4442837,SuperStuyBros. | wwwrghqhg,1546.6,9
915,943156,Alternis,1546.6,6
916,282072,supermario,1546.5,4
917,128309,Joshathan Gamer,1546.4,9
918,5427022,DIWA | Rocket Man,1546.4,5
919,3730349,balls,1546.2,7
920,936817,shnazzy,1546.1,8
921,58876,NUKE512,1546.1,3
922,160464,Liquid | Riddles,1546.0,2
923,49302,WU | Peabnut,1545.8,2
924,1264536,Hareta,1545.7,7
925,2421971,santapacman,1545.6,5
926,1632446,gatsby,1545.5,5
927,220433,Hawk,1545.5,6
928,58702,WhyDo,1545.4,2
929,4635970,PaulGaming | choppawontmiss,1545.3,31
930,4907386,Otaku,1545.1,9
931,24638,omega,1545.1,2
932,1118338,DAD | Quack,1545.0,9
933,356588,DNY | EMW2 | jeremy,1545.0,4
934,1272848,ShyTy,1544.9,84
935,1721668,RW | antoine,1544.8,92
936,3799095,Ice,1544.8,11
937,134891,GRNT | Jeans,1544.7,5
938,3815754,tex,1544.7,6
939,1021228,Mailman,1544.6,8
940,2843407,Vyper,1544.6,3
941,3549054,SMTH | neo!,1544.4,3
942,1777359,Lilac,1544.4,9
943,2285565,Starlight | Styles,1544.3,8
944,5372867,player 4,1544.3,5
945,1000564,Toogis,1544.3,24
946,1423572,RANDOM,1544.3,87
947,5532842,Wilsports | Queen,1544.3,7
948,442000,HEYO | MojoGameSlayer,1544.3,2
949,130693,J64,1544.2,3
950,5522625,Kraiz,1544.2,3
951,1736732,C-Moon,1544.1,69
952,2927524,danewo,1544.0,7
953,174987,ඞ | Caststarman,1543.9,72
954,15187,Ho3K | HelpR,1543.9,80
955,3235222,Thewillinator,1543.8,37
956,33730,Seesaw,1543.8,2
957,1541123,PawnMaster,1543.7,3
958,5472688,KevinFundiesGod,1543.7,5
959,241916,zook,1543.7,5
960,2297071,LS FS | Platinum V,1543.6,6
961,2657366,Sin | Plants,1543.5,7
962,1123722,Moof,1543.5,4
963,2413328,GhostToad,1543.3,12
964,160272,BAE | YBBurrus (Note),1543.3,11
965,2187092,.wav | GIGGITY,1543.2,3
966,4152160,derptheherp101,1543.2,5
967,147658,IcyMist,1543.2,3
968,702811,LG | Drake won the beef,1543.2,8
969,977880,MBS | Negan Smith,1543.1,5
970,1269205,playing mario | Brett,1543.1,8
971,952647,AGN | UtopiaFGC,1542.9,3
972,142720,Kiranchi,1542.9,3
973,2162955,Keat,1542.8,6
974,4506165,I am | Sneakers OToole,1542.8,40
975,545018,Retrobot,1542.7,3
976,129342,Quite,1542.7,6
977,343421,MrBroose / Vendetta,1542.5,2
978,573408,SIDEB | AI,1542.5,5
979,4718176,MacSmitty,1542.3,4
980,910411,Fairtoknee,1542.3,6
981,3755681,Nation,1542.2,2
982,1466201,Alfred,1542.1,76
983,2670395,Cheesecake,1542.0,5
984,1035751,HK [ebs] | the filipino flow$tate.,1542.0,4
985,696536,GWOB | frog,1541.9,3
986,4384815,G.O.A.T. | Lenny,1541.8,3
987,1187176,SU | Scooby,1541.7,67
988,1154537,Matcha,1541.6,4
989,1584208,YorzTruly | Links,1541.6,93
990,184066,Yerrr | Thore,1541.5,4
991,1715126,Milsharks / tahlia,1541.4,54
992,3015482,UE | Captain Midnight,1541.4,3
993,5471441,player 4,1541.4,3
994,1005245,SUPERSUISEIFAN312,1541.3,19
995,2923324,Dewtwo,1541.2,123
996,392187,R+/PSP | FalconXD,1541.2,57
997,1582989,MNTO | Mori,1541.2,17
998,5457274,Amdaggle,1541.2,3
999,4996735,peacesnail,1541.1,6
1000,3760690,balls,1540.8,5
1001,987579,Sinai | Player 4,1540.7,3
1002,27072,Dyspro,1540.7,106
1003,256443,Cheese,1540.6,76
1004,1073728,CnF | Cube,1540.4,4
1005,3726803,Arcanum,1539.9,14
1006,1037117,Na | Skies,1539.9,3
1007,738501,ABY,1539.8,9
1008,791449,dannyqw1,1539.8,7
1009,1377718,Agua,1539.7,16
1010,433928,Onii-chan,1539.7,8
1011,544213,Bakko,1539.6,86
1012,338665,KoF | HAMMERTIME,1539.6,3
1013,40508,10K | Arturito Burrito,1539.6,70
1014,1308403,Wise,1539.6,6
1015,1101455,CHIMPANCENZUKO / EMW,1539.5,3
1016,2717095,Gumbolaya,1539.3,15
1017,1780695,LBE | Raybands,1539.2,100
1018,1011767,MBS | Sora_J,1539.1,4
1019,1362532,Wilsports |OUG | Sativa,1539.1,4
1020,3765838,Stelter,1539.1,5
1021,512698,gaku,1538.9,3
1022,1997837,Fal | ShockFire101,1538.8,94
1023,5158343,player 4,1538.8,2
1024,1709328,AJ | Snow Banjo Mind Control,1538.8,5
1025,1228010,DJ,1538.6,6
1026,991550,PhDream,1538.5,2
1027,1395261,Dolan,1538.4,3
1028,24211,SaltyFun,1538.4,43
1029,509309,gm | trafe,1538.3,4
1030,1449684,MG | Solarose,1538.3,2
1031,5138454,Da Birb,1538.2,8
1032,2455865,Agua,1538.2,217
1033,1188970,DF | kirby509,1538.1,4
1034,3359738,Frame1,1538.1,4
1035,1663928,Brony,1538.0,9
1036,4528325,MID | SpacingWizard69,1538.0,4
1037,4497181,Bloom | K80,1538.0,7
1038,1929431,NE NS Poirier | Saloum,1538.0,2
1039,2066143,aceshooter88,1538.0,6
1040,2148044,Supah,1537.9,2
1041,152949,C2F | Rucent,1537.9,2
1042,2551609,KidSickarus,1537.9,4
1043,4718175,MacSmitty,1537.8,6
1044,1184572,SMFN | bee,1537.7,3
1045,1750296,Protean,1537.4,433
1046,29107,NYC | Yeeevs,1537.4,5
1047,1387241,TheFizzledPop,1537.3,32
1048,5438682,Hung | Grey,1537.3,2
1049,16019,DA | DireOnFire,1537.3,6
1050,1467470,Notku,1537.2,2
1051,4405594,kyza,1537.2,42
1052,1013628,Bolero,1537.2,10
1053,1581800,PSG | BroKen,1537.1,5
1054,326148,DA | EMP | Venia,1537.0,4
1055,182850,Steezy,1537.0,9
1056,1810011,Yikes! ebs Kqt | FD,1537.0,6
1057,143630,Don / Clive,1537.0,5
1058,1409025,Kvh,1537.0,44
1059,1196596,Potato,1536.9,6
1060,4631033,Gio,1536.9,2
1061,673048,Morly!,1536.9,2
1062,68115,Kogarasuma,1536.8,5
1063,5538357,BLZE | 6:00am,1536.5,5
1064,642736,Wob,1536.4,70
1065,1584955,AVERAGE,1536.4,2
1066,2614771,Mr.Bell,1536.4,57
1067,146691,Rob Boss,1536.2,43
1068,3432322,NELSON (ネルソン),1536.1,368
1069,70122,Rice,1536.1,2
1070,2447845,SmU5h | Buddah__0,1536.0,26
1071,345629,PCNinja,1536.0,58
1072,4496421,Stelter,1535.8,5
1073,606601,GRNT | Conman,1535.6,2
1074,2426185,iyerv,1535.6,2
1075,1541586,Free KayFlock / Monte,1535.6,2
1076,1072598,thanos car,1535.5,2
1077,2928969,sslugg6,1535.5,6
1078,1763114,DA | Rafa,1535.5,2
1079,325489,KB2 / minT,1535.5,4
1080,3852093,Lenny | Goat,1535.4,77
1081,3220447,LCU | Troy,1535.4,6
1082,1949508,CLL | nitro?!,1535.3,7
1083,1554487,Potassium | GeneralChimp,1535.3,2
1084,1617457,MMG+ | PepMonk,1535.3,8
1085,15161,GR | Corazón,1535.3,9
1086,1868111,Fig,1535.2,2
1087,4654382,Walla,1535.2,7
1088,1405107,TWR | Saro,1535.2,2
1089,4319214,Jack :),1535.1,2
1090,2034711,NXM | scott,1534.9,2
1091,328844,Do Good | Crowhei Ohtani,1534.9,83
1092,1706668,CU | ivy,1534.8,9
1093,1419645,ArchAngel,1534.8,4
1094,279308,NYU | ANS | SN34KZ,1534.7,6
1095,4220766,G4G | Arbiter,1534.7,5
1096,1335518,Potato,1534.7,5
1097,1187549,Not | L7ogz,1534.6,4
1098,247544,OctopusMan,1534.6,2
1099,2390508,DKM | Shelltore,1534.5,4
1100,374706,eevee den | GME,1534.5,5
1101,1678135,summitson,1534.5,5
1102,2205145,MOUNT | WRLD | YC,1534.4,19
1103,2108067,H0es Mad,1534.4,5
1104,2667479,IN YOUR WALLS | ABERRATION,1534.4,2
1105,1109187,Jul,1534.3,2
1106,1441832,TFO256,1534.3,6
1107,71122,SI | SMFN | Save,1534.3,2
1108,1482148,Fuzzi,1534.0,6
1109,23800,Sonicfiend,1533.9,3
1110,4709567,Dr. Dior,1533.9,5
1111,4798110,FZP | Peco,1533.8,6
1112,1219085,Potato,1533.8,6
1113,4328687,CAL | Cochino,1533.8,6
1114,402419,BCe | Galactic Papi,1533.8,25
1115,5512295,Raptor,1533.8,4
1116,1806336,magna259,1533.7,53
1117,6083,San / PikaPika!,1533.6,2
1118,1545250,TF | 3H | Explodypan,1533.6,3
1119,2429649,Pit Professor,1533.6,4
1120,2461532,EGF | Roundens,1533.6,100
1121,1524055,Haha a gamer,1533.5,2
1122,2531076,HSG / SCB | BlitzThunderFGC,1533.5,6
1123,2144550,Naji,1533.5,19
1124,3645381,dr perky,1533.4,58
1125,416407,Sled,1533.3,5
1126,935201,TheHunter657,1533.3,2
1127,1322680,SYN | O.J. Styles,1533.3,2
1128,1271534,BB | Fraudrigo,1533.1,3
1129,1051056,Scarecrowuknow,1533.0,2
1130,1504469,Panda | KingKirb64,1533.0,2
1131,1227595,KlashT,1533.0,2
1132,1788496,DVNT | L.A.W,1532.9,8
1133,3800500,Aero,1532.9,4
1134,1739380,poobadooba,1532.9,58
1135,1616625,QTN | soap,1532.9,121
1136,1819791,Puffles,1532.7,34
1137,1004635,circusdoll / Amon,1532.7,6
1138,1205028,Hydra,1532.7,2
1139,1332765,Asimo / Hurt,1532.7,2
1140,3799129,Swigzy,1532.6,10
1141,3308794,Iona | Lubando,1532.6,9
1142,2409203,Big Oil | Demi,1532.5,2
1143,3310885,Juni,1532.4,2
1144,1511455,JonJT,1532.4,2
1145,3652196,Big Water,1532.2,5
1146,636326,MegaVulcan3000,1532.2,6
1147,669672,IC | Foresight,1532.1,7
1148,1005778,Cee,1532.0,6
1149,5342342,Joey,1531.9,2
1150,1840235,みどりCabbage,1531.9,2
1151,1856852,Lair | Sleuwy,1531.9,2
1152,1641546,Queso,1531.9,2
1153,1158833,Dov,1531.8,2
1154,1556467,NXM | pret,1531.8,4
1155,4755410,Shut,1531.8,4
1156,2800960,Deathrasher,1531.8,4
1157,49764,Turtle Hands,1531.7,2
1158,5354854,Geodash,1531.7,2
1159,1003118,Pray4 | Huskee,1531.6,6
1160,1841728,MMG+ | jarbsnoanime,1531.5,2
1161,1261717,Goose,1531.5,6
1162,2466126,giraffe,1531.5,2
1163,5222732,1999 | gnab,1531.4,2
1164,1270448,Litoh,1531.3,2
1165,1406590,585Z | Shotglass,1531.3,12
1166,1123299,Bandey,1531.3,2
1167,1529692,Virtual Zorua,1531.3,9
1168,3334603,Geeky,1531.3,73
1169,5283519,shadinx,1531.2,2
1170,4438598,Stelter,1531.2,8
1171,655986,Wilsports | Wiloo,1531.2,2
1172,4545833,WAA | Diplo?,1531.2,11
1173,242121,KingArc,1531.2,9
1174,5379769,TheAJ-DeL,1531.1,4
1175,246046,cesoul,1531.1,5
1176,1181131,Kira,1531.1,2
1177,1172410,Seeker,1531.0,3
1178,1496687,RAW | Pseudo,1531.0,8
1179,1147356,Jangmoo,1530.9,2
1180,1738588,Jdenator,1530.8,4
1181,135734,BIG GREEN,1530.7,2
1182,2409642,MU | IgnitisJr,1530.6,4
1183,2927176,HeyZeus,1530.5,2
1184,5044907,NeoPhant,1530.5,2
1185,246513,MEAT UP! | Secret,1530.5,2
1186,205609,IMMRTL | Drevis,1530.4,2
1187,4937913,Andres :3,1530.3,55
1188,831619,SMT,1530.3,79
1189,994353,Kill me,1530.2,6
1190,1450318,VREEE!,1530.2,2
1191,225724,DJ,1530.2,19
1192,2251942,HC | Esmyr,1530.1,3
1193,160078,Extra O,1530.1,2
1194,1002633,Roses,1530.1,7
1195,3804857,Tane,1530.0,2
1196,432451,AFAS | typoni,1530.0,2
1197,1215186,Lubbock Christian University,1530.0,1
1198,1601215,UTC | HAUS39,1530.0,2
1199,3103320,Sr Chaf,1529.9,7
1200,3533676,Maidenless | Shokaizo,1529.8,9
1201,16067,EVIL | Nelvin,1529.8,2
1202,1421180,Potato,1529.8,4
1203,5002193,player 4,1529.7,2
1204,2076982,WW | Abida,1529.6,15
1205,400199,Alting,1529.6,6
1206,4727827,Player 4,1529.6,2
1207,1023746,Nadjo,1529.6,85
1208,1009020,Orlox,1529.5,2
1209,2232183,DO | Sprinkle,1529.5,2
1210,2654678,ENC | Aero,1529.5,4
1211,1581758,LCU / SmU5h | elijmin,1529.3,3
1212,1609520,Popoff,1529.1,4
1213,2465182,Drexel | Charms,1529.1,2
1214,1722507,Calamity,1529.1,4
1215,1193468,CF | Arsenic,1529.1,2
1216,3920247,Raptor,1529.0,5
1217,1287560,Spooncan,1529.0,5
1218,3160024,Eon | 天 | Snivy,1528.9,2
1219,2195082,MemeMasterM,1528.9,93
1220,2450682,DG,1528.6,96
1221,3474439,dark,1528.6,1
1222,1496417,MBS | Riggio,1528.6,2
1223,2336552,JLQ | lalo,1528.5,91
1224,2723492,Drag0,1528.4,2
1225,1896685,waztoo,1528.4,2
1226,5284757,player 4,1528.4,3
1227,2372868,勝利 | Bloofy,1528.4,1
1228,1083418,CRG/GRNT/MXC | Vapor,1528.3,4
1229,5010955,player 4,1528.3,2
1230,1494129,Waffle,1528.3,2
1231,1166622,SYN | ram,1528.2,4
1232,3358960,kone,1528.1,4
1233,4706620,Selldegame,1528.0,2
1234,4299622,LatestSunlight,1528.0,63
1235,2094099,Elbarouki_TM,1528.0,1
1236,2208713,backpak72,1528.0,60
1237,172486,iModerz,1528.0,3
1238,3963491,Memeguel,1527.9,1
1239,540911,Arctice,1527.9,2
1240,4569541,frame 1,1527.9,3
1241,1669160,Mr.Stein,1527.8,92
1242,1205021,Neptune Shiranui,1527.7,3
1243,5198274,Bagelpotato,1527.6,3
1244,1012831,Ho Chi ZYN,1527.6,44
1245,5192977,player 4,1527.6,2
1246,942315,nebbu,1527.5,6
1247,2134062,OC | Gae Bolg,1527.5,3
1248,855504,Ryuko | Sensei,1527.4,2
1249,1067158,Rhyno,1527.4,4
1250,1713130,LXX,1527.4,21
1251,278696,KAO,1527.4,1
1252,1492978,UNCG | BB | Endothia,1527.4,1
1253,3190682,JACKBOYS / EO | Fenris,1527.3,7
1254,5044391,keekle,1527.2,2
1255,1124116,WAR | CYNNNN,1527.2,1
1256,3499707,skeleccino,1527.2,2
1257,1548191,BlassTD,1527.2,2
1258,955121,Question,1527.1,2
1259,1266027,Boodabam,1527.0,1
1260,3127720,connect | rina tennoji,1527.0,38
1261,4934787,Lord Santo,1526.9,78
1262,509699,Jintus,1526.9,5
1263,2673391,ZRG/SMFN/FS | Habibi,1526.9,1
1264,3035217,Alatreon,1526.9,1
1265,1303483,Haseo,1526.9,5
1266,3527754,K.O.G.,1526.9,6
1267,5354153,UC | Julio,1526.9,5
1268,147824,TSG | Mr.L,1526.8,11
1269,1349076,gum cuzzler,1526.8,5
1270,1476116,bizcocho,1526.8,5
1271,1070940,Uhh,1526.7,2
1272,1089750,TaroSays,1526.7,78
1273,2711602,Rimas,1526.7,2
1274,1090917,IHL,1526.7,5
1275,4928847,BB8,1526.5,4
1276,2429572,relyKD,1526.5,56
1277,4451520,Gman,1526.5,4
1278,2044777,PBJ| .wav | Joba,1526.5,2
1279,1820903,LiEL,1526.4,4
1280,2755491,FzP | ConCon,1526.4,2
1281,1356904,NPT | Nikolai,1526.4,1
1282,1832687,MEDINA,1526.3,29
1283,138314,Gonezo / Zage,1526.3,1
1284,16101,Hell Fox,1526.3,10
1285,355031,Mr. Saturnn,1526.2,2
1286,1032550,JLo / AeroAce,1526.2,3
1287,1020105,Wing,1526.2,2
1288,1496209,BANZOOO / HoeCakes,1526.1,5
1289,1340702,CHP | Mang0 fan,1526.1,15
1290,2255194,GodEhisZilla,1526.1,1
1291,1296395,mBluett,1526.1,1
1292,478382,RNGsus,1526.1,4
1293,1340246,GENOKING,1526.0,3
1294,2982309,garyium,1525.9,2
1295,5221104,Komatsu,1525.9,1
1296,2462562,Astor,1525.8,9
1297,1584997,UCI | ara,1525.7,3
1298,555736,Efeo,1525.7,1
1299,1043822,Vestation,1525.6,79
1300,733710,Defs Dojo | Caspr,1525.6,2
1301,1358745,Tyler,1525.6,5
1302,3839181,Zaman,1525.5,2
1303,1134266,DAWN | Visceral,1525.4,3
1304,576270,Tai / Dolan,1525.4,4
1305,5206306,TCG | Friend,1525.4,1
1306,3775089,Armor_abs_krabs,1525.3,105
1307,50703,ARJAY!!! / JeJaJeJa,1525.3,1
1308,545235,M+D | DillyDiamond,1525.3,1
1309,151544,loquacious | Smirk,1525.3,1
1310,300502,Ouch!?,1525.3,1
1311,581034,Interrobang,1525.2,2
1312,227045,Juice,1525.1,2
1313,4780500,player 4,1525.1,2
1314,5326242,humiliated.,1525.0,3
1315,2310084,stress,1525.0,77
1316,3639414,UA | ray,1525.0,105
1317,3510360,Sumner,1525.0,102
1318,135042,Skyjay / Maister,1524.9,1
1319,4443894,SuperStuyBros | Danielisbadatlife,1524.8,65
1320,2554031,BEEF,1524.7,1
1321,1891889,jake,1524.7,2
1322,571024,2KM | GCR | Fendeavor,1524.7,1
1323,370716,GC | gulpt,1524.6,2
1324,1228001,Potato,1524.6,5
1325,1016436,yaki,1524.6,1
1326,1202531,Yuri,1524.5,1
1327,1003014,Pray4 | PastryKing,1524.4,10
1328,1409166,Potato,1524.4,4
1329,2682057,Twidark,1524.4,2
1330,412735,Amnesty,1524.4,4
1331,1212975,Bear,1524.4,5
1332,137600,Z / Smokk,1524.3,1
1333,3344810,SS_Hero,1524.3,7
1334,15252,Ralph's Friend | Fang,1524.3,4
1335,1837685,Mythos,1524.2,1
1336,5335404,Bane,1524.1,1
1337,1063916,SDB | Squidplumber,1524.1,2
1338,1874974,Jay,1524.1,2
1339,1211517,Puddle,1524.1,6
1340,140568,AndresFn / Sisqui,1524.1,1
1341,3763327,Re:VexZan,1524.0,1
1342,26535,cab,1524.0,6
1343,1812185,Buncho,1524.0,2
1344,173403,NU | Lui$,1524.0,1
1345,1213031,Pado,1524.0,5
1346,1541066,Colorondo8,1524.0,1
1347,1708766,p0wer,1523.9,6
1348,4287882,Stelter,1523.8,4
1349,5042835,Back2Lumbridge,1523.8,2
1350,5386848,deluxe,1523.8,1
1351,1858555,otherguy,1523.8,4
1352,60764,dans undertale,1523.7,1
1353,4496420,Stelter,1523.7,4
1354,1708879,TDV/B Team | Zedare,1523.6,124
1355,2472564,YOSHE LOKO O G,1523.6,2
1356,3124553,Enharmonic,1523.6,112
1357,553257,GNT4 | Skeet,1523.6,6
1358,5396033,player 4,1523.6,2
1359,1657567,Ericdj / Shulk,1523.6,3
1360,1208906,nairoPower,1523.6,5
1361,2499500,IEATASS69,1523.5,3
1362,1519834,Joey Cannoli,1523.5,1
1363,1520041,ASword6,1523.5,5
1364,5181733,ALL SMASH,1523.5,3
1365,1019781,emtea,1523.4,1
1366,5335467,wowmall,1523.3,1
1367,5021246,TeemoFan,1523.3,2
1368,389820,Twizzy Bomb,1523.2,5
1369,862970,muscle milk,1523.2,83
1370,2061514,ToneSone,1523.1,4
1371,4148594,Stelter,1523.1,4
1372,1242039,C.Kaleb,1523.1,1
1373,1581726,Zacto / triscuit,1523.1,3
1374,3554576,mio,1523.1,1
1375,1117250,BiscQuit,1523.0,3
1376,1007258,Rat Gang | MorseCode,1522.9,3
1377,1716091,Jockeylou,1522.9,44
1378,4956718,frostypo,1522.9,1
1379,834907,boing | buckles,1522.9,37
1380,1194511,PHNM | Senn,1522.9,1
1381,2931613,work in progress,1522.8,1
1382,1039246,LD | Hino,1522.8,1
1383,2075655,Scipio,1522.8,1
1384,5484340,Reiji,1522.8,1
1385,3933918,BMW | WitherLead (A),1522.7,9
1386,69738,808,1522.7,18
1387,965401,MoS TE | Coltman,1522.7,1
1388,1683188,Vega,1522.7,1
1389,3668857,AJPink,1522.7,1
1390,15609,DS | Black Tiger,1522.6,4
1391,1358829,Skilled Roy,1522.6,5
1392,3235131,Tyrunty,1522.5,5
1393,680796,GOATED ESPORTS | LooseGrip,1522.5,48
1394,26023,Nosk,1522.5,1
1395,4902619,cmeonline,1522.4,4
1396,5659,WVU,1522.4,1
1397,1800430,YHWH | Attaboytom,1522.4,203
1398,1684088,Saber,1522.3,3
1399,997455,8Tigre24,1522.3,2
1400,3892085,Gingy,1522.2,24
1401,281779,Ironbrand / NEINx,1522.2,3
1402,1044118,N8,1522.2,1
1403,1934262,NC10,1522.1,5
1404,1698523,iNsane,1522.1,3
1405,1428264,UTD | Clue,1522.1,1
1406,970175,2K4D,1522.1,126
1407,1047908,Cee,1522.0,5
1408,1703355,MANIAC,1522.0,3
1409,1680430,LCU | Spritzy,1522.0,1
1410,207638,Pac-Slash,1522.0,1
1411,5314839,9-Volt,1521.9,1
1412,262295,PM | TC | Chario,1521.9,1
1413,1662450,Spoopy,1521.9,2
1414,5430160,help,1521.8,1
1415,158026,FaZe | Sparg0,1521.8,2
1416,1488627,the mr morty,1521.8,5
1417,4498902,Mashed Brotato,1521.8,1
1418,222927,LG CS3 VARS | MkLeo,1521.8,1
1419,4187041,MM | luis.guillorme.13,1521.8,5
1420,274421,Cgaz,1521.8,3
1421,47868,Bankai,1521.6,1
1422,3605541,Aero,1521.6,4
1423,310229,Castelia,1521.6,5
1424,1723607,Scrap,1521.6,3
1425,2040114,TE | savelil1th,1521.6,1
1426,4930925,MasterKong,1521.6,2
1427,2301956,Dr. Scaps,1521.5,3
1428,4375871,STG | El Papalote,1521.5,1
1429,1639462,Epoqua,1521.5,68
1430,1592885,Adam,1521.5,1
1431,249354,GG | Stocktaker69,1521.5,4
1432,1503629,Topdog,1521.4,2
1433,1388704,UTD | moneycat,1521.4,1
1434,539124,Aster,1521.4,5
1435,2114774,Fantasia,1521.3,1
1436,5365377,HREED,1521.3,1
1437,3140376,FU | Dropleto,1521.3,1
1438,3427909,iQHQ | AoN | Raptor,1521.3,1
1439,15260,DA | TR Stretch,1521.3,2
1440,336701,Prophecy,1521.2,1
1441,3440801,CHP | Moat,1521.1,4
1442,648301,ZFN | Jeckup,1521.1,1
1443,5115755,player 4,1521.1,1
1444,901519,Lui-Jesus,1521.1,3
1445,5331030,player 4,1521.1,1
1446,774286,N6 | jonhy,1521.0,1
1447,67666,Tai / DM,1521.0,1
1448,1696928,ZBK,1521.0,4
1449,1012897,Tacticalx,1520.9,1
1450,3056663,wonderland | SnowInMay,1520.9,1
1451,45472,Council | TheBombBimbi,1520.9,1
1452,5333618,player 4,1520.9,3
1453,6180,Goomba,1520.8,5
1454,2670725,Pulse,1520.8,1
1455,2268160,DSD,1520.8,1
1456,157946,UA O | LAGARTIXA LEDGETRAP,1520.8,2
1457,1620520,Rhinestone,1520.7,4
1458,5335471,Timmy,1520.7,1
1459,520271,Roka,1520.7,1
1460,2570669,RobbyBlitz,1520.6,1
1461,220457,3D | A-A-ron,1520.6,2
1462,1911271,FS | Amir,1520.6,7
1463,29596,SpecSM87,1520.6,3
1464,2375975,Team Vars | Vars,1520.5,58
1465,32212,Dick Puncher | Stage Hazard,1520.5,2
1466,277520,Jay,1520.5,5
1467,4166797,marlin,1520.4,1
1468,2062749,eLS | Deox6,1520.4,1
1469,233995,PEPIS | Slurmp,1520.4,1
1470,409010,GrandTale,1520.3,1
1471,5432835,Frenzik,1520.3,4
1472,2437765,SWR | The_Awesome_Ale,1520.3,5
1473,4966233,Bobingstern,1520.2,5
1474,3115529,Jared,1520.2,1
1475,1236735,Metl,1520.2,7
1476,2225138,Pany,1520.2,4
1477,1243536,JDV,1520.2,1
1478,1504359,Ho3k | ridlygod69,1520.2,3
1479,1601315,Azublazer,1520.2,1
1480,5317240,UC | Jose,1520.2,1
1481,22047,BRED,1520.2,7
1482,530167,The Washed Gays,1520.2,1
1483,407762,GG | Jay,1520.1,1
1484,3768228,stead_fest,1520.1,8
1485,2022388,Wilsports | Edog,1520.1,6
1486,2802053,Billio,1520.1,2
1487,2291581,Krag,1520.1,1
1488,1565806,Charles,1520.1,1
1489,5251159,cutie palutootie,1520.1,2
1490,9976,Angel Cortes / Tokyo,1520.1,1
1491,539956,Metaternal,1520.1,9
1492,1575378,ScienceProject99,1520.1,9
1493,5394998,geëkd,1520.0,1
1494,1625801,sorbi,1520.0,93
1495,2106082,butter,1520.0,2
1496,655943,Tricky,1519.9,1
1497,726035,GamerDong,1519.9,1
1498,1464493,Obwan,1519.9,4
1499,35873,Space,1519.9,5
1500,5260604,VolcanicLambent,1519.9,1
1501,2413428,Boaz,1519.8,1
1502,2697753,Murphisto / Fispok,1519.8,1
1503,1488238,Waypoint,1519.8,1
1504,1026171,Kawhi,1519.8,1
1505,5300884,player 4,1519.8,2
1506,71247,Sephie,1519.8,1
1507,135759,GunZ,1519.7,2
1508,3639835,Williamm201 / viktor vaughn,1519.7,9
1509,3194861,billy big ballz,1519.7,1
1510,1303468,KOPA,1519.6,4
1511,5168556,kloppi417,1519.6,2
1512,46958,Ho3K | Frozen,1519.6,1
1513,2131389,isnek,1519.6,1
1514,4303968,PG | Inari,1519.6,33
1515,824833,TC | TCNJ | flackito,1519.5,1
1516,1488633,03lead,1519.5,4
1517,257428,Kenoca,1519.5,1
1518,1810872,Strider | Cross,1519.5,3
1519,250461,Geist / Lux Prima,1519.4,1
1520,1022177,Zess,1519.4,1
1521,3119348,Team3Star | MoeAxew,1519.4,1
1522,265143,TSG M.Dre,1519.4,5
1523,4060299,GSG | Reed,1519.4,3
1524,20915,On Cap No God,1519.3,8
1525,349801,EVC | Gotham,1519.3,5
1526,2241338,THC | BROLY,1519.3,1
1527,1751700,Kimboiyachi,1519.3,4
1528,2843329,D-GENR8,1519.2,2
1529,1990390,SoothingRuby,1519.2,2
1530,1223930,HeyZeus,1519.2,1
1531,960827,SpringFlame,1519.2,8
1532,3478252,Maliketh,1519.2,1
1533,1856186,NS | NotBrayden,1519.2,1
1534,339291,Ragnellrok / Tom,1519.2,3
1535,2672863,Sid!,1519.2,1
1536,4907379,Isoboijr,1519.1,75
1537,261032,TMM | Shaka,1519.1,1
1538,1439182,donuts,1519.1,1
1539,2458261,lazy ghost,1519.0,1
1540,499333,MBS | Vivid,1519.0,1
1541,4956414,player 4,1519.0,1
1542,5090715,player 4,1519.0,1
1543,2467046,Tripp,1519.0,1
1544,4968067,player 4,1518.9,1
1545,1066436,UNC | Arctinox,1518.9,1
1546,5367305,Silentlarp,1518.9,2
1547,1296771,RadStad,1518.9,1
1548,4783970,Marcotics,1518.8,1
1549,5335636,K/GKO,1518.8,1
1550,3955153,PEAK | Sir.JelloMan,1518.8,1
1551,2383086,HVI | HermanVI,1518.7,61
1552,1620955,DJ,1518.7,4
1553,1010658,TSG | Mr. L,1518.7,5
1554,1136908,Dragn,1518.7,1
1555,3067357,MENSIS | LUTE,1518.7,1
1556,2433182,Xan,1518.7,1
1557,1151283,RNJesus,1518.6,5
1558,3267926,For Her! | riskline,1518.6,1
1559,3220600,Dr Insano,1518.6,1
1560,2386673,DP3/ILMW/SMFN | Izuke,1518.6,1
1561,569602,GODwithinA,1518.6,1
1562,995709,Erickfree,1518.5,1
1563,2345935,rachel,1518.5,3
1564,1142213,Dio,1518.5,1
1565,38148,ATATA,1518.5,1
1566,3799236,thom,1518.5,6
1567,3657072,Slag69,1518.5,1
1568,158619,CS3 | FC | Kiwi,1518.5,1
1569,1465805,HEART | sol,1518.4,2
1570,4876743,GRAB | Gordeon,1518.4,5
1571,1016666,cold,1518.4,1
1572,4962856,PNG | JRaz16,1518.4,6
1573,424620,The Law / cobbler. / PenguinBud,1518.4,3
1574,3718917,balls,1518.4,5
1575,5302952,POST | Astroboost,1518.3,1
1576,391283,AWG | Silver X,1518.3,129
1577,5267310,Team | Bingle McPringle,1518.3,2
1578,227078,xenight,1518.3,1
1579,4087035,ARK | Mirrah,1518.3,4
1580,4943742,OZ,1518.3,1
1581,4126819,EJF,1518.3,1
1582,131374,CS3 | Andrik,1518.2,4
1583,49123,Face,1518.2,1
1584,130959,Inayellowflash,1518.2,1
1585,5534447,play FFXIV | DSF,1518.2,4
1586,2224265,Loucifer / niko sm,1518.2,1
1587,1791545,FutureShadow,1518.2,1
1588,1601554,Status Quo,1518.1,1
1589,5120397,Darnell,1518.1,1
1590,1807962,Dominus,1518.1,3
1591,4281178,Deific,1518.1,8
1592,1282503,KapKaboomz,1518.0,1
1593,817296,Quinn,1518.0,1
1594,13565,DKwill,1518.0,1
1595,5113801,Do Good | ACE,1518.0,1
1596,5329834,Clicker,1518.0,1
1597,1005227,Metal,1518.0,5
1598,5335662,Dave,1518.0,1
1599,3035358,UC | Absol-ute,1518.0,2
1600,1571673,Skywalker,1517.9,1
1601,697242,C7 | Moot,1517.9,1
1602,1586193,Cleaningproduct,1517.9,1
1603,1347527,Nous,1517.9,1
1604,1540662,imran / Volare,1517.8,1
1605,2757397,Hype,1517.8,1
1606,5353252,player 4,1517.8,3
1607,1400808,charles,1517.8,2
1608,1315027,Geepster,1517.8,1
1609,4702,Northwood University,1517.8,1
1610,1573466,TwoTone,1517.8,4
1611,5273995,Herkimer | Stora,1517.8,1
1612,44865,CTG | MuteAce,1517.8,2
1613,1284483,StatusQuo,1517.8,2
1614,35661,SHBOYS | Angel Cortes,1517.7,1
1615,5013524,lard lad,1517.7,1
1616,5467603,CHP | Swish,1517.7,5
1617,737833,Migz,1517.7,1
1618,138843,JT,1517.7,1
1619,1857895,Oliver Closoff,1517.7,1
1620,231030,#MBFA | Chef,1517.7,1
1621,4932274,Domo,1517.6,1
1622,1744611,Bruce,1517.6,1
1623,1454996,Luminary,1517.6,3
1624,1230098,DR IDIOT,1517.6,2
1625,2091533,SFA | Maxwell,1517.6,4
1626,67641,K3H,1517.6,1
1627,1562590,Jmartiles,1517.5,1
1628,1881101,RVN | FrBz | ttv/BlitzzNY,1517.5,1
1629,1005938,Blacklink,1517.5,5
1630,182737,GBG | among us blaster,1517.5,1
1631,1293135,Gem,1517.5,1
1632,2682748,ECSU | Swee,1517.5,2
1633,3240501,ray ray,1517.5,1
1634,2591464,TFO256,1517.4,1
1635,327006,NP | DylanNoPancakes,1517.4,1
1636,484385,MF | Ls,1517.4,1
1637,5185250,MSTR,1517.4,1
1638,2714106,SU | DaDa!,1517.4,1
1639,2639964,AlbeGe,1517.4,1
1640,2818634,Mr Awesome Pants,1517.4,2
1641,891732,Prime,1517.4,4
1642,49835,Nuggetz,1517.4,4
1643,32176,#FNY | Cassius,1517.4,1
1644,2524731,REV | LevelOne,1517.4,111
1645,179750,Dagel,1517.4,51
1646,2893350,GC | Joshuaisherenow,1517.3,1
1647,1549945,Alx,1517.3,3
1648,1267281,Ἰλία (イリア),1517.3,3
1649,242593,BusinessGoldFish,1517.3,7
1650,986789,WAR | Skaws,1517.3,2
1651,4501462,C2F / GRNT | Virgo,1517.3,1
1652,4455239,Belmont-Heir,1517.3,1
1653,56791,djb | kyle xcx,1517.3,1
1654,5177499,SoT | swabbie cast,1517.3,3
1655,48262,King Pants / ANTSAM,1517.3,1
1656,3221451,Shin | Mr. Tony,1517.2,1
1657,16049,SHADOW MAN,1517.2,1
1658,3525726,vile,1517.2,3
1659,277282,Sentry | pghShady,1517.2,1
1660,5148109,TonyBony,1517.2,1
1661,1797904,Banj,1517.1,3
1662,5251683,lexipro,1517.1,2
1663,1520083,GumCuzzler,1517.1,4
1664,4976090,Will S,1517.1,1
1665,1711597,Gooby,1517.0,1
1666,1001585,DN | ShineBurst,1517.0,1
1667,838041,Dead,1517.0,1
1668,2450396,RedKO7,1517.0,1
1669,1157891,RVNT | Zaxel,1517.0,1
1670,1809817,nerdbird,1517.0,1
1671,132203,ID | Sindiso,1517.0,85
1672,4637856,Gymbo2000,1517.0,1
1673,1714454,hotel Pneumario,1517.0,58
1674,3913232,XAU/USD,1517.0,1
1675,1197939,NU | Kople,1517.0,1
1676,4158126,riddy g,1516.9,1
1677,70676,Exciled,1516.9,4
1678,3209025,GO PYRA,1516.9,1
1679,1373988,KOA Typhlava,1516.9,1
1680,1109548,NoTag,1516.9,1
1681,3796224,DEW | Hailfire,1516.8,4
1682,3643436,RG-93,1516.8,1
1683,649771,Mr.Lucky,1516.8,1
1684,5270310,Isiah,1516.8,1
1685,703656,Wise Guy,1516.8,9
1686,763918,AWG | trash,1516.8,1
1687,152669,EEsports | Si | Jakamu,1516.7,1
1688,244469,ArcZero | Soapy,1516.7,1
1689,16051,TSB | Chaos,1516.7,1
1690,1363845,TC | TTD | PoLaRz,1516.7,1
1691,517730,FPI | Apollo,1516.7,1
1692,1970073,FusedShadow,1516.7,1
1693,67357,CF | | PikPocket,1516.7,3
1694,1738,Seibrik,1516.7,2
1695,2449181,MMSky,1516.7,1
1696,47787,M.o.D,1516.7,1
1697,3465672,StoopedDaDum,1516.7,1
1698,1827202,EightJake / Larsen,1516.7,1
1699,3215396,ECSU | Labyrinth,1516.7,41
1700,51542,Tonberry,1516.6,1
1701,4280866,ARM | ARMSTRONG!,1516.6,3
1702,1140531,chevy,1516.6,1
1703,2686139,Ornik,1516.6,4
1704,62160,Sofronas,1516.6,9
1705,4783618,bad at tha game :3,1516.6,1
1706,4101411,SSJ | jikzy,1516.6,7
1707,2647514,KORNDOG | DN | SavageCabbage69,1516.6,5
1708,1930761,kaddical,1516.6,1
1709,36735,Lucius / Kyoka,1516.6,1
1710,48055,Djb | Laid,1516.6,1
1711,355121,PHNM | Frostbyte,1516.5,1
1712,3640016,WelcoFa,1516.5,1
1713,2341438,SBU | Swaghetti,1516.5,7
1714,2431415,RenzZlax,1516.5,1
1715,1796649,Lagiakai,1516.5,3
1716,2585089,Whimi,1516.5,1
1717,5146854,Taxes,1516.5,1
1718,1791146,Z,1516.5,1
1719,15404,Face / Rolex,1516.5,1
1720,544841,Zio,1516.5,3
1721,1070511,Lucius / Koopa Klyde,1516.5,1
1722,381350,Nhan,1516.5,1
1723,5297798,providence,1516.4,4
1724,141014,Mystearica,1516.4,2
1725,2813620,OLD | pheeyl,1516.4,1
1726,379612,Spitz / Lygus,1516.4,1
1727,4966191,GamerTY,1516.4,1
1728,1366142,Impact,1516.4,1
1729,147708,WD | CORONA17,1516.4,1
1730,2150827,RaptorThePhilosopher,1516.4,1
1731,3799094,Aero,1516.4,9
1732,5213225,TheDragothian,1516.4,1
1733,1656154,jarber,1516.4,1
1734,1791633,Bae | Rondor,1516.3,1
1735,594618,FP | Chavo,1516.3,1
1736,1819350,YOYO | D^Brickashaw0730,1516.3,3
1737,1722787,javi,1516.3,1
1738,2090867,Tarineko*,1516.3,3
1739,1340821,Adriel814,1516.3,1
1740,250635,CS | MaverickHunter,1516.3,6
1741,1088672,Icarus,1516.3,1
1742,1000822,2! | Avail,1516.3,2
1743,1311157,RT | NeoVanquisher,1516.3,1
1744,5489197,PBJ | Spectro,1516.3,6
1745,1196985,DWG | Toxzis,1516.3,22
1746,357407,Angel,1516.3,1
1747,1488631,bizcocho,1516.3,4
1748,1462246,607 | Lucky 38,1516.3,1
1749,171142,NEST | MaRune,1516.3,1
1750,225268,FzP | SolarBeam,1516.3,1
1751,2448938,TTboy,1516.3,1
1752,2439223,ArmJoesh,1516.2,1
1753,160228,Ken109,1516.2,1
1754,248698,May,1516.2,1
1755,4521617,JohnnyD,1516.2,1
1756,1066557,5LG | CSUF | Tact,1516.2,4
1757,1183175,Hazard,1516.2,1
1758,1748674,Dino,1516.2,1
1759,1002677,Beard Sr.,1516.1,1
1760,1409137,Coolauncher,1516.1,1
1761,752946,BG | Spyro,1516.1,3
1762,2719969,D-X,1516.1,1
1763,1802849,ZARD | TBS Milkman,1516.1,1
1764,1445490,Crazy | DidntWatchSpongebobAsKid,1516.1,4
1765,329768,Moose,1516.1,1
1766,226498,Ronald / cat dad,1516.1,3
1767,56010,GG | lean,1516.1,1
1768,878292,C64 | TicoTico,1516.1,1
1769,539081,LoF Blue,1516.0,1
1770,1073142,Spenkr,1516.0,1
1771,46546,Rice Shower,1516.0,1
1772,326554,TAF | Staz,1516.0,1
1773,977166,Rico,1516.0,1
1774,6336,Jet,1516.0,1
1775,11420,Melon,1516.0,1
1776,1264705,vexmilk,1516.0,1
1777,14646,DA | Rafa,1516.0,1
1778,2080294,Kiyomaro,1516.0,1
1779,350684,Benzi,1516.0,1
1780,15999,Citadel / Nikolai / BlazingPasta / Beast / BONK!,1516.0,1
1781,2933346,Mars,1516.0,1
1782,3133081,Jack V.,1516.0,1
1783,1750408,Lip / Robit,1516.0,1
1784,1792368,d^ | Oasis,1516.0,1
1785,2542971,Pyrofish,1516.0,1
1786,3740045,SBU | 2015 fetty wap,1516.0,1
1787,4956467,mossyjeans,1516.0,1
1788,5081800,Hendrix,1516.0,1
1789,4933739,Ryan,1516.0,1
1790,3549882,George,1516.0,4
1791,128649,ChefKef / Sled,1516.0,1
1792,930429,vito,1516.0,1
1793,1163760,Iida,1516.0,1
1794,2774024,Artie,1516.0,1
1795,870913,Highschord,1515.9,1
1796,1306717,Dumbboard,1515.9,1
1797,3374102,LUCAS / Kay,1515.9,1
1798,340935,Flippy,1515.9,1
1799,1278946,Coggles,1515.9,1
1800,1433828,Brett,1515.9,1
1801,5079763,Otaku,1515.8,1
1802,15921,DTN | Fatality,1515.8,1
1803,1285987,HF,1515.8,1
1804,1315718,Rum Raisin / AbsolutelyNoWhippedCream,1515.8,1
1805,1153844,Bulgogi,1515.8,1
1806,4730326,PG77 | PickleGuy77,1515.8,1
1807,2008062,Pango,1515.8,1
1808,5321971,Jowii,1515.8,4
1809,2085103,Ice,1515.8,1
1810,4991809,player 4,1515.8,1
1811,3696034,my dear,1515.8,1
1812,2427518,GrayGhost110,1515.8,1
1813,4148596,Stelter,1515.7,4
1814,5171455,TCG | SuperSweet,1515.7,1
1815,1156384,Herman,1515.7,1
1816,3500797,Tobi,1515.7,95
1817,871753,Princess | Kayla,1515.7,8
1818,4530351,aleese,1515.6,1
1819,1367936,Dr. Jay,1515.6,1
1820,2843174,DreamOn | OG | Brayman64,1515.6,4
1821,2927520,Lyco | Volpe,1515.6,8
1822,5184963,flemboat,1515.6,1
1823,171687,←/Sparknomad,1515.6,1
1824,127994,stress.,1515.6,1
1825,821917,PrinCe~KeX,1515.6,1
1826,3879089,DC3 | DaniGwap0,1515.6,11
1827,451490,400x,1515.6,3
1828,1093960,luxray,1515.5,1
1829,1890317,Kirbiny,1515.5,1
1830,1836463,Slim,1515.5,1
1831,1309500,quicK,1515.5,1
1832,1356366,Rockadon,1515.5,1
1833,4521508,Romantendo64,1515.5,1
1834,1035379,AceAttorney,1515.5,1
1835,5270322,Bloom,1515.5,1
1836,3785077,War Criminal Cheems,1515.5,1
1837,1038045,KrungStats | Lookkrung,1515.5,1
1838,3191297,Seeg,1515.4,1
1839,1091103,Pado,1515.4,5
1840,4037679,1femto,1515.4,1
1841,5016354,Zack,1515.4,1
1842,1687505,Jiffy,1515.4,1
1843,2872851,SM|BLZE | Bubbros,1515.4,3
1844,3024682,DER3Y,1515.4,5
1845,1828724,BGWLD,1515.4,4
1846,5012483,DevilNook,1515.4,1
1847,4907450,Nutty,1515.4,1
1848,1281668,cobbler.,1515.4,1
1849,1040009,TSB | Elixir,1515.4,1
1850,945989,AceAttorneyist,1515.4,5
1851,849725,Arc | RyuuJin,1515.4,1
1852,3204199,bemo,1515.4,1
1853,2384799,joey,1515.3,1
1854,2645686,Kaphita,1515.3,1
1855,4480243,Icey,1515.3,5
1856,4990312,BadOnMyEnd.,1515.3,1
1857,5259960,Otaku,1515.3,1
1858,974154,C+,1515.3,1
1859,1003660,Lone,1515.3,1
1860,67406,LR | On Tilt,1515.3,1
1861,1224436,Leo,1515.3,1
1862,55992,Shaggy,1515.3,1
1863,66965,fart / HotCarl,1515.3,1
1864,2509048,GRIZZ / Starseth,1515.3,1
1865,3655691,Carson,1515.3,1
1866,4303797,Flynn,1515.3,1
1867,29685,junk,1515.3,1
1868,1894348,scruffie:)),1515.3,2
1869,185596,UltimaGamer3000,1515.3,1
1870,2902774,Haven,1515.2,1
1871,5238588,DA FEZZ,1515.2,1
1872,2442377,Nameless,1515.2,1
1873,2708842,LuiGames8,1515.2,1
1874,2113670,UNCG | YURI JESUS,1515.2,1
1875,3599058,Homie,1515.2,1
1876,1548201,MSU | Yona,1515.2,3
1877,1536646,Mu^,1515.2,1
1878,1351232,TC | Attempte,1515.2,1
1879,236549,mimu!! / Latino heat,1515.2,3
1880,1356469,Nobody,1515.2,1
1881,1252101,Maxa,1515.1,86
1882,4937620,xsting34,1515.1,1
1883,3903461,Izer,1515.1,1
1884,3690993,balls,1515.1,4
1885,2785103,EightEquals,1515.1,1
1886,1739578,7kf,1515.1,1
1887,1050437,ODSY | DubbedOut,1515.1,4
1888,1836241,Kma,1515.1,8
1889,1110116,S...,1515.1,1
1890,1812083,Etjam,1515.1,1
1891,66861,Kendrick Olimar,1515.1,3
1892,1198751,Bwillz / Napulian,1515.1,1
1893,3017077,Terra,1515.0,1
1894,2331980,3van,1515.0,3
1895,2450999,Tom,1515.0,1
1896,1333355,Banana,1515.0,1
1897,1684312,EΔ | TacoDeGerman,1515.0,1
1898,1942241,ExS | Dark Blue,1515.0,1
1899,1012786,LCU-SFS | NationWide,1515.0,1
1900,572107,TZ | monkeyboy44,1515.0,1
1901,1442985,HeyZeus,1514.9,1
1902,1372801,Bolt,1514.9,1
1903,4668533,aaron,1514.9,1
1904,3044562,Pineapple,1514.9,5
1905,2265956,HTC | insect,1514.9,2
1906,3318628,Chewyaardvark / SnakeyCools,1514.9,1
1907,5343438,Duncan Idaho / The Glizzo,1514.9,1
1908,956594,Mint,1514.9,1
1909,5034446,PEAK | pc gamer,1514.8,1
1910,5066251,player 4,1514.8,1
1911,973095,Iona | Iggy,1514.8,1
1912,4720393,thunc,1514.8,1
1913,112228,Cougy,1514.8,1
1914,866443,Lightning McMurphy,1514.8,4
1915,423100,YukiTrey / Xen0,1514.8,1
1916,2106959,C9 | Sasuke Gucciha,1514.8,1
1917,2670382,Owser,1514.8,78
1918,4668497,Vacant,1514.7,1
1919,2843394,Mochie,1514.7,1
1920,5506554,haste,1514.7,3
1921,2508534,Phoon,1514.7,82
1922,861161,Ranger,1514.7,1
1923,1094109,Jdenator,1514.7,1
1924,5405444,WPC | FS | Verbatim,1514.7,1
1925,5227870,chromatic.,1514.7,1
1926,240911,Ragnellrok,1514.7,3
1927,996454,Kylo,1514.7,1
1928,1578757,Potato,1514.6,5
1929,992051,OTwo,1514.6,1
1930,14702,Lew,1514.6,1
1931,1243483,AC_redrum,1514.6,1
1932,2772301,KingJack,1514.6,1
1933,1306291,CHP | Wagon Fruit,1514.6,1
1934,3751132,balls,1514.6,4
1935,3818832,escalat1ng,1514.6,1
1936,1708736,Maria,1514.6,1
1937,5389685,Mimikyube,1514.6,1
1938,4165204,448 | _Rift_,1514.6,1
1939,3295539,swovfty,1514.6,1
1940,1273520,snakeeyes,1514.6,1
1941,1720327,Pilotwings | Drink Milk,1514.5,1
1942,1339286,toddler,1514.5,1
1943,1459705,ryu,1514.5,1
1944,4291866,mob100,1514.5,1
1945,2188613,Stxr,1514.5,2
1946,3668588,GP | caramelbrew,1514.5,1
1947,3734881,Zemi,1514.5,1
1948,2877401,Desyrée,1514.4,64
1949,3017089,Andrew Kulp,1514.4,5
1950,4706623,Dragonthian,1514.4,1
1951,700324,KGuard,1514.4,9
1952,16108,DA|EMP | Wes,1514.4,37
1953,1683349,yosi,1514.4,1
1954,2461030,JC.Nobody,1514.4,1
1955,5022512,player 4,1514.3,1
1956,285006,3D | Daramgar,1514.3,1
1957,2338404,Arsene,1514.3,1
1958,5195685,Tj Gav,1514.3,1
1959,1814072,F!Ve,1514.3,1
1960,1625762,AstroPokemonWorld,1514.3,9
1961,3799085,worsedeath,1514.3,1
1962,2180223,Salamence,1514.2,1
1963,5098151,shrampo,1514.2,3
1964,271420,LB | Shep,1514.2,1
1965,4915310,JEM,1514.2,1
1966,1950079,Slinky,1514.2,6
1967,1781734,Kesom,1514.2,1
1968,3053380,SMB | Knev$,1514.2,1
1969,3821892,Alex,1514.2,1
1970,5501427,Raptor,1514.1,3
1971,1496561,BANZOOO,1514.1,1
1972,3759235,Walmart | Gail Lewis fan 52,1514.1,1
1973,56946,HQ | Unknown,1514.1,14
1974,3144361,Axletman,1514.1,3
1975,1105885,Wiz,1514.1,1
1976,1532399,ccl bizcoocho,1514.1,4
1977,39741,BaconBreath / Sheppy,1514.1,1
1978,4538911,Axis | MagieMagical,1514.1,1
1979,5140244,Jasun,1514.1,1
1980,5083346,bluescreen,1514.1,1
1981,2338489,Juice,1514.0,1
1982,281460,Sinai | AFW,1514.0,1
1983,2349485,Relic,1514.0,5
1984,1016157,J~DAWG,1514.0,1
1985,5195637,d_pot,1514.0,1
1986,1377618,Mrsupersonic711,1514.0,1
1987,58087,BorknBeans,1513.9,1
1988,1058117,GPT | Kroft,1513.9,1
1989,1091411,IHL,1513.9,155
1990,4322052,Big Ant,1513.9,1
1991,1605840,FLAF,1513.9,1
1992,1446066,Rek,1513.9,1
1993,3131727,Kal,1513.9,1
1994,4435482,ny54,1513.9,1
1995,512704,Anchor,1513.9,3
1996,1427848,JRock-SM,1513.9,1
1997,4913584,As Whatever,1513.9,1
1998,1018662,TC | CTH,1513.9,6
1999,5405131,Merlyn,1513.9,1
2000,2765142,ShyGuy4Smash,1513.8,1
2001,5510458,G$hmoney,1513.8,4
2002,5037197,Sythonage,1513.8,4
2003,3643138,LG | Milk,1513.8,1
2004,1245611,Albert,1513.8,1
2005,1468989,ZFN | UTA | Thuy,1513.8,1
2006,1262852,NYU | Rhythm,1513.8,1
2007,5355484,Nate,1513.7,2
2008,1662131,151drum,1513.7,6
2009,4569886,Kin,1513.7,1
2010,4524448,Joeydillz,1513.7,1
2011,2100389,SU | ethbeast,1513.7,45
2012,2234087,Bonane,1513.7,1
2013,844039,Veemo,1513.7,1
2014,183353,Kofi,1513.7,1
2015,1443097,SaiTima,1513.7,1
2016,5427724,raydacoolest,1513.7,1
2017,3053148,PNG | Penguno,1513.7,3
2018,4981448,player 4,1513.7,1
2019,5241866,Rocco,1513.7,1
2020,2714336,Chaos,1513.6,1
2021,67476,Frosty / Dolan,1513.6,1
2022,3541583,King,1513.6,3
2023,3582974,User452777,1513.6,1
2024,4091090,FromSpace,1513.6,1
2025,136434,Knowone,1513.6,1
2026,1819972,nav,1513.6,1
2027,172151,Jaymillex,1513.5,1
2028,3845248,paper,1513.5,1
2029,2505273,Lust,1513.5,1
2030,1257842,PTM | Wild Card,1513.5,1
2031,964432,Sour-SkittleS,1513.5,1
2032,1502533,Council | Rockadon,1513.5,1
2033,4160327,ENERGYSHADOW,1513.5,4
2034,1140627,CesarYouLater,1513.5,1
2035,3017048,Nick Pesa,1513.4,5
2036,3265306,REAL | BadMan,1513.4,1
2037,55969,RYNO,1513.4,4
2038,5376324,Kendub,1513.4,2
2039,1707922,BerveraSSBU,1513.4,1
2040,1055425,Fahrenheit,1513.4,1
2041,1442967,Nowhere,1513.4,1
2042,4216517,ivan jacinov,1513.4,3
2043,3601738,Plat,1513.4,1
2044,1307871,NickSF,1513.4,1
2045,1741033,T5Cloud9M,1513.4,1
2046,1524905,Bobby Pagliaio,1513.4,1
2047,5037185,memesmemes300,1513.4,5
2048,4544045,2Desi | wyfy,1513.4,1
2049,5389684,Poyocookies!,1513.3,2
2050,1186584,Koopa Troop: | Radeon,1513.3,3
2051,1036286,RoxasXIII,1513.3,1
2052,1423742,ZASE GOAT | Raynbow,1513.3,86
2053,477842,Punching Bag,1513.3,1
2054,3071069,Brooks,1513.2,1
2055,9969,Elu,1513.2,1
2056,2205195,CaveDan,1513.2,2
2057,1229709,Sniffles,1513.2,2
2058,246066,Sama,1513.2,1
2059,4329696,Pufyy,1513.2,1
2060,2660512,Kini,1513.2,1
2061,4623575,FUCK MEDINA,1513.2,1
2062,4519814,Nova_v1,1513.2,1
2063,320061,woosh,1513.2,1
2064,4326685,Sleeps,1513.2,1
2065,4320443,Marcel,1513.2,1
2066,2278023,Unforgiven | Kabishan,1513.2,1
2067,1001254,Pride | Lioness,1513.2,108
2068,4901773,mrmods,1513.1,1
2069,5013671,player 4,1513.1,1
2070,1488635,sh3quam,1513.1,4
2071,5085229,WHS | Tabpol,1513.1,1
2072,1063995,Rice,1513.1,1
2073,1247210,DevilNathan,1513.1,4
2074,4973525,Karma,1513.1,1
2075,145261,Edwin,1513.1,1
2076,1087761,Tetro,1513.1,1
2077,1738307,MikeyProHD,1513.1,1
2078,1288403,DatDerpDog,1513.0,1
2079,2927175,HeyZeus,1513.0,3
2080,2183700,Jutturna,1513.0,1
2081,5480464,player 4,1513.0,3
2082,2791128,franiss,1513.0,1
2083,1240335,3D | GODFiDENT,1513.0,1
2084,5151165,player 4,1513.0,1
2085,260277,TCS | elkiies,1512.9,2
2086,4914420,SuperYoshi141,1512.9,1
2087,2726176,Henry,1512.9,1
2088,151287,MoodzEE,1512.9,4
2089,3204831,NEINx,1512.9,1
2090,5527828,Munchre,1512.9,2
2091,3507303,Couvora,1512.9,1
2092,4884264,Monkmond,1512.9,1
2093,1597032,Hague,1512.8,86
2094,5225734,Ciel0,1512.8,1
2095,3629577,ThrillKid,1512.8,1
2096,1110680,zink,1512.8,1
2097,3799100,ShyGuy,1512.8,9
2098,2189857,Free Agent | MORI,1512.8,3
2099,2927178,HeyZeus,1512.8,1
2100,5061184,player 4,1512.8,1
2101,1614879,Striker,1512.8,1
2102,1451748,E,1512.7,1
2103,1213126,Corey,1512.7,5
2104,891250,qb,1512.7,1
2105,4205269,CV | hotelwifi,1512.7,1
2106,1389846,Kazuto,1512.7,117
2107,3667440,Bub,1512.7,1
2108,1035764,JCho,1512.7,1
2109,1200141,TmpoppinJ,1512.7,1
2110,4174293,Whispvrr,1512.6,1
2111,1670392,Treeman,1512.6,1
2112,1198128,WU | PHNM | Anarchy,1512.6,6
2113,5405129,Merlyn,1512.6,1
2114,3079753,Calvin,1512.5,1
2115,4174472,Andy,1512.5,1
2116,1052777,SwordmanJ,1512.5,1
2117,4721545,bc | mori,1512.5,1
2118,4984546,Zookey,1512.5,1
2119,1387246,Chan,1512.5,1
2120,3006660,EMPR | Bjr,1512.5,14
2121,5211107,alizatf,1512.4,3
2122,4340865,Cereza,1512.4,1
2123,2875081,Plabby,1512.4,4
2124,1493329,LIT | jwa (pronounced: jwah),1512.4,1
2125,126719,SYN | Grand Pastor J,1512.4,2
2126,1478785,GSP | Nomil,1512.4,71
2127,850428,Flo,1512.4,1
2128,4315366,JacK_A_B0Y,1512.4,1
2129,5532165,Hung | Grey,1512.3,5
2130,2310240,Joni,1512.3,2
2131,4609220,wheeee,1512.3,1
2132,2763011,Swago,1512.3,1
2133,2620529,J.P.,1512.3,1
2134,2545799,j!nx,1512.3,1
2135,871741,NP | Log,1512.3,1
2136,1093279,Sean Aquino,1512.3,1
2137,4046515,Paper,1512.3,1
2138,5184965,Cytrm,1512.2,1
2139,3018924,4Karina | ButteryTheBest,1512.2,34
2140,293912,EagleBones McFalconHawk,1512.2,1
2141,4438519,XtraKool,1512.2,1
2142,1224402,Wylder,1512.2,4
2143,3345718,SHU | PickleGuy77,1512.1,162
2144,2701864,MS | Giantpants,1512.1,1
2145,4673714,Pretzel,1512.1,1
2146,1785401,Musa,1512.1,3
2147,4115842,Khaleesi,1512.1,1
2148,1464454,bizcocho,1512.1,4
2149,451041,emra,1512.1,8
2150,962212,Rews,1512.0,1
2151,1729683,GIO,1512.0,1
2152,158296,9Volt,1512.0,1
2153,22395,Lonesome,1512.0,2
2154,688017,sethis,1512.0,1
2155,1477997,quincé,1512.0,1
2156,2872870,Mmaroka,1512.0,1
2157,3079755,Joanna,1512.0,1
2158,1015021,davecreate,1512.0,1
2159,3601870,Drew,1512.0,4
2160,137996,AC,1512.0,1
2161,1588269,Waluigi,1511.9,4
2162,4662860,Brokenlayers,1511.9,1
2163,1332566,USA | Kibbss,1511.9,2
2164,4584578,Coleslaw,1511.9,1
2165,890663,Mr. B,1511.8,1
2166,1190378,GS | Spac3-Star,1511.8,1
2167,1444005,DAV,1511.8,3
2168,1609844,Premasaur,1511.8,1
2169,2559138,Halal Joker,1511.8,9
2170,2269845,Chance,1511.8,4
2171,5129869,Squishie,1511.8,1
2172,5004873,TheRiViR,1511.8,1
2173,5185276,Jordan,1511.7,1
2174,2493418,QUILLY | Solarikku,1511.7,1
2175,5516256,Sweetbabyzays,1511.7,1
2176,4037984,Ruby M.,1511.7,1
2177,1603236,Neku (B),1511.7,37
2178,1039742,DA | Vice,1511.7,61
2179,45434,Mr. Mojo Risin',1511.7,2
2180,2636286,VulgarKaiju,1511.6,4
2181,2553183,Arion,1511.5,1
2182,787309,Pokestar,1511.5,1
2183,156131,WW | shellder,1511.5,5
2184,1595341,Fieri,1511.5,1
2185,49915,2can,1511.5,81
2186,4454900,480i,1511.4,3
2187,648817,BlueJay,1511.4,4
2188,4114651,MBS | D^ | DAZE,1511.4,2
2189,799652,Eternal,1511.4,3
2190,965657,天 | LumiNavi,1511.4,82
2191,1414547,バカやろう,1511.3,9
2192,5079462,player 4,1511.3,1
2193,1274,Black Mamba,1511.3,1
2194,3765836,Stelter,1511.3,4
2195,434393,TR | Xsage93,1511.3,1
2196,355259,ARCH-1nhum4n,1511.3,1
2197,4037988,Victor L.,1511.2,1
2198,2936089,STORM| | Zacto,1511.2,1
2199,5140126,ShirtAlert,1511.2,1
2200,1057469,SFL | NaCl,1511.2,3
2201,1113070,HK | Falconia | Fever,1511.2,1
2202,5305524,KiwiMadcat,1511.2,1
2203,1831934,Mattcha,1511.2,4
2204,2333297,Sinbad,1511.2,1
2205,2079556,SYNRGY,1511.1,1
2206,2441235,Ghastly,1511.1,1
2207,5457076,[A] Redyoshi_15,1511.1,5
2208,5035632,player 4,1511.1,1
2209,1997666,Cobragto,1511.1,1
2210,1586196,Status Quo,1511.1,1
2211,1542043,SHOES | cody,1511.1,1
2212,1439480,arch1nhuman,1511.0,1
2213,160068,!== | tropidolaemus,1511.0,141
2214,26499,NA | Censored,1511.0,1
2215,1310032,Toaster,1511.0,1
2216,5013579,alade,1511.0,1
2217,5359348,GIANT | G I G A,1510.9,4
2218,1601827,Lemon,1510.9,8
2219,283635,LGBB | Conch,1510.9,1
2220,3656706,Deathcraft,1510.9,1
2221,1936103,Uzi London,1510.9,1
2222,2650126,Foami,1510.9,1
2223,1557156,ThePatrioticMage / ToonNick,1510.9,1
2224,5274228,Herkimer | DevilNook,1510.9,3
2225,5326638,anthony,1510.8,1
2226,2114217,koNAMI | Rubes,1510.8,3
2227,324722,NDG | JustLoui,1510.8,1
2228,1063395,GRNT | JA3,1510.8,1
2229,4907447,Jace,1510.8,2
2230,1029029,CK | All4None,1510.8,2
2231,1409164,DJ,1510.8,4
2232,4817879,AwesomeBeary,1510.7,4
2233,2728659,skahla,1510.7,1
2234,2450403,Jack,1510.7,1
2235,5264427,Xan,1510.7,3
2236,404756,D-CAT,1510.6,57
2237,16256,Oozi / Walby,1510.6,1
2238,438520,OU | Hat Boy,1510.6,1
2239,1659632,yunghothot,1510.6,1
2240,3378044,Artytoparty,1510.6,1
2241,1374843,Epoodle,1510.6,1
2242,2641745,Deaks,1510.6,1
2243,4591902,SHU | Yoink,1510.6,1
2244,4049977,leafCrusader,1510.6,1
2245,70173,BD | SOLO,1510.5,1
2246,921013,shitter,1510.5,1
2247,1465333,Alomamola,1510.5,1
2248,1441578,Happy Burns,1510.5,1
2249,5140218,White Jacket,1510.5,1
2250,3840416,Mikael_1305,1510.5,3
2251,2041903,STEEEVE,1510.5,5
2252,13612,Shuzen,1510.4,1
2253,2749524,MushroomFusion245,1510.4,1
2254,2157610,WoomyLord,1510.4,1
2255,974438,ACE-AVE,1510.4,1
2256,3493532,mike,1510.4,1
2257,68584,TAF | IceUnleashed,1510.4,1
2258,2233216,EBP | Frog,1510.3,1
2259,1283737,Teffty,1510.3,1
2260,1473725,NAZ | MKat,1510.3,2
2261,5204034,player 4,1510.3,1
2262,2169015,JT7/SMFN | Warner,1510.2,2
2263,2318939,Masquerade,1510.2,1
2264,2370907,Denzel,1510.2,1
2265,1329063,Peebs,1510.2,5
2266,5335329,Bubz,1510.2,1
2267,3799106,WontonWarrior,1510.2,9
2268,5335640,dr myth,1510.1,1
2269,2600357,0K | | Ladyknight,1510.1,1
2270,322439,Stay,1510.1,1
2271,3206237,Funklebottom / Werydan1,1510.1,1
2272,1466717,qaaa,1510.1,25
2273,1404053,RLz | MMG+ | pinkcheat2,1510.1,1
2274,3693714,Banana Gargler | Jade419,1510.1,5
2275,3055647,Khaos,1510.0,1
2276,4983848,Hydra,1510.0,1
2277,1521925,ESM | Buzz Efx,1510.0,5
2278,1859002,FSG | jonYL,1510.0,42
2279,4957451,Wooly,1510.0,1
2280,5206539,Luke Dee | WeebBones,1510.0,1
2281,1152902,Dario,1510.0,1
2282,2888924,RC | Rapid,1509.9,2
2283,3333888,Ornik,1509.9,218
2284,4554586,bowser | No-Jump-Kyle,1509.9,3
2285,4907380,Isobrettk,1509.9,76
2286,4703087,Mitchiebby,1509.9,1
2287,2504697,matt damon,1509.9,1
2288,231718,Dralro,1509.9,24
2289,262394,Council | Vernias,1509.9,53
2290,456774,Coyors,1509.8,1
2291,5452098,Nibl,1509.8,3
2292,5195633,Griever,1509.8,1
2293,1341423,TCS | Jambazi,1509.8,4
2294,62609,ZSP | Fabiio,1509.8,5
2295,2690628,QU | Tjbuf,1509.8,1
2296,5330515,I Will SD,1509.8,1
2297,5375526,dvilla,1509.7,3
2298,5339086,18mg | Methyl Merman,1509.7,1
2299,2636721,CURSE,1509.7,1
2300,3877109,Boshi,1509.7,1
2301,2112213,hydrant | FrUiTyBoNus,1509.7,2
2302,2355961,UnearthlyMouse,1509.7,1
2303,5092741,Amaynleng,1509.7,2
2304,2566547,Cam Bell,1509.6,1
2305,1266763,LANKY FA LIFE,1509.6,3
2306,274012,MiLe / Papa Rick,1509.6,4
2307,1309922,BrownSugar,1509.6,1
2308,1436264,Mark!E,1509.6,5
2309,5389339,Ryan,1509.5,1
2310,3034731,luke,1509.4,1
2311,292734,JTC | Daffo,1509.4,1
2312,2586588,SEVENKEI,1509.4,2
2313,3769079,NEINx / Ironbrand,1509.3,4
2314,5215029,ClemenTime,1509.3,1
2315,1628437,AstroBear,1509.3,1
2316,3924803,player 4,1509.2,1
2317,4995014,ShiningCassette,1509.2,1
2318,1015038,Aqours!,1509.2,4
2319,4943353,AU | Lazersharx27,1509.2,1
2320,1339385,Poppy,1509.2,1
2321,981673,SYN | Jiddy,1509.1,1
2322,866133,CookingMama,1509.1,69
2323,1219096,Prime,1509.1,4
2324,4720286,Anime321,1509.1,1
2325,1227773,LANA,1509.1,1
2326,2251188,break_a_leg,1509.1,17
2327,3061108,Nozune,1509.0,3
2328,1483260,TC | CringeLord,1509.0,1
2329,1538223,Bobo,1509.0,2
2330,3281975,Meshy,1509.0,7
2331,3356813,Dynamike,1509.0,6
2332,5317228,UC | Jamal,1509.0,2
2333,2228357,OE | DJDon,1508.9,1
2334,5433608,YorkNew,1508.9,2
2335,433894,SMFN | Towa,1508.9,2
2336,1710048,Kc,1508.8,8
2337,5325162,aijah,1508.8,1
2338,5195736,Jaden,1508.8,1
2339,5319302,UC | Noah,1508.8,4
2340,2607179,Antpoke,1508.8,1
2341,1613198,Manie,1508.8,4
2342,64388,RacerX,1508.8,1
2343,1605049,Marnix,1508.8,4
2344,3379702,BORP!,1508.7,23
2345,4720552,Mr | NeoKnowZ,1508.7,1
2346,2463647,Coffee,1508.7,1
2347,2742178,AKUMA,1508.7,6
2348,4687013,iann Dior,1508.7,3
2349,2420469,Navi,1508.7,1
2350,2281076,FadedXI,1508.7,1
2351,5422133,Gira,1508.7,2
2352,5044717,Swiggity,1508.6,1
2353,70826,Inky,1508.6,3
2354,5387833,tough puff,1508.6,1
2355,2823143,HokageRob,1508.6,1
2356,65162,Spenji,1508.6,8
2357,225482,TerraBoy,1508.6,28
2358,4956778,Lord Business,1508.5,1
2359,409109,720p,1508.5,1
2360,793599,Mr.Mudkip,1508.5,1
2361,5397001,AndThisGuy,1508.5,3
2362,5509837,WashDelta,1508.5,4
2363,3190299,KC | BENJI,1508.5,3
2364,1199175,Luxray,1508.5,1
2365,4995287,FullSend,1508.5,1
2366,4177411,RSGabe,1508.4,84
2367,3799093,SoulArts,1508.4,8
2368,2329552,NGU | Z | Satanael,1508.4,3
2369,1508925,Azerbear,1508.4,1
2370,1127028,Retro X Wolf,1508.4,1
2371,2028322,GING | Coryabro,1508.4,2
2372,5452710,Donswig,1508.4,4
2373,1028609,Jayzeya,1508.3,1
2374,2944332,duk,1508.3,1
2375,538495,Lemony Bard,1508.3,63
2376,39456,Biddy,1508.3,2
2377,5068011,William Stoessel / derek Espneli,1508.3,2
2378,1017520,808s | Muted,1508.3,2
2379,2433497,KornDog | E Man,1508.3,4
2380,4791905,Hoekage,1508.2,2
2381,859464,Nijia,1508.2,15
2382,135614,PHNM | Storm,1508.2,5
2383,1212228,Venture,1508.2,60
2384,1175090,infect,1508.2,1
2385,566104,AONI | Crocs N' Socks,1508.2,1
2386,949588,Hanako,1508.1,1
2387,1836944,MGaming,1508.1,9
2388,130102,Gretch,1508.1,1
2389,1620952,Maxa,1508.1,5
2390,4101459,Seb #1 Fan,1508.1,2
2391,956957,RowdyBois | Sinces,1508.0,1
2392,128672,Xion,1508.0,3
2393,36192,TC | Mr.Speedman,1508.0,1
2394,276341,mystic.mp3,1508.0,1
2395,2148803,PAG | SRN | Trapsef,1508.0,108
2396,276931,Brinks,1507.9,4
2397,31334,Yoda Cage,1507.9,1
2398,2650282,OGS | Never,1507.9,68
2399,1444009,DGM,1507.9,3
2400,891048,Krabs,1507.8,1
2401,2078888,bricked. | Lumeckos,1507.8,1
2402,1622356,Asher,1507.7,1
2403,4501368,MOB | Bobo,1507.7,6
2404,7135,mega,1507.7,1
2405,2716663,PWDR | SavageCube,1507.7,1
2406,4202832,Down$hift,1507.6,4
2407,5146744,TheExtra_V0ID,1507.6,1
2408,1038610,TTC | Hamza,1507.6,1
2409,331694,Blackbird / Afro_Thunder,1507.6,2
2410,2196831,cmeonline,1507.5,189
2411,2346812,Tom,1507.5,1
2412,374185,Laroy,1507.5,3
2413,5220952,12er,1507.5,2
2414,1059023,gish,1507.5,4
2415,1004724,PatsyNeverWavers,1507.4,8
2416,1714871,TC | Ayric,1507.4,1
2417,1300659,animal crossing dog,1507.4,8
2418,5004701,alade,1507.3,3
2419,3395548,RBE | Willow,1507.3,1
2420,1962047,I love Banjo >w<,1507.3,1
2421,128740,NSM | Salty Fun,1507.3,2
2422,3067169,GORDO | TFO256,1507.3,1
2423,1303432,gumcuzzler,1507.3,4
2424,1335535,GumCuzzler,1507.3,4
2425,1185961,IanGame&Watch,1507.3,9
2426,1622416,EricDJ,1507.3,3
2427,526813,skrazy,1507.2,4
2428,1592950,DDC | WillMill,1507.2,8
2429,5264235,MeTheAvatar,1507.2,2
2430,1093962,7ate9,1507.2,3
2431,3227951,Destra,1507.2,1
2432,737100,HBP | RisenSounds,1507.2,8
2433,1196598,Pado,1507.2,4
2434,39642,SI | Ojwaddler,1507.2,2
2435,3208660,domd122,1507.1,1
2436,1389046,norman,1507.1,1
2437,4614362,SHU | Xp_Salamander,1507.1,2
2438,3120164,dylkay,1507.1,1
2439,586658,KYC DMP | Darío,1507.0,2
2440,352220,MCLearnin,1507.0,1
2441,5247668,player 4,1506.9,2
2442,5411677,IDontKnow,1506.8,3
2443,41220,AG,1506.8,9
2444,4928062,Zentantrum,1506.8,1
2445,175851,Piggy,1506.8,62
2446,3313217,ANTSAM,1506.7,2
2447,1213381,Scrungus,1506.7,4
2448,5012815,y e s,1506.7,3
2449,2159820,sean,1506.7,1
2450,5520974,PM,1506.7,3
2451,1401608,</3 | wakeup,1506.6,31
2452,960658,UNCG | Supersky64,1506.6,4
2453,2738641,Shalom | Mercury,1506.6,1
2454,1547674,MajesticLoaf,1506.6,1
2455,1609419,Sky,1506.6,1
2456,1480224,FSG | | Future#2K,1506.6,4
2457,2191110,captinricard,1506.5,4
2458,1740341,SmU5h | Mr Mystery,1506.5,38
2459,1582267,SweetLew / Condy,1506.5,2
2460,4412243,H-Meister,1506.4,3
2461,57890,Rad / Goolick,1506.4,6
2462,5215514,hurry,1506.4,1
2463,822416,Sir.Edwin,1506.4,2
2464,3337584,QU | VideoJames,1506.3,1
2465,1476064,ben,1506.3,4
2466,1425475,El profe,1506.3,1
2467,752837,Bomb Squad NYC | [A] Tortoise Knight,1506.3,53
2468,3289922,MrDrManSir,1506.3,88
2469,1802554,WORM | DP3 | iman,1506.3,40
2470,5098253,libhomer,1506.3,2
2471,36728,GM | Glazed,1506.2,4
2472,2279258,crystal pg | blue dog,1506.2,2
2473,7596,QXTR,1506.2,1
2474,5400265,Phosphora,1506.1,3
2475,4146593,George,1506.1,8
2476,3787480,Neko-IRL,1506.1,61
2477,768551,Eddnog,1506.1,1
2478,3172399,ExactlyOneSasquatch,1506.0,5
2479,1397280,AX2,1506.0,2
2480,3932776,Stelter,1505.9,4
2481,1625942,Shady,1505.9,3
2482,1800796,Scruple,1505.9,2
2483,3205259,SSS | dbfc | Bardock,1505.8,74
2484,1590289,Premasaur,1505.8,4
2485,3495931,merlock20,1505.8,1
2486,4589211,Raptor,1505.8,3
2487,1250001,Fhantum / Toon,1505.8,1
2488,4035548,MC | Creative,1505.8,4
2489,1514724,pootietang,1505.7,1
2490,3673508,strafeae,1505.7,10
2491,126395,Old LTCT,1505.7,3
2492,3710299,Popeyes | Jamal,1505.7,5
2493,5478363,thuang14,1505.7,26
2494,2770837,PapaRivera,1505.7,2
2495,2684284,ADJ|Wilsports | Bounce,1505.7,5
2496,4410243,SSOGamer,1505.6,2
2497,2085738,TSM | Itatchi Gucciha,1505.6,1
2498,1137344,RNJesus,1505.6,4
2499,5249935,JCho,1505.5,2
2500,1251352,qaaaa,1505.5,4
2501,1159867,Gamez Zone | PrimeTime,1505.5,4
2502,1576596,Agua,1505.5,4
2503,659884,RobotRed,1505.5,2
2504,620936,CS3 | Marvelous_Marco,1505.5,1
2505,235568,JAVI,1505.5,3
2506,27741,Jmartiles,1505.5,2
2507,1588307,Tom Kroos,1505.5,4
2508,1686333,teej,1505.4,1
2509,1643330,Gatsby,1505.4,3
2510,1322657,Litman,1505.4,2
2511,5129952,It Lives!,1505.4,2
2512,3598945,Arcadia | Sonic,1505.4,4
2513,1065728,KindOfIce,1505.4,2
2514,1259881,phone wallet bees,1505.4,3
2515,5427646,Argus,1505.4,2
2516,2443527,UC | Solve,1505.4,1
2517,137640,bees,1505.4,3
2518,2273709,LampShady,1505.3,3
2519,313209,O | maxmilly,1505.3,1
2520,5358,Kamex / Papaya,1505.3,2
2521,1686320,dyke,1505.3,1
2522,131530,EON | Opana,1505.3,63
2523,5219795,mark jr,1505.3,1
2524,1049752,Jiggs,1505.2,2
2525,1042374,ROK | Riku,1505.2,2
2526,4524344,Godenmon,1505.2,2
2527,30201,Bowlin,1505.2,1
2528,1047948,lycaon,1505.2,4
2529,4510032,OG | MariozFigs (B),1505.2,30
2530,352140,Croak,1505.2,2
2531,151395,CTR | Sully,1505.1,76
2532,1797739,TC | CV | Purple,1505.1,3
2533,567503,DD/PT | Unshorn,1505.1,4
2534,875560,Karxm,1505.0,2
2535,980830,WE OUTSIDE | MeSoAndy,1505.0,2
2536,2504783,LightStar,1505.0,2
2537,1154431,Chevy,1504.9,2
2538,1012830,APE | WEEGEE,1504.9,21
2539,4615253,WoolPiano677842,1504.9,2
2540,2012158,__ellem,1504.9,3
2541,4347828,Stelter,1504.8,4
2542,1001363,3D Godfident,1504.8,4
2543,1013787,Doofus / DarkAngel,1504.7,3
2544,991654,TS | Onyx,1504.7,3
2545,1158594,PBO | LanceSword,1504.7,41
2546,47104,thewaffleman,1504.6,1
2547,779163,UHCL | Zohar,1504.6,4
2548,1142962,Madam Mojito,1504.6,2
2549,2464067,kapsyzz,1504.6,4
2550,46168,hypermariosunshine,1504.6,4
2551,2524171,Nema,1504.5,3
2552,1901957,Zfoy720,1504.5,8
2553,5204021,KBLite,1504.5,2
2554,5522249,SCB | NinJenDo,1504.4,2
2555,5335680,8SAK,1504.4,2
2556,411980,Koopa Klyde,1504.4,2
2557,1817884,Davman9165,1504.4,2
2558,1287677,FS | A Shiny Pokémon,1504.4,2
2559,2467269,Jon Scheiner,1504.3,2
2560,5384872,player 4,1504.3,4
2561,385998,Ry Schnee / Citadel,1504.3,2
2562,1139930,Z,1504.3,2
2563,1323171,BDE,1504.3,4
2564,1163648,Pado,1504.3,4
2565,4543651,bevo,1504.2,2
2566,1584954,biglunch,1504.2,5
2567,721955,tidd,1504.2,2
2568,4502265,Ornik,1504.2,4
2569,12390,toopercentmilk,1504.2,2
2570,1137335,Flamus,1504.2,4
2571,1047497,NYU | Pakman,1504.1,60
2572,1239133,Mr morty,1504.1,4
2573,1000566,PokeBlu,1504.1,8
2574,5463198,Zuckundeez,1504.0,5
2575,4265863,REV | Seb-Meister,1504.0,6
2576,2197178,Mage | CptSparrow,1504.0,157
2577,3040379,McGritty,1503.9,2
2578,5421361,vital1ty,1503.8,3
2579,680611,NP | Nincada,1503.8,2
2580,3066996,Calvin,1503.7,2
2581,4815,Daddy Janky,1503.7,2
2582,1309914,Share Stock | Lil_Ernie,1503.6,2
2583,157352,SYE | The Real Mr. M,1503.6,74
2584,3066997,Tower,1503.6,2
2585,5016262,BasicallyCanadian,1503.6,2
2586,4344833,EquilibriousBeast,1503.6,4
2587,2560020,Ryklon,1503.4,1
2588,1885420,Frog Chair,1503.4,2
2589,3683138,Pokemasterjay,1503.4,3
2590,5331195,heatblast,1503.4,3
2591,183126,GODFiDENT / eviL,1503.3,14
2592,28964,Blah,1503.3,7
2593,3121066,ŠØMÑÜŠ,1503.2,2
2594,5204981,shadow460,1503.2,2
2595,2820635,Jam,1503.2,3
2596,2545984,Gordo,1503.2,5
2597,612904,Elenbe,1503.2,2
2598,2547585,Frozen Spike,1503.1,2
2599,1932765,Pootr,1503.1,3
2600,2235941,FE!NFE!NFE!N,1503.1,3
2601,704448,Prant,1503.1,77
2602,3166306,blep,1503.0,4
2603,1174131,onepiecefan2009,1503.0,2
2604,2239925,TXC | JustRice15,1503.0,31
2605,2320926,Blastsu,1503.0,4
2606,2238995,天 | StarGoldfish347,1502.9,4
2607,4807560,You read this | AllOutAce,1502.9,2
2608,12778,CF | | Beastly,1502.8,3
2609,976370,K.O. / His1Knightmare,1502.8,4
2610,3216614,Hall | TNT_A,1502.8,2
2611,2462537,irwin,1502.8,3
2612,1287613,Zulu,1502.8,3
2613,3117153,WattMex,1502.8,74
2614,825382,NEINx,1502.7,131
2615,1062062,MoonCake,1502.6,73
2616,1070530,Fiive,1502.6,2
2617,1588288,Cream Daddy,1502.6,4
2618,4027081,S,1502.6,1
2619,3705970,IceDweller,1502.5,77
2620,1827450,The Very Best | Da_Waddler,1502.4,2
2621,777690,Mz. | fortyseven,1502.3,2
2622,1052472,CF | Dominator,1502.3,2
2623,1439236,ragedeity,1502.3,3
2624,370999,Xaria,1502.2,2
2625,4916524,Earv,1502.2,3
2626,2583365,LT,1502.1,3
2627,1588984,Skilled Roy,1502.1,4
2628,478234,FIZZGAR,1502.1,4
2629,1063062,Soper,1502.1,3
2630,353854,Bliss~,1501.9,2
2631,3799116,Celcha,1501.8,8
2632,948829,Sweeney,1501.8,2
2633,5471352,Marcus,1501.8,2
2634,224919,VoxIII,1501.8,2
2635,1213334,ZS9,1501.8,4
2636,657524,MEAT UP! | Andromeda,1501.8,67
2637,2941109,HoG | Tuba,1501.7,7
2638,428593,Derdds,1501.7,2
2639,3504629,Initial_E,1501.6,2
2640,3639004,HISCORE35,1501.6,2
2641,4314921,Wex (Secondaries),1501.6,4
2642,4397733,WitherHuntress,1501.5,2
2643,1213143,Darkmega81,1501.5,3
2644,469569,Sheen,1501.5,4
2645,328415,Scanz,1501.4,4
2646,1093459,Fin,1501.4,2
2647,1875152,MC | No Mercy!,1501.4,2
2648,1301379,Drippnn / A-Cee,1501.3,3
2649,157957,LePhresh,1501.3,8
2650,415239,Pong,1501.3,66
2651,3640333,EC | Nameless Lemon,1501.2,2
2652,1207346,mishiiboi,1501.2,4
2653,425471,sickle / nyoom,1501.2,4
2654,1297665,mariotheguy,1501.2,2
2655,1010675,Mood4Food,1501.2,8
2656,445410,skies,1501.2,49
2657,3184132,twink death grim reaper,1501.2,2
2658,1130592,mimu!!,1501.2,2
2659,594904,vlz,1501.2,91
2660,4555046,PG | Nanners,1501.1,4
2661,393775,CS | Ubl,1501.1,2
2662,2499320,CU | Galaxxus,1501.1,2
2663,1091105,Mythic,1501.1,4
2664,1697917,Vakama,1501.0,4
2665,3663192,obamy,1501.0,2
2666,1287199,PhantomsCode,1501.0,2
2667,3108389,Trace,1500.9,4
2668,704091,0TD | Mocca,1500.9,10
2669,1186140,Macsmitty,1500.9,4
2670,3022072,Leopold,1500.8,2
2671,3011430,Sayori,1500.8,3
2672,5171889,pingas62,1500.8,3
2673,1002081,Xorn,1500.7,4
2674,2473389,Squishy,1500.7,2
2675,1005264,Frogking,1500.7,8
2676,2994432,Smelvin,1500.7,2
2677,38001,ssjruben / El Tumi,1500.7,4
2678,5531108,CHP | MomHunter9009,1500.7,3
2679,322358,KOA | Produce Princess,1500.6,2
2680,1001119,PainInHonor,1500.6,4
2681,5502698,travio,1500.6,2
2682,47127,Wind,1500.6,2
2683,1507424,WU | Niko,1500.6,2
2684,2200488,TC | Starlight,1500.5,2
2685,2318678,Thorn,1500.5,4
2686,975507,XERXES,1500.5,2
2687,2644771,Goldenguy,1500.4,2
2688,5461546,Reis,1500.4,3
2689,2650903,Bloom | DragonZord,1500.4,9
2690,5092729,Gaggatrondra Fan,1500.4,2
2691,5471305,Joey,1500.4,4
2692,5328706,steven,1500.4,2
2693,5444257,Blurz,1500.4,4
2694,715969,Thahardbodykid,1500.3,4
2695,1787480,Rolo64,1500.3,10
2696,1918196,CarBev | Theredrussian1,1500.3,67
2697,4717075,Odysseus,1500.3,9
2698,1375339,Sansmyman,1500.3,3
2699,1128754,Radiant,1500.2,4
2700,2234890,b3o5,1500.2,3
2701,2406469,TempesT,1500.2,2
2702,1609845,Premasaur,1500.2,4
2703,413400,SonicBoxx | KingJak,1500.1,2
2704,5477051,PringusMcDingus,1500.1,2
2705,351927,Sandfall,1500.1,4
2706,69719,Bagel,1500.0,3
2707,1713927,T.TVRussell_Senpai,1500.0,3
2708,5317234,UC | Matthew,1500.0,4
2709,5340025,steven,1500.0,3
2710,4959035,Anon_man,1500.0,2
2711,2413351,UMD | King,1499.9,2
2712,638254,Cee,1499.9,4
2713,1639010,Yes! | Mors Pit,1499.9,2
2714,4865035,gnarlydave,1499.9,4
2715,1502372,mo,1499.9,2
2716,5159238,tygnarbown,1499.8,2
2717,1143216,cOb | Ares,1499.7,2
2718,2131805,NP | kirb,1499.7,2
2719,2797430,おーど/OWD,1499.7,3
2720,2803592,AGN | Big Sexy,1499.7,3
2721,2264877,Lockhart,1499.7,103
2722,1010691,MAK,1499.7,4
2723,4708561,umu,1499.6,6
2724,11768,HBP | werngee,1499.6,8
2725,5279068,Carrot,1499.6,2
2726,613103,333 | SpeedyD,1499.5,3
2727,3069670,Ty,1499.5,2
2728,807386,Dre,1499.5,14
2729,1023449,Lilhug2,1499.5,4
2730,4260883,Swagg,1499.5,2
2731,5389889,Otaku,1499.4,3
2732,1872234,eh | yoshi0luigi,1499.4,7
2733,2205732,BCe | Riften,1499.4,6
2734,160113,ZAP / WaDi,1499.3,2
2735,470281,FzP | freaky,1499.3,61
2736,1877520,Slinky,1499.3,3
2737,4148593,Stelter,1499.3,3
2738,2690251,OTL | Loser,1499.3,7
2739,1091844,JFeld,1499.3,2
2740,258371,Sonix,1499.3,4
2741,3352392,MC | Ryzoluca,1499.3,4
2742,360966,Colmar,1499.3,4
2743,2393166,adrian,1499.2,103
2744,4309284,Michael Bills,1499.2,4
2745,808769,TURBO CHOP | Jewkob,1499.2,1
2746,2141124,stinkycheese782,1499.1,8
2747,3799110,Cold,1499.1,8
2748,344679,ΘF | Ginja,1499.1,135
2749,1512128,nifty,1499.1,3
2750,929945,SebVeee,1499.0,2
2751,4990206,Lowell,1499.0,2
2752,321802,Kemu,1499.0,20
2753,1572203,UHS | TheRealJ.B,1498.9,5
2754,3512075,Fal | DragonEmperorLuke,1498.9,74
2755,2779274,Stephen17,1498.9,2
2756,4369445,cmeonline,1498.9,3
2757,3743052,SUPAH,1498.9,3
2758,5386032,Nate,1498.9,2
2759,549102,Rudesubs / McBanana,1498.9,1
2760,1198322,MBS | Driggs,1498.9,2
2761,5344863,ASC | _SomeEggii,1498.8,2
2762,5384968,Cloud WRLD,1498.8,2
2763,5101813,Wool2,1498.8,2
2764,182847,DelTa,1498.7,2
2765,59177,RuskiNurd / cheeky!,1498.7,1
2766,3622201,Sawkhead,1498.7,2
2767,1091077,Sal,1498.7,4
2768,3755165,mikey,1498.6,73
2769,4286099,M47,1498.6,2
2770,51236,W2W | Rino,1498.6,2
2771,995862,Humblebeast,1498.6,4
2772,1183115,DBQ | Kami,1498.6,3
2773,28929,Juanpi,1498.6,3
2774,3017384,0guraT0ast / ToxicEse,1498.6,2
2775,5294049,Max,1498.6,2
2776,5332560,icedragon,1498.6,3
2777,138311,Steele,1498.6,2
2778,1466182,13479491667 | Keeylo,1498.6,2
2779,29507,21S | Skyhook,1498.6,2
2780,1452811,ticknerry,1498.5,1
2781,1256603,JHN 3:16 | KingPlaypen,1498.5,1
2782,595222,^PROGRESS^,1498.5,3
2783,147707,CCC | Rudy,1498.5,4
2784,1213325,Amdust,1498.4,4
2785,5530940,Tree,1498.4,1
2786,988249,BERG | drybie,1498.4,1
2787,155360,Cream,1498.4,2
2788,4330003,Lucks,1498.4,6
2789,5378899,Patrick w,1498.4,1
2790,1285997,PPB | Tone,1498.4,86
2791,981833,RC Scarlet,1498.4,3
2792,5417579,Ben,1498.3,2
2793,5528333,Brady,1498.3,1
2794,5417667,Mcoolbro7,1498.3,2
2795,5307611,RARE | Lobs,1498.3,2
2796,609170,Kuma,1498.3,7
2797,5528338,Max,1498.3,1
2798,3241353,Otaku,1498.3,1
2799,4157186,GORDO | TFO256,1498.3,3
2800,985534,slowbeau,1498.3,2
2801,55057,ME | Whirlpool,1498.3,5
2802,160117,Barsthejourney,1498.3,8
2803,5083314,MonkeyBrain,1498.3,2
2804,5203848,KingAureus,1498.2,1
2805,5510816,Avah S,1498.2,1
2806,5351153,MB | Qw3rty,1498.2,3
2807,1032169,Shin-P,1498.2,37
2808,3651739,BHB | CRUMP,1498.2,2
2809,4959519,ndjghtuuu,1498.2,2
2810,1250268,Castle / elijmin,1498.2,1
2811,1402993,Pekkeman,1498.2,7
2812,5121042,GGBappo,1498.2,2
2813,5528,C3PO,1498.0,8
2814,584561,Tesner,1498.0,3
2815,1582158,AUSTI,1498.0,87
2816,1105834,At Dusk,1498.0,2
2817,993479,Xaalbar,1498.0,4
2818,1819868,Nisan,1498.0,75
2819,3891979,Quinaroon,1497.9,4
2820,176626,Stew,1497.9,2
2821,4984520,Gglounge | Darkwolfoz47,1497.9,4
2822,1000563,ShinGetterRobo,1497.9,4
2823,5445395,grab,1497.8,3
2824,2384154,Eco,1497.8,2
2825,809818,IHL,1497.8,7
2826,5509867,PRICK,1497.8,3
2827,1239178,zx,1497.8,3
2828,3652185,Davud,1497.8,3
2829,5141082,Netanyactually,1497.8,2
2830,5367303,Ripp4r,1497.7,1
2831,1861563,vesl,1497.7,3
2832,1251271,chance,1497.7,3
2833,2456696,Arkyluky,1497.7,5
2834,278275,GM SoulRock,1497.7,2
2835,3953156,jrue,1497.6,7
2836,5031060,ClapNRice,1497.6,4
2837,40136,ENC | Shyguy,1497.6,602
2838,5305749,snakevcase,1497.5,2
2839,3477113,URA | | Bronze,1497.5,114
2840,2701495,MS | jag,1497.5,2
2841,1105734,Moonlit,1497.5,2
2842,3892820,Gyler,1497.5,3
2843,1804039,xTundraa,1497.5,2
2844,5441822,Swizzbu,1497.4,1
2845,2777289,Moltentrap,1497.4,2
2846,606120,Oz,1497.4,2
2847,4725797,Hector,1497.4,2
2848,4929298,MoonCake,1497.4,4
2849,1004091,Bruhcs,1497.3,4
2850,3127885,AH | ob,1497.3,2
2851,5420077,Pfati,1497.3,3
2852,4514865,Citrinz,1497.2,41
2853,956331,Dj,1497.2,3
2854,1601547,Zio,1497.2,2
2855,5118668,FzP | TabSoda,1497.2,3
2856,2454348,Obi,1497.2,3
2857,5290711,HenryWeekends,1497.2,4
2858,5294597,Mel,1497.1,2
2859,1099950,WE OUTSIDE | 681shadow,1497.1,1
2860,4317686,ItzDestroyerFTW,1497.0,2
2861,15886,Khakis,1497.0,1
2862,1497026,MushroomFusion245,1497.0,2
2863,5325555,Owen / William,1497.0,1
2864,4823446,John,1497.0,3
2865,231675,ALI,1497.0,2
2866,5314829,Kiichigo,1497.0,1
2867,260607,PC Papi,1497.0,3
2868,5198389,Shinigami of Miracles,1496.9,1
2869,3875087,muimui,1496.9,73
2870,2517985,ORBR | Stargen,1496.9,58
2871,1839229,Scracked,1496.8,2
2872,2446367,TINIEBLA_RD,1496.8,2
2873,275222,Slacker87,1496.8,2
2874,5419205,Ray,1496.8,3
2875,1655867,Micicletta,1496.7,3
2876,5506309,NotRowin,1496.7,7
2877,2149121,SDD | TSR:ACT | Joseph Cho,1496.7,2
2878,2690816,Ndub,1496.7,6
2879,5006937,Martin_2,1496.7,2
2880,2338609,Tailsglover,1496.7,2
2881,5219076,Lauren the Destroyer,1496.6,2
2882,995288,BeerdGamer,1496.6,8
2883,4662362,E.M.P,1496.6,1
2884,1188478,Wylder,1496.6,3
2885,12977,GuitarLord,1496.6,1
2886,4191040,M.T Marvelous,1496.5,1
2887,1303430,G.E,1496.5,3
2888,1312649,KOPA,1496.5,3
2889,5261676,TheRam,1496.5,3
2890,3474442,gaxe,1496.5,1
2891,126161,PrimeFighter,1496.5,2
2892,1836250,Wet Slopster,1496.4,1
2893,1803603,BlxckGnarly,1496.4,1
2894,5140181,Colin 2,1496.4,2
2895,2784235,Dark,1496.4,1
2896,1161432,ZAS,1496.4,2
2897,5010992,C1W | Cubix3986,1496.4,1
2898,646743,Josh H,1496.4,1
2899,2784234,Geekyboy,1496.4,1
2900,433852,Croquetto / WEED,1496.4,12
2901,3655700,LuBando,1496.3,3
2902,1476113,docter jovan,1496.2,3
2903,4951096,Shaggy,1496.2,2
2904,1101172,B Team | Robi,1496.2,3
2905,1502336,James,1496.2,2
2906,1001691,Unc | RuskiNurd,1496.1,1
2907,5469870,BIG40ACHER,1496.1,1
2908,5321735,TomadachiLifeFan67,1496.1,2
2909,3439005,Mad_Tricky,1496.1,1
2910,54749,guap,1496.1,2
2911,2358518,StarlightGames | RoboRex,1496.0,8
2912,20997,Mlarcin,1496.0,3
2913,5476325,Robert N (*),1496.0,3
2914,5253591,Alex,1496.0,2
2915,3532222,DWMA | FS | Jirachi,1495.9,3
2916,1453334,KT5,1495.9,1
2917,3681126,RU | shai,1495.9,2
2918,2578638,Leroy,1495.9,1
2919,3075830,LOONΔ | Choerry,1495.9,6
2920,1669057,69 haha | Smoools,1495.9,1
2921,4949196,SaaaucyJack,1495.9,2
2922,5335894,Angel<3,1495.9,1
2923,1167412,Saltysucks,1495.8,2
2924,2046696,Lunacy,1495.8,1
2925,4369532,RadioDiamond,1495.8,1
2926,1136709,PCS | Dripht,1495.8,2
2927,2578622,Shadow KO,1495.8,1
2928,2523959,Samuraii,1495.8,2
2929,4994980,kami,1495.8,2
2930,5321960,Rudy,1495.8,1
2931,1351668,TFO256,1495.8,2
2932,2659799,gio,1495.7,3
2933,241729,2Sweet / D-CAT,1495.7,4
2934,1105259,Fortnite | Ariana Grande,1495.7,2
2935,4967007,Megalopolis,1495.7,2
2936,e21740233,Raptor,1495.7,1
2937,2478240,Red Topaz,1495.7,1
2938,1593364,Biggly Buff | RamenRaymond,1495.6,2
2939,2255262,Gatsby,1495.6,3
2940,2692839,excitingbike,1495.5,4
2941,965572,K.O.,1495.5,7
2942,1141830,junebugparadise,1495.5,2
2943,1686336,doc,1495.5,1
2944,5502591,Shiny,1495.5,1
2945,3412606,Paridae,1495.5,2
2946,2428816,Vernias,1495.5,1
2947,974361,HB | Jummy Jummy 2x,1495.4,3
2948,1475525,Government,1495.4,1
2949,5308077,player 4,1495.4,2
2950,1085224,slate,1495.4,7
2951,5380566,Joe-Sephiroth,1495.4,1
2952,5499741,Ch4teau,1495.4,3
2953,2800370,Aqua | Box,1495.4,2
2954,2678665,Brad SulHouse | mt,1495.3,2
2955,246246,ID | MOMO,1495.3,1
2956,1464209,qaaaa,1495.3,3
2957,5485465,Partitio,1495.3,3
2958,2449095,Danny,1495.2,1
2959,2389877,Ace,1495.2,1
2960,2348847,Rickyton,1495.2,2
2961,4715059,Xendrick,1495.2,3
2962,3799089,TK1,1495.2,8
2963,3900971,Blackjack,1495.2,1
2964,2428820,Rocket,1495.1,1
2965,2389887,Sleezy,1495.1,1
2966,2133545,GCG | FunkMasterJeff,1495.1,80
2967,707972,IONA | Bob Ross (Welfare),1495.0,4
2968,4533601,PapaChief93,1495.0,1
2969,714012,jeck,1495.0,1
2970,147738,Ralphie,1495.0,65
2971,1114495,NiP,1495.0,3
2972,4039742,SMFN | Allgood,1494.9,1
2973,1259101,Aether_Draws,1494.9,72
2974,2522210,Mr. Bell,1494.9,1
2975,1789227,RUGL | ChillT,1494.9,1
2976,4161437,Big Rumbus,1494.9,1
2977,1599041,Tom Kroos,1494.9,3
2978,388085,Prince and the Frog,1494.8,2
2979,1525027,VχD | ECHRO,1494.8,99
2980,1963342,Rytu,1494.8,4
2981,2181020,Tr4sh | Red4Rage,1494.8,2
2982,3270943,Steven,1494.8,1
2983,3260628,Riemiva,1494.7,2
2984,5344630,SLU | MoonlightCalling,1494.7,1
2985,160016,Noggy,1494.7,1
2986,4003599,Elilyth,1494.7,8
2987,5335397,yungsackie,1494.7,1
2988,5403266,Jeremy,1494.7,2
2989,1667663,FzP | Genki,1494.7,44
2990,5167908,MCav,1494.6,1
2991,5515437,King Penua,1494.6,1
2992,2504996,sls,1494.6,6
2993,2636285,VulgarKaiju,1494.6,3
2994,1018838,ChuckFug,1494.6,1
2995,1145719,Toad,1494.5,9
2996,1143105,Maxell,1494.5,2
2997,5431445,Wiffz,1494.5,3
2998,2738244,MilkT,1494.5,4
2999,5125581,[B] Charles,1494.5,3
3000,46032,DJP,1494.5,1
3001,176599,Derek,1494.5,2
3002,5166321,Rooster,1494.4,1
3003,130976,Gatsby,1494.4,3
3004,1854066,Sh0wers,1494.4,59
3005,5427548,NP | UniTy,1494.4,5
3006,5299310,Noobchris,1494.4,1
3007,3135799,iamgoingtovomit,1494.4,1
3008,5409183,player 4,1494.4,4
3009,208450,UTD Varsity,1494.4,2
3010,1130327,SYN | 2NahMii,1494.3,2
3011,3284652,EclipseW,1494.3,1
3012,2823504,DPD,1494.3,2
3013,1196613,Goldsmith,1494.3,6
3014,2210066,fayetssf,1494.3,2
3015,5311817,NoWhereMan,1494.3,1
3016,3340631,GojiTheYoshi,1494.2,2
3017,3412919,YTS | MJS,1494.2,1
3018,2447008,GAMAL | TBD,1494.2,2
3019,1465948,FC | BÄ$H,1494.2,21
3020,5288431,Alex,1494.2,2
3021,282201,ev,1494.2,1
3022,1317264,Mark 9:39,1494.2,2
3023,4727373,Perrinoia,1494.2,1
3024,967456,mTx | H2o,1494.1,7
3025,3190693,George,1494.1,3
3026,3804749,Scamitai,1494.1,77
3027,1233926,ImJackP,1494.1,1
3028,2765345,Mr. SMILEY,1494.1,2
3029,1303458,Dig,1494.1,3
3030,5334288,Wiz,1494.1,1
3031,4265646,D-Meister,1494.0,1
3032,240904,GRNT | Ippo,1494.0,2
3033,5192724,Bree,1494.0,1
3034,24786,12G | BDS,1493.9,2
3035,5279007,Magic Sock,1493.9,2
3036,5534809,Randolph Hanson,1493.9,1
3037,2537818,tymo(B),1493.9,38
3038,1219321,7DF | Applejack,1493.9,2
3039,1181118,Rat Gang | DanK,1493.9,1
3040,2284578,Kepler22 | REV | Masstxr,1493.9,3
3041,4900499,MHM | Cyro X,1493.9,3
3042,1261558,pootx,1493.8,3
3043,1488488,QE,1493.8,2
3044,4594062,AtlasFlame4933,1493.8,2
3045,5013107,the crungler,1493.8,1
3046,5504458,FlameEmpress,1493.8,3
3047,1391728,magicman,1493.8,2
3048,5035484,Zelayer,1493.8,1
3049,3201494,bagel eater (A),1493.8,3
3050,50896,TSB/DRVN | minatums,1493.8,1
3051,5206625,Nick,1493.8,1
3052,3450949,oxygen,1493.7,1
3053,2284972,CBK,1493.7,3
3054,5534813,Angel Quinoez,1493.7,1
3055,5384836,Joey,1493.7,15
3056,4317335,alexmo_inc,1493.7,3
3057,68072,Paradox,1493.7,1
3058,1208136,Floats,1493.7,5
3059,172286,Lazkap,1493.6,1
3060,1671354,Slime,1493.6,1
3061,4605955,RISE | Juno,1493.6,44
3062,5068994,SSS | dbfc | Bardock,1493.6,2
3063,615281,SacaLuigi,1493.6,4
3064,1728035,NearInfinite,1493.6,1
3065,5035576,saint,1493.6,1
3066,5516646,I am | Sneakers OToole,1493.6,3
3067,3819446,f(x)=2[K] | Conspiracy,1493.5,1
3068,2338881,DOWN | Jakobi,1493.5,1
3069,1859372,Pycses,1493.5,2
3070,1721827,IkeMaster68,1493.4,2
3071,3017051,Michael Lulo,1493.4,4
3072,4966136,Shadowguy,1493.4,4
3073,1648298,あcola~fan ろくなな,1493.4,3
3074,2386054,67 | freakbob58,1493.4,2
3075,540987,Poke,1493.4,1
3076,315585,Nemesis,1493.4,4
3077,1467671,SPANDEX,1493.3,1
3078,4973128,Swift,1493.3,1
3079,4837866,Huggies11500,1493.3,2
3080,1065244,Penguin,1493.3,1
3081,434040,WL | LVL3,1493.3,5
3082,1213074,thiccboi2007,1493.3,3
3083,3338095,Dat,1493.2,1
3084,413750,Kyruya,1493.2,4
3085,5283554,CHS | F4d3d0ut,1493.2,1
3086,5226906,BoppoMungus,1493.2,4
3087,5344857,Cartoons_Plural,1493.2,2
3088,29821,Sweet Mayo,1493.1,3
3089,3584179,buying gf | kosher,1493.1,1
3090,3621826,NWK | Tapwaterenjoyer,1493.1,1
3091,5066342,VRN722,1493.0,1
3092,217589,Fordham,1493.0,2
3093,279711,Guyakian / YajYaj,1492.9,3
3094,5441821,Suboperc,1492.9,1
3095,5430291,C,1492.9,1
3096,4823476,Data,1492.9,3
3097,1261560,LoFt,1492.8,3
3098,3761380,GORDO | TFO256,1492.8,1
3099,4303966,Yurislop,1492.8,2
3100,5217177,DaddyJ,1492.8,1
3101,5220004,Sandbag,1492.8,3
3102,5455633,RAW | Pseudo,1492.8,1
3103,3024654,Edward Mendoza,1492.8,4
3104,1312554,Dig,1492.8,6
3105,3503498,Cylo,1492.7,3
3106,3491625,935Fox,1492.7,9
3107,5389686,EastonRoll,1492.7,1
3108,866832,Chrysanthemum | Spellweaver,1492.7,9
3109,2974555,unLTD. | Eminence Of Excellence,1492.7,1
3110,2739938,meant2B,1492.7,2
3111,64466,Cosmos / Light,1492.7,1
3112,4645083,Israel,1492.7,4
3113,5093061,saint,1492.7,1
3114,1261657,Solid,1492.7,3
3115,1655028,Wilts,1492.7,2
3116,1083460,SPAG,1492.7,1
3117,2251943,HC | Esmyr,1492.6,2
3118,5480459,Joey,1492.6,3
3119,5344482,BenH,1492.6,2
3120,1620950,POPOFF,1492.6,3
3121,2798409,Dreamz,1492.6,3
3122,4377403,Peanut's Mom | sinomani,1492.6,2
3123,5393787,Naftolail,1492.5,1
3124,2058363,Calamari,1492.5,1
3125,1476094,skilled roy,1492.5,3
3126,216979,L7 | plush,1492.5,1
3127,5471439,wurrm,1492.5,2
3128,5278154,SHU | Spaioblue,1492.5,1
3129,5534836,CK Smith,1492.5,1
3130,1743948,Lando,1492.5,3
3131,2042112,Rockstar,1492.4,20
3132,5417680,INeedTacticals,1492.4,1
3133,5136082,Zurdo,1492.4,1
3134,352904,Puppeh / Luma,1492.4,1
3135,215443,jaren!,1492.4,6
3136,5056644,Turles,1492.4,1
3137,2543746,Bert,1492.4,4
3138,4021106,LE| | Jflexjr,1492.4,1
3139,2929199,oddeyes,1492.3,85
3140,5520160,N/A,1492.3,1
3141,1388027,milkche,1492.3,1
3142,2950465,tire,1492.3,1
3143,4994996,Carlos,1492.3,1
3144,5297919,Cinosix,1492.3,47
3145,1645328,John,1492.2,1
3146,5518032,Pixel_PaceOM,1492.2,1
3147,4382159,ATG333,1492.2,3
3148,4802836,Andgar,1492.2,3
3149,70897,Amir,1492.2,1
3150,5307996,Wolf Stryke,1492.2,1
3151,4569463,BoiledBurger,1492.2,1
3152,4881930,Mac_Attack,1492.2,1
3153,1682374,Uphillcarp / Warpstar,1492.2,1
3154,1251369,Forbidden,1492.2,3
3155,2183963,HxH/MS | Onion-QTπ,1492.1,2
3156,1228000,CG9,1492.1,3
3157,4126740,TL | NicoTheLoaf,1492.1,2
3158,1588287,Thicc,1492.1,3
3159,1219089,Scorpio,1492.1,3
3160,4930608,Maozekong,1492.1,1
3161,476272,Kenneth / Mackaylen,1492.1,1
3162,5010986,C1W | Riocarnation,1492.1,1
3163,5332482,Skratch,1492.0,7
3164,5300921,marlon,1492.0,2
3165,1837859,Yaliso,1492.0,1
3166,5393796,BoBoss,1492.0,1
3167,5323592,anthony,1492.0,2
3168,4991651,Helpnt,1492.0,1
3169,5147419,Sorafo,1492.0,1
3170,223226,j10sm,1492.0,1
3171,4376865,CheeseGamer,1492.0,1
3172,4823713,Brick,1492.0,1
3173,4987123,Ho3K | John Numbers,1492.0,1
3174,2541142,Sierra,1491.9,1
3175,1650939,Jay Razor,1491.9,4
3176,5105769,King,1491.9,1
3177,5118511,Daring_Papaya_99179,1491.9,1
3178,1488642,king rudin,1491.9,3
3179,3204269,BOOMBABY | Rosanetta,1491.9,1
3180,4587858,jasp812,1491.9,1
3181,684306,Cipher / Drewsephix,1491.8,56
3182,5093062,maui moon,1491.8,1
3183,1186178,Cyanjin,1491.8,3
3184,1696931,bottledwater,1491.8,2
3185,1465745,Quintin,1491.8,1
3186,3017451,Creachure,1491.8,1
3187,5279125,Keo,1491.7,2
3188,4924920,Random | Khajae,1491.7,1
3189,5393785,Weito,1491.7,1
3190,1744096,BrokenSink,1491.7,1
3191,2186721,HTC | Crusstavo Fring,1491.7,1
3192,2849838,aki,1491.7,1
3193,1729436,UwU | UwUsomeguy,1491.7,1
3194,3941842,TableFlip,1491.7,1
3195,3036368,Dylkay,1491.7,1
3196,4649220,voidcat,1491.7,1
3197,2629376,Audible | Dr. Gray,1491.6,3
3198,5310309,Sunless,1491.6,1
3199,1046334,Slasher,1491.6,3
3200,4512313,Stelter,1491.6,7
3201,5502662,Tiddylicker,1491.5,3
3202,5442176,Big Tits,1491.5,3
3203,5389691,EXPLorxen,1491.5,1
3204,1323180,gum cuzzler,1491.5,3
3205,4632807,thederpybird,1491.5,3
3206,3108460,Twotime,1491.5,1
3207,5417661,Berry,1491.4,1
3208,5038291,Saint,1491.4,1
3209,1389610,mustard,1491.4,7
3210,5393784,Sprouts,1491.4,1
3211,1312291,Fairtoknee,1491.4,2
3212,1834283,pielover314159,1491.4,1
3213,5163972,Kirito21609,1491.4,1
3214,3187328,BlackDiamondGMZ,1491.4,1
3215,1363264,Dru,1491.3,1
3216,5383773,JTreachy,1491.3,2
3217,701039,sheepyhorns / doe,1491.3,3
3218,2792452,urboy15,1491.3,2
3219,5461683,he/him/his | Sam B,1491.3,1
3220,3620723,Hall | Grape,1491.3,4
3221,5193154,Lyyraa,1491.2,3
3222,5427725,julestheplayer,1491.2,1
3223,1647003,JEFF! | Waluigi,1491.2,3
3224,2389865,Kirby Gang,1491.2,2
3225,4506029,Mouse | JJJ,1491.2,1
3226,3505180,september,1491.2,1
3227,5147408,Realsuki,1491.1,1
3228,1964748,Fate,1491.1,67
3229,1096840,CC | Anthzeny,1491.1,1
3230,343045,Glitchy,1491.1,1
3231,3505518,Tazzsama,1491.1,3
3232,974360,HB | KokoPelli,1491.1,3
3233,1887775,BF3K | Amused?!,1491.1,1
3234,721013,OranSky,1491.1,1
3235,1293204,QU | Caesar Salad,1491.1,5
3236,3186258,Diamond,1491.0,2
3237,2651329,MCheese,1491.0,9
3238,681068,BlackTide,1491.0,1
3239,737562,Brimp,1491.0,1
3240,4232434,Mudskip,1491.0,2
3241,4919977,Huh? | You or me?,1491.0,1
3242,1219095,Mistfern,1490.9,3
3243,3504876,Supersonic06,1490.9,1
3244,1727067,UTO | Just Me,1490.9,5
3245,318996,Kaaeru,1490.9,1
3246,4440238,Dude7Man,1490.8,5
3247,5147379,Galaxia,1490.8,1
3248,4397997,YoungHDMI,1490.8,1
3249,3017398,Tower,1490.8,1
3250,5395115,PG-Boy,1490.8,1
3251,5530943,Aura,1490.8,1
3252,5431317,DJ,1490.8,1
3253,1047944,vernong,1490.8,7
3254,4984519,Gglounge | Darkwolfoz47,1490.8,4
3255,3693691,AndrewAJT,1490.8,43
3256,128267,Pepe,1490.7,1
3257,1449451,Krustypizza,1490.7,1
3258,3110770,KD,1490.7,1
3259,3863553,Hoya,1490.7,75
3260,2757655,MLM | Tonre,1490.7,1
3261,2996650,JRaz16,1490.7,71
3262,1677587,avery,1490.7,3
3263,5208091,DongBong420,1490.6,1
3264,5441824,Starlingzer0,1490.6,1
3265,4582136,gdg | Chef,1490.6,1
3266,5471198,BopIt!,1490.6,1
3267,1503997,DKIG | NOODLE,1490.6,1
3268,575425,4xM | Dathomir,1490.6,2
3269,433338,Smashionne | Xygen,1490.6,1
3270,5530942,Maxblocks,1490.5,2
3271,4712253,RedStryker,1490.5,1
3272,4962727,Jeremac,1490.5,1
3273,1629785,Snarehead,1490.5,1
3274,5118817,Matteo,1490.5,1
3275,704715,Akbros | roy,1490.5,3
3276,3833508,DO | Dae!,1490.5,1
3277,5394774,Soap | Nutterbutter,1490.5,1
3278,4309711,古典文學部 | Serein,1490.5,1
3279,1474346,Broken :(,1490.5,1
3280,1261570,Evan,1490.5,3
3281,4265268,Seb #1 Hater,1490.5,1
3282,4907451,LDS | Fe4R,1490.5,3
3283,2553881,MG | Abs0lution,1490.5,81
3284,4675648,NotRowin,1490.4,4
3285,4975245,KingLol,1490.4,1
3286,1505537,Jac,1490.4,1
3287,5530937,King Der,1490.4,1
3288,5389687,Grahambags,1490.4,1
3289,5371281,Dr Glizzy,1490.4,1
3290,5385113,Iamfudgie,1490.4,1
3291,5345187,Z,1490.4,1
3292,3300684,Vampire Killa,1490.4,1
3293,5484394,Beefy Marshmallow,1490.4,1
3294,5086797,MrHatchet,1490.4,1
3295,1452669,BaLKaИ,1490.4,3
3296,2652838,Lycan,1490.4,3
3297,5342337,Nikki,1490.3,1
3298,3619893,pizzu,1490.3,3
3299,3672024,Banana Person,1490.3,1
3300,28218,Skylit,1490.3,24
3301,1469415,Buddwaur,1490.3,3
3302,1480386,E | soraforsmashh,1490.3,4
3303,2429160,Kavlista,1490.3,2
3304,5335242,Donte,1490.3,4
3305,5315066,Bust | NutBuster,1490.3,1
3306,1307109,CHP | Razzly,1490.3,69
3307,158745,NST | Th3italianpanda,1490.3,1
3308,1982587,JGubz,1490.3,1
3309,5367304,King of gren,1490.2,2
3310,3029264,PCTheWoz / Justcruzingaround,1490.2,1
3311,2270928,Xanafer,1490.2,1
3312,4972682,Jp3,1490.2,1
3313,1114492,Detective Arman,1490.2,3
3314,5013594,Raptor,1490.2,1
3315,825212,DC,1490.2,1
3316,5537677,VERT | Sllayerrr,1490.2,1
3317,2141410,AHRC | Aminayski,1490.2,138
3318,3915791,MTS | ThePiedPiplup,1490.2,1
3319,4956238,Alex,1490.1,1
3320,3017400,Calvin,1490.1,1
3321,1213568,アн MHS | Kracko,1490.1,1
3322,5398419,Paradox,1490.1,1
3323,38347,PBJ | ModernYasha,1490.1,1
3324,1323184,KOPA,1490.1,3
3325,580104,Q,1490.1,1
3326,147929,Twitch.tv/ | DnnrPants,1490.1,1
3327,4240550,Wastyy,1490.0,1
3328,1788174,IZ*ONE,1490.0,1
3329,2593131,BOT | ObNoder,1490.0,1
3330,5126661,chipu,1490.0,4
3331,1139353,PapaBear,1490.0,1
3332,5389690,KriticalPump,1490.0,1
3333,5205447,Jesseboss4,1490.0,1
3334,5484357,Teku,1490.0,1
3335,2977364,Goat,1490.0,1
3336,2638518,REV | Brayden,1490.0,71
3337,2903604,Jovon,1490.0,1
3338,507725,Tacobros,1489.9,1
3339,1667238,MudJam,1489.9,3
3340,5016723,PPfighter,1489.9,1
3341,4799194,Volare,1489.9,1
3342,3397084,Sprish,1489.9,6
3343,2644514,Quacklers,1489.9,1
3344,3639998,eery,1489.9,1
3345,1220227,NP | Clod,1489.9,1
3346,5225623,napalm dust,1489.9,2
3347,4577205,Scf | Phantxmy,1489.9,1
3348,5346891,D5 | Dabid,1489.9,2
3349,1213078,Samuel Imagery,1489.9,3
3350,4399446,Matt,1489.9,1
3351,3654410,SCCS | Equal,1489.9,68
3352,3655211,Dr Professor,1489.9,1
3353,2114120,TC | Sam I Am,1489.8,6
3354,36829,Joni / Longo,1489.8,1
3355,1039411,Grim,1489.8,1
3356,5462544,YB_Swiff,1489.8,1
3357,4107438,JULIANiL8,1489.8,3
3358,523704,Blackbird,1489.8,3
3359,5346387,Kyle,1489.7,1
3360,1647068,Icaru,1489.7,3
3361,4036442,Smashem,1489.7,1
3362,426564,MBS | Ethab Taxi,1489.7,23
3363,1725177,Youngnamez,1489.7,2
3364,4360771,Vieuxpepe,1489.7,1
3365,349143,cuddlepies,1489.7,2
3366,5090454,ELite,1489.6,1
3367,1305198,Slimestar!,1489.6,1
3368,3050306,2TTB | Kura,1489.6,1
3369,2900169,Boat,1489.6,1
3370,2553722,SwordDominant,1489.6,1
3371,5269581,Seymour Botts,1489.6,1
3372,5311733,Dannilzz,1489.6,1
3373,3055382,TheGrenade125,1489.6,1
3374,1309544,ClueLess / Chief Sokka,1489.6,1
3375,3988807,BellioBallz,1489.6,2
3376,1162631,HDNights,1489.6,1
3377,4640773,jirachi,1489.5,1
3378,329448,My Dad,1489.5,1
3379,5484405,GhostFace,1489.5,1
3380,5013596,Tri_force83,1489.5,1
3381,5314641,Rene,1489.5,1
3382,1580943,Gatsby,1489.5,1
3383,1999796,C-sticks,1489.5,4
3384,1586204,Gatsby,1489.4,1
3385,47041,Hazmatt / Meccs,1489.4,3
3386,5332996,Gamer01,1489.4,1
3387,220175,Unshorn,1489.4,46
3388,1114259,KoK | lazy,1489.4,1
3389,5259513,TCG | Kaz,1489.4,1
3390,5463575,pilk,1489.4,1
3391,273476,TheEvilTurnip,1489.4,1
3392,4115245,Figh,1489.4,1
3393,1804574,Ant,1489.4,1
3394,2648346,esl,1489.3,1
3395,2385419,UA | Raj,1489.3,1
3396,606124,SSF2 | PlayfulPiano,1489.3,3
3397,5125462,Baker,1489.3,1
3398,4614542,MrT,1489.3,1
3399,5086118,Ghost,1489.3,1
3400,5067949,leo / cj,1489.3,1
3401,3990375,Crimson,1489.2,3
3402,3046872,Alibaba,1489.2,2
3403,3141646,Nobody,1489.2,1
3404,5512934,Aurafistkaz,1489.2,3
3405,3762621,GNC AHS | SylviaFS,1489.2,3
3406,160474,WinterShorts,1489.2,1
3407,1513337,Bumpers,1489.1,1
3408,1421192,Wylder,1489.1,3
3409,172753,Vent,1489.1,41
3410,5355785,yuhobique,1489.1,1
3411,1792144,Wing,1489.1,3
3412,2514385,Laxx,1489.1,1
3413,1014931,Marth Lord X,1489.1,1
3414,1409141,Skilledroy,1489.1,3
3415,5118816,Cheez,1489.1,1
3416,5243968,TyAGuy,1489.1,2
3417,1698293,supremelol,1489.1,1
3418,3606821,EPT | JELIJE,1489.1,1
3419,5314533,Melangel,1489.1,1
3420,5148261,ARWL,1489.0,1
3421,2226381,martian,1489.0,1
3422,4291794,PatoGrease,1489.0,1
3423,27060,Roka,1489.0,1
3424,5259420,TCG | Seth,1488.9,1
3425,609079,RFAN | punkstar,1488.9,2
3426,5122906,AE | Ross A.M.,1488.9,2
3427,5035582,Donny,1488.9,1
3428,3465324,Mystic,1488.9,3
3429,2509313,MondoRay,1488.9,1
3430,5365425,Cuba,1488.9,1
3431,1065447,YMHB | LonLonLeche,1488.9,1
3432,5433606,Pupusa,1488.9,1
3433,1571225,Boof | B,1488.9,8
3434,5222692,Raptor,1488.9,5
3435,1361907,Mr B Sans,1488.9,4
3436,3091476,Myth,1488.9,1
3437,2226169,MekkaNox,1488.9,2
3438,3285694,SHU | Pokejuan,1488.9,1
3439,1695175,qtr,1488.8,1
3440,4466617,GLG/585Z | | StrykerCrown,1488.8,2
3441,2720916,Well Watered | 2widegod BlosomingFlowr,1488.8,1
3442,5259506,TCG | Brim,1488.8,1
3443,4984383,StarSeeker,1488.8,3
3444,3522366,WS | DefendeR,1488.8,1
3445,5061378,Chief,1488.8,1
3446,146640,WiseGuy,1488.8,7
3447,4860684,JesusSaves,1488.8,1
3448,962429,Carried | Lax,1488.8,1
3449,5007074,JMoth,1488.8,2
3450,1382334,JobLiar,1488.7,3
3451,2075940,Jfizzle,1488.7,1
3452,1602018,bye,1488.7,1
3453,5486211,Misty,1488.7,1
3454,813340,NillBye,1488.7,1
3455,3956472,Drew | Drew,1488.7,1
3456,2909640,Aricco72,1488.7,2
3457,3799117,ZTN,1488.7,7
3458,158297,Dusk,1488.7,4
3459,1511860,UCrew | Tusk,1488.7,1
3460,4750667,TBIY | Devilman,1488.7,1
3461,3519882,Aleks,1488.7,3
3462,5273387,Gusjira / Metalcake907696,1488.7,1
3463,5487472,Matt,1488.6,1
3464,3636686,That_guy_eli,1488.6,1
3465,1978355,Snowbunny Mind Control,1488.6,6
3466,2647915,Boo,1488.6,1
3467,2406431,Angelmedra,1488.6,1
3468,5489733,tilt,1488.6,1
3469,5314847,Frankie K,1488.6,1
3470,1753456,AeRo,1488.6,3
3471,2211088,Pany,1488.6,3
3472,1152592,TTN Jerm,1488.5,1
3473,2316067,Rockyino,1488.5,1
3474,4612977,Nebula / JulyGamerMan,1488.5,1
3475,2741019,Wilsports|TD | Blair,1488.5,3
3476,4576146,Star Man,1488.5,1
3477,2644495,BigZamm_ssbu,1488.5,1
3478,3560262,dyz,1488.5,1
3479,2638768,coveredinrice,1488.5,3
3480,4856093,Jajum,1488.5,1
3481,5063599,Swig,1488.5,1
3482,3414983,Katie,1488.5,3
3483,1708173,Void GQ | Gameq11,1488.5,1
3484,3575026,SaltyBreadNuts,1488.5,1
3485,3139809,Sr. Chef,1488.4,3
3486,5341121,AwesomeLogan,1488.4,1
3487,5118336,Neriander,1488.4,1
3488,5140242,Abztract,1488.4,1
3489,2301929,mjFear,1488.4,1
3490,1002359,Ek,1488.4,3
3491,1151290,Maduro,1488.4,3
3492,1421189,Skilled Roy,1488.4,3
3493,136532,Mini,1488.4,4
3494,1196597,CREAM,1488.4,3
3495,480105,Lombardi / Thass,1488.4,1
3496,5365471,Scotty V,1488.4,1
3497,5433557,Fluff,1488.4,1
3498,5444740,Paulamu,1488.4,1
3499,1720766,Bunky,1488.4,1
3500,4456515,colin,1488.3,1
3501,5415887,T,1488.3,3
3502,2401795,Layv,1488.3,1
3503,1647187,boi,1488.3,1
3504,1638905,George,1488.3,1
3505,5435863,Rai,1488.3,3
3506,4936278,SAMBA,1488.3,37
3507,4907377,Samuraiii,1488.3,1
3508,5476302,witchstellz,1488.3,1
3509,5275330,Trainerjoez,1488.3,1
3510,409328,DNMC | DynamicMeme,1488.3,2
3511,986569,Judgement,1488.3,1
3512,2679601,K3vin | K3vin_God,1488.2,1
3513,5335547,TC,1488.2,1
3514,5492486,reecesreeses,1488.2,1
3515,1274160,CCS | Stoic,1488.2,79
3516,2943781,ChristianCool1,1488.2,3
3517,5370030,playerZ,1488.2,1
3518,5386617,Lou,1488.2,1
3519,1239095,gerg,1488.2,3
3520,5004521,HaloJake9,1488.2,1
3521,4907368,qw,1488.2,1
3522,1119607,totaroz,1488.1,1
3523,1956616,αngeloid / Nick_BOI,1488.1,1
3524,1658573,Source Code,1488.1,1
3525,3724860,Rielly,1488.1,1
3526,1867943,Kintero,1488.1,3
3527,3335738,PlayerAlliance | VPCowboy,1488.1,1
3528,5288464,Buuishin,1488.1,1
3529,2561650,Ace-Cel,1488.1,1
3530,5427656,Mcdot$15,1488.1,1
3531,1499984,bizcocho,1488.1,3
3532,5314637,Gabinator (Gabe D),1488.1,1
3533,1059441,Silv'r,1488.1,7
3534,3722643,Lilac Rain,1488.1,4
3535,4177249,DC3 | MemsSousa,1488.0,1
3536,1901835,jameswo,1488.0,2
3537,5442237,EZ | Killer,1488.0,3
3538,630080,YUUM | Jennifer,1488.0,1
3539,1152624,NSM DJP,1488.0,1
3540,3000429,Gregory Tingus,1488.0,1
3541,28552,Cenco,1488.0,1
3542,35556,D3_Will,1488.0,1
3543,5197207,Maddox,1488.0,1
3544,1137343,Chevy,1488.0,3
3545,585153,FourceArmor,1488.0,1
3546,1322748,Xplosive Oaks,1488.0,1
3547,5013590,PBJ | Visada,1487.9,1
3548,3177730,3QI | Clejj,1487.9,1
3549,2609565,JASON,1487.9,3
3550,5176284,Adam,1487.9,1
3551,1024235,Jakers,1487.9,1
3552,508245,Cryptom,1487.9,1
3553,1199304,Mugetsu,1487.9,1
3554,1178479,java,1487.9,1
3555,2285547,Arc,1487.9,1
3556,5203544,Freckly,1487.9,1
3557,533304,Troll_Tactics,1487.9,68
3558,1349001,David,1487.9,7
3559,4569542,wet slopster,1487.9,1
3560,4309921,Dcyborg12,1487.9,5
3561,1472124,Cuba,1487.9,1
3562,2972542,Jaxon,1487.8,1
3563,3905596,Falk,1487.8,1
3564,1036437,Lewwy,1487.8,1
3565,3552006,DragonHat,1487.8,1
3566,5015180,c1w | Calamariyummm,1487.8,1
3567,3280208,LSG | Lil'Skrimp,1487.8,1
3568,5132492,Diaz,1487.8,1
3569,2349486,Relic,1487.8,3
3570,1597446,Asher,1487.8,1
3571,2643278,SSheps,1487.8,1
3572,3739396,UC | Mr. Science,1487.8,1
3573,4719905,JoseGoris,1487.8,1
3574,5455809,UltraRed,1487.8,1
3575,1609843,Premasaur,1487.8,3
3576,4295814,Freewave,1487.7,1
3577,1239164,Tarbox,1487.7,3
3578,1588221,Rose,1487.7,3
3579,4717183,HermesLoki,1487.7,1
3580,3598026,AU | ZeldaWarrior,1487.7,3
3581,2002022,Mugzzz00,1487.7,1
3582,5032282,dao,1487.7,1
3583,1668097,NXKO | Zyngbett,1487.7,1
3584,245412,loaf,1487.7,3
3585,5417652,Patrick,1487.7,1
3586,4865034,gnarlydave,1487.7,3
3587,5335546,Log,1487.7,1
3588,3632816,Shades,1487.7,1
3589,5134373,Rotten,1487.7,1
3590,4436085,Solar,1487.7,3
3591,5341266,GuyGagné,1487.7,7
3592,1017797,Jona,1487.7,1
3593,3106048,ASM | Adobo,1487.7,1
3594,4562502,MCheezits,1487.6,1
3595,4675535,nomad,1487.6,3
3596,1002126,RIPoste,1487.6,1
3597,5367296,faladent,1487.6,1
3598,2996636,SK | Zeijus,1487.6,7
3599,4975261,VLMessiah,1487.6,1
3600,3141634,PRISMO,1487.6,1
3601,5528344,Damien,1487.6,4
3602,798219,Mikaldo,1487.6,1
3603,973211,GG | Inverse,1487.6,1
3604,1167845,bye,1487.6,1
3605,26327,Marcus,1487.6,3
3606,454846,SZN | drie,1487.6,1
3607,351677,Scooter,1487.5,1
3608,1982480,Mill,1487.5,2
3609,23306,Prince,1487.5,1
3610,1659258,Yurt,1487.5,3
3611,4967705,TbN,1487.5,1
3612,1439398,BELL ST. | Owen,1487.5,1
3613,5197214,Gabe,1487.5,1
3614,421270,WAVE,1487.5,1
3615,1152692,Robin,1487.5,1
3616,1671602,Kdub,1487.5,1
3617,4811455,Kaiju-Zeke,1487.5,1
3618,70060,Okami,1487.5,1
3619,1388706,J,1487.4,1
3620,5382800,B.linden,1487.4,1
3621,5319303,UC | Alex,1487.4,1
3622,3216582,Steelwulf0,1487.4,1
3623,224918,GG | Soan,1487.4,1
3624,5208062,Martfew,1487.4,2
3625,5041122,duhbeekeeper,1487.4,1
3626,1076369,TB | CU | ramE,1487.4,2
3627,4891104,Crowe,1487.4,79
3628,3868730,M2,1487.4,1
3629,3865937,Chowda,1487.3,1
3630,14522,Zucchini / Sniffles,1487.3,1
3631,5202432,Calb,1487.3,1
3632,4642167,Kuranosuke,1487.3,1
3633,433365,GcGr | AYPIO,1487.3,1
3634,3293532,GoldenEmpire | GoldenEmpire,1487.3,1
3635,4885356,REV | LevelOne,1487.3,1
3636,5433649,Sapphrodite,1487.3,1
3637,3760694,BlazeN,1487.3,2
3638,963316,Lexicon,1487.3,1
3639,1218905,WFGC | Superbee,1487.3,1
3640,71019,Zentech,1487.3,1
3641,20766,WPC | Vinylic.,1487.3,45
3642,3228320,MachocheezyGD,1487.3,1
3643,411819,DH | Ashmin,1487.3,1
3644,3305964,Flarejuice,1487.3,1
3645,2579257,Demi.R / Broke boi,1487.3,1
3646,5264080,Mr | Sandalphon613,1487.2,1
3647,3311456,Loso,1487.2,1
3648,5460444,Ki,1487.2,3
3649,3733938,MC | Cereza,1487.2,16
3650,1997552,SGC | Flamos,1487.2,1
3651,5538288,Angel,1487.2,2
3652,1047946,drew,1487.2,3
3653,4767074,Amon Gus,1487.2,2
3654,3008586,Worse Company,1487.2,1
3655,44056,Knight,1487.1,1
3656,2134109,EXP | Metamo,1487.1,3
3657,4966023,Sowrd,1487.1,1
3658,1120153,Fantasy,1487.1,4
3659,1221119,Ukena,1487.1,1
3660,3092511,woah | mickeymishima,1487.1,1
3661,4885398,Humbler,1487.1,3
3662,3465786,j.,1487.1,1
3663,1667303,RC | Haela,1487.1,1
3664,457921,Yótín / Ascension,1487.1,3
3665,2346816,#1 | KyleTM_Stan,1487.1,1
3666,4180026,4Ohio | Ben Sharpedo44,1487.1,1
3667,4451333,OBR | AntAnt,1487.1,3
3668,360903,Gallery / BryanGarciaW,1487.1,1
3669,5448197,SGL_Nova,1487.1,2
3670,4308039,Calamus,1487.1,1
3671,4322542,DapperQuagsire,1487.1,2
3672,4984298,He | Blackbullet,1487.1,1
3673,2130788,PRON0BDY,1487.1,1
3674,2447565,Astro,1487.1,2
3675,5403523,Gold SSSN,1487.1,1
3676,2363291,Sisou,1487.1,3
3677,1350655,TC | Vile,1487.1,1
3678,5537981,Newburnttoast,1487.1,1
3679,5254423,Gaeis,1487.1,1
3680,1015268,TastySafry,1487.1,1
3681,5125441,ItsSn0w,1487.0,1
3682,160195,SG | Artik,1487.0,1
3683,3989800,SARAHFANNY,1487.0,1
3684,1622588,8=D~ | Ye old Cum Bucket,1487.0,3
3685,176210,bye3,1487.0,1
3686,5052628,strikelolYT,1487.0,1
3687,11916,SoulSur,1487.0,1
3688,4229171,Henry | Henry,1487.0,1
3689,3141821,Kia Joon,1487.0,1
3690,2712486,Jason,1487.0,1
3691,5268065,Skullgrunt,1487.0,1
3692,279655,Confused,1486.9,3
3693,1251115,Eli,1486.9,1
3694,3039201,Ashely,1486.9,1
3695,2927177,HeyZeus,1486.9,1
3696,1186149,Syn! | Ethan,1486.9,1
3697,1584952,Andrew,1486.9,1
3698,1507859,Adam,1486.9,1
3699,1067609,Anachromy,1486.9,1
3700,3147397,SnoFang,1486.9,1
3701,69637,Jack,1486.9,1
3702,1302211,Day,1486.9,1
3703,2348094,DMF,1486.9,1
3704,5329619,Scattered | Poisonboi,1486.9,5
3705,183772,SBU | Lotus,1486.9,1
3706,1124479,philms91,1486.9,1
3707,5134292,IFUSMOKEIDIE | KINDA BAD KEN,1486.9,1
3708,677867,JazzerThighs,1486.8,3
3709,1185091,Dovus,1486.8,1
3710,1188249,Rey,1486.8,1
3711,3622065,msu | girl joker,1486.8,1
3712,5420076,Devsainta,1486.8,1
3713,692206,FunPolice,1486.8,3
3714,4778020,Espresso / Wars 15,1486.8,1
3715,3024653,Theodore Rice,1486.8,4
3716,5206241,PeetaTheHorse,1486.8,1
3717,1181794,Caesar,1486.8,1
3718,1806789,TAMUC | Master byron,1486.8,7
3719,1466003,V-Bucks,1486.8,1
3720,1161576,CDI Lonk,1486.8,1
3721,374728,HD | Soopernoodle,1486.8,1
3722,3664948,sam,1486.8,2
3723,5333664,Ben,1486.8,1
3724,4951030,Ferxxo,1486.8,1
3725,5375586,Ash ketchum,1486.8,1
3726,1274540,ABCz| | Eddie G.,1486.8,1
3727,3379680,Poipole,1486.8,1
3728,1142426,romp,1486.8,1
3729,138941,Action Oasis | Travisty,1486.7,2
3730,338140,Hope | Highland's Apparition,1486.7,1
3731,4761089,Grag / Sir Claps A Lot,1486.7,1
3732,1364219,GRNT | summitsun,1486.7,11
3733,5083786,c1w | mrcarb,1486.7,4
3734,3987906,GN | JoeGG,1486.7,1
3735,4871635,Shelbwy / SuperYosh23,1486.7,1
3736,5509468,Nate,1486.7,2
3737,700679,kingjamjamjam,1486.7,1
3738,250440,Munel,1486.7,1
3739,5457376,Everest,1486.7,1
3740,69303,Halo,1486.7,1
3741,1804620,Hooplah,1486.7,1
3742,825451,LE | Bard,1486.7,1
3743,4944615,SpagetySquid,1486.7,1
3744,5218030,Lucabear,1486.7,1
3745,3709631,May!!,1486.7,1
3746,2478946,CCNY | Ado,1486.7,1
3747,2532853,AOC | Kirb_Star,1486.6,1
3748,126649,Jul,1486.6,1
3749,269941,Prismo,1486.6,1
3750,3207441,starvingneopet,1486.6,1
3751,2471321,Outlandish,1486.6,1
3752,1785813,Romeo,1486.6,1
3753,1727304,Shawarma,1486.6,7
3754,1341625,Deet,1486.6,1
3755,5282065,grandpaonwifi,1486.6,1
3756,5037538,Mr Master,1486.6,3
3757,5476308,bbbb (waylon slate) (*),1486.6,1
3758,4288869,charles,1486.6,1
3759,1562365,goona,1486.6,1
3760,678560,TouRine,1486.6,1
3761,2152846,Nikol,1486.6,1
3762,3701131,PwC | Consultant,1486.6,1
3763,1453452,Im | Evil Davo,1486.6,9
3764,2421277,Notkirb,1486.6,1
3765,5214668,zenith,1486.5,1
3766,1351625,Clutch,1486.5,1
3767,1593729,SwimTank | MOB | the drink,1486.5,929
3768,5237516,ThatZeldaGuy,1486.5,1
3769,3313847,Papablanco,1486.5,1
3770,5279114,Joe Cool,1486.5,1
3771,5167936,ESM | Buzz Nightmare,1486.5,6
3772,5235429,67 | SUPERSTAR1,1486.5,1
3773,2516427,Toiler,1486.5,9
3774,1616525,coffee,1486.5,1
3775,2692067,Notoriety,1486.5,1
3776,1005263,J10K,1486.5,3
3777,2542201,Rosie_K,1486.5,2
3778,4955620,Ihwa,1486.5,1
3779,1380914,MsPandemic,1486.5,1
3780,2385010,Hope..,1486.5,1
3781,5538014,Caluxs42,1486.5,1
3782,1179016,12G | MESSIAH,1486.5,9
3783,1419586,Rat Gang | Prime,1486.5,1
3784,2538295,ECSU | Lisk,1486.5,3
3785,3770471,kai,1486.4,3
3786,1222343,Azul,1486.4,1
3787,1394116,FG | Serfboard,1486.4,1
3788,180777,SU | PenguinPowerTV (A),1486.4,1
3789,5213464,corn face,1486.4,1
3790,2866693,Rubikscube_guy111,1486.4,1
3791,1009955,DB | DOODLE BOB,1486.4,3
3792,995949,Razorfang,1486.4,1
3793,1619948,Jazz,1486.4,1
3794,3311195,RPL | Swivel,1486.4,1
3795,2332417,Jonnybhoy,1486.4,1
3796,1160091,creeps,1486.4,1
3797,1673637,Tim Cheese,1486.4,1
3798,4915347,Nut | PooDealer,1486.4,1
3799,3017057,Lauren Kawecki,1486.4,3
3800,4754700,KingJoel,1486.4,1
3801,5220621,Plane28210,1486.4,1
3802,4906787,Gmx,1486.4,7
3803,1610573,Asher,1486.3,1
3804,4642154,JJ,1486.3,1
3805,5268058,Yorknew,1486.3,1
3806,2053683,VikVaughn,1486.3,3
3807,2142107,CookieSparx,1486.3,6
3808,2819039,NDZ | Billy,1486.3,1
3809,2305414,Shduke,1486.3,1
3810,5182862,JVChris,1486.3,3
3811,3475069,Jasun,1486.3,1
3812,1622528,Ericdj,1486.3,1
3813,1796530,chair,1486.3,1
3814,4575667,cuevo,1486.3,1
3815,1428738,fortnite,1486.3,1
3816,2027653,Post | Denny,1486.3,4
3817,1331764,AmericanBirb,1486.3,1
3818,4602604,nin10do,1486.3,1
3819,1110301,Soul,1486.3,1
3820,997337,BigEasy,1486.3,1
3821,5441825,Metabalmi,1486.3,1
3822,4496419,Stelter,1486.2,3
3823,1165082,M2fires,1486.2,1
3824,4437119,ESFFU | Mr.Moist,1486.2,1
3825,5385784,Click,1486.2,3
3826,4314950,ChrisTheMii,1486.2,15
3827,5323376,simo,1486.2,1
3828,1508556,Saurosposeidon,1486.2,1
3829,4778221,Hoekage,1486.2,1
3830,4170059,Tsubaki,1486.2,1
3831,5067752,EJ,1486.2,1
3832,1435351,steve,1486.2,1
3833,1521517,DMF,1486.2,1
3834,4566648,ObesityReviews | Lil Techa,1486.2,1
3835,2970315,YgTz | RC,1486.1,1
3836,3012251,ChombaNO1,1486.1,2
3837,5440119,trayofdoom,1486.1,1
3838,5417504,DOOM,1486.1,1
3839,1007175,TB | Fun,1486.1,1
3840,3081238,Lyco | Varskaria,1486.1,1
3841,3069132,Mr Miu,1486.1,1
3842,4059810,Mama | Margarnet,1486.1,1
3843,4079524,JJ | Shaggy,1486.1,1
3844,4359283,SanaSuu,1486.1,1
3845,5405127,Merlyn,1486.1,1
3846,898173,IONA | Mr. SMILEY,1486.1,1
3847,1385206,JustAGuy,1486.1,1
3848,4322191,Dragonite2,1486.1,1
3849,5315744,winter,1486.1,1
3850,1028935,Mike G,1486.1,1
3851,2063472,SYN | Padrino,1486.1,1
3852,1046987,cheez | Gingar77,1486.1,1
3853,1425406,Dr. Death,1486.1,2
3854,401079,Aydin,1486.1,1
3855,3127887,AH | cron,1486.1,1
3856,5006904,Talitis,1486.0,1
3857,3941821,J-ROC,1486.0,1
3858,1964268,UDEM | [mcg],1486.0,1
3859,3320141,BomberDX,1486.0,1
3860,1993466,Crimson,1486.0,1
3861,2214743,DawnRuby,1486.0,1
3862,5140239,VioletBlosssom,1486.0,1
3863,1016887,Vino,1486.0,1
3864,2001543,Fortnite | Jezztre,1486.0,1
3865,966182,Smunch,1486.0,1
3866,4959239,Sonick,1486.0,1
3867,4335218,Maxi428,1486.0,1
3868,547328,Ambi,1486.0,1
3869,5397357,Ramurox,1486.0,4
3870,5305323,Unowninator,1486.0,1
3871,260477,KidApollo,1486.0,1
3872,4757360,Chris,1486.0,1
3873,5476340,Jesse Zalk,1486.0,1
3874,3968268,Arimus,1486.0,3
3875,1896298,James06,1486.0,1
3876,1572719,dashsix / bean,1486.0,1
3877,4296597,Scooby-Drew,1485.9,1
3878,5141978,Akbros | Awww Stin,1485.9,1
3879,5375210,Nate,1485.9,1
3880,3308961,Dr.Death,1485.9,2
3881,1394681,David,1485.9,1
3882,1412528,bye,1485.9,1
3883,999413,DBSosa,1485.9,3
3884,1508177,eljefe_vive | GodIMissHerSoMuch,1485.9,1
3885,1142550,Killer N,1485.9,1
3886,36872,becoming,1485.9,1
3887,3653531,MT | Squart,1485.9,1
3888,3147208,Kingzx9,1485.9,1
3889,55612,Crowdingmovie,1485.9,3
3890,614023,Metro Shroomin',1485.9,1
3891,4527226,Kphantom69,1485.9,1
3892,1096815,PriceyT-shirt,1485.9,1
3893,670903,DUSK | T_pot,1485.9,1
3894,738358,Martial / Karma,1485.8,1
3895,1060123,PP SAD | Big Nibble,1485.8,2
3896,257973,Mulldrifter,1485.8,1
3897,5441833,DJ,1485.8,1
3898,2962351,Pado,1485.8,1
3899,1064897,amazingMANdrew,1485.8,1
3900,1196595,Puddle,1485.8,3
3901,5206199,jdizzle_md,1485.8,1
3902,5113972,Yubble,1485.8,1
3903,3792841,RAiL,1485.8,2
3904,5254420,Lemonsilk,1485.8,7
3905,2911538,King of Sting,1485.8,1
3906,5456416,Devyyn,1485.8,2
3907,2144192,Crixsix,1485.8,1
3908,4426674,O49,1485.8,1
3909,5393788,ViSly,1485.8,1
3910,1443909,Keeylo,1485.8,1
3911,4730720,JSI | cucumber,1485.8,9
3912,3724867,Ethan,1485.8,1
3913,5450773,kptheking,1485.8,1
3914,3627870,Shine | Nabbit,1485.8,1
3915,13650,DSB | Byron,1485.8,1
3916,4353210,Magolor4748,1485.8,2
3917,3957969,Memestadt,1485.8,1
3918,2946340,OmegaSong,1485.7,1
3919,4912385,Razberri,1485.7,1
3920,1633836,davidson,1485.7,1
3921,1204643,UberCheesecake,1485.7,1
3922,1024649,Crash Chris,1485.7,1
3923,834947,JoJo,1485.7,1
3924,5457059,bdknight,1485.7,2
3925,5210774,Q,1485.7,1
3926,3475057,Kennoli,1485.7,1
3927,315863,Pat Ryan,1485.7,1
3928,1673881,Lunrein,1485.7,1
3929,5268138,Axolotl,1485.7,1
3930,2714496,Kevo360,1485.7,135
3931,3233924,KidY0shi,1485.7,1
3932,3743561,Creeps,1485.7,1
3933,1212468,TrisX007,1485.7,3
3934,1287516,starin,1485.7,1
3935,3448714,SAUCELESS | Seiji  [B],1485.7,2
3936,1590088,Goldsmith,1485.7,1
3937,3408042,VERM | The_Verminator,1485.7,1
3938,1382316,Mattx1999,1485.7,1
3939,2947580,Joseb,1485.7,1
3940,5084972,Giorgio,1485.7,1
3941,4526774,No T.,1485.7,1
3942,1096824,Franch1ze,1485.7,1
3943,5267073,PooPooPeePee | Seabass,1485.7,1
3944,4410227,Loydon,1485.6,1
3945,4980197,MrTr0ut,1485.6,1
3946,4126822,Arhenni,1485.6,1
3947,549780,tea,1485.6,3
3948,3615710,SCP D-A-N,1485.6,1
3949,5411621,Hung | Grey,1485.6,1
3950,715800,Randomain,1485.6,1
3951,5317232,UC | Victor,1485.6,3
3952,5487147,Devil Genie,1485.6,1
3953,5129987,Necrozma,1485.6,1
3954,5487169,Cups,1485.6,2
3955,1277941,Hollow,1485.6,20
3956,1956307,TheCandyman,1485.6,1
3957,4109077,Player 2,1485.6,2
3958,1010673,Charbs,1485.6,3
3959,2467954,glacial-storm,1485.6,1
3960,712382,Vpal,1485.6,1
3961,2522918,SeeSay,1485.6,3
3962,5317542,steven,1485.6,1
3963,1378176,Adam,1485.6,1
3964,5440307,Jtoro25,1485.6,1
3965,3799764,wheezer,1485.5,7
3966,5308024,Hudson,1485.5,1
3967,2303316,Nairial,1485.5,3
3968,3100376,QU | doubleupdingo,1485.5,1
3969,1458674,Crazy | Psyclone,1485.5,1
3970,2915841,McGriddy,1485.5,1
3971,1323170,creamboy,1485.5,3
3972,2272989,BigMOAB14,1485.5,1
3973,2315655,DaddyJ,1485.5,1
3974,2357405,TGZ | firestarW,1485.5,1
3975,5304914,Pikamooo,1485.5,1
3976,5359352,G I G A,1485.5,1
3977,5004512,JaysPT,1485.5,18
3978,5080109,Bozo | GoldBasilleaf,1485.5,1
3979,1177909,SAHS | DN | RR | Dragonfire,1485.5,3
3980,782714,Pryce / Zarky,1485.5,3
3981,5405967,jacob,1485.5,2
3982,5376543,Psychic,1485.5,1
3983,2660007,loewe,1485.5,1
3984,1005132,Gamergolfo / Godspeed,1485.5,3
3985,4968056,AimBot,1485.5,1
3986,4382589,i rmbr u was conflicted,1485.5,1
3987,2661025,Brigman,1485.5,1
3988,1444927,Egg,1485.4,1
3989,1190021,Holl,1485.4,1
3990,683492,Whiplash,1485.4,3
3991,788383,SaladDressing / CampMonster,1485.4,2
3992,5465187,GilliganTheGrand,1485.4,1
3993,1303403,Gric,1485.4,3
3994,4029654,Nabishboi,1485.4,1
3995,1541495,LüQ,1485.4,4
3996,1055836,Berto,1485.4,1
3997,2647582,TPretzel,1485.4,1
3998,4612964,Primo / Gamblegod,1485.4,1
3999,152432,Chief Sokka,1485.4,1
4000,2710579,12G | CurlyFry,1485.4,1
4001,5370067,Chillin_with_da_Boys,1485.4,1
4002,2348080,Indy,1485.4,1
4003,5230736,TalkedFlyer360,1485.4,1
4004,2982999,716 | AnneHathawayFan,1485.4,1
4005,5345242,DatMango,1485.4,2
4006,4620943,ZebraFang,1485.3,1
4007,158310,Ho3K | ProJo,1485.3,1
4008,2706967,crobles,1485.3,1
4009,1306738,Kira,1485.3,1
4010,2340556,ANGL | Seri,1485.3,1
4011,5342258,Mama Luigi,1485.3,1
4012,999910,RNJesus,1485.3,3
4013,1695231,Jaiden,1485.3,3
4014,3622068,MSU | RDOT,1485.3,130
4015,1443023,Alfred,1485.3,1
4016,320938,Gator,1485.3,3
4017,343663,JUMO,1485.3,2
4018,5236488,yv,1485.3,1
4019,2696037,girl scout cookies,1485.3,1
4020,1548912,Prime,1485.3,3
4021,5253197,Zion,1485.3,1
4022,5408620,JurassicAsher,1485.3,2
4023,3017056,Matthew Renda,1485.3,3
4024,1318561,TDD | Totto,1485.3,1
4025,3118299,ratchet-LD,1485.3,1
4026,5377017,16. Nadia Kasun,1485.3,1
4027,1047941,Pyxel,1485.3,3
4028,231173,Free / Abso,1485.2,3
4029,2688617,ha | Fupply,1485.2,1
4030,713077,Urgaan,1485.2,1
4031,3683609,Chris6642,1485.2,1
4032,856286,Dominion,1485.2,1
4033,4743616,JayVibes,1485.2,1
4034,972469,Venuss,1485.2,1
4035,1643357,Oceanic,1485.2,2
4036,250002,ATMO | Mischief,1485.2,252
4037,5279098,ReyJerf,1485.2,1
4038,5272549,Eggnoggin,1485.2,1
4039,4897431,MrK,1485.2,1
4040,938179,Oreoz,1485.2,1
4041,1105777,killer,1485.2,1
4042,23803,ECW | CurryGravy,1485.2,1
4043,5039668,Saint,1485.2,1
4044,43421,Darren,1485.2,1
4045,5143467,Rey5,1485.2,1
4046,1711367,Yillow,1485.1,3
4047,5488676,Lae.Memoir,1485.1,1
4048,4047295,Shae,1485.1,1
4049,3425647,Nat20,1485.1,1
4050,4682537,BallGruff,1485.1,1
4051,1443925,yuri,1485.1,1
4052,2004373,Mula,1485.1,1
4053,5238590,Diamond,1485.1,1
4054,2934899,Itachi,1485.1,1
4055,5471489,Abdoel,1485.1,1
4056,1016773,Texes,1485.1,1
4057,467906,SDR | GameBrain,1485.1,1
4058,3874983,Stardust,1485.1,1
4059,1116994,kiru,1485.1,1
4060,49043,crash,1485.0,1
4061,1094874,FEI | Jeff,1485.0,3
4062,5354845,Nate,1485.0,1
4063,4436612,PinkyandtheBrian,1485.0,1
4064,3639946,pinkfluffystar,1485.0,1
4065,1844065,Yoshiman | Yoshiman929,1485.0,1
4066,1319155,Wilsports | gubby,1485.0,3
4067,56270,Gymbo2000,1485.0,9
4068,3000303,Derpentine,1485.0,1
4069,5268127,Squirt,1485.0,1
4070,5283434,420 | Seeen,1485.0,1
4071,1095815,D-fozz / rodthegodx,1485.0,1
4072,2321940,LlndeaTheUnspokenHero,1485.0,1
4073,2447114,:3 | stazarzxy,1485.0,1
4074,842972,Santana Himself,1485.0,1
4075,1598205,GUMBOLAYA!,1485.0,1
4076,2359863,George,1485.0,1
4077,1167074,Onii-chan / sweeney,1485.0,1
4078,4126833,SpideyAdam2 / JoJo,1485.0,1
4079,2428489,ScrubInScrubs,1485.0,4
4080,3360625,Jogsi15,1485.0,1
4081,1156985,The New Jersey Turnpike,1485.0,73
4082,4638308,Natt,1485.0,1
4083,45563,Flumey,1485.0,79
4084,1671882,Hank,1485.0,1
4085,2539891,jibajabber,1485.0,1
4086,4778865,Dark.Pch,1484.9,1
4087,3626168,QU | tyfly,1484.9,1
4088,2898812,503 | froggy bottomz,1484.9,1
4089,1058125,Varun,1484.9,1
4090,135987,SHIMIRE,1484.9,1
4091,1171016,Admire | Risotto,1484.9,1
4092,5450907,player 4,1484.9,3
4093,1308323,Chipping,1484.9,1
4094,160268,Vile,1484.9,3
4095,231660,Orion,1484.9,1
4096,5299643,Solution,1484.9,1
4097,1291408,KOPA,1484.9,3
4098,1713954,Pinguin,1484.9,1
4099,5146504,Bandy,1484.9,7
4100,2619317,Finesu!,1484.9,1
4101,2437114,SMN-YoKai-MASH | OnlyAPurpose,1484.9,2
4102,1227994,Nic,1484.9,3
4103,2528990,s u c c,1484.9,1
4104,3925503,Waft,1484.9,3
4105,3953449,cgverna@gmail.com,1484.9,1
4106,4940031,Professor-E,1484.9,1
4107,5367300,Mrmac,1484.9,1
4108,1556150,Rayne,1484.9,8
4109,4340738,MC_Creeper,1484.9,1
4110,986976,Quaylectra,1484.9,1
4111,5251537,MatthewStar,1484.9,1
4112,134664,Nondough,1484.9,1
4113,3818766,Salato,1484.8,1
4114,1163674,Commandments / Joe Silly,1484.8,1
4115,3157551,Dubby.gg | WHOxM,1484.8,6
4116,2877269,Jermball,1484.8,71
4117,4324932,HamPolo,1484.8,1
4118,5538012,ShowerMaster,1484.8,1
4119,1842317,porkcubestew565,1484.8,1
4120,3551236,Reverse,1484.8,1
4121,1151286,Pado,1484.8,3
4122,2187831,kwell,1484.8,1
4123,4135754,gabethekid,1484.8,1
4124,1514116,FwDSmaSh,1484.8,1
4125,5379768,ArgusDu,1484.8,1
4126,1091079,Prime,1484.8,3
4127,1680951,Anomally,1484.8,1
4128,5215547,Ki,1484.8,1
4129,1291411,Skilledroy,1484.8,6
4130,5004636,Staddreyn,1484.8,1
4131,4855961,Shooby,1484.8,1
4132,422931,RedRivers82,1484.8,1
4133,5452708,Killa,1484.8,1
4134,2442966,Bread,1484.8,2
4135,5210692,Orkius,1484.8,1
4136,5003368,Go! | Six,1484.8,1
4137,4486541,Mystic,1484.8,1
4138,4493601,mattattack;),1484.7,1
4139,5132349,GEKYUME,1484.7,1
4140,4577121,Nyzeal_jxlly,1484.7,1
4141,1124557,GGCT | VeedsTheVillain,1484.7,1
4142,2560801,NP RBz | meiwaku,1484.7,1
4143,9971,Mykelism,1484.7,1
4144,5041034,Vanquiche,1484.7,1
4145,5185055,freddykid,1484.7,1
4146,4762310,Cashmmm23m,1484.7,1
4147,5202471,LordNumbNuts,1484.7,1
4148,3017573,Chompchain,1484.7,1
4149,68692,Finn,1484.7,1
4150,1313932,Zenovex,1484.7,1
4151,5282081,Skelly,1484.7,1
4152,1698768,LV,1484.7,1
4153,546248,Yaddle | Yaddle,1484.7,1
4154,3647932,Toast,1484.7,1
4155,4029556,Gubby,1484.7,1
4156,1610481,BinnieBoy,1484.7,1
4157,224882,PISS | Ben,1484.7,1
4158,5269595,BigDC,1484.7,1
4159,339023,Prime,1484.7,3
4160,1000586,Cinosix,1484.7,3
4161,974233,KidFlash,1484.7,1
4162,1264725,Status Quo,1484.7,8
4163,1563169,Octo,1484.7,1
4164,5393801,Little G,1484.6,1
4165,1719882,SHU Esports | Moribundo,1484.6,1
4166,1437820,Professor KO,1484.6,1
4167,519878,Duke | kuri,1484.6,1
4168,2524965,CS | Idontlikesteven>:(,1484.6,2
4169,132651,Protom,1484.6,1
4170,3289437,cokelpoint,1484.6,1
4171,5339681,Mikey,1484.6,1
4172,2975740,Darneld | Leviticus Sackington,1484.6,1
4173,3877326,miklo,1484.6,1
4174,2292962,Daedofr,1484.6,1
4175,5277739,spongypk,1484.6,1
4176,1239182,bizcocho,1484.6,3
4177,1971084,Krimson101,1484.6,3
4178,422398,WPGL | Regia,1484.6,1
4179,2155538,OE | zawg,1484.6,2
4180,1360179,new challenger,1484.6,1
4181,1232826,Ketchub,1484.6,1
4182,509977,Dabble,1484.6,72
4183,131157,716 | Krabgod,1484.6,1
4184,5355424,Phantom P,1484.6,1
4185,312269,Colonel Adams,1484.5,1
4186,1263662,Para!,1484.5,1
4187,1162240,Zephyr,1484.5,1
4188,1667521,Pangoo,1484.5,1
4189,1411974,Flimbus,1484.5,1
4190,4121,HTC | Cyel,1484.5,6
4191,1437792,Mommy,1484.5,1
4192,1549343,tal,1484.5,1
4193,3210528,DAS | Empyre,1484.5,1
4194,4774942,dao,1484.5,1
4195,5213198,LJL,1484.5,1
4196,3857154,FORTNITE,1484.5,71
4197,4508570,Aitsuki,1484.5,1
4198,4619562,Little Timmy,1484.5,1
4199,2899836,NinjaNisi,1484.5,1
4200,2678966,Krow,1484.5,1
4201,1071423,Gumbie,1484.5,2
4202,970182,my b | Chillin,1484.5,1
4203,5261420,BlazingInferno,1484.5,1
4204,2059745,MichaelC4_,1484.5,3
4205,2563844,Bingus,1484.5,5
4206,4789273,Amore,1484.5,2
4207,2060718,Jav,1484.5,1
4208,2834483,Octoto,1484.5,1
4209,1272725,Vee,1484.5,1
4210,3281372,FLEX WORLD,1484.4,1
4211,1658683,Bubbles,1484.4,1
4212,4552972,Menace_TS,1484.4,1
4213,5417544,Drtwalrus,1484.4,1
4214,1303490,Bizcocho,1484.4,3
4215,1006001,TheSpikeKing,1484.4,1
4216,5238710,T Wex,1484.4,1
4217,1502373,Washndry,1484.4,1
4218,3019507,crosstheblock,1484.4,1
4219,3984999,sharmus,1484.4,1
4220,1476065,pikey,1484.4,6
4221,4981441,CVD | James06,1484.4,1
4222,1722408,Crash,1484.4,1
4223,5500443,agony,1484.4,3
4224,1491803,Feet | boi,1484.4,1
4225,5018348,Tyrfing,1484.4,1
4226,5103240,Idontknow,1484.4,4
4227,5225863,SHU | Shadow,1484.4,1
4228,5038491,Buckett,1484.4,1
4229,1753105,Cboi,1484.4,1
4230,2020616,Druuber,1484.4,1
4231,5002398,CU | Roro,1484.4,1
4232,5003600,Rada,1484.4,1
4233,977152,Nitro / galen,1484.4,1
4234,3114320,Mel,1484.4,1
4235,3561932,PAYM3,1484.3,1
4236,1562522,PuppyCat,1484.3,1
4237,4976076,Stev Brownyo,1484.3,1
4238,5227146,Wobbs,1484.3,1
4239,4495662,WHAT,1484.3,1
4240,1116586,Russian,1484.3,1
4241,3904741,Sanslatty,1484.3,1
4242,1703523,WE OUTSIDE | zagreus,1484.3,3
4243,5471958,Ducky,1484.3,1
4244,1007071,Squigz,1484.3,1
4245,5354851,Seek,1484.3,1
4246,1502367,silversteve,1484.3,1
4247,5507558,Tubbles,1484.3,2
4248,608416,Sir Nose,1484.3,1
4249,5405738,cinosix,1484.3,1
4250,5268117,Smudgy,1484.3,1
4251,1047937,muffin,1484.3,3
4252,59095,DA | DireOnFire,1484.3,1
4253,1089690,Pizza Zoo / Bigote,1484.3,1
4254,155785,FSLink,1484.3,1
4255,2258796,Drako,1484.3,1
4256,1854251,Super Dialga,1484.3,1
4257,5288227,Jordan,1484.2,1
4258,4524427,Yurrb,1484.2,1
4259,298405,SqueezeTheorem,1484.2,1
4260,3236252,George,1484.2,3
4261,555915,doopydino,1484.2,1
4262,738268,Vodka,1484.2,1
4263,134975,Tape Gaming | Laelaps,1484.2,1
4264,3643188,Fart | WheresMyHugs,1484.2,1
4265,1826931,brn2bwld,1484.2,1
4266,4811141,DEAF / $*KNIFE*$,1484.2,1
4267,1263071,9144712614 | AcidBarrel,1484.2,1
4268,1917680,Mike,1484.2,1
4269,2768902,67 | Lazy guy,1484.2,1
4270,3327318,XxGeexX,1484.2,3
4271,4227814,Ant,1484.2,1
4272,5249527,Halo2AnniversaryEdition,1484.2,1
4273,127983,Sensei / Glentendo,1484.2,1
4274,1443919,Milez,1484.2,1
4275,2693030,MSU | Rainey,1484.1,1
4276,5367324,Jace,1484.1,1
4277,2695327,rubi,1484.1,1
4278,1005805,Pado / Lisa,1484.1,3
4279,1792906,Sourkroutt,1484.1,1
4280,217456,Flathead,1484.1,1
4281,1325232,SC_0Bsidian,1484.1,1
4282,5537976,Poploi,1484.1,1
4283,1493023,Humza,1484.1,77
4284,5491002,tomahawk0311,1484.1,3
4285,1730380,Ripto,1484.1,5
4286,1213289,Taj Mahal,1484.1,3
4287,1212987,Sedge,1484.1,3
4288,1775293,Deicide,1484.1,1
4289,5300947,Doragon,1484.1,1
4290,5185664,Powowster,1484.1,1
4291,1643987,Francesco,1484.1,1
4292,1753310,PTD | Migo,1484.1,1
4293,4363171,LimeTime,1484.1,1
4294,36485,PGags,1484.1,3
4295,1175019,GC | Scottisgod,1484.1,1
4296,3395721,Przphantacy,1484.1,1
4297,1091064,potato,1484.1,3
4298,582810,awesome | duelest1,1484.1,1
4299,344743,LCU Esports White,1484.1,1
4300,5457374,Slimdodra,1484.1,1
4301,4577734,bloopidydoopidydoopert,1484.1,1
4302,5012850,FaRr,1484.1,1
4303,5037206,DomPug,1484.1,1
4304,1490285,Grandaddy.,1484.0,1
4305,909986,CRUSH | Turt,1484.0,1
4306,2220198,Sylonma,1484.0,1
4307,2994579,astra,1484.0,1
4308,4162195,B,1484.0,1
4309,250016,Lou,1484.0,1
4310,2677866,Kaijora,1484.0,1
4311,223113,Angelo,1484.0,1
4312,5068037,Andrew Fernandez / Reha Uddin,1484.0,1
4313,5148258,Bueno.,1484.0,1
4314,1125770,Trace,1484.0,3
4315,1642090,Chunky,1484.0,1
4316,4997551,PigWarrior,1484.0,1
4317,4513131,Joseph Ryan,1484.0,1
4318,2768165,Texas Red >:3,1484.0,1
4319,1134765,Kyur,1484.0,1
4320,1224262,Scarf,1484.0,1
4321,1437801,totem,1484.0,1
4322,1588105,Game Magician / SHADOW,1484.0,1
4323,1699660,The_Mofologist / Jmartiles,1484.0,1
4324,1680298,Toky,1484.0,1
4325,2466716,Downstate Docs,1484.0,1
4326,2495573,ErikF25,1484.0,1
4327,68786,Help Me | Stepbro! I'm Homestuck,1484.0,1
4328,3122762,Zest,1484.0,1
4329,3533471,Moon Reaper,1484.0,1
4330,2695101,DLG | Bengence,1484.0,1
4331,4299704,TempleGuardGold,1484.0,1
4332,4281248,Prince marz,1484.0,1
4333,4401649,Jackalope,1484.0,1
4334,4457404,Nince,1484.0,1
4335,56473,Burst / Pharaoh,1484.0,1
4336,4514352,kkdrip456,1484.0,1
4337,1786910,BrightApollo,1484.0,1
4338,2524857,Angel,1484.0,1
4339,4308585,shark,1484.0,1
4340,4784863,Ashton,1484.0,1
4341,3794003,Afro.FightR,1484.0,1
4342,4901734,Marinara,1484.0,1
4343,4334850,Munky,1484.0,1
4344,4946307,Mix F4t4l1,1484.0,1
4345,5010770,pretzelbea,1484.0,1
4346,5021920,Raúl,1484.0,1
4347,1242278,The Conqueror,1484.0,1
4348,4559764,Monkeybomb255,1484.0,1
4349,5023367,LOL | SEAPICKLE,1484.0,1
4350,5185265,tbone,1484.0,1
4351,5294644,Conard | Orange2,1484.0,1
4352,5331606,Player | Mikey,1484.0,1
4353,2722429,samuraiii,1484.0,1
4354,2306851,Maximus,1484.0,1
4355,1277080,12G | nutmilk,1484.0,1
4356,981683,Kubuu,1484.0,3
4357,1029111,Mugiwara,1484.0,1
4358,4839325,bootdog,1484.0,1
4359,1570312,Nadjo,1484.0,3
4360,2158233,MyGuy,1484.0,2
4361,404668,TCaP | Green Marth,1484.0,106
4362,177631,dpjglad / Flurped,1484.0,3
4363,1140459,Wet r wote,1484.0,1
4364,1587852,NoWay / Nerd Immersion,1484.0,1
4365,1203797,HighGluten,1484.0,1
4366,4412223,cece,1484.0,1
4367,4576300,Nugget,1484.0,1
4368,2759501,Crono,1484.0,1
4369,4562493,diplomaman,1484.0,1
4370,3024655,Marven Julius Yap,1484.0,3
4371,5013154,worouni,1484.0,1
4372,1003541,JAFF | GrillMan,1484.0,3
4373,4992293,urhere,1483.9,1
4374,1599016,Bwa,1483.9,1
4375,4964827,Tarnished,1483.9,1
4376,4847648,moethebro,1483.9,1
4377,5238186,nether,1483.9,1
4378,2357131,Protean,1483.9,2
4379,2999087,Siris,1483.9,1
4380,5284806,tatertot,1483.9,1
4381,4333923,PJC / Swbat,1483.9,1
4382,3339003,NexusZero,1483.9,1
4383,4241108,FrostWalker_47,1483.9,1
4384,4157924,moon reaper,1483.9,1
4385,1818320,Captain Ice,1483.9,1
4386,5393792,QuietSprouts,1483.9,1
4387,5164344,Loops,1483.9,1
4388,1126849,popstar,1483.9,1
4389,1353827,JohnnyPants,1483.9,3
4390,2376300,silk,1483.9,1
4391,4465284,Dryeyes,1483.9,1
4392,5297800,vedant,1483.9,1
4393,1437255,oChronic--,1483.9,1
4394,1105735,Starlit,1483.9,3
4395,3742931,deepmemory,1483.9,1
4396,3799127,TFO,1483.9,7
4397,1010660,StriderXIX,1483.9,7
4398,4506820,JBR,1483.9,1
4399,5214606,UG Eli,1483.9,1
4400,1358746,mN,1483.9,3
4401,5276707,Rad,1483.9,1
4402,5010975,Toxic,1483.9,2
4403,4124089,The_Tr0ublemaker,1483.9,1
4404,1178684,Aurabolt,1483.9,1
4405,5440272,NoahE,1483.9,1
4406,4774156,mrex,1483.9,1
4407,1803609,LzR | Kwan,1483.8,1
4408,5236681,DuFatMuDKIP,1483.8,1
4409,999767,BG | Wumbosaurus,1483.8,1
4410,1515158,bye,1483.8,1
4411,5116330,Ri@n_b0w 0u0,1483.8,3
4412,959933,Believe,1483.8,1
4413,804524,RingoTheMonkey,1483.8,1
4414,1787550,BG | JackO,1483.8,8
4415,2520753,MurkatGaming,1483.8,1
4416,3884502,BIG | tiggy,1483.8,1
4417,1028479,Bob / L.A.,1483.8,1
4418,4029555,Theno,1483.8,1
4419,4955180,me,1483.8,1
4420,4655601,Northern Swords | Neylum,1483.8,1
4421,3453442,Pandulce,1483.8,2
4422,3938264,Geeligan stache,1483.8,1
4423,3210021,DAS | Squire,1483.8,1
4424,1444023,bri,1483.8,1
4425,1666428,Quick silver,1483.8,1
4426,3297799,Sx,1483.8,1
4427,2342205,HBK | Havoc,1483.8,1
4428,1737081,Deedle,1483.8,1
4429,1787007,GWU | NC2 | | chicken,1483.7,21
4430,20727,Eon / Hangman,1483.7,1
4431,16099,ID | NiGHTS,1483.7,73
4432,1171705,Emmb3r,1483.7,1
4433,4303280,Sneezles,1483.7,3
4434,1230979,WKZ| | Beastmode,1483.7,1
4435,5258908,MrKaBoom,1483.7,1
4436,1142128,Avion / Awe,1483.7,1
4437,1069069,Nanos,1483.7,1
4438,2454914,WU | Cappin,1483.7,1
4439,3613119,Starzz,1483.7,1
4440,3043720,Rubix,1483.7,3
4441,1768507,SnR | Null,1483.7,1
4442,1071111,Klump,1483.7,1
4443,3184129,Flameleone2300,1483.7,1
4444,3811828,Toximay,1483.7,1
4445,1444017,Massi,1483.7,1
4446,4435276,Azade,1483.7,1
4447,3951459,aldippy!! / NicoTheLoaf,1483.7,1
4448,3180055,Horizon,1483.7,1
4449,1076563,benji,1483.7,3
4450,3559783,el3ktra,1483.7,1
4451,5011079,MOSOVI,1483.7,1
4452,5464030,One:1,1483.7,1
4453,2436632,flimbus,1483.7,1
4454,4865036,gnarlydave,1483.7,3
4455,4048656,Wiiseku,1483.7,1
4456,4800361,raze,1483.7,1
4457,5284605,NPD | NapalmDust,1483.7,1
4458,3638519,djcandy.,1483.7,1
4459,1041953,Sakraman_,1483.6,1
4460,2722000,Back Fat,1483.6,2
4461,1040369,henrobs fellover,1483.6,1
4462,5185056,gooulz120,1483.6,1
4463,1174587,Khori_,1483.6,1
4464,5142271,Fruition,1483.6,2
4465,1584529,Whirlpool / Jojo's Reference,1483.6,1
4466,5353168,Ggg | Superstar0821,1483.6,3
4467,955371,Teio Step | ItsNotHaru,1483.6,7
4468,2197691,Courageous pete,1483.6,1
4469,5147607,dimbo pie,1483.6,1
4470,5181773,DR0PP3D@B1RTH | Mii: The Gunnering,1483.6,1
4471,4976103,Alex O,1483.6,1
4472,5195879,The Drink,1483.6,1
4473,3077234,Universe,1483.6,1
4474,3786637,La Chancla,1483.6,1
4475,4389961,BigGochu,1483.6,1
4476,5445155,Joe Cool,1483.6,2
4477,5024494,KirbyTheDerby,1483.6,1
4478,3843622,tastehercoffee,1483.6,1
4479,1049993,SaBrin0 Sp3llm4n,1483.6,1
4480,1327226,NT,1483.6,1
4481,2829134,HiPoint!,1483.6,1
4482,4928326,Aragüato,1483.6,1
4483,5354849,TK1,1483.6,1
4484,5487474,Tyrfing,1483.6,3
4485,5004805,RecceGamerBoi,1483.6,1
4486,4982832,SuperLuigi2018,1483.5,1
4487,4399454,KyleDynn,1483.5,1
4488,3058645,JTNomad,1483.5,3
4489,5344673,Blab | Blabbers,1483.5,1
4490,4461075,UltimaGamer3000 | MD_Bklyn,1483.5,1
4491,1588290,Flute Boy,1483.5,3
4492,5317237,UC | Carlos,1483.5,1
4493,1251401,Nyx,1483.5,1
4494,1157864,UberCheesecake / Inhuman,1483.5,1
4495,1248585,Koreaceratops | BEEGCHUNGUS,1483.5,1
4496,1689775,Shoop,1483.5,5
4497,2785735,Rinnity,1483.5,1
4498,1620493,Zandanza,1483.5,8
4499,1710137,nicetrybuddy,1483.5,1
4500,3735308,ml | Mlauuuuuuuu,1483.5,1
4501,516197,GTH | Skunkle,1483.5,34
4502,3702741,Lesbian,1483.5,1
4503,4015509,Elite4life,1483.5,1
4504,5192667,Prezlum,1483.5,1
4505,4513203,Robert,1483.4,3
4506,1732702,Yelta,1483.4,1
4507,4555692,BlackStardustFGC,1483.4,1
4508,4563360,AVBugo,1483.4,1
4509,5154169,PrimalXChaos,1483.4,1
4510,3628522,Pcookie72,1483.4,1
4511,5445158,Colin,1483.4,2
4512,2151341,green sigurd,1483.4,1
4513,1443061,Rue,1483.4,1
4514,5173948,Avalon Centrifuge,1483.4,3
4515,5114130,dGamezAtHome,1483.4,1
4516,5153260,Usul Stilgar Naib,1483.4,1
4517,2983859,Toony3243,1483.4,1
4518,4380729,dbdz89,1483.4,1
4519,5486230,Madison,1483.4,1
4520,5440210,kptheking,1483.4,1
4521,3448429,rosey,1483.4,1
4522,1312614,Goldsmith,1483.4,3
4523,5091835,Yarrrg!,1483.4,1
4524,4155853,BlazeN,1483.4,2
4525,4966232,UnrealOG,1483.4,1
4526,4136625,Law | Shiftythecat,1483.4,1
4527,3402139,Trish,1483.4,1
4528,5208067,Mr Spike,1483.4,1
4529,2443908,OhGee,1483.4,1
4530,999549,Flynny,1483.4,3
4531,4162423,Defunk,1483.4,1
4532,5387789,wedogbear,1483.4,1
4533,406427,Nemesis,1483.4,1
4534,4651270,Morgan,1483.4,1
4535,2728342,AR13 | AvaRuff,1483.3,1
4536,1091113,NeoJoe,1483.3,3
4537,3307592,StriFe,1483.3,1
4538,5186977,TheDon28,1483.3,1
4539,212486,Crs,1483.3,1
4540,3821956,Benja,1483.3,1
4541,5335455,doc,1483.3,1
4542,2217396,Jide,1483.3,1
4543,4722257,Apollyon / Okaru,1483.3,1
4544,2819978,The Palz | Lord Cat II,1483.3,1
4545,1036180,gnarly dave,1483.3,3
4546,153130,chriselodeon,1483.3,1
4547,3409948,UC | Harm,1483.3,1
4548,1444014,ProfessorKO,1483.3,1
4549,2439420,Bluff,1483.3,1
4550,3442662,Giotaro,1483.3,1
4551,5045225,Soi,1483.3,1
4552,1731188,7DF | Baku,1483.3,1
4553,3095574,Magikoopa,1483.3,1
4554,2423208,dorkasaurus_rex,1483.3,1
4555,3105510,Reyymundoo,1483.3,1
4556,986032,Calibration,1483.3,1
4557,498251,Deeno,1483.3,1
4558,2431154,CZ | impAct,1483.3,1
4559,3406816,1 | Donutdonut,1483.3,1
4560,735645,Nido,1483.3,3
4561,704724,Griffkin,1483.3,1
4562,5121022,Zealous23,1483.3,1
4563,1940242,P-Burg | Da_sasuke_masta,1483.3,1
4564,4353012,Brian (family guy),1483.3,1
4565,3959079,Mine | Ryan#3,1483.3,1
4566,1213312,MilkWarrior,1483.3,3
4567,1858222,Grailboyz | dogoshii,1483.3,1
4568,977182,thicc papi,1483.3,1
4569,277178,Pazzeroni,1483.3,1
4570,1200998,Nova | NovaByzantine,1483.3,1
4571,2397456,VAPE | Valen,1483.3,1
4572,2670977,VULTURE,1483.3,1
4573,25577,N8,1483.3,1
4574,3928490,Birds1Ω6,1483.3,1
4575,3173262,Stan,1483.3,1
4576,5112984,dinodad,1483.3,1
4577,4970986,Albo | Zaddy,1483.2,1
4578,3035056,saya / quinaronn,1483.2,1
4579,1502376,smutty,1483.2,1
4580,1204576,Kai,1483.2,1
4581,232381,Raf,1483.2,1
4582,4831414,J-Byrd,1483.2,1
4583,3092754,Lindsey7402,1483.2,1
4584,48862,goo,1483.2,1
4585,4495711,SundaHa,1483.2,1
4586,5469937,Country,1483.2,1
4587,3024118,MadamMojito,1483.2,1
4588,1292145,ThirdDegreeByrnes,1483.2,1
4589,2362994,zam,1483.2,1
4590,4604185,anyrandomperson,1483.2,1
4591,970260,NapkinsMD,1483.2,1
4592,3792537,3cubed,1483.2,1
4593,3538605,venturing,1483.2,1
4594,4613287,Bug64 / LegendLink16,1483.2,1
4595,379679,Spitz,1483.2,1
4596,4941537,AU | Zydzen,1483.2,1
4597,4345846,Osteller,1483.2,3
4598,4532490,Koozu,1483.1,3
4599,3643471,Prod,1483.1,1
4600,4803699,WhiteTacoMan,1483.1,1
4601,921770,B2THICK,1483.1,1
4602,1351375,HomeFries,1483.1,1
4603,4956413,Prince,1483.1,1
4604,5393789,Babypidly,1483.1,1
4605,5204072,TCG | Friend,1483.1,1
4606,5349926,Audrey 2,1483.1,1
4607,1097027,Satan,1483.1,1
4608,2828456,Entity,1483.1,1
4609,3770034,ID | Ironbrand,1483.1,3
4610,1286847,ME | Stinzy,1483.1,1
4611,5438339,Tea,1483.1,1
4612,3709948,Bobinsky,1483.1,1
4613,56364,Evil Gang | Tammy~,1483.1,1
4614,4486913,Waz,1483.1,1
4615,1031997,SSBM | Disc,1483.1,1
4616,3431919,carlop,1483.1,1
4617,5083421,Jasona_5,1483.1,1
4618,3934822,Cheddar Chaser,1483.1,1
4619,5085069,andy sanchez,1483.1,1
4620,3029761,... | SCP- D-A-N,1483.1,4
4621,3874878,Paper,1483.1,1
4622,3732567,Goon | Spunky,1483.0,1
4623,5068550,Marcus,1483.0,1
4624,1180324,Soilworker,1483.0,1
4625,2559661,Willy D,1483.0,1
4626,5063196,Reya,1483.0,1
4627,4486918,chris,1483.0,1
4628,928114,davegnarly,1483.0,1
4629,4029558,Coolbeans21,1483.0,1
4630,5379090,ConvictSyx,1483.0,1
4631,4641624,Jeremy,1483.0,3
4632,4029538,Runsted,1483.0,1
4633,4946328,Wynd,1483.0,1
4634,1342933,The World,1483.0,1
4635,4987085,Graham,1483.0,1
4636,2985471,ImP,1483.0,1
4637,4399483,David,1483.0,1
4638,1538012,MANONDORF,1483.0,1
4639,4306492,2HV,1483.0,1
4640,2716367,IONA | Moat,1483.0,1
4641,4334836,Hackett,1482.9,1
4642,5665,Moobs / Rudy,1482.9,1
4643,5228975,Chris J,1482.9,3
4644,3530384,Vividian,1482.9,1
4645,2723202,World Jade Center,1482.9,1
4646,4840818,ArtZery,1482.9,1
4647,5139544,TheExtra_V0ID / RedCrusher,1482.9,1
4648,5255134,Cereal,1482.9,1
4649,4962223,aalto,1482.9,1
4650,50221,Pawnch,1482.9,1
4651,1261375,TSM | Wylder,1482.9,101
4652,4938583,Ashton2015,1482.9,1
4653,4971498,SleepyDong,1482.9,1
4654,4870199,Adrian,1482.9,1
4655,5306950,29cheetos,1482.9,1
4656,1428028,585Z | Eclipse,1482.9,2
4657,14610,Castguy,1482.9,1
4658,5012420,Turtle,1482.9,1
4659,5173851,snail emoji | ringleton,1482.9,1
4660,5522616,Ryan,1482.9,3
4661,677731,Canine,1482.9,1
4662,3533843,Meekiss,1482.8,1
4663,4386696,Tane,1482.8,1
4664,4029600,Dalton,1482.8,1
4665,5349721,Chillin_with_da_Boys,1482.8,1
4666,5168294,Liquid | BRR,1482.8,1
4667,5215540,ProCookiez,1482.8,1
4668,1005870,Flutter,1482.8,10
4669,4870146,idk | Gurugamish,1482.8,1
4670,1171789,VL | Winter,1482.8,2
4671,1994515,PlasticEater,1482.8,1
4672,5037194,Dragonsquad,1482.8,1
4673,4589994,MSMC | Mouse,1482.8,1
4674,2667545,Nort!,1482.8,1
4675,4516054,Mr. E,1482.8,1
4676,5028165,Sam,1482.8,1
4677,5309249,whimsycal,1482.8,1
4678,4251810,Paper,1482.8,1
4679,1312989,CheeseScientist,1482.8,1
4680,4878981,Hayden,1482.8,1
4681,5354852,DJ Gasmask,1482.8,1
4682,1361938,MusicalJoker,1482.8,1
4683,2240212,Haru / Shitheed,1482.8,1
4684,402388,Alex,1482.8,1
4685,1009070,Ego | TAMU-C | Maple,1482.7,7
4686,5196762,punkin,1482.7,1
4687,5395930,TheAJ-DeL,1482.7,3
4688,5003789,skyjaken,1482.7,1
4689,4235990,fishy,1482.7,1
4690,1213414,Jeff,1482.7,3
4691,5004877,Bilal,1482.7,1
4692,1213226,Max Ruby,1482.7,3
4693,3634232,PinkDawn,1482.7,1
4694,3118593,CelestialC,1482.7,1
4695,5244131,1{B}{B} | Itani Lo Sahn,1482.7,1
4696,1212419,AIRBORNE,1482.7,3
4697,1885777,sav,1482.7,1
4698,1003164,Spookydook,1482.7,3
4699,1035725,Chris!,1482.7,1
4700,5060957,soy,1482.7,1
4701,4955096,Oden,1482.7,1
4702,773517,Froggydoo,1482.7,1
4703,4873455,Clyde | Bearinara,1482.7,1
4704,519668,CBM,1482.7,1
4705,5012349,WeseyCoins,1482.7,1
4706,5144604,jooshhh,1482.7,1
4707,5304917,Everestt,1482.7,1
4708,5269308,Evain7361,1482.7,1
4709,2421233,XenoMarcos,1482.7,1
4710,1442947,Miles,1482.7,1
4711,4928334,LBonk,1482.6,1
4712,5146501,YPKJay,1482.6,3
4713,4037943,Socrates,1482.6,1
4714,5041527,Grey,1482.6,1
4715,2802358,snat!,1482.6,1
4716,702928,George,1482.6,1
4717,148884,Sice,1482.6,3
4718,1261812,ZL | Just Shiro,1482.6,1
4719,1339276,moose,1482.6,1
4720,5214336,El Salvador | Krakenwaffle,1482.6,1
4721,4408947,Grub | Hub,1482.6,1
4722,1035745,Templisk,1482.6,1
4723,64666,The Omni Blade,1482.6,1
4724,5070665,Bloom,1482.6,1
4725,4051171,Dan,1482.6,1
4726,2843033,xxjbyrne59,1482.6,1
4727,3444004,FD,1482.6,2
4728,5320652,Sangria,1482.6,1
4729,5521465,Bubington,1482.6,1
4730,2774279,CrmsnNinja | CrimsonNinja,1482.6,1
4731,5037181,Jamiewamer8,1482.6,1
4732,5208080,Josh H,1482.6,1
4733,5206869,Sandyandy,1482.6,1
4734,5222309,FloridaMan,1482.6,1
4735,1000582,Scanz,1482.6,3
4736,1000578,EnvY,1482.6,3
4737,995840,MasterBasedBean,1482.6,3
4738,1837506,Brobo,1482.6,1
4739,4910197,Jay,1482.6,1
4740,2289462,casey,1482.5,1
4741,4903455,Dasfuro,1482.5,1
4742,538981,GKrunk / Woof,1482.5,4
4743,3018358,Jmander,1482.5,94
4744,5254679,Mr. G,1482.5,1
4745,1098687,NP | Lamp,1482.5,1
4746,231895,Dee,1482.5,1
4747,3791380,Bailadoxical,1482.5,1
4748,1276259,PAL | Brandino,1482.5,1
4749,3608013,E5TER,1482.5,1
4750,1034358,NP | LCD,1482.5,3
4751,3389554,Zest,1482.5,1
4752,4399492,Jordan,1482.5,2
4753,4878896,STICKEL,1482.5,1
4754,1502393,matthew,1482.5,1
4755,4183780,DC3 | JoyconJack,1482.5,96
4756,3531213,Will G,1482.5,1
4757,874212,Milky Ounces,1482.5,1
4758,5248046,RealDeal,1482.5,1
4759,3910403,SHU | CrimsonAbe,1482.5,1
4760,4839319,TP14,1482.5,1
4761,503697,Okami,1482.5,1
4762,5242182,charlie,1482.5,1
4763,4518206,Z64,1482.5,1
4764,3619992,Dr_MaxD,1482.5,1
4765,5255145,Vo1st,1482.5,1
4766,4715602,Avenger B,1482.5,1
4767,1998728,RR | Hikari Kiti,1482.5,1
4768,4892413,Neo,1482.5,1
4769,2893632,Jrey,1482.4,1
4770,4436541,MAF1A,1482.4,1
4771,4590245,Tyttron1273 / DEATHSTROKE.U.L.T.,1482.4,1
4772,3071796,ON\OFF | keowing,1482.4,1
4773,5238589,TDS_SPRINKLES,1482.4,1
4774,2104041,Amdaggle / alitheowbot,1482.4,3
4775,4910198,Ron,1482.4,3
4776,1282873,Evox corp | Evox,1482.4,1
4777,840569,EnviableAce,1482.4,83
4778,1422943,NP | Vangi,1482.4,1
4779,5165507,Jojo,1482.4,1
4780,4803855,NerdGod,1482.4,1
4781,2377352,katz,1482.4,3
4782,4208700,GGCT Archnemesis,1482.4,1
4783,2652945,Thundur,1482.4,1
4784,2483379,yes,1482.4,1
4785,268523,Skittles,1482.4,1
4786,5367301,DJ,1482.4,1
4787,5172356,Neja,1482.4,1
4788,5227529,Melody_Eeveelution / Baymes,1482.4,1
4789,5308099,Bimmy,1482.4,1
4790,962566,Pegarus,1482.4,1
4791,1370305,Flaring Aqua,1482.4,3
4792,4791903,Kedamine,1482.4,1
4793,5197509,Migz,1482.3,1
4794,4648595,Ryza-2K,1482.3,3
4795,325330,Meta,1482.3,1
4796,5003667,Chiplum1,1482.3,1
4797,5427267,:),1482.3,1
4798,4939249,CAROUSEL | CREAK,1482.3,2
4799,5238587,BIRTHDAYBOYYYYYYYYYYY,1482.3,1
4800,5201165,h00d,1482.3,1
4801,5393777,eva,1482.3,1
4802,1715078,Iro,1482.3,1
4803,2538951,that0neguy,1482.3,1
4804,5278774,Rised,1482.3,1
4805,5170054,Josi,1482.3,1
4806,4993361,Banjj,1482.3,1
4807,5271984,Tyswan,1482.3,1
4808,5422308,Felipezu,1482.3,3
4809,159410,μ2 | dizy,1482.3,1
4810,3980346,Hyp3r10n,1482.3,1
4811,5126618,Starking,1482.3,3
4812,4043792,SCFC | TweMBE,1482.3,1
4813,619220,waifuSZN,1482.3,1
4814,3101749,Image,1482.3,3
4815,5427750,Skullgrunt,1482.3,3
4816,5353197,Mcdot17$,1482.3,3
4817,1437777,Cosmic,1482.3,1
4818,4382597,edith,1482.3,3
4819,1927781,Clyde | SleepyNarwhal,1482.3,1
4820,3983067,George,1482.3,1
4821,3173244,Culebra,1482.3,1
4822,5455632,RAW | Pseudo,1482.2,2
4823,4581448,MZ,1482.2,1
4824,5287097,yunglean2004,1482.2,1
4825,1443916,Bdenz,1482.2,1
4826,4458577,Themisterolo,1482.2,1
4827,4760017,Phaze | Some Guy,1482.2,1
4828,5197225,Jakob,1482.2,1
4829,5278907,Evan,1482.2,3
4830,5060956,Gärchømp,1482.2,1
4831,3396202,Ferry Versus The World,1482.2,8
4832,5367321,Naraku,1482.2,1
4833,3110308,MTV | Mattmeister301,1482.2,1
4834,2731888,Cartoon,1482.2,1
4835,3007664,Democrat | TowerfallFan,1482.2,1
4836,2625948,ShiroMiku,1482.2,1
4837,250834,Abso,1482.2,117
4838,2307527,Macadamianut,1482.2,1
4839,4282226,Uncle,1482.2,1
4840,4341038,EDANNY_189,1482.2,1
4841,2893671,RG | 0men,1482.2,1
4842,1455025,DAWN | Limits,1482.1,1
4843,796091,12G | Gene,1482.1,79
4844,1094064,Poke,1482.1,1
4845,4720349,Xen,1482.1,1
4846,3066527,EC | Kakar75,1482.1,1
4847,4720350,MeatWad,1482.1,1
4848,4339267,A1 marine,1482.1,1
4849,1666078,Alex,1482.1,1
4850,3340107,MJ,1482.1,1
4851,3883158,QU | depryved,1482.1,1
4852,4609180,ToyotaSupraKing,1482.1,1
4853,4972367,C2F | Tarzan,1482.1,3
4854,5068093,Frame | NourB,1482.1,1
4855,4760933,Dunnzy,1482.1,1
4856,4155615,George,1482.1,2
4857,1247378,MBS | eruuc,1482.1,1
4858,4526916,Will,1482.1,1
4859,2038148,Empirony,1482.1,4
4860,2690825,wuzi,1482.1,1
4861,3892535,SuperMe,1482.1,1
4862,2156830,SJ | Rutgers | CinnamonBuns,1482.1,1
4863,4450699,DJSkull,1482.1,1
4864,1437797,quincé,1482.1,1
4865,5132494,Kenny,1482.1,1
4866,1451818,Jeggy,1482.1,1
4867,4668511,limilight,1482.1,1
4868,2057061,OLD | Texafornia,1482.1,1
4869,4592885,Hexia,1482.1,1
4870,3427682,SLEEPI | ninetide,1482.0,1
4871,1362527,SBZ | TheComet,1482.0,8
4872,5333276,WorldWarrior,1482.0,1
4873,39353,TSF | Robd,1482.0,1
4874,4526676,Redshark,1482.0,1
4875,1083679,ALUC,1482.0,1
4876,2010983,ScottGreene,1482.0,3
4877,5195728,BV,1482.0,1
4878,3760633,Beans | Yellow Bean,1482.0,1
4879,5353507,OK | Idree,1482.0,2
4880,1125764,Gum cuzzler,1482.0,6
4881,4919647,WizardGG,1482.0,73
4882,4903593,Crocodile,1482.0,1
4883,1095631,WANTED | Felon,1482.0,1
4884,1332554,3Gi | Jake the Snake,1482.0,1
4885,4516070,Silver Rex,1482.0,1
4886,2326276,ktw1273,1482.0,1
4887,4940350,Hades,1482.0,1
4888,2718923,Nabud,1482.0,1
4889,2156080,Voxel,1481.9,1
4890,4687474,thadd,1481.9,3
4891,153965,BESITOS,1481.9,2
4892,5354847,Jacob,1481.9,1
4893,5092739,27,1481.9,1
4894,4836749,Meatwad,1481.9,1
4895,3321069,Bruno,1481.9,1
4896,5236296,Special K / Pews X,1481.9,1
4897,4668535,julius,1481.9,1
4898,987178,Nicing,1481.9,1
4899,3970583,precious,1481.9,1
4900,1502368,MR.Syg,1481.9,3
4901,3680945,Gizzmo,1481.9,1
4902,1423792,yonyy,1481.9,1
4903,4419954,chuggin piss,1481.9,1
4904,4840980,JohnMario,1481.9,1
4905,4907383,Saiki,1481.9,1
4906,3973092,Aiden (:,1481.9,1
4907,2935350,Shmoneyman,1481.9,1
4908,4726479,Grim..,1481.9,1
4909,5393786,ppolito,1481.9,2
4910,5389342,Bazookagreg,1481.9,2
4911,2249189,Mosk,1481.9,1
4912,1796656,AmazingBilly99,1481.9,1
4913,535244,Cen$,1481.9,1
4914,4854602,alex,1481.9,1
4915,4545977,C2GS | Cereal,1481.9,1
4916,2010424,Free Agent | Bry <3,1481.9,1
4917,3651347,FullBox/200 | AfroPunk Ky,1481.9,2
4918,5475693,CaTTaco8,1481.9,2
4919,1010661,NotJohn,1481.9,3
4920,770435,Adamantoise,1481.9,1
4921,5191726,FiletMignano7,1481.9,1
4922,2156412,Zest Municipality,1481.9,1
4923,1466184,8327453655 | Nicksbiocorner,1481.8,1
4924,5269572,Noah,1481.8,1
4925,1290322,Vinculouz,1481.8,1
4926,157930,GFST | Nicky Videogames,1481.8,1
4927,2945773,Herminator,1481.8,1
4928,1442945,Yuri,1481.8,1
4929,5002186,malbino,1481.8,1
4930,4037942,CoderSV3,1481.8,1
4931,694347,Rat Man,1481.8,1
4932,853589,AlteredBeast / NICKTENDO64,1481.8,1
4933,1381021,Salt,1481.8,1
4934,1129419,PT,1481.8,1
4935,5354859,Fayd,1481.8,1
4936,286385,Quevas,1481.8,4
4937,3616447,MurZombies,1481.8,1
4938,2688614,Gimmicks,1481.7,1
4939,3919696,SupaME,1481.7,1
4940,1262839,RainPut,1481.7,1
4941,4339152,Detroit,1481.7,1
4942,3395910,HalloweenPeachy,1481.7,1
4943,1243430,SoundWave,1481.7,1
4944,3480821,PrincessToes,1481.7,1
4945,4404429,Ginaz | Dreidle,1481.7,3
4946,2638577,IDk,1481.7,1
4947,4618076,Montana,1481.7,1
4948,1827892,Wilsports | Leiothrix,1481.7,15
4949,4427151,Tactic-Myst,1481.7,1
4950,4380617,JayHero,1481.7,3
4951,2478966,CrazyJake,1481.7,1
4952,4946249,random,1481.7,1
4953,1554586,PeachyKeen,1481.7,1
4954,2811030,LuminaryEnds,1481.7,2
4955,4727348,the_astrolotl,1481.7,1
4956,4299369,Oumi,1481.7,2
4957,2433256,BMOLDIGITAL,1481.7,1
4958,4480508,IXS | InfinitexSol,1481.7,1
4959,3806811,BTE | TR | TB | Cupid Mentality,1481.7,2
4960,1129789,100T | Limt3d,1481.6,1
4961,5117094,checo,1481.6,1
4962,1866473,Binny,1481.6,1
4963,5427654,kptheking,1481.6,1
4964,4511602,Mr. T,1481.6,1
4965,5348413,J.nando,1481.6,1
4966,4485008,Joeyawesome120,1481.6,1
4967,4450409,Daddy Bowser / Mlillo90,1481.6,1
4968,5512753,WMFC | Abi,1481.6,2
4969,2962076,DEICIDE,1481.6,1
4970,4865985,CypherTanuki,1481.6,8
4971,4310353,aidepole,1481.6,2
4972,5294738,BYe,1481.6,1
4973,1910680,Azalea,1481.5,1
4974,4467761,Newpichu,1481.5,2
4975,5218939,Jc,1481.5,1
4976,1007874,MHM | Cipher,1481.5,14
4977,5245672,FunkMonk,1481.5,1
4978,917969,Ghetsis,1481.5,1
4979,3227672,Actronav,1481.5,1
4980,5030722,Jepsiter,1481.5,1
4981,1800324,Lycan,1481.5,1
4982,1612653,Starbucks,1481.5,2
4983,4722251,no jump kyle,1481.5,1
4984,32315,BB | Henshin,1481.5,1
4985,4906786,Voorhees,1481.5,7
4986,4802691,Niz,1481.5,1
4987,2713520,toffee,1481.5,1
4988,5481940,ZENI,1481.5,1
4989,3392235,breadAF,1481.5,1
4990,1271930,adam kopa,1481.4,3
4991,3958952,Brendo,1481.4,1
4992,138852,Pillow,1481.4,1
4993,4447035,Yeetzo,1481.4,2
4994,5393807,starpower,1481.4,2
4995,5013576,7x8=56,1481.4,1
4996,3486684,George,1481.4,2
4997,1039940,RubyRulez,1481.4,1
4998,5139970,Jay Grunt,1481.4,6
4999,5225534,HoPE,1481.4,1
5000,5303115,Amitii,1481.4,1
5001,465255,Bagel is Friend,1481.4,1
5002,4807546,hakakrock,1481.4,1
5003,4640343,Sloth4K,1481.4,1
5004,3029473,John Pantusa,1481.4,3
5005,4536930,FU | YoloD.,1481.4,1
5006,1437154,TammEsports | toastly!,1481.3,10
5007,4777697,FSC | MoltenCinder,1481.3,1
5008,1589984,Gatsby,1481.3,2
5009,3088213,Lv.9 Kazuya and Friends,1481.3,3
5010,4485011,LouiZaza,1481.3,1
5011,326428,SoDa,1481.3,3
5012,3944620,Jetultra,1481.3,2
5013,4365049,NacAPac,1481.3,1
5014,4283131,DKzinho,1481.3,1
5015,4346501,naonao,1481.3,5
5016,4545644,Rockathon,1481.3,1
5017,5198081,LinkIsHot,1481.3,1
5018,276302,Sr Skull,1481.3,1
5019,3222589,GOD | Magically,1481.3,1
5020,4502674,Quahogs,1481.3,1
5021,3160053,Eda,1481.2,1
5022,5304913,Kingbolo,1481.2,1
5023,4104386,Luhb,1481.2,1
5024,5226883,Uncle Stan,1481.2,1
5025,4427534,Rchiu,1481.2,1
5026,2797221,Asher,1481.2,1
5027,4443923,Superstuybros | Void,1481.2,1
5028,224062,Nick,1481.2,2
5029,3278095,squggs,1481.2,1
5030,3063215,Icemarvel07,1481.2,1
5031,483987,Forseti,1481.2,1
5032,5164224,Orgs,1481.2,2
5033,3807404,Restaino814,1481.2,1
5034,67664,Inferno,1481.2,1
5035,1085657,Lardo,1481.2,7
5036,1655862,Blue,1481.2,1
5037,3927079,THE FAMILY | MR.G,1481.2,1
5038,5479475,10gu?!,1481.2,2
5039,4907460,Ghost,1481.1,1
5040,3070392,Björken,1481.1,1
5041,4177516,DC3 | Hashira,1481.1,82
5042,2452024,xentevs,1481.1,1
5043,3338470,TNR | DaysCrossing,1481.1,1
5044,4982058,Cisco,1481.1,1
5045,1488659,byler,1481.1,2
5046,3392220,Mathew,1481.1,1
5047,2652814,Smashed,1481.1,1
5048,2929491,Henry(Afton),1481.1,1
5049,260771,Alquatic,1481.1,1
5050,5212156,Mafuyu,1481.1,1
5051,1637025,The Daphinator,1481.1,1
5052,3017542,Howie Dewin,1481.1,1
5053,4519738,jgrin,1481.1,1
5054,4907448,Looney,1481.0,1
5055,3555091,Yottabyte,1481.0,1
5056,2262955,UNH | Jollification,1481.0,1
5057,2447549,Hiro,1481.0,1
5058,5255133,Happyfeet,1481.0,1
5059,5023634,Paul Atredes,1481.0,1
5060,24971,My Dad / Sean,1481.0,2
5061,1503399,longshot,1481.0,1
5062,1661879,annieruok,1481.0,1
5063,1261953,Gyorg,1481.0,1
5064,1357376,N | Nova,1481.0,1
5065,3077106,tofu,1481.0,1
5066,5379762,BALLS | Dr. Stinkle the 2nd,1481.0,1
5067,3375215,Christoph,1481.0,1
5068,2750603,raresushi,1481.0,2
5069,2244176,Bear | Lucabear1,1481.0,1
5070,1333364,Dog | Donny,1481.0,1
5071,2335868,Stigma,1480.9,1
5072,4966428,Ric,1480.9,1
5073,4910019,Roman,1480.9,1
5074,2483347,TajMahal,1480.9,2
5075,5082134,hisao,1480.9,1
5076,588302,Titan_Unlimited,1480.9,3
5077,4630725,Cheech,1480.9,1
5078,3338691,dmifflin44,1480.9,1
5079,2545898,MBD,1480.9,2
5080,4640022,Untrue,1480.9,2
5081,2375820,RU | maymay,1480.9,1
5082,2366683,SUFFER | Statue,1480.9,1
5083,5319692,Tlaloc,1480.9,1
5084,1286604,Smad,1480.9,2
5085,4922478,dao,1480.9,1
5086,1183071,NR | Kaen,1480.9,2
5087,4615220,FgLg,1480.8,1
5088,4885822,Amac,1480.8,1
5089,2236677,CRIMSON,1480.8,1
5090,4203934,Galxk,1480.8,1
5091,3599647,DriftySaber,1480.8,2
5092,5047424,frogge,1480.8,1
5093,974384,Croquetto,1480.8,4
5094,5465525,CVD | James06,1480.8,2
5095,2433921,Der Kaiser,1480.8,1
5096,e22057159,EMW ESPORTS | Baconator,1480.8,1
5097,4854327,Skill Issue | Yell0,1480.8,1
5098,1105647,Java,1480.8,1
5099,5431346,DuckSauce,1480.8,2
5100,5082114,treyo,1480.8,1
5101,1500914,Ken 10,1480.8,1
5102,5004677,JmanSwag,1480.8,1
5103,1284535,Entendu,1480.8,1
5104,5403471,grenade,1480.7,1
5105,5147669,Pocket,1480.7,1
5106,5143466,Mehtars,1480.7,1
5107,2465456,Silver,1480.7,1
5108,626843,Duelriser,1480.7,1
5109,2621078,chapito,1480.7,1
5110,3024652,Dennis Carvalho,1480.7,3
5111,5226029,S1FFIX,1480.7,1
5112,2999458,Gumboloya!,1480.7,1
5113,1139807,DakuSky,1480.7,2
5114,5081622,SEGO | NerdyNinja,1480.7,1
5115,3521577,fes | fes_77,1480.7,2
5116,4962240,fruitloops,1480.6,1
5117,5236494,Justgoose,1480.6,1
5118,4831533,Schwa,1480.6,1
5119,5370032,steven,1480.6,2
5120,5479500,Country,1480.6,2
5121,4368487,Kev Oleary,1480.6,1
5122,1047939,CDMJ,1480.6,3
5123,5386619,Mkg,1480.6,2
5124,2504196,ds | Veil,1480.6,2
5125,5013669,dao,1480.6,1
5126,5116979,LaytNytes,1480.5,1
5127,5013424,Dookie,1480.5,1
5128,1039683,USC | SWERV,1480.5,6
5129,4152163,Rainbow Monkey | Champish,1480.5,3
5130,3178728,IzukuRinnVarris,1480.5,1
5131,1073019,HectorJuan,1480.5,4
5132,3903367,Glizzy McGuire / Sanslatty,1480.5,1
5133,1109533,Fire Nolan,1480.5,2
5134,5427636,Joey,1480.5,2
5135,5212020,operalover,1480.5,1
5136,1284724,Zelos,1480.5,1
5137,2999211,Lapis,1480.4,1
5138,1588985,Skilled Roy,1480.4,2
5139,153380,GGCT | GreenBolt,1480.4,2
5140,2988252,SU | Eightooooooobears,1480.4,28
5141,2522543,Seesay,1480.4,1
5142,5333048,Staystephen,1480.4,3
5143,3315858,ICON | Percival,1480.4,1
5144,1249968,El Bicho,1480.4,1
5145,2700784,SpamU,1480.4,1
5146,4978525,Cranklinson,1480.4,1
5147,3675570,Rad Pitt,1480.4,1
5148,4870078,VRT | lakia,1480.4,2
5149,5233746,Zay | Stitch,1480.3,1
5150,2726218,Patches,1480.3,1
5151,2560614,clem / Lucy,1480.3,1
5152,5203964,Patcool,1480.3,1
5153,1188174,KeninHD,1480.3,1
5154,1011109,N6 UTA | Kyle,1480.3,4
5155,4320521,Benjamin C,1480.3,1
5156,4792186,melvile,1480.3,1
5157,5436654,Mercury,1480.3,2
5158,250838,Sky | Skydierf,1480.3,3
5159,4127894,Kujomon,1480.3,1
5160,2097942,CSUS | Threats,1480.3,1
5161,1505578,top_man,1480.3,1
5162,3119740,Grass Wonders Had Enough,1480.2,2
5163,3076227,Sachu,1480.2,2
5164,5151093,Rizzettie,1480.2,1
5165,4390646,WHS | SharkC,1480.2,1
5166,4715210,Sam,1480.2,1
5167,1524048,goona,1480.2,1
5168,5367306,Ovac,1480.2,2
5169,5106224,MT,1480.2,1
5170,5487455,rett,1480.2,2
5171,1782821,Pulk,1480.2,1
5172,2152091,D4nkey,1480.2,2
5173,2727642,LOGS | GalaMym,1480.2,1
5174,5064157,nat,1480.2,1
5175,2959455,FSC | Solo,1480.2,1
5176,5469941,Amelia,1480.2,2
5177,31319,607 | govolow,1480.2,1
5178,4526972,Nolyrolypoly,1480.2,1
5179,4651542,Swagboi21,1480.2,1
5180,62687,Zaniel,1480.1,1
5181,3656570,Josh,1480.1,1
5182,4519175,Fabü,1480.1,1
5183,4284232,Slick Inc. | SLICKWILLY,1480.1,1
5184,3903890,FBI | MaouSilver,1480.1,2
5185,2643810,JRoyal,1480.1,9
5186,5093063,SamChes327,1480.1,1
5187,3254840,Miker,1480.1,5
5188,328986,Heff,1480.1,3
5189,1714929,Sway,1480.1,1
5190,4994903,icracklover,1480.1,1
5191,1376011,Vol | Indominus,1480.1,3
5192,4410035,g0_0g,1480.1,1
5193,2436705,New Phone | Gamerguydood,1480.1,3
5194,5516269,Hazzi,1480.1,1
5195,4004863,TheDragothian,1480.1,3
5196,2513011,Miracle Makers | Quackus,1480.1,1
5197,3661030,Post | ChaosPigeon64,1480.1,1
5198,3616982,Whorge,1480.1,1
5199,980853,jsolo,1480.1,2
5200,4533551,Natu,1480.1,1
5201,1139286,CR | JayD,1480.1,2
5202,2956879,Yeet (God),1480.0,1
5203,4910925,Mr. Bobert,1480.0,1
5204,4726999,MillyC,1480.0,1
5205,4162043,N25 | Bug,1480.0,1
5206,1764366,Cpt Defiler,1480.0,1
5207,5530848,bread,1480.0,2
5208,2570948,Mike,1480.0,2
5209,5278216,X DarkSword12 X,1480.0,1
5210,1564623,Sum,1480.0,3
5211,4377412,Hatsune Miku,1480.0,1
5212,4658162,mohle,1479.9,5
5213,2872056,Torrent / Armads,1479.9,1
5214,2433452,Neb,1479.9,1
5215,1601730,kogsatsu,1479.9,1
5216,5144598,vemsoh,1479.9,1
5217,5241804,MJ,1479.9,1
5218,4223482,homie,1479.9,1
5219,5044410,MrEKnight,1479.9,1
5220,965422,SOMD | Slacker,1479.9,2
5221,2874224,CSS,1479.9,1
5222,3915846,WOODY,1479.8,1
5223,5292421,Dungeon_Master341,1479.8,1
5224,4637817,SWR | Enriquethepigeon,1479.8,2
5225,4619710,Maxwell,1479.8,1
5226,5521060,Toxicteerh,1479.8,3
5227,5225533,TheKing,1479.8,1
5228,2723214,Santa,1479.8,1
5229,913843,BGT | Nintenbro,1479.8,5
5230,2724299,Vidiot,1479.8,1
5231,4961651,Sirmonk,1479.8,1
5232,5245235,Dullahan,1479.8,1
5233,2244175,BEEG | SaltyMack,1479.8,4
5234,530408,Kaxemer,1479.8,1
5235,5027026,x9ariel9,1479.8,3
5236,1592904,Kenken,1479.8,2
5237,5166305,ELMAPO,1479.8,1
5238,5023644,Finn,1479.7,2
5239,5288211,Nick,1479.7,1
5240,3382949,TAN | nhance,1479.7,3
5241,1375808,NGU | Epoodle,1479.7,58
5242,4155851,Pineapple,1479.7,2
5243,4317745,Vaskro,1479.7,1
5244,2514214,Egg | Soft-Boiled,1479.7,1
5245,5081607,Danny3D,1479.7,1
5246,1034801,DEWM | Hailfire,1479.7,358
5247,1444018,pat,1479.7,1
5248,1312553,myhdra,1479.7,6
5249,5278973,Big Goob,1479.7,1
5250,4747950,Sadistic Pillow,1479.7,1
5251,2579365,ogs,1479.7,1
5252,5136351,pado,1479.6,3
5253,5370859,Jestintime,1479.6,1
5254,5479494,Shoja,1479.6,2
5255,3344990,true | Zantryx,1479.6,1
5256,5083422,Goo,1479.6,1
5257,2791464,franiss,1479.6,1
5258,3710727,Alison,1479.6,1
5259,1268210,Jamall / Mochie,1479.6,2
5260,2370515,CheezyPR,1479.6,1
5261,4694201,grape cartnite,1479.6,1
5262,3617409,Evil Gang | PureMaster,1479.6,1
5263,5264419,Kaya,1479.5,1
5264,5215695,123jf,1479.5,2
5265,1801515,Grimm,1479.5,1
5266,5052040,DraDrusDragon,1479.5,77
5267,4614484,YeetGod,1479.5,2
5268,5469254,EX Beat,1479.5,2
5269,2775299,SBU | Sanjid,1479.5,3
5270,4940646,BlubBlub,1479.5,1
5271,2238278,(Snom | Liizard Jesus,1479.5,2
5272,5309657,PattyCakes,1479.5,1
5273,1093920,Jell0,1479.5,1
5274,5225515,PikePerch,1479.5,1
5275,5534742,saint,1479.5,2
5276,5509084,Gavluigi10,1479.5,1
5277,5487204,ELLSTARR,1479.4,3
5278,4320499,Big Game Leroy,1479.4,1
5279,1166118,NP RBz | meiwaku,1479.4,3
5280,1340822,Jusst_Jesse,1479.4,2
5281,1287565,Deaf,1479.4,2
5282,3134702,Giorgio,1479.4,5
5283,5542019,CringeBaby,1479.4,1
5284,1678130,muffin,1479.4,2
5285,4952148,Xanthous,1479.4,1
5286,2872769,8B | Skahla,1479.4,2
5287,1645128,Mothman,1479.3,1
5288,4975243,DancingTrian,1479.3,2
5289,1542022,P0d ki113r,1479.3,2
5290,4721541,chs | v_helix5,1479.3,1
5291,3384296,Luna,1479.3,3
5292,1867704,DAP1,1479.3,1
5293,5463477,Captian kernel!,1479.3,2
5294,4592639,Domination,1479.3,1
5295,4315566,Vem,1479.3,3
5296,5311726,Stirfry,1479.3,1
5297,1543238,James,1479.3,1
5298,3131353,NYLove,1479.3,1
5299,5349764,Mikep716,1479.3,1
5300,4410190,Liam Eglin,1479.3,1
5301,4274389,Slumped,1479.3,1
5302,5065788,Ijn52,1479.3,1
5303,4690046,vhelix5,1479.2,1
5304,5535815,TheBigYahu,1479.2,2
5305,1465641,SaiTima,1479.2,1
5306,5207796,Bport | Circle,1479.2,1
5307,5469873,donut,1479.2,2
5308,5516268,Pwincesa,1479.2,1
5309,4616402,Anyrandomperson,1479.2,1
5310,1125308,Goji,1479.2,1
5311,1409165,Slasher,1479.2,2
5312,3957547,Lord reficuL,1479.2,1
5313,3228473,AKFG | Justice,1479.2,1
5314,5229816,MMG+ | BIG CRUMB,1479.1,2
5315,1440439,Rara,1479.1,2
5316,2570150,Just Raf,1479.1,4
5317,641506,Shinigami of Miracles,1479.1,1
5318,3746712,WTG | Tonic,1479.1,1
5319,5194462,Sonicninja,1479.1,1
5320,5052224,William,1479.1,1
5321,3285136,LucDuc,1479.1,7
5322,3892624,UG-MAN,1479.1,2
5323,546176,IMP | Polar,1479.1,1
5324,450353,Smooth,1479.1,6
5325,5393797,PickleClo,1479.1,2
5326,2213536,Zappa4GGST | Emsti Nima,1479.0,1
5327,1091080,MCWizard,1479.0,6
5328,2345286,Professor,1479.0,1
5329,5157642,PikachuRaichu,1479.0,1
5330,5001143,TheCracker,1479.0,1
5331,3870660,Sweeney,1479.0,1
5332,5114216,Josh,1479.0,2
5333,3659561,Kaptain,1479.0,1
5334,5256584,Comatoad,1478.9,1
5335,3650463,Jollification,1478.9,1
5336,5270354,URA | | Bronze,1478.9,4
5337,3017058,Michael Castro,1478.9,3
5338,1150910,Gadzooks! | BalcoBops,1478.9,81
5339,1411938,russell,1478.9,1
5340,5211593,FN_Falafel_9,1478.9,1
5341,3138403,bye3,1478.9,1
5342,3532832,SandyFRKNSkullz,1478.8,2
5343,3424178,adbarto,1478.8,1
5344,3295750,KurtBlowBrains,1478.8,1
5345,5220551,B.,1478.8,1
5346,819374,Microsoft | Amirthegoat,1478.8,1
5347,5516260,jeck (jack c),1478.8,1
5348,5496849,Panda LG | BIGISHIPONFAN21,1478.8,1
5349,1261655,Gum Cuzzler,1478.8,3
5350,4851532,Crazy,1478.8,59
5351,1144562,NessCyanide,1478.8,9
5352,5349730,steven,1478.7,2
5353,1895714,redbird,1478.7,1
5354,4337784,MOB | Rap,1478.7,2
5355,2545576,PTH | Amamiya,1478.7,1
5356,355734,Colin,1478.7,1
5357,5315571,Ballah,1478.7,1
5358,4817381,Southern,1478.6,2
5359,3907295,Kenn E. Gee,1478.6,1
5360,4958979,ZCMP | Seriousseal72,1478.6,2
5361,2792834,Vinos,1478.6,3
5362,4365374,Rod Wavedash,1478.6,1
5363,1212394,Casino | ANTSAM,1478.6,3
5364,1490291,HeyThereDelilah,1478.6,1
5365,1679029,coolamp,1478.6,2
5366,1434842,colebasaur,1478.6,2
5367,2970787,RR | bengee,1478.6,6
5368,2662298,BankD,1478.6,2
5369,1423769,jeggy,1478.6,1
5370,5532506,Topher,1478.6,2
5371,990260,LB | Riiiiii,1478.5,3
5372,2201016,Ritual,1478.5,1
5373,4320480,Declan Z,1478.5,1
5374,3955123,Ganondong,1478.5,5
5375,5419049,Aaron,1478.5,1
5376,3896942,UA | Ultimatetyson3,1478.5,8
5377,224531,bye2,1478.4,1
5378,1412036,Ramen Bomber,1478.4,1
5379,5379593,strangedaze,1478.4,1
5380,1706670,ZBK,1478.4,3
5381,3205092,REV | MetalGearFear,1478.4,5
5382,4778141,Nameless joe,1478.4,1
5383,3058812,KY | Kirbyer,1478.4,1
5384,3994062,Raury,1478.4,1
5385,4410192,Andres,1478.4,1
5386,4005653,MOHAMMED GHANDI,1478.4,1
5387,4629246,Fiestero,1478.4,2
5388,5202469,Squashini,1478.3,2
5389,5003453,Spark,1478.3,1
5390,2466404,Toxic,1478.3,2
5391,2433818,Iliana,1478.3,2
5392,2462541,QU | Rφse,1478.3,3
5393,454053,BeefMilk,1478.3,3
5394,3785472,Dafrone,1478.3,2
5395,2448935,Yucko,1478.3,1
5396,4279077,Nate,1478.3,2
5397,265022,VentoLivre,1478.2,1
5398,1679407,Wrath_318,1478.2,8
5399,2133022,Kasp3r,1478.2,2
5400,806441,GoA | Eclipse,1478.2,4
5401,67166,Figs / IamLuffytv,1478.2,7
5402,158298,Hollet / C-Sticks,1478.2,2
5403,2747115,roropoke,1478.2,1
5404,5479619,gokussj12,1478.2,2
5405,3074969,NYU | veldementa,1478.2,1
5406,5205472,Six Seven,1478.2,1
5407,1016828,McBanana,1478.2,1
5408,5335442,Devyyn,1478.2,2
5409,1021563,JDL,1478.1,1
5410,4440449,GreenKingFisher,1478.1,9
5411,1284485,Val,1478.1,1
5412,2751173,kacy,1478.1,62
5413,1309978,X,1478.1,1
5414,3128029,Sr. Chef,1478.1,2
5415,5213398,Mark,1478.1,1
5416,5537686,Kaneru,1478.1,2
5417,5426973,CrabTheRave,1478.1,5
5418,5197224,Leo,1478.1,1
5419,5479491,kareemius,1478.0,2
5420,3620803,Dhgs | Zerofuko,1478.0,1
5421,4863036,L,1478.0,1
5422,1686282,megacam1,1478.0,1
5423,1804989,AABattery,1478.0,6
5424,5281244,PenguinBud,1478.0,2
5425,3540745,Mai Gai,1478.0,2
5426,1829663,ButterKeeby,1478.0,1
5427,3605518,francis,1478.0,7
5428,4820813,Matt,1477.9,1
5429,5516193,luci,1477.9,1
5430,2393953,WhiteNoise,1477.9,2
5431,5251244,D Touch Ya,1477.9,3
5432,1323175,Cupcake,1477.9,2
5433,4880073,Loveless,1477.9,1
5434,1586105,GWU | Rip Van Winkle,1477.9,17
5435,4340965,Kamui,1477.8,1
5436,981778,0-2 | Trapinch,1477.8,61
5437,5016289,Sabi,1477.8,1
5438,3722526,Hotdon,1477.8,2
5439,5355528,DRK | Zelgius,1477.8,1
5440,5251391,guh,1477.8,1
5441,1637859,Trevor Belmont / Simon Belmont,1477.8,1
5442,995260,RG | ReyRose07,1477.8,1
5443,993370,T2S | Finest Spoon,1477.8,3
5444,2079531,TamerDJ,1477.8,1
5445,955403,Nefarox,1477.8,75
5446,738791,Shadow,1477.8,1
5447,1791583,BudLightOnGameDay,1477.7,2
5448,562775,Sweeney,1477.7,2
5449,5213609,JB,1477.7,1
5450,1325957,Eazyali,1477.7,1
5451,2062951,kamikaze | Captain N,1477.7,1
5452,2502345,Joshua,1477.7,1
5453,4018244,aqua,1477.7,6
5454,5280947,Splixima,1477.7,1
5455,268877,Homie,1477.7,1
5456,4320440,Patrick R,1477.6,1
5457,3096438,Marky Mayhem,1477.6,62
5458,4960754,Brug,1477.6,6
5459,5222502,IceTguy,1477.6,1
5460,345918,SwavyB,1477.6,2
5461,5102088,M4G1KM&N,1477.6,1
5462,3599815,Kenny,1477.6,2
5463,1685968,Suz,1477.6,1
5464,5532539,petergp,1477.6,1
5465,22447,"Guap, The",1477.6,6
5466,4959235,HelveticaPrism,1477.5,1
5467,1195761,Cranco,1477.5,2
5468,5343782,Rudy,1477.5,1
5469,1312657,Denz,1477.5,2
5470,5504618,opiter09,1477.5,1
5471,1784280,Frisk,1477.5,6
5472,1263030,JMel,1477.5,2
5473,2847785,JalaLD,1477.4,2
5474,1378983,zink,1477.4,1
5475,4492593,Stez1,1477.4,2
5476,1050012,Crazy | Heewon(A),1477.4,6
5477,254386,FocusLunch / Nijia,1477.4,2
5478,1303459,BUTLR,1477.4,2
5479,1260403,diabedics,1477.3,1
5480,805291,Jazzy G.,1477.3,3
5481,5085162,Petrolleeuum,1477.3,1
5482,5139057,Zer0flex<3,1477.3,2
5483,1023844,WiseMansGame,1477.3,1
5484,1421193,Sr. Chef,1477.3,2
5485,1291415,Watson,1477.3,2
5486,1843574,Denki,1477.3,1
5487,5180002,dao,1477.2,1
5488,5120407,swagowner,1477.2,2
5489,4609052,Tristan,1477.2,1
5490,1323203,theNewYorkTims,1477.2,2
5491,688313,ENC | Merrosextius,1477.2,1
5492,1300866,Krosluck,1477.2,1
5493,5140190,Zander,1477.2,1
5494,5264418,DaBirb,1477.2,2
5495,797773,12G | Maxwell,1477.2,5
5496,4623984,Carl,1477.2,1
5497,4260422,Dom,1477.2,1
5498,4388382,Looney,1477.2,2
5499,5251598,YeetGod,1477.1,2
5500,5537679,VERT | (I.S.G.),1477.1,2
5501,5481886,Mike,1477.1,2
5502,260312,81 | BIG dawg,1477.1,2
5503,4791736,#1 Kyle TM Stan,1477.1,2
5504,3635344,HU | Coaster,1477.1,1
5505,2455926,randrei,1477.1,7
5506,5459673,Whelmed,1477.1,1
5507,496109,MEAT UP! | dana_,1477.1,1
5508,1184316,CodFishJack,1477.1,1
5509,4008763,jojo,1477.0,1
5510,1599063,DJ,1477.0,4
5511,4160214,The Best Kirby,1477.0,1
5512,4725875,Baxkend,1477.0,1
5513,2143430,YES! | Woulphy,1477.0,6
5514,5344717,maple :3,1477.0,2
5515,4805415,Wack,1477.0,1
5516,1615454,Bferrero,1477.0,3
5517,4897857,MrMac,1477.0,2
5518,5512109,papa,1476.9,1
5519,5369391,Mike,1476.9,2
5520,5534819,cadaver,1476.9,2
5521,1421264,Bizcocho,1476.9,2
5522,1323169,natureboy,1476.9,3
5523,5313274,4Freddy! | RNGKari,1476.9,2
5524,2791463,franiss,1476.8,2
5525,4903198,Leothegoat,1476.8,1
5526,1099815,UW | Milkoholic,1476.8,1
5527,4720474,Dmi | Marie_ow,1476.8,2
5528,4682204,Botsaga,1476.8,1
5529,4820680,Rojo,1476.8,1
5530,5436814,Mr. | beauzzelli,1476.8,2
5531,4070473,xoxo | dieancie,1476.8,2
5532,5349626,fanTaSea91,1476.8,1
5533,5521238,LavendersForBonnie,1476.8,2
5534,5288827,TL | NicoTheLoaf,1476.7,2
5535,3957440,SIR YES SIR | SGT EBRIMA,1476.7,2
5536,5510599,CoolZoom,1476.7,2
5537,2122609,GSH | Zoul,1476.7,1
5538,1239180,eo2,1476.6,2
5539,5309847,WertyCrunch,1476.6,2
5540,5251267,Neonghost,1476.6,3
5541,2525780,Wuuthrad,1476.6,2
5542,4579618,Mr | Mklio,1476.6,1
5543,5342631,mTx | MOB | SteR ThA KiiD,1476.5,2
5544,208835,SuperYoshi141,1476.5,2
5545,254183,Javi,1476.5,2
5546,1303482,xSpantx,1476.5,2
5547,317742,Diluxe,1476.5,3
5548,5511876,Joey,1476.5,2
5549,2623469,Wesley,1476.5,1
5550,5024702,oofems!,1476.5,2
5551,2689412,Frostmeiser,1476.4,3
5552,4946618,Jidan,1476.4,2
5553,5497884,3DSCHRIS,1476.4,2
5554,5251601,YeetGod,1476.4,2
5555,5294596,Fes,1476.4,1
5556,5475784,Advent,1476.4,2
5557,1175877,SSS | Ruben,1476.4,2
5558,5420075,Achilt,1476.3,2
5559,5278772,Static,1476.3,1
5560,2917340,crazygreenguy,1476.3,2
5561,3620536,LOON | KairiSoraRiku1,1476.3,2
5562,1599043,Goldsmith,1476.3,2
5563,3775773,LeoThing,1476.3,3
5564,4248688,Jo | Seph,1476.3,1
5565,793118,ANONTOKYO | Ro,1476.3,2
5566,5313246,Couchpotato,1476.3,2
5567,1240621,Wylder,1476.3,2
5568,1246820,Gush,1476.3,4
5569,1467610,Gamesdean,1476.3,1
5570,5436804,ODA LVL | yoshimitch,1476.2,2
5571,4377250,Geek Zone,1476.2,1
5572,5194456,Pews X,1476.2,1
5573,5235330,Im A Stud,1476.2,2
5574,5319041,JohnJohnnyboi,1476.2,1
5575,887557,EMan,1476.2,2
5576,4569146,HSL,1476.2,1
5577,5489237,Country,1476.2,2
5578,409987,Neo Joe,1476.2,27
5579,3239201,presentmoon,1476.1,2
5580,1650821,Rose,1476.1,3
5581,4178871,Satanic_Orange,1476.1,1
5582,5469872,Radiance,1476.1,2
5583,4630950,TDB | ThatDerpyBird,1476.1,2
5584,3252832,George,1476.1,1
5585,5389039,MamaLuigi,1476.1,3
5586,5012287,Emilion,1476.1,1
5587,2984901,Eerie,1476.1,1
5588,4685,vortex,1476.1,2
5589,1897561,RaS | | FlaringAqua,1476.1,2
5590,5318522,ChrisFuz,1476.1,1
5591,5518396,Fire wolf,1476.0,2
5592,5035580,Hit Me,1476.0,1
5593,1071248,PNG | Zayzay,1476.0,78
5594,3749583,TheLosersFluke | FGC,1476.0,1
5595,5140287,Katz,1476.0,1
5596,1323174,Hammul,1476.0,2
5597,5005145,sloanbarber2002,1475.9,1
5598,5463747,RedYoshi_15,1475.9,2
5599,1620873,NKA | Dragon,1475.9,2
5600,1228757,JonGasm,1475.9,2
5601,5288003,KrakenFood,1475.9,3
5602,384617,Goonish,1475.9,1
5603,5197463,Matt,1475.9,1
5604,2150083,Majin_Buu22,1475.9,5
5605,1213190,tony,1475.9,2
5606,4101398,RioT,1475.9,6
5607,2743494,Hofstra | Jedi,1475.8,1
5608,5319278,Ede,1475.8,6
5609,3812089,Mint,1475.8,8
5610,4804396,SageHyp3r,1475.8,1
5611,968032,KarpKing,1475.8,1
5612,5305871,WLF | Lilchamp1220,1475.8,1
5613,2762902,FlowRoyale / Ms.Silly,1475.7,2
5614,2163265,SFAM | VGY | Nishiro,1475.7,2
5615,4260428,Qoc,1475.7,1
5616,1213415,Antony,1475.7,2
5617,5004850,HU | dexlabox,1475.7,1
5618,3480932,KageNinja,1475.7,2
5619,4284217,Shortbear,1475.7,1
5620,2722003,Zuma,1475.7,1
5621,2363408,Misha,1475.7,1
5622,3026746,URI | doughboy,1475.6,1
5623,1092173,ESG | Freshman,1475.6,2
5624,1321120,Fire Guts | Kuuga,1475.6,4
5625,5213060,Funky Monkees,1475.6,2
5626,5382661,Comatoad,1475.6,1
5627,2483363,George,1475.6,2
5628,4907449,Kiem,1475.5,4
5629,5214635,JoshK,1475.5,1
5630,5242286,psylocke,1475.5,1
5631,5473125,Culebra,1475.5,2
5632,1488639,grongnort,1475.5,2
5633,5450869,Jourdangaming,1475.5,2
5634,713123,Rockyino,1475.5,5
5635,5403499,chillinwithdaboys,1475.4,1
5636,4102780,BigRED,1475.4,5
5637,1557221,Solar,1475.4,2
5638,3371664,Klown,1475.4,2
5639,5269821,Arty!?,1475.3,1
5640,3661688,Post | Ryhnoo-,1475.3,4
5641,1466200,3474131357 | Nimenog,1475.3,9
5642,4399448,Matthew,1475.3,2
5643,2800459,Dancer,1475.3,2
5644,5286086,Blackjack,1475.3,1
5645,5486254,Neylum,1475.3,2
5646,2551766,TCTphantom,1475.3,4
5647,5335567,rav54jr,1475.3,1
5648,5475972,skelly,1475.2,3
5649,1884519,Angel,1475.2,14
5650,5506140,Khrome,1475.2,2
5651,180922,MoralAtheist,1475.2,1
5652,4369447,cmeonline,1475.2,6
5653,2173443,MTM | scarface,1475.2,1
5654,4123781,CloverFalls,1475.2,2
5655,5427715,bagd,1475.1,2
5656,2550307,BlazeBergy,1475.1,1
5657,5313812,ShekFu2,1475.1,2
5658,1207906,Pado,1475.1,2
5659,4266228,Casa de skibidi | WetSpaghet,1475.1,2
5660,57305,CaesarTheSalad,1475.1,1
5661,5305278,Sernite,1475.1,1
5662,22865,M6|PAG | BLACKATLAS,1475.1,1
5663,19315,Action John,1475.1,1
5664,5538287,Jason,1475.1,2
5665,3132902,NGL | SuperNova,1475.1,3
5666,1058354,Fox,1475.1,2
5667,508803,PXP | Bluetank,1475.1,1
5668,2067050,MachoTaco914,1475.1,2
5669,5432870,Mordeo,1475.0,2
5670,2813171,Kit-Kate,1475.0,17
5671,5386085,Smesh,1475.0,1
5672,1683384,jec 3,1475.0,2
5673,4797646,User_St0len,1475.0,5
5674,3907225,UG,1475.0,6
5675,4404607,yes,1475.0,2
5676,35711,Wavy J,1475.0,2
5677,2329289,PXP | JurassicPhD,1475.0,1
5678,1571442,goona,1475.0,2
5679,5234056,MasterMax,1475.0,1
5680,946629,djb.A | Toona,1475.0,3
5681,2647019,Stormstar,1474.9,2
5682,3935555,Rat,1474.9,2
5683,5469099,Comatoad,1474.9,1
5684,172458,Edo,1474.9,1
5685,246135,Ironbrand / Lyqosa,1474.9,6
5686,5524745,Mayonnaise,1474.8,2
5687,3081392,Warguts | Morganssch,1474.8,1
5688,1373194,ArmoredAI,1474.8,2
5689,3103314,Dingus,1474.8,7
5690,1370447,Alpha,1474.8,2
5691,1571465,NoRecovery,1474.8,2
5692,1414111,? | Laserguy,1474.8,2
5693,4789211,Justshane,1474.8,2
5694,3158975,Ketsui,1474.8,77
5695,5480598,BBC | Billy The Kid,1474.8,2
5696,1370443,george,1474.8,2
5697,5408737,Rapidraccoon,1474.7,2
5698,1196926,Railgun,1474.7,3
5699,1409150,Mrs Pandemic,1474.7,2
5700,5453323,Jony1285,1474.7,2
5701,1137350,LoLo,1474.7,2
5702,4807896,Reis,1474.7,2
5703,1138424,GGRI | SpaceCowboy,1474.6,1
5704,36503,Ayden,1474.6,2
5705,5367302,Yunoy,1474.6,3
5706,4561190,TrueNen,1474.6,2
5707,1304400,Kyrios,1474.6,2
5708,5335152,dragonballguy,1474.6,1
5709,4716280,gnarlydave,1474.5,2
5710,1488646,jeans3,1474.5,2
5711,4614325,PEAK | MBS | Seel,1474.5,2
5712,2923257,AGENTSLYFOX,1474.5,1
5713,5492544,vonxsan,1474.5,1
5714,5369066,Sir | Omiman1,1474.4,1
5715,2524155,Tom,1474.4,1
5716,5375587,Osh,1474.4,1
5717,2551507,Landon,1474.4,1
5718,1000581,Dosu,1474.3,20
5719,4741366,Breeze,1474.3,2
5720,1261592,God is Ned,1474.2,2
5721,1125774,Arion,1474.2,2
5722,821654,sorashiro,1474.2,2
5723,1213416,Lucas,1474.2,2
5724,4831305,Zermen,1474.1,2
5725,1467632,focus,1474.1,1
5726,5083350,Yasin,1474.1,6
5727,4116032,justbathwater,1474.1,2
5728,2105673,Merp,1474.1,2
5729,5236368,Pews X,1474.1,1
5730,2651174,BLOOM | NOBODY WINS BUT I!!!,1474.1,150
5731,50963,EnbyFish,1474.1,66
5732,1059029,NiP,1474.0,2
5733,3399427,Drew,1474.0,2
5734,3494539,DED | Takobellgod,1474.0,7
5735,4365869,kingeb1,1474.0,1
5736,3452968,TWK | WARIOLOVER57,1474.0,1
5737,4039533,MichaelKingtana,1474.0,6
5738,5263905,peachy_bella20,1474.0,1
5739,5530783,Jx2,1474.0,2
5740,5490706,TripleT’sBiggestFan,1473.9,2
5741,5509493,Jonny rukus,1473.9,2
5742,5381985,SashaLun,1473.9,2
5743,2406509,Trussy | LeChrom Jairs,1473.9,3
5744,5261925,Poo | Josh,1473.9,1
5745,1609380,Blue,1473.9,1
5746,4896297,Johandonis,1473.9,1
5747,2729769,DMatts142,1473.8,2
5748,3676876,NikoTheFox,1473.8,2
5749,4012783,CasadeSkibidi | Jeice,1473.8,3
5750,5370045,Comatoad,1473.8,2
5751,2217312,Soyboy and Sky5,1473.8,2
5752,2650426,BettingSole,1473.8,2
5753,1047938,nizreaf,1473.8,4
5754,3857549,Qwik | Minikweak,1473.8,2
5755,5004279,Mii Stunnaaaa,1473.8,2
5756,1696943,firefinger,1473.7,1
5757,5056757,Shirou,1473.7,2
5758,5318010,Lt OBMOW,1473.7,1
5759,2472231,Sky,1473.7,1
5760,1792862,leggy145,1473.7,7
5761,1744356,Tony Lasagna,1473.7,6
5762,2084268,SBU | Griever,1473.7,51
5763,1186180,Pado,1473.7,2
5764,2181609,Crow,1473.7,2
5765,5393143,Skelly,1473.6,2
5766,5225725,my22cents,1473.6,1
5767,1291410,Pan Dulce,1473.6,2
5768,1000503,Mohri,1473.5,2
5769,321927,Wesh,1473.5,2
5770,1087804,chaelaza,1473.5,2
5771,4281177,Deific,1473.5,2
5772,5215488,vic_g_legend,1473.5,2
5773,3205929,Puyogi,1473.5,6
5774,5376946,BCCE | DuhBeeKeeper,1473.5,6
5775,5395909,Stereo,1473.4,2
5776,2933123,NG -,1473.4,2
5777,1475381,TSP | ThitKho,1473.4,3
5778,4329649,DaFreakLe | DaBeastLe,1473.4,2
5779,2455864,Dust_2?,1473.4,1
5780,5067940,jake / Sylis19,1473.4,2
5781,1323172,Celeb,1473.3,2
5782,1281850,Kopa,1473.3,2
5783,1005182,slap | SnuggleWorm,1473.3,35
5784,5492488,ybox3,1473.3,2
5785,5140316,PK | Moonlight,1473.3,4
5786,5267889,Doxx,1473.2,1
5787,1645160,Asher,1473.2,2
5788,3613453,May :3,1473.2,2
5789,1826312,LogistclNightmr,1473.2,9
5790,5259505,gioo_404,1473.2,3
5791,5384435,Sleepy,1473.2,2
5792,496484,THE HEAD RIPPEROFFER,1473.2,8
5793,492770,Dancer,1473.1,2
5794,3897283,George,1473.1,2
5795,5293195,Skip,1473.1,2
5796,2519433,MUE | Anc,1473.0,2
5797,5448113,Exho,1473.0,2
5798,4630665,CUNYBC | Milk,1473.0,8
5799,3741074,BlazeN,1473.0,2
5800,683993,Mr. Patch,1472.9,2
5801,513702,James 2464,1472.9,2
5802,1300664,Starlight Chippy,1472.9,6
5803,1844605,UTD MiD BBC | Ventis,1472.9,1
5804,2461630,It's | Duck Time,1472.9,2
5805,620358,ESC,1472.9,6
5806,5207870,Thegameist,1472.9,2
5807,2562020,ViperWolf,1472.9,2
5808,5464215,Poppt 2,1472.9,3
5809,1660336,Chzii,1472.9,4
5810,1261593,DBJ,1472.9,2
5811,2095348,Flavor_Text,1472.9,42
5812,5227032,Goob?,1472.9,2
5813,1584880,Gidthekid,1472.9,2
5814,5487254,Icon,1472.8,3
5815,3157909,ze,1472.8,7
5816,1367074,Velocity24,1472.8,5
5817,1186188,qaaaa,1472.8,15
5818,955105,IamLuffytv,1472.7,55
5819,4972502,Nick | ImHereSoIDontGetFined,1472.7,3
5820,1335553,Edzombie,1472.7,2
5821,493342,Sackrine | Apollo,1472.7,2
5822,1409160,George,1472.7,2
5823,3446579,B.Y.,1472.7,30
5824,1001064,bored223,1472.7,4
5825,1335512,Fly NY,1472.6,2
5826,2952808,Lelesus,1472.6,2
5827,4589193,mTx | MOB | SteR ThA KiiD,1472.6,2
5828,5203160,diddyblud | stussysavant,1472.6,3
5829,3640379,saltfries,1472.6,2
5830,4160208,Kirby,1472.6,1
5831,5011097,BenKap,1472.6,2
5832,1047945,ghost,1472.5,2
5833,5538086,Masudo,1472.5,1
5834,4812605,SuperStuyBros | The_nub,1472.5,6
5835,217031,solomisfit,1472.5,2
5836,2583352,Mike,1472.5,2
5837,3325197,Aether,1472.5,3
5838,534625,Beef Milk,1472.5,2
5839,5004689,Ginger92,1472.5,55
5840,3652198,Jake,1472.5,2
5841,19540,Ho3K | Deven3000,1472.5,2
5842,1798013,Roy-L-Tea,1472.4,2
5843,3472473,Nω | JoshMK,1472.4,1
5844,3756783,Homura | BeastBebular,1472.3,2
5845,971707,SKD,1472.3,2
5846,3756810,Theneko115,1472.3,2
5847,1603908,Chumbly Bumpkinstein,1472.3,2
5848,2353095,Toejam,1472.3,3
5849,1335526,Mn,1472.3,2
5850,183402,Kibou,1472.2,18
5851,1578756,Gcheese87,1472.2,2
5852,810425,God'sFavoriteCrackAddict,1472.2,2
5853,4380616,PsychoticNetural,1472.2,2
5854,2932181,Acehern,1472.2,2
5855,1186181,Queras,1472.2,2
5856,57017,Tiki,1472.2,5
5857,1198294,icecream12345,1472.2,6
5858,4572727,Roboturner,1472.2,2
5859,2440780,Ant,1472.2,2
5860,5448374,Q,1472.2,2
5861,2828433,Poo | Marzelo,1472.1,2
5862,1137347,Merciful,1472.1,2
5863,1588002,Dmatts,1472.1,2
5864,1109453,B4mbi,1472.0,2
5865,232066,SBU | TSS,1472.0,2
5866,654948,ADvers1ty,1472.0,2
5867,3263964,Draconic | Optimal Key,1472.0,2
5868,2958467,Aleks,1472.0,2
5869,1671581,James,1472.0,2
5870,5300683,GloomyBee,1472.0,3
5871,1941930,Slanderous,1472.0,55
5872,4932384,Siva Wolf,1472.0,9
5873,4126814,KnockedArrow,1472.0,2
5874,490588,Paulo,1471.9,6
5875,5498668,Tyrfing,1471.9,2
5876,71375,#1 Grunk Fan | | Crowbar,1471.9,2
5877,5537980,Poyo,1471.9,1
5878,5320263,bong fu panda,1471.9,2
5879,1251412,xz,1471.9,2
5880,1023450,J2G,1471.9,6
5881,1291409,JAQ,1471.9,2
5882,5417649,DeathTheKid,1471.9,2
5883,1657566,aroo / Neo,1471.9,2
5884,4040025,$ky5,1471.9,2
5885,589695,Teddy,1471.9,2
5886,1137354,Trace,1471.8,2
5887,4787675,Deco,1471.8,2
5888,3117323,King,1471.8,2
5889,1331673,HAKA | Qibli,1471.8,4
5890,5012430,ThaHyalianWolf,1471.8,3
5891,5418133,Reizen,1471.8,3
5892,2442955,gay bowser,1471.8,2
5893,1137349,BigChungus,1471.8,2
5894,2610745,Maidenless | SodaJuice,1471.8,2
5895,1639898,Wrench,1471.8,8
5896,4741386,CHP | Smurfposter,1471.7,2
5897,5424554,knicks,1471.7,2
5898,3914669,MOB | Not Pierce,1471.7,2
5899,4971791,Rainglass,1471.7,2
5900,1906054,NJolt480,1471.7,5
5901,60514,B3nan / LagLess,1471.7,2
5902,2262401,LegendaryCH,1471.7,2
5903,1683383,grung nort,1471.7,2
5904,1005168,Bulging Bonis,1471.7,6
5905,5359246,player 4,1471.7,2
5906,3049306,Arcenedon,1471.6,2
5907,735414,DTN | Aero,1471.6,611
5908,5509836,TheAJ-DeL,1471.6,2
5909,1464203,zuma,1471.6,2
5910,139089,xxPAkoFDoGs,1471.6,6
5911,3770516,skeet,1471.6,2
5912,5530825,Conway Cabal | Horatio Gates,1471.6,2
5913,977123,Sol | Octo,1471.5,2
5914,1151291,Goofy,1471.5,2
5915,3148520,Shadowbroker45,1471.5,4
5916,1548148,ENC | LATORR,1471.5,2
5917,482251,Joltman,1471.4,2
5918,5487483,Skreeonk,1471.4,2
5919,5462829,dao,1471.4,2
5920,2385746,talentedgambler,1471.4,2
5921,5538027,Gids,1471.4,1
5922,5334957,Skyson.exe,1471.4,2
5923,168626,WEED,1471.4,2
5924,15056,MHG | Koopa,1471.4,2
5925,5250334,NinjaNate / Sonicking,1471.4,2
5926,2993690,George,1471.4,2
5927,683421,Orphan,1471.4,2
5928,3117322,Sr. Chef,1471.3,2
5929,2957865,Coolmantg,1471.3,2
5930,1299694,popstar,1471.3,2
5931,3071738,Dude,1471.3,2
5932,5323317,YEET,1471.3,2
5933,3185141,Domicron,1471.2,2
5934,241617,BB | UNCG | Mikerowave,1471.2,2
5935,468051,DC3 | LordVryll,1471.2,2
5936,2977954,Montwee,1471.2,3
5937,3845184,UP | Nate507,1471.2,2
5938,48798,WFGC | Emil,1471.2,2
5939,2362062,ESG | JAYDASH,1471.1,2
5940,193290,Sway,1471.1,2
5941,3799091,reed_qt,1471.1,6
5942,3121167,Nort,1471.1,2
5943,4315112,The Plant Commander,1471.0,2
5944,610275,Birch,1471.0,68
5945,5532817,Jvsh,1471.0,2
5946,1004880,SWMG | Seberster,1471.0,2
5947,1352590,FortniteJoycons | Scroll,1470.9,8
5948,5471292,NIGHT!,1470.9,2
5949,1513799,silversteve,1470.9,2
5950,2129082,Zackman,1470.9,4
5951,4654961,NataZz,1470.9,2
5952,4418279,r,1470.9,2
5953,1588265,Jourzzo,1470.8,2
5954,4918082,[MUG] | Messaiga,1470.8,2
5955,5449230,Duckscout,1470.8,3
5956,3116647,yunglean2004,1470.8,2
5957,1449565,potato,1470.8,2
5958,1112946,My Wife,1470.8,2
5959,1175837,RNJesus,1470.7,2
5960,1522673,chromozone,1470.7,2
5961,5522605,Shiny,1470.6,2
5962,1937380,Sebuchan,1470.6,2
5963,4975260,vGrxxns,1470.6,5
5964,2127785,Player 1,1470.6,2
5965,4315375,QU | Wellthen,1470.6,2
5966,55592,Cobragto / ABSO,1470.6,4
5967,3434996,Deck,1470.6,2
5968,1659530,: JUBZ,1470.6,2
5969,5013534,LilSushiVert,1470.5,3
5970,3907694,Maddie,1470.5,2
5971,5291659,PAWG | Guapo,1470.5,3
5972,2828446,Poo | BOD,1470.5,2
5973,5512067,JayGoat,1470.5,2
5974,5427710,OA_osama13,1470.5,2
5975,5436923,Grenade,1470.5,2
5976,3652191,Phil BP,1470.5,2
5977,5307754,AceofSpades,1470.5,2
5978,1360079,Huggo,1470.5,2
5979,5238517,c2gs Alex,1470.4,2
5980,1175842,Modest Tomato,1470.4,2
5981,2414728,IssBebo,1470.4,2
5982,1868108,Tarm,1470.4,2
5983,1339469,arch1nhuman,1470.4,2
5984,2374756,Taj Mahal,1470.4,2
5985,2722034,Stormstar,1470.4,2
5986,5475842,B.A.G | Elizzie,1470.3,2
5987,5492351,Shiny,1470.3,2
5988,3125903,Death Lord,1470.3,6
5989,1151282,Crowley,1470.3,2
5990,4317871,JR112,1470.3,2
5991,1116940,riqcheese,1470.3,2
5992,252396,urboy15,1470.2,7
5993,4955870,Lefty,1470.2,2
5994,3799841,Eliakim,1470.2,6
5995,1451789,Waluigi,1470.1,2
5996,754808,Stykes,1470.1,6
5997,3907705,Kyle03,1470.1,2
5998,2620041,Briginator,1470.1,3
5999,1409156,Akira,1470.1,2
6000,4432241,Gum Cuzzler,1470.1,2
6001,5118281,JVN,1470.1,3
6002,1005851,rakeg,1470.1,2
6003,1592990,Maple / Jefff,1470.1,2
6004,5430804,flann3l,1470.1,2
6005,2653108,Dandy,1470.1,5
6006,1496699,Ehhhhh,1470.1,2
6007,1633795,Asher,1470.1,2
6008,2982200,Kyoma(A),1470.1,75
6009,1499968,sr chief,1470.0,2
6010,1357706,KFC | mrclidexx,1470.0,2
6011,5150016,WP | Zenko,1470.0,5
6012,4912720,Alex,1470.0,2
6013,1383940,George,1470.0,2
6014,5531893,ultronkronos,1470.0,2
6015,1282333,Dartinez,1470.0,2
6016,2773837,DoKuroDill,1469.9,2
6017,4132262,discord | TheFreakery,1469.9,3
6018,2402929,VS | Yuga - B,1469.9,4
6019,182942,EON | Lilbirdie,1469.9,2
6020,1196594,RNJesus,1469.9,2
6021,433828,Nana,1469.9,2
6022,5241813,Pink45 | Koi,1469.9,2
6023,5507050,SBR | Tusk,1469.9,2
6024,5509370,Khronium,1469.8,2
6025,157913,izanagi,1469.8,34
6026,1409173,Ryan T,1469.8,2
6027,3664191,Lol | RowanTheAccuser,1469.8,2
6028,751004,HALO | Source,1469.8,2
6029,1687900,Bray,1469.8,2
6030,4544350,Awe47 | Awe47,1469.8,2
6031,1526510,weezerfan22,1469.8,2
6032,1006729,Blacklink,1469.8,2
6033,5343907,rocker2478,1469.7,2
6034,2415208,George,1469.7,2
6035,1197866,NeroPhoria,1469.7,2
6036,3973966,Zeotek,1469.7,2
6037,3508569,dsizzle,1469.7,2
6038,2394578,Fuzz,1469.7,2
6039,1411952,Dr. Death105,1469.7,2
6040,2890915,Crow,1469.7,2
6041,2216009,M0byWik,1469.7,2
6042,2234555,Hef,1469.7,2
6043,29218,fnoogie,1469.6,2
6044,4994884,SP5 | StudiedP5,1469.6,2
6045,5040299,Richie,1469.6,2
6046,2821520,Queen+1 / Queen,1469.6,2
6047,3710699,Katsuo | Yuko,1469.6,2
6048,5068000,John Notarnicola / david rose,1469.6,2
6049,1368509,mamia,1469.6,2
6050,4732558,Zoos,1469.6,2
6051,3632048,sugriva,1469.6,3
6052,1591100,NYU | KoreanBF,1469.6,4
6053,1584905,The Senate,1469.6,2
6054,5520068,Wiggletrud,1469.6,2
6055,4815414,Ly,1469.5,2
6056,1009849,ADaMKOPA,1469.5,14
6057,1008845,Mistfern,1469.5,2
6058,184680,BlackAce,1469.5,2
6059,306104,BEE | Augment,1469.5,2
6060,3923750,HLW | WAHOOOO!!!,1469.5,12
6061,5228702,noodlefazool,1469.5,2
6062,5479179,PissBby,1469.4,2
6063,1163658,CREAM,1469.4,2
6064,1238554,NS| 柱 | OVA9k,1469.4,4
6065,29832,MATT | The Don,1469.4,2
6066,997238,Logos,1469.4,2
6067,2981614,Billiard,1469.3,5
6068,5153321,UDM31,1469.3,2
6069,5102041,zed,1469.3,2
6070,138022,Jettset,1469.3,2
6071,3968651,Rail,1469.3,2
6072,574317,Kidd,1469.3,2
6073,1981391,COLDFACE,1469.3,2
6074,1002526,slacker,1469.3,2
6075,5282254,NicoleDob,1469.3,2
6076,3770472,philsitch,1469.3,2
6077,1227995,Mr Morty,1469.2,2
6078,1003885,KBizzle,1469.2,2
6079,3888774,DR | Young leviticus,1469.2,2
6080,2858350,Parmajon,1469.2,2
6081,5527443,Spoof,1469.2,2
6082,1219098,Guthwine,1469.2,2
6083,272562,Wilsports | Professor Kay,1469.2,3
6084,1213033,ScorpioX,1469.2,2
6085,4561150,Ginaz | JZ,1469.2,2
6086,4531067,AON | ZeroTwoNone is OVERRATED,1469.2,2
6087,5237548,C.Crow,1469.2,2
6088,4726352,ShockDunes,1469.2,2
6089,5232739,cy,1469.1,2
6090,5258906,Flip C,1469.1,2
6091,129373,MOB | WontonWarrior,1469.1,409
6092,1693661,Naz | Ethanminister,1469.1,2
6093,760144,Trace,1469.1,2
6094,2656199,Dingwer,1469.1,7
6095,5264029,ClemenTime,1469.1,2
6096,1213022,SCP035,1469.1,2
6097,3376026,Halfbreed,1469.1,2
6098,153521,Foger,1469.1,2
6099,5317555,Comatoad,1469.0,2
6100,1239096,CG9,1469.0,2
6101,981674,12G | Habibi,1469.0,4
6102,1973440,PBJ | Blackmoon,1469.0,8
6103,1163651,Cooking Mama,1469.0,2
6104,1219088,Pado,1469.0,2
6105,5417673,Misty,1469.0,2
6106,4675585,MXM,1469.0,2
6107,1059024,joe,1469.0,2
6108,1578755,Gatzby,1469.0,2
6109,2416951,DTD,1469.0,2
6110,4369446,cmeonline,1469.0,6
6111,1261683,Goldsmith,1469.0,2
6112,4976982,SpaceCadet,1469.0,3
6113,995951,G-man,1469.0,6
6114,4137069,George,1469.0,2
6115,5510597,vitz,1468.9,2
6116,5347221,Miles_Makes_Memes,1468.9,4
6117,4537539,LuuvMiki,1468.9,2
6118,1706669,OJ,1468.9,2
6119,5210630,Otakuu,1468.9,2
6120,1831687,paul blart,1468.9,3
6121,4187507,BlazeN,1468.9,2
6122,4334374,Big Szop,1468.9,2
6123,5294836,Crims0n,1468.9,2
6124,3970494,KingHig?,1468.9,2
6125,1005219,Holder,1468.9,2
6126,5425152,LatinOctopus,1468.9,2
6127,1358770,FlaringAqua,1468.9,2
6128,1551652,diStRaKtiOn-,1468.8,2
6129,1213075,jsc060506,1468.8,2
6130,1010671,Blakey Bagz,1468.8,2
6131,1010677,Corklop,1468.8,2
6132,3046382,SeanHamilton,1468.8,2
6133,156791,IDHAN,1468.8,2
6134,1633506,Myle | Palm,1468.8,2
6135,5372839,Joey,1468.8,2
6136,1421043,Player 1,1468.8,2
6137,5008326,Funklebottom,1468.8,5
6138,1004601,Deadmanwade37,1468.7,2
6139,1004646,Dom,1468.7,2
6140,999683,tapu tachi,1468.7,2
6141,3017052,Daniel Gomez,1468.7,2
6142,3693172,CheekyCoyote / RiverMage,1468.7,2
6143,3799104,MrLPika,1468.7,2
6144,3799108,Djohnmark,1468.7,2
6145,4726946,benn 9 9 9,1468.7,2
6146,5432848,Zuma,1468.7,2
6147,1213071,Zuma,1468.7,2
6148,3448883,SAUCELESS | Waku [A],1468.7,2
6149,1000342,Nitro,1468.7,2
6150,277785,Crimson,1468.7,2
6151,1000585,Kazu,1468.7,2
6152,994014,SMASHBOY,1468.7,2
6153,233730,koko,1468.7,2
6154,2722214,Dee,1468.7,2
6155,2048438,SLG | Bird brain,1468.7,2
6156,3683175,MSU | dbfc | Chief Beef,1468.7,8
6157,5528056,Dr.FeelGood,1468.7,2
6158,870081,Mz. | fiNESSe,1468.7,2
6159,1499972,myth,1468.7,2
6160,4385,AGRC | Emil,1468.7,2
6161,2262697,JoyConBoyz,1468.6,2
6162,1091106,Nad,1468.6,2
6163,2557370,Invinciblle,1468.6,2
6164,5282557,Tweek,1468.6,2
6165,5492997,Malvrix,1468.6,2
6166,5279015,MIKEYDON,1468.6,2
6167,398064,Aidn,1468.6,81
6168,3443606,RR2572,1468.6,2
6169,1358754,Don,1468.6,2
6170,4944635,NP | Ronox,1468.6,49
6171,1327591,beanbag,1468.5,4
6172,4539214,hani,1468.5,2
6173,1299123,Wald / excitingbike,1468.5,2
6174,3969306,CptHiBob,1468.5,2
6175,1499982,Axiom,1468.5,2
6176,1588225,George,1468.5,2
6177,1303433,skilledroy,1468.5,2
6178,4855922,jajv0804 (jajv),1468.5,2
6179,1669615,jimbo shrimp,1468.5,2
6180,5278975,The Senate,1468.5,2
6181,5460093,charlie,1468.5,4
6182,1349077,Skilled Roy,1468.5,2
6183,1213186,Alexandeer Cole,1468.5,2
6184,1669617,biggiecheese,1468.5,2
6185,4801299,freakoid45,1468.4,6
6186,3771551,Dom | MS-09 DOM,1468.4,2
6187,3652186,Rezi,1468.4,2
6188,1349080,Dos Toro,1468.4,2
6189,943530,13605607939 | YBMalik,1468.4,2
6190,3225183,FSC | The Big | MSCard,1468.3,2
6191,2670021,ogBeanlord,1468.3,2
6192,2313751,<>< | FroggiGutts,1468.3,2
6193,1309708,HKSBC | imissu,1468.3,3
6194,407425,cookies,1468.3,2
6195,1443929,Majic,1468.3,2
6196,5487468,Exho,1468.3,2
6197,5220173,Stoven,1468.3,2
6198,4969029,Cheese,1468.3,2
6199,2693953,DizzY,1468.3,9
6200,1228069,Bizcocho,1468.3,17
6201,424415,King Lycaon,1468.3,2
6202,5065629,Manuelcoolguy,1468.3,2
6203,2415070,decodedangel,1468.3,2
6204,1451204,NOA | JayJ,1468.3,2
6205,3545813,DrummerOfMetallica,1468.2,5
6206,1312594,Gum Cuzzler,1468.2,6
6207,1163643,F-ThisGame,1468.2,2
6208,1588263,Abqed,1468.2,2
6209,4538999,BlueHanma,1468.2,2
6210,1261731,chance,1468.2,2
6211,5307014,Z | snailmail,1468.2,2
6212,1692015,Duck,1468.2,2
6213,1522692,axiom,1468.2,2
6214,5481851,Swishradder,1468.2,2
6215,3017054,Zadane Russell,1468.1,2
6216,993259,SMASHBOY / BlackMoon,1468.1,2
6217,56002,Turbo,1468.1,2
6218,1660008,Dekkoda,1468.1,6
6219,28682,Therin,1468.1,2
6220,5493077,Gah!!!!!!!,1468.1,2
6221,1060194,Lord | N0buddy,1468.1,2
6222,1047934,maegenta,1468.1,2
6223,5190791,ramen,1468.1,2
6224,1213192,Ben,1468.1,2
6225,1151281,Segue,1468.1,4
6226,1213181,Alexandra,1468.1,2
6227,5344723,MyrtleMaf | Gmail,1468.1,2
6228,1003359,MEANS | KoroSenpai,1468.1,2
6229,1178622,L3gacy,1468.1,2
6230,5509536,Tyrfing,1468.1,2
6231,551048,PBJ | zeusie,1468.1,66
6232,1102905,Mythic,1468.0,2
6233,4550192,Alek,1468.0,2
6234,1000818,EaglEye,1468.0,2
6235,1010670,Kelpos,1468.0,2
6236,3432992,earl,1468.0,2
6237,1926559,Wildfl0wer,1468.0,2
6238,1000577,Mistfern,1468.0,2
6239,1000580,Kaze Kuma,1468.0,2
6240,1005882,gerig / Lastrain,1468.0,2
6241,1005773,Arcenedon / BrandonReturns,1468.0,2
6242,1004722,Zeno / Dom,1468.0,2
6243,1000383,GoldFishGod / Toastmastr,1468.0,2
6244,995428,AK47,1468.0,2
6245,293557,sdg,1468.0,2
6246,137524,Scott,1468.0,2
6247,1636255,Janky,1468.0,2
6248,3024651,Daniel Rios,1468.0,2
6249,3017049,Jack Griffin,1468.0,2
6250,1588292,Yurt,1468.0,2
6251,3334591,Vex,1467.9,2
6252,227763,Abubu,1467.9,2
6253,1213320,TirgerWinner,1467.9,2
6254,926702,liams friend | FLuX Magnetique,1467.9,2
6255,4935920,Dragoness,1467.9,2
6256,1990254,Yoyo | SoP | benny,1467.9,77
6257,2856129,Rylon,1467.9,2
6258,5278518,Jr,1467.9,2
6259,1212991,GMX1331,1467.8,2
6260,1261559,Goblin,1467.8,2
6261,2789664,NeonPlays,1467.8,2
6262,3752,CS | FinallyRJ,1467.8,2
6263,2516452,SFL,1467.8,2
6264,4972501,Nick | ImHereSoIDontGetFined,1467.8,2
6265,5319927,CAFÉ | Quilty!,1467.8,2
6266,1421179,Frozen Angel,1467.8,2
6267,1251410,eod,1467.8,2
6268,1841371,Mustard | Cozy K.(A),1467.8,58
6269,1131059,Stevo | SLG | StarMunch,1467.7,2
6270,5492437,don swig,1467.7,2
6271,2932144,Joe,1467.7,2
6272,1623669,OUG | CATS,1467.7,2
6273,156844,Gloves,1467.7,2
6274,2875230,Unminutto,1467.6,2
6275,5471199,bawp it,1467.6,2
6276,1213331,Dr. Gaming,1467.6,2
6277,3024648,Alex Radion,1467.6,2
6278,1584903,Enrique The Pigeon,1467.6,2
6279,5532435,Halo Biltz,1467.6,2
6280,1183884,A | Darkrai,1467.6,2
6281,1054918,BeanBagz,1467.6,2
6282,4278488,GLiMiK,1467.6,2
6283,3377962,SBU | CoolBoss,1467.6,2
6284,1291413,The New York Tims,1467.5,2
6285,1599042,Judge Grant,1467.5,2
6286,1684130,Tuned Out,1467.5,2
6287,1335510,Degree,1467.5,2
6288,4762316,Silvergolden17,1467.5,2
6289,5462845,OtherPerson2348,1467.5,2
6290,4985004,CAROUSEL | splexc,1467.5,2
6291,1184411,J2G,1467.5,83
6292,1196902,Hazze16,1467.5,2
6293,2682389,tokyo,1467.4,2
6294,1047926,Kronic,1467.4,2
6295,1448938,WTX | Magic,1467.4,2
6296,256273,Brownie,1467.4,75
6297,1145390,Flop,1467.4,2
6298,3628120,:) | dizzooba,1467.4,4
6299,994408,Atomic,1467.4,2
6300,4984300,Ajuarbe,1467.4,2
6301,1047925,Rook,1467.4,2
6302,1102906,maduro,1467.3,2
6303,3052184,Team Rocket | Ross,1467.3,11
6304,353973,peco,1467.3,2
6305,1023451,Mdemz,1467.3,2
6306,487333,FROOT,1467.3,4
6307,5498355,David_Savage | dsavage49,1467.3,2
6308,1620951,Brendan,1467.3,2
6309,3605719,Cxpher,1467.3,2
6310,4943265,PK_Zyir,1467.3,2
6311,1287559,Kopa,1467.2,2
6312,1102903,Najiram,1467.2,2
6313,1476056,george,1467.2,2
6314,5061559,Kung fu witch,1467.2,35
6315,5272547,radleft,1467.2,2
6316,1391371,Mobozu,1467.1,2
6317,1476118,ayden,1467.1,2
6318,2121943,SunSamurai,1467.1,2
6319,2440000,CU | TimeoutFan69,1467.1,2
6320,1071559,Purdue,1467.1,6
6321,1163647,Lil Lando,1467.1,2
6322,3165166,Finkledork,1467.1,2
6323,342327,Heirophant,1467.1,4
6324,2733766,Deku_CN,1467.0,2
6325,3185421,Frostbite,1467.0,2
6326,1350154,DMF,1467.0,2
6327,4955127,TG,1467.0,2
6328,3733537,Magic,1467.0,2
6329,5367295,Valco,1467.0,2
6330,5492185,Woodsii(A),1467.0,2
6331,5429929,Nate,1467.0,2
6332,1511907,EMW Esports | Succulent,1467.0,4
6333,4223477,NerpNerp,1466.9,2
6334,2670019,Zorro,1466.9,2
6335,4687477,chrisdol,1466.9,2
6336,804317,Stormblessed,1466.9,8
6337,5066343,Ben,1466.9,2
6338,4767607,Theboom1,1466.8,2
6339,1312642,Tarbox,1466.8,2
6340,2374757,TheMuffinMan,1466.8,2
6341,1476122,grongnort,1466.8,2
6342,1047915,Francis,1466.8,2
6343,3019069,LoreMaster | Dusk,1466.7,2
6344,1187451,Rap / TurtlesLayEggs,1466.7,2
6345,1620759,Meliodas~Senpai,1466.7,2
6346,1091114,Mistfern,1466.7,2
6347,5417648,Mimeguy,1466.7,2
6348,5527743,DungeonMaster,1466.7,2
6349,4202047,BlazeN,1466.7,2
6350,1091104,Repto,1466.7,2
6351,2943393,Mikedude,1466.7,2
6352,5426012,Cinosix,1466.7,2
6353,5403490,quos,1466.6,2
6354,5251599,YeetGod,1466.6,2
6355,3635021,hauntedhelm,1466.6,2
6356,991742,TakeTheCan,1466.6,2
6357,4979879,607 | Sue,1466.6,55
6358,1010672,Buldging Bonis,1466.5,2
6359,5433025,ArgusDu,1466.5,2
6360,2676136,OTU | Kirx2,1466.5,2
6361,3876951,Chari,1466.5,5
6362,1059032,TheGodRA,1466.5,2
6363,5464042,ZENI,1466.5,2
6364,657266,Ithanias,1466.5,2
6365,1693752,WE OUTSIDE | Ascension,1466.5,56
6366,5527014,PAPI,1466.4,2
6367,1885868,Mauga players,1466.4,7
6368,5288202,Alex,1466.4,2
6369,1091057,spiddey,1466.3,2
6370,5195476,Impact,1466.3,2
6371,1409163,Bizcocho,1466.3,2
6372,4299016,67 | Eeffoc,1466.3,2
6373,978405,Ikana,1466.2,2
6374,2890870,Denyu,1466.2,2
6375,1370440,Toast,1466.2,2
6376,1114497,Maduro,1466.2,2
6377,185474,VoM,1466.2,2
6378,3670725,Kidneyb,1466.2,2
6379,1151280,Chevy,1466.2,2
6380,5264387,BEEF,1466.2,2
6381,1396823,Notarlgirl,1466.2,2
6382,5493196,Drifted,1466.1,2
6383,5463941,Mike,1466.1,2
6384,4985527,CAROUSEL | noro,1466.1,2
6385,1125759,Nokys,1466.1,5
6386,130449,=^_^= | SFUTH,1466.1,2
6387,1047931,Crowley,1466.1,2
6388,2392742,Venrid,1466.1,90
6389,4678691,saydot,1466.0,5
6390,900792,ENC | Salty Fun,1466.0,2
6391,4820103,murkury,1466.0,2
6392,5481915,Icarus,1466.0,2
6393,4984813,CAROUSEL | zombie,1466.0,2
6394,1010676,O-Diesel,1466.0,2
6395,2972185,Chungus,1466.0,2
6396,5384860,Osama,1465.9,2
6397,5037204,MRgolden,1465.9,2
6398,5492285,Ducky,1465.9,2
6399,1444006,Civil,1465.9,2
6400,1954010,toad (B),1465.9,323
6401,1358830,Scorpio,1465.9,2
6402,1396688,Flaring Aqua,1465.8,2
6403,57302,Jish | Jish,1465.8,6
6404,5247633,erasedcitizen,1465.8,2
6405,1242708,joeru_br,1465.7,2
6406,876109,Spike,1465.7,2
6407,4873458,UnbanSteve,1465.7,2
6408,3586903,Epic gamer,1465.7,2
6409,1086647,Ishtar,1465.7,2
6410,1631033,Hung | Mufn,1465.7,2
6411,3780343,Speedyon,1465.7,2
6412,5308104,Patrick,1465.7,2
6413,2552891,DatBoiNikku,1465.7,2
6414,1936086,CHEDDA/GG,1465.7,2
6415,5195535,phosphoDiester,1465.6,3
6416,4648743,Eboys,1465.6,2
6417,5450860,r0yalGenesis,1465.6,2
6418,5300719,ZitiTrifling,1465.6,2
6419,4516295,NP | the creature.,1465.6,2
6420,2429161,hellopio,1465.6,8
6421,1476127,ryan thomas,1465.6,2
6422,5090691,Kirby | J__DA__FOOL,1465.6,9
6423,157455,We Are | Cannagar,1465.5,2
6424,2650505,anomaly,1465.5,7
6425,1525333,SBF | antwan,1465.5,18
6426,5486255,VG93,1465.5,2
6427,3031018,Stbr,1465.5,2
6428,5013667,Rpto,1465.5,4
6429,1335513,Denz,1465.4,2
6430,3569548,ACHOO! | Fall,1465.4,4
6431,2762474,Redact,1465.4,4
6432,1513765,CLEVELANDLANTIS,1465.3,5
6433,3792824,George,1465.3,2
6434,3761490,WAWAYANDA,1465.3,2
6435,5351037,Christian,1465.3,2
6436,971433,HB | Frisbee,1465.3,2
6437,5251199,BluDiamond,1465.2,2
6438,2982182,TC | left,1465.2,5
6439,2909572,SMN/BB | samba_migo,1465.2,2
6440,5152352,NITR | JUANJO,1465.2,2
6441,1211426,Mage Ferago,1465.2,2
6442,5511839,the mole,1465.2,2
6443,2798444,Thor,1465.2,2
6444,1444012,Crazierz,1465.2,2
6445,795777,TwizzyBomb,1465.1,3
6446,3102074,Thorty,1465.1,6
6447,4519990,GSG | MOB | Reed,1465.0,2
6448,2890872,Legend of Capo,1465.0,2
6449,3021157,SpiggitySpoo,1465.0,2
6450,4994990,B-atman,1465.0,2
6451,1689835,Julionn / Big Woof,1465.0,2
6452,3332229,TIMPALA,1465.0,5
6453,5288189,skorz2,1465.0,2
6454,2387170,ggecko,1464.9,3
6455,1009877,Devilman,1464.9,3
6456,1213264,Gman50up,1464.9,2
6457,3751314,BlazeN,1464.9,2
6458,1466181,Arid Lemming,1464.9,2
6459,5308111,JohnnyBoiXD,1464.9,2
6460,5452717,Nintendo F,1464.9,2
6461,3687630,GRNT | Elam,1464.9,2
6462,66840,YE | Showkase,1464.9,27
6463,3745058,DAG,1464.9,2
6464,4966031,ACCC | Neome,1464.8,4
6465,5462553,Nas,1464.8,2
6466,221537,CHV | Procyon,1464.8,61
6467,5251284,POOP DEALA,1464.8,2
6468,1344189,FreshGags,1464.8,4
6469,1537941,spacebrojakob,1464.7,5
6470,2653486,SBU | neso,1464.7,57
6471,1181821,swatty524,1464.6,4
6472,1440849,ODSY | Tharpy,1464.6,9
6473,1092735,CHIBI / Blap,1464.6,56
6474,5417615,toga,1464.6,2
6475,2363316,Mambo,1464.6,2
6476,1047923,PANDA,1464.6,2
6477,3734488,Rageofcp,1464.6,2
6478,4002691,RIT | NotRowin,1464.5,2
6479,5528951,ig_johnnny,1464.5,2
6480,5240,bye2,1464.5,3
6481,138012,Anorey / TravMoney,1464.5,2
6482,1358859,George,1464.5,2
6483,5163580,67 | SkibidiLabubuRizzPhonk,1464.5,2
6484,5035814,vv,1464.4,2
6485,4528608,Showtime | Tev,1464.4,4
6486,3688574,Big_Tilt,1464.4,2
6487,4087304,BlazeN,1464.4,2
6488,658141,Jade / Dumbboard,1464.4,2
6489,4291633,Swiss,1464.4,2
6490,4265042,tgz | leftw1nd,1464.3,2
6491,5035653,Sam,1464.3,2
6492,4907461,Dae,1464.3,2
6493,2695746,DC | Jujulabubu,1464.3,7
6494,3616808,LOON | MaLi,1464.3,49
6495,1502369,RamRnch,1464.3,4
6496,2787718,TajMahal,1464.3,2
6497,5283173,Darimbus,1464.2,2
6498,5235509,Breadmasterio,1464.2,2
6499,2815426,Stinky PEtE,1464.2,2
6500,5141405,ByteOf87,1464.2,4
6501,5219022,Luffy7609,1464.2,2
6502,2097989,shoobopper,1464.2,3
6503,1358828,Lando,1464.2,2
6504,1396861,Hot Potato,1464.1,2
6505,5492102,GamerVeteran,1464.1,2
6506,4790589,BC Gold | SparkUnknown,1464.1,4
6507,1466254,johnnie,1464.0,2
6508,5311959,MiniMochi,1464.0,2
6509,4856387,Hxst,1464.0,2
6510,3026055,Squadala!!!,1464.0,2
6511,1370306,zimbabweman,1463.9,5
6512,1213266,Rangerfan359,1463.9,2
6513,4002671,MK ASTRO,1463.9,28
6514,4823556,Jayrosen,1463.9,2
6515,1213304,Turtlez,1463.9,2
6516,5296191,fart king,1463.9,4
6517,5035039,Choco,1463.8,2
6518,4941552,Tate10,1463.8,4
6519,902052,AGENTS!YF0X0MEGA,1463.8,5
6520,970468,Iona University,1463.8,75
6521,5339930,Inferno,1463.8,4
6522,5530980,Tea,1463.7,4
6523,3997416,KornDog | Littlejordan44,1463.7,3
6524,1224158,Joker,1463.7,21
6525,2791892,Pie | Chin341,1463.7,2
6526,4179595,BAD | Kakarot,1463.7,2
6527,5489009,Kevin E Levin,1463.7,2
6528,4314981,Littymj,1463.7,2
6529,5090756,dao,1463.7,2
6530,1210160,PalmFire,1463.6,86
6531,5476857,Amoeba,1463.6,2
6532,5417503,Cyan Prince,1463.6,2
6533,4305222,TengoCancer | TengoCancer,1463.6,3
6534,5202502,buki0300,1463.6,2
6535,5349709,Exho,1463.5,2
6536,2787789,deex3,1463.5,2
6537,404762,EEL | Emi,1463.5,2
6538,320567,Sway,1463.5,2
6539,3852017,200 000 gigglebytes,1463.5,3
6540,3334712,swag owner,1463.4,6
6541,5521254,Adrii,1463.4,2
6542,3628691,R.R.A.C.Player,1463.3,2
6543,126119,artist | NEK,1463.3,5
6544,1312613,meranda,1463.2,2
6545,5456483,Spookier518,1463.2,2
6546,4341807,Pineapple Queen,1463.1,2
6547,3846824,Zenith,1463.1,2
6548,3731012,Iron | Ironation,1463.1,2
6549,4381320,namednugget,1463.1,2
6550,5440192,Mcdot$15,1463.0,2
6551,2150042,GalenGale,1463.0,2
6552,5263983,Juanacon,1463.0,2
6553,1669551,muffin,1463.0,2
6554,5023492,Yojo,1463.0,3
6555,5004700,Exploit,1462.9,4
6556,5530865,Chenango,1462.9,2
6557,5532495,uri,1462.9,3
6558,1381029,Gotennn,1462.9,2
6559,2462478,GEORGE,1462.9,2
6560,3044499,Björken,1462.8,2
6561,3386584,QTN | Mr. President,1462.8,6
6562,1685970,Suz,1462.8,2
6563,2239818,Nyam,1462.8,7
6564,3191716,UglyBean,1462.8,7
6565,3935870,NEFN | SkyFoxBox,1462.7,2
6566,5009681,M1,1462.7,4
6567,4912,Firewater,1462.7,7
6568,1709763,MICKEY | S.A.N.D.,1462.7,2
6569,1196600,Carmello,1462.7,2
6570,2311476,Tyswan,1462.6,3
6571,2433722,GillaMon,1462.6,2
6572,5363914,NRB,1462.6,4
6573,1723601,flapjack,1462.6,2
6574,4507750,ROSE | Carmine,1462.6,2
6575,4968423,TheSoreTucker,1462.5,2
6576,1386933,hailey,1462.5,2
6577,3041666,Buke,1462.5,108
6578,1006188,GWU | PokeBlu,1462.5,12
6579,5509416,silver,1462.5,2
6580,3315641,Team red | Ajred,1462.5,75
6581,4995804,KeyBoardMelee,1462.4,2
6582,1945207,Oogily,1462.4,3
6583,5300462,SevenTure,1462.4,2
6584,2330748,Lizard,1462.3,2
6585,3131712,PeaceEIY,1462.3,2
6586,5492489,gaygranny,1462.3,2
6587,4963734,TowableLamp,1462.3,2
6588,3513022,noserock,1462.3,6
6589,4975262,Voidkarma,1462.3,4
6590,5471354,Adriana.iris,1462.2,2
6591,1046471,Usagi,1462.2,2
6592,4493365,MBS DUST | Fhantum,1462.2,2
6593,5288462,uncle1sttouch,1462.2,2
6594,1291412,mN,1462.2,5
6595,5146495,Woah?!,1462.2,6
6596,3741073,balls,1462.1,2
6597,5350783,nioskee,1462.1,5
6598,5317238,UC | Jonathan,1462.1,3
6599,1033744,NotBlAkE,1462.0,2
6600,5311896,BELLST | TheBass,1462.0,3
6601,3308397,Recount,1461.9,14
6602,5393196,sinema,1461.9,4
6603,1479384,Shugokimon,1461.9,9
6604,1497408,Amarantha / don,1461.9,3
6605,4459822,TretheYokai,1461.9,2
6606,3765781,the don,1461.8,2
6607,5522713,angel cruz,1461.8,2
6608,5092440,Devoid,1461.8,2
6609,5500442,agony,1461.7,2
6610,5134371,Ayori,1461.7,3
6611,5331849,Folk_Valley,1461.7,3
6612,1965894,godpartikle,1461.7,3
6613,2401757,CU | casa della mozzarella,1461.7,74
6614,2940248,Flex,1461.6,6
6615,1695597,Cadrega,1461.6,2
6616,5288210,yasin,1461.6,2
6617,904295,Zio,1461.6,4
6618,3493615,SRFLOWERS,1461.6,2
6619,5464038,Altru,1461.5,2
6620,1659263,MC Esports | Hammer,1461.5,2
6621,2177714,JPjumper,1461.5,3
6622,4789415,smblue,1461.5,2
6623,4018296,REV | LevelOne,1461.5,2
6624,1462092,IRON GRD | Kaido,1461.4,22
6625,4293445,dunk.d,1461.3,6
6626,5339529,LarpLLarpsahur,1461.3,2
6627,2433246,UnMinuto,1461.2,2
6628,4981531,twinbro,1461.2,2
6629,609169,Navi,1461.2,22
6630,5332676,Animage,1461.1,3
6631,4959499,Jasona5,1461.1,7
6632,3703506,OB | Slurps,1461.1,69
6633,2020997,NOwl_XX,1461.1,2
6634,3170226,GNF | ArmorUp,1461.1,2
6635,4994582,TD | shudha,1461.1,2
6636,1811106,poem.,1461.1,4
6637,5363919,Shadow,1461.0,4
6638,5532500,Kyle,1461.0,3
6639,5502700,brayden,1461.0,2
6640,2132975,Help | Boop,1461.0,2
6641,4984826,carousel | pyrojuliet,1461.0,2
6642,2933000,Fantasy,1460.9,78
6643,4460988,AHS | UpgradetheThing,1460.9,3
6644,4789276,Billy V.,1460.9,2
6645,4751166,TTD | ShotoWojo,1460.9,2
6646,959027,ZeXa,1460.9,24
6647,5151858,Jehuty,1460.9,2
6648,3917953,Asteria,1460.9,9
6649,1259341,Dorp,1460.9,27
6650,4913602,Lotuskeep,1460.9,2
6651,982874,Filthyy,1460.8,2
6652,3782904,BlazeN,1460.7,2
6653,3596144,Ike,1460.6,2
6654,3101527,CL3,1460.6,2
6655,148121,George,1460.6,9
6656,3896098,Mykarm.,1460.6,2
6657,4983880,Shadowjacob72.5,1460.6,2
6658,5006857,JE1120,1460.5,2
6659,5319284,Judhead,1460.4,2
6660,4069218,Crisiscrumble777,1460.3,2
6661,5294572,Comatoad,1460.3,2
6662,18504,janky,1460.3,2
6663,5367297,Darorei,1460.2,4
6664,4915222,az,1460.2,4
6665,747674,TG | PerfectEffectX,1460.1,8
6666,5487479,CatMarrow,1460.1,2
6667,4563999,FarmerNoodle,1460.1,3
6668,1589248,James Scott,1460.0,2
6669,5304477,Zangetsu,1459.9,3
6670,5122805,MBS DUST | Fhantum,1459.9,2
6671,1778468,M3 Chaotic,1459.9,2
6672,4799280,Baithoven,1459.9,5
6673,2283366,Mitosis Man,1459.8,2
6674,5471424,Dag,1459.8,2
6675,5521250,P Fuego,1459.8,2
6676,1058315,MMMM~,1459.8,3
6677,2943445,Aleks,1459.8,2
6678,3975151,Cheech,1459.8,5
6679,3999038,Poptart,1459.7,2
6680,5498732,Michael L.,1459.7,2
6681,5462554,sosa,1459.7,2
6682,5506502,Suavemente,1459.6,2
6683,1068887,FSC | Tal_Dave,1459.6,5
6684,5333519,Ratón,1459.6,2
6685,4441990,SuperStuyBros. | Eth123,1459.5,45
6686,5042940,sz,1459.5,3
6687,3645722,coldramen!,1459.5,3
6688,135818,YeetGod,1459.5,4
6689,5457766,Bear,1459.5,2
6690,2364643,GGCT | Robbjam,1459.5,3
6691,5255252,MikeyTime,1459.4,3
6692,4681611,Quixote,1459.4,2
6693,5474873,ChrisHD,1459.4,3
6694,2432540,TSG | Marnix4PF,1459.3,3
6695,3712680,Allusion,1459.1,2
6696,4820838,JacobEqualsGood | othawise,1459.1,2
6697,4488560,Cheech,1459.1,5
6698,5300201,TheOldMan,1459.1,2
6699,4397911,Lash,1459.1,5
6700,2604285,Niteowl11611,1459.1,2
6701,1468631,PU | AstroBoost,1459.1,3
6702,3349086,AKUMARD,1459.0,12
6703,4809006,Spaceman5,1459.0,2
6704,3127980,jA,1459.0,55
6705,1296443,sentry | stubborn,1459.0,58
6706,734978,Iron Grid | TG | Morrasod,1459.0,3
6707,5528998,law,1458.9,2
6708,5493207,FTN | Unrestrain KeyGlock,1458.9,3
6709,1358756,Marco,1458.8,4
6710,5429872,Pvphurts,1458.8,2
6711,38830,Avery!,1458.8,3
6712,4823448,789,1458.7,2
6713,272701,Premasaur,1458.7,51
6714,2271490,Shep,1458.6,6
6715,5238147,Astrolotl,1458.5,6
6716,5520306,Tewmwo,1458.5,2
6717,5461787,YOSUKE FIT,1458.4,2
6718,4603945,Luny,1458.4,3
6719,4615854,Generic,1458.4,2
6720,2373488,ThatOneHermit,1458.4,4
6721,2890480,TapH2o,1458.3,2
6722,4314058,UNCG | LuiCrack21,1458.2,5
6723,70443,TaDavidID,1458.2,2
6724,1412604,HealerJavier,1458.2,3
6725,68529,D,1458.1,2
6726,5089333,lobotomite | Hammy,1458.1,3
6727,2495516,CringeBaby,1458.1,5
6728,3680739,Lil_Shroom,1458.1,4
6729,1642464,PADB,1458.0,2
6730,4960507,ButtMonkey,1457.9,8
6731,5047371,Arecaceae,1457.9,5
6732,1451799,Footwater,1457.9,4
6733,4539102,Tonnick34,1457.9,3
6734,68211,Duke,1457.8,2
6735,4907375,Wunnada1,1457.8,6
6736,5473121,ZENI,1457.7,2
6737,2787231,MOB | Celcha,1457.7,7
6738,4148242,MOB | Bobo,1457.7,2
6739,5317242,UC | Michael,1457.6,2
6740,411580,Shoat,1457.6,5
6741,5218146,Grim,1457.6,3
6742,5505023,RADIO!,1457.5,15
6743,1316609,Parapsyche,1457.4,3
6744,2813572,ScoffingConch87,1457.4,5
6745,1159658,Toogis,1457.4,33
6746,3098383,CL3,1457.4,2
6747,4041315,RyanTFR,1457.3,5
6748,256527,Pawnchan,1457.3,9
6749,4961531,I.O.N | Kazuha Tempurha,1457.2,2
6750,5404454,IzzTheKid,1457.2,3
6751,5171452,TCG | Duck,1457.2,3
6752,3066346,Zentaiyer,1457.2,3
6753,4327832,Nasa,1457.1,3
6754,4523317,Cecelia,1457.1,5
6755,1422826,Darcy,1457.1,2
6756,2609146,THE BOIS | Imapotato,1457.1,141
6757,3756570,Mr. Torchon,1457.0,5
6758,424918,BHaus | Mirror Magic,1456.9,3
6759,3632321,Asher,1456.9,3
6760,2847784,DandyMan,1456.9,3
6761,3107231,POP Smash | Zucaritas03,1456.8,141
6762,2651805,star !,1456.8,2
6763,5228680,JPN | KurtSwitch,1456.7,2
6764,1218925,Spant,1456.7,4
6765,5504879,YBG | Snowbunny Mind Control,1456.6,2
6766,4863466,Peenar | Luimadeit,1456.6,2
6767,2676871,Fal | Eliminate,1456.6,75
6768,4289090,cartfein,1456.6,2
6769,1894408,Emzy,1456.5,6
6770,3644866,UselessName12345,1456.4,2
6771,3747783,Jams by Jyesh,1456.4,3
6772,4955088,Gipper,1456.4,3
6773,1526577,Floptimal,1456.4,2
6774,5173844,Masq Maskera,1456.3,2
6775,521473,PSG | Grixis,1456.3,5
6776,917917,1MS | Rei,1456.2,9
6777,28594,RVW,1456.2,76
6778,5206418,Bport Esports | Rockdefender,1456.2,4
6779,5241859,absol,1456.1,2
6780,1509599,Freyja,1456.0,3
6781,3194499,Kura (B),1455.9,3
6782,2095912,BCCE | DuhBeeKeeper,1455.8,16
6783,444993,C2F | Katotan,1455.8,4
6784,5383518,Kirbypuff,1455.7,4
6785,5167296,TheOctoKing,1455.7,3
6786,4443888,jellydonut,1455.6,22
6787,3982675,10gu?!,1455.6,3
6788,943527,MegaMito,1455.5,51
6789,1581939,:3 | Sigma Nine-Set,1455.5,4
6790,145433,3D | Air Gordon,1455.5,3
6791,3784978,Inky Train,1455.4,5
6792,2550511,ChromaBPD,1455.4,112
6793,2798443,Purp,1455.3,2
6794,1568546,Scourge,1455.2,5
6795,4608470,Sphinx,1455.2,55
6796,2772410,SubPar,1455.1,4
6797,4230804,Onyx,1455.0,3
6798,1485017,OneWhoRants,1455.0,3
6799,1655989,SweetMayo,1454.9,4
6800,4754790,ryyyan,1454.9,4
6801,1466183,quince,1454.9,3
6802,2979661,TingTong,1454.9,3
6803,4783213,Planman0,1454.9,5
6804,1689774,fuckboiiii,1454.8,2
6805,2427862,Nightmare,1454.8,4
6806,5281567,Inezuse,1454.8,17
6807,5244345,Dark Knight,1454.8,3
6808,3799771,Auresco,1454.8,5
6809,3803409,Cicatrix,1454.7,3
6810,2618966,MOB | Stelter,1454.7,7
6811,5335725,Lae,1454.7,2
6812,1391703,NYU | Coelocanth,1454.7,67
6813,1005803,Pado,1454.6,5
6814,3448708,Panacea,1454.6,3
6815,4216485,S.T.I.C | IBM,1454.5,4
6816,4305158,David,1454.5,7
6817,3778680,xXBIGTWEAKERXx / MasKey,1454.5,3
6818,3112289,Quetzal,1454.4,4
6819,1383873,RAMONE,1454.4,4
6820,2074159,SBU || CB | Chudliest Catch,1454.4,87
6821,1003574,Tonystarch,1454.2,5
6822,1004590,NaNdIdDy,1454.1,9
6823,5472982,Pews X,1454.1,2
6824,861063,bobandjim,1454.1,5
6825,3063803,Sunset,1454.1,4
6826,1448860,ender,1454.0,4
6827,228239,Jun,1453.9,119
6828,5025169,Gael,1453.8,2
6829,3408716,qwimm,1453.7,96
6830,4122237,mr. chef,1453.5,4
6831,5504220,big_m,1453.4,4
6832,5472764,Crzymro,1453.4,3
6833,2847959,Paws420,1453.4,3
6834,1899404,Urchent,1453.4,4
6835,1194774,Tempo,1453.4,3
6836,3392105,No tag,1453.3,5
6837,941889,Yangry,1453.3,5
6838,5083240,Titan,1453.3,8
6839,4906784,Dao,1453.2,5
6840,5432834,Pengu,1453.2,2
6841,1210502,iLuvJesus | Bulbasir,1453.2,5
6842,3388699,Javi,1453.1,5
6843,4465414,N25>.< | MikuMikuBeam>-<,1453.0,123
6844,3799128,Birch,1453.0,5
6845,3618739,oscarwildefan69,1453.0,65
6846,5469767,Yassyle,1452.9,8
6847,2162564,CreamedLad,1452.9,5
6848,5532492,BerrysNCream,1452.9,5
6849,5344953,juan,1452.8,2
6850,3378257,Birdman,1452.7,4
6851,45775,LB | Swiftly,1452.7,75
6852,71195,Gio~Setsuna,1452.7,8
6853,4963919,adam:),1452.7,4
6854,5367299,42F,1452.6,5
6855,1018822,Rockin Jr.,1452.6,76
6856,5011702,Sunspark,1452.6,3
6857,3759410,Moonbeam,1452.6,12
6858,315515,2%,1452.5,3
6859,1213302,Skilled Roy,1452.5,4
6860,5492641,Devyyn,1452.3,4
6861,5012469,C2GS | Kost Malone,1452.3,6
6862,531972,Birdswithteeth,1452.3,4
6863,5475691,Popcorn,1452.3,3
6864,5367298,Kidtwizz,1452.3,5
6865,3799103,Drilago,1452.2,5
6866,2245573,Blixen,1452.2,4
6867,2977659,QD3.14,1452.1,35
6868,3949483,ODA LVL | Blucket,1452.1,4
6869,5440373,Flimmy,1452.1,4
6870,3579712,BER,1452.1,4
6871,5145704,ASX | Anter Infinite.,1452.0,3
6872,5251285,PRXPHECY,1452.0,3
6873,1042501,bobz,1452.0,5
6874,1813348,OUG | Abruzaza,1451.9,4
6875,2997117,HPixels,1451.9,67
6876,4198888,CDROM,1451.9,3
6877,16034,Vale / NiGHTS,1451.9,6
6878,5511823,Gurple death,1451.8,3
6879,1334807,KOPA,1451.8,74
6880,1842329,CrossingxFate,1451.7,4
6881,2406828,Dengaku,1451.7,3
6882,5462570,Tracz,1451.5,4
6883,184077,UC | Mayyro,1451.5,85
6884,1211230,Pistachio,1451.5,5
6885,5310198,Maveryck,1451.4,9
6886,5038719,The Orbyssey | Orbysseus,1451.4,5
6887,4966258,TeeFree,1451.3,9
6888,5429328,Arcane,1451.0,3
6889,1348308,585Z | The Clobber,1451.0,3
6890,1588085,SuperSweet,1451.0,4
6891,1383891,Narwhal,1450.8,4
6892,5419345,Kairo,1450.8,4
6893,573466,WC gaming | | User,1450.8,532
6894,5015952,QuestTaker,1450.7,3
6895,4341096,JAVI,1450.6,6
6896,5344969,ethan,1450.6,2
6897,2174205,Iftach,1450.6,5
6898,1744011,Kaizen,1450.5,4
6899,134119,Winds,1450.5,6
6900,4202847,Goldheart,1450.5,5
6901,5529003,Exho,1450.5,3
6902,4933513,MimiX,1450.4,5
6903,144157,CGCTCP | Noose,1450.3,4
6904,5238323,Marqueef,1450.3,3
6905,426707,Thadamas,1450.3,3
6906,5507514,IRageTooMuch,1450.2,5
6907,5471323,RGS | Headphones,1450.2,7
6908,1057144,CSR | Halfcraft,1450.1,3
6909,2300160,yamsang,1450.1,7
6910,5487421,Beans82,1450.0,4
6911,4486873,memer,1449.9,4
6912,3518311,Skylar,1449.8,4
6913,5443830,GGG | Nebula,1449.8,37
6914,3633314,LazyRaptor,1449.8,3
6915,4317878,WONDER.OF.U,1449.8,3
6916,2105669,GAS LEAK | illish,1449.7,5
6917,4039599,Anonymous,1449.7,5
6918,3617047,Husky Charf,1449.7,3
6919,1006204,Lunarnaut,1449.7,3
6920,4972285,Flowerkraut,1449.6,3
6921,1587188,[REDACTED],1449.6,47
6922,3651930,mel,1449.6,3
6923,171152,ZooK,1449.6,3
6924,2981252,WHOLE MILK,1449.5,6
6925,4614255,dbfc | Red Rocket,1449.5,6
6926,3915886,iStorable,1449.5,3
6927,4136832,Laingdon | Spicy Bird,1449.4,70
6928,2465772,FlamBe,1449.4,4
6929,5462393,Headphonelll,1449.4,3
6930,990305,Samatar,1449.3,5
6931,2357096,AllState Guy,1449.3,3
6932,1177035,12g | debjo,1449.2,3
6933,5274605,Plunger,1449.1,5
6934,1513381,CH | OCULUS,1449.1,37
6935,2730951,Freaky BU Asians,1449.1,4
6936,4169800,lynxcero,1449.0,4
6937,3696138,Suslord,1448.9,30
6938,2221800,Shmoney | BGunn,1448.8,5
6939,1584904,Jimbo Shrimp,1448.8,10
6940,4552702,JACKBOYS | Picklez,1448.7,30
6941,4133862,nyan_man8,1448.7,4
6942,4980159,ryan.mohasin,1448.7,3
6943,2336197,Zoos,1448.6,64
6944,4819061,Sir chedda,1448.5,4
6945,5217783,Nova,1448.5,3
6946,1831790,SHU | Blob_Man35,1448.5,6
6947,4540948,von,1448.4,3
6948,68559,Alpha Kong,1448.2,30
6949,768377,Adrian,1448.1,49
6950,4898274,Zbey64,1448.1,7
6951,4450844,0-2 hero | therealrubyred,1448.1,3
6952,5470242,Xesobi,1448.0,6
6953,5504128,Elitrealessence,1447.9,4
6954,2150679,SAPPHYRE / gabagoolian,1447.9,3
6955,1621023,RST | Falke,1447.9,7
6956,4550587,BeetleCandy,1447.9,3
6957,2197672,STE | JODIO,1447.8,3
6958,5476858,Misty,1447.7,3
6959,3721870,O2TheScientist,1447.6,3
6960,1437275,Banana Boi,1447.5,3
6961,4071035,Varks,1447.5,5
6962,4381780,Edge,1447.4,4
6963,2941552,brow,1447.2,4
6964,127977,GOOM | Tufukins,1447.2,4
6965,5135890,ShulkStar89,1447.2,3
6966,3892509,george,1447.2,4
6967,3591799,jacob,1447.1,4
6968,1451778,Hydro,1447.0,8
6969,3122783,Deestroy,1446.9,4
6970,4637809,Sleepygary69,1446.7,7
6971,153328,K-Ham,1446.7,8
6972,4959494,Goob,1446.6,4
6973,1113264,M2 | Marqyse,1446.6,4
6974,1349104,CastleBx,1446.4,4
6975,55907,swatal,1446.3,79
6976,5160179,Coop,1446.3,3
6977,370640,Alex,1446.3,4
6978,1196586,MC,1446.2,4
6979,5471682,JimmyF,1446.2,5
6980,4681049,GutBustr,1446.1,129
6981,3790903,.wav | Jawn Cena,1446.1,174
6982,4166621,Cup,1446.0,8
6983,2993682,voorhese,1446.0,4
6984,1832945,ProNub,1445.9,3
6985,1162044,laprip,1445.9,4
6986,5487534,Joker,1445.8,4
6987,2998301,凱 | Kaai,1445.8,9
6988,181296,716 | Zambo,1445.8,5
6989,3848914,Press,1445.7,4
6990,1125757,Maegenta,1445.7,4
6991,3801803,THC | GothGamerGhost,1445.6,3
6992,1572423,JesusLovesU | Tonio,1445.6,3
6993,2473421,SwissWriter (B),1445.5,144
6994,952370,ENC | B1ggyCh33s3,1445.5,3
6995,2089299,Malyssious,1445.5,5
6996,1525195,Bloom | Seoul,1445.4,68
6997,2255773,Figh,1445.3,3
6998,4102860,Toona,1445.3,4
6999,1420773,MacSmitty,1445.2,81
7000,5507511,az,1445.2,3
7001,5003928,Kylodino,1445.1,7
7002,27043,SPT,1445.1,6
7003,5429858,The Roomba,1445.0,3
7004,27632,TSG | Wolf,1445.0,44
7005,1471662,Carmel,1444.9,6
7006,5210846,BrokenPMC,1444.8,3
7007,2336833,Hollow,1444.7,9
7008,5118424,zwch,1444.5,3
7009,3614894,Pacific | Velxify,1444.5,35
7010,4984297,Dannilzz,1444.4,3
7011,3576644,Kyle_9,1444.4,5
7012,4347550,Medium | Raw-B,1444.2,4
7013,5168345,Caleb | gamer01,1444.2,3
7014,1528394,MMG+ | Dwayne,1444.1,35
7015,1005221,Woof,1444.1,78
7016,1230827,ENC | LATORR,1444.0,7
7017,158055,TDS | Poseidon,1443.9,15
7018,5195409,GG | Penny,1443.9,3
7019,3318307,PP | Bebopbobep69,1443.9,3
7020,2997772,Kortex,1443.8,3
7021,3103316,hulk hogan,1443.8,7
7022,1005821,Sage678,1443.8,8
7023,1376695,Staples,1443.7,4
7024,4665696,blip,1443.7,3
7025,1091078,Q-Tips,1443.7,4
7026,3563797,reverse,1443.7,24
7027,1537942,spacebrogabe,1443.7,4
7028,594813,Mamox,1443.6,8
7029,5532498,Ian,1443.6,3
7030,950669,Rat Gang | LV,1443.5,4
7031,2502485,livia,1443.5,3
7032,3147429,Nand0,1443.4,5
7033,5137219,TheTrueSmug,1443.4,69
7034,1176894,Samatron,1443.4,61
7035,405448,Lucienflash,1443.3,3
7036,3863224,Kev,1443.2,4
7037,1723443,JBergs,1443.2,68
7038,5249722,HandySeal22,1443.1,4
7039,4535041,SSS | Dream Machine,1443.0,72
7040,279507,Monty,1443.0,5
7041,331723,Dadvon,1443.0,57
7042,3989839,Mr.GetOwned,1442.8,4
7043,3769247,cashew,1442.8,19
7044,999550,Tarbox,1442.8,6
7045,3458923,Worm,1442.7,5
7046,4091344,Life1 | Sunlight!,1442.7,5
7047,355046,UberCheesecake,1442.6,4
7048,5540102,lLunar,1442.5,4
7049,261474,DPD,1442.4,15
7050,21918,Ozzero,1442.4,45
7051,1514568,longshot,1442.3,3
7052,3561847,linker19,1442.3,94
7053,1193981,WFF | Minty,1442.1,102
7054,3799115,Orion,1442.1,4
7055,1579158,Gamesdean,1442.0,4
7056,4513208,Oliver,1442.0,25
7057,5206391,Ajkiller18,1442.0,5
7058,3759411,MoistMayo,1441.9,11
7059,3038753,HomeFries,1441.9,6
7060,3655214,George,1441.7,4
7061,4964740,Ban,1441.6,3
7062,4359723,Magma,1441.5,4
7063,5355768,snowgloww,1441.4,3
7064,1965923,"ethbeast / Marco,",1441.4,7
7065,3471355,ZeroNebula,1441.4,3
7066,5089716,Blalex,1441.2,5
7067,5457385,SteelPenguin947,1441.0,3
7068,3799109,Rose,1441.0,4
7069,5181029,Pepe,1441.0,18
7070,4419723,Darkwolfoz47,1440.9,31
7071,996777,Pichuvan,1440.8,11
7072,4929453,goomie,1440.8,3
7073,1262382,Bloom | Haroff,1440.6,6
7074,3630185,Pepsi Man,1440.6,5
7075,5370148,Steven,1440.6,4
7076,5512599,Diggin,1440.4,5
7077,3723364,kev,1440.3,4
7078,55304,Bigbuffalo,1440.2,39
7079,4373693,lLikeExisting,1440.2,5
7080,2446056,Orbsil | ExSpike,1440.1,8
7081,2348185,Scrimblo,1440.1,4
7082,2496977,Sampai,1439.8,87
7083,4417134,lil' ploppy,1439.8,5
7084,2343948,Budokai,1439.7,5
7085,1003237,Turbo,1439.6,4
7086,1005937,Gayok,1439.6,4
7087,3690720,Chrono,1439.6,47
7088,4329886,Inferno,1439.4,5
7089,1005485,TMA | PANDA,1439.4,8
7090,3279756,ProximaCc,1439.3,4
7091,3627592,spork (A),1439.1,5
7092,4630235,Lil Dood | Strænger,1439.1,5
7093,3683989,qwerty,1439.1,4
7094,1751957,Tendonitis,1439.0,4
7095,3799113,Infernape,1438.9,4
7096,3004712,Treble,1438.9,77
7097,3799090,SteR ThA KiiD,1438.9,4
7098,5329841,normal oreos,1438.9,4
7099,5520081,Shaw,1438.9,3
7100,5225289,Wilson,1438.8,9
7101,1755984,UN | J2b,1438.8,7
7102,5383240,hreed,1438.8,31
7103,4288896,Gglounge | Darkwolfoz47,1438.7,27
7104,1281880,Vixxterity,1438.7,8
7105,3049870,SparxTreat,1438.6,90
7106,147852,TSG | Manie,1438.6,22
7107,3474734,UC | sopps,1438.5,5
7108,1069426,loganpitt,1438.2,5
7109,1000579,Pqndaa,1438.2,4
7110,3974097,ItsyourboiSALMON!,1438.2,32
7111,1947521,DGM,1438.2,4
7112,2819242,my mom | glucose,1438.1,53
7113,4295742,meebo,1438.1,6
7114,5311702,EVL | Supergokusukuna,1438.1,5
7115,2972388,Saturn,1437.9,4
7116,1348744,Fizzy~!,1437.7,4
7117,1350750,Jah,1437.6,5
7118,3952279,WP | Zenko,1437.5,5
7119,3830758,Shockwave,1437.3,4
7120,3024420,K.O.G.,1437.3,87
7121,5140629,Yya | Skyguy123,1437.3,5
7122,4922506,joueur,1437.3,5
7123,2643907,Sirkel,1437.2,8
7124,3387641,Canonball!,1437.2,20
7125,4308213,SSRGateKeeper,1437.2,4
7126,3903444,Ayngel,1437.1,6
7127,497778,Dru,1437.1,4
7128,5066658,DRIBBZ,1437.0,29
7129,2484325,timtim,1436.8,4
7130,1466198,Clevelandlanntis / BohemianStrangler,1436.7,6
7131,920328,Cheech,1436.7,264
7132,356440,Max,1436.6,81
7133,1389904,Bandit,1436.4,7
7134,4976858,apples,1436.4,5
7135,1058827,Drake?!,1436.3,4
7136,5276462,Hotpantz,1436.3,5
7137,1891424,<>< | The Notorious D.U.Q.,1436.2,6
7138,5152390,carow,1436.1,5
7139,2639442,FairJordans,1435.9,5
7140,4990865,Jayman,1435.7,4
7141,1451810,GamingBearsss,1435.6,23
7142,4978562,BOP | Kicks,1435.6,6
7143,3436214,Gmx,1435.6,18
7144,1588019,dbfc | BART,1435.5,7
7145,3053454,TM | Bardo,1435.4,21
7146,1456448,LilBulb,1435.4,7
7147,2046992,Ben_SSB,1435.3,9
7148,3149366,Sr Chef,1435.3,7
7149,2434781,KevinJSI,1435.3,75
7150,5167084,Galaxia,1435.1,4
7151,1239987,Determined,1435.1,6
7152,980660,Huck,1434.9,41
7153,3542349,Guh? | Wingnut,1434.9,10
7154,4072459,ROSE | Medli(A),1434.8,23
7155,5487444,AlfaFang,1434.8,4
7156,1797070,fanTaSea91,1434.7,5
7157,156500,Elito,1434.6,4
7158,2396760,SBU | Demon Mode,1434.6,120
7159,4374621,Cyan,1434.5,34
7160,5016254,QO | lexispicy,1434.4,5
7161,2908736,MOB | Auresco,1434.3,22
7162,5377052,Huh? | Ranger Kenny,1434.3,6
7163,3043091,N/a | Man on Fire,1434.2,26
7164,3129265,Monocle Gentlesir,1434.1,7
7165,2725788,Cyberkevh912,1433.9,76
7166,3394455,FS | Cel,1433.7,4
7167,2466509,CV | Thale_X,1433.5,404
7168,1786810,Zander,1433.3,5
7169,4963955,edco,1433.2,8
7170,666023,WaVeYbAbY845,1433.1,4
7171,5138453,Xan,1433.0,5
7172,1240860,CG9,1433.0,5
7173,3642000,Phloppy Disk,1433.0,4
7174,1529270,Duh Ladder,1432.9,6
7175,317717,Dancer,1432.9,4
7176,3748160,IND | ISheika Zubac,1432.6,4
7177,4156469,Apricot,1432.6,65
7178,4298203,WasabiGuy,1432.6,52
7179,606057,Pescado,1432.6,5
7180,5516005,LEI10,1432.6,5
7181,4922523,Mungo,1432.3,4
7182,1604832,AFG | Xobell,1432.3,5
7183,1286732,mN,1432.1,11
7184,4380618,Aether,1432.0,4
7185,5174318,Chambaisthe1,1432.0,5
7186,1444992,GaR | BANZOOO,1431.9,71
7187,1137378,Bizcocho,1431.9,45
7188,3610176,NinjaMagic,1431.8,5
7189,5522044,Poyocat! 猫,1431.6,4
7190,3610654,Jocto,1431.6,9
7191,5401774,Matt,1431.6,4
7192,4143656,the dichotomy is crazy,1431.4,6
7193,1735665,NYU | Rex,1431.4,77
7194,5498325,omggkawaiiangel (A),1431.4,8
7195,2556906,ΘΔ | Diagnosys,1431.3,8
7196,5256161,OB | monkeyking,1431.2,9
7197,2925444,UNH | Cherrisoda,1431.0,5
7198,4549974,Mumaki78,1431.0,4
7199,2615482,APE | Lamentation,1431.0,61
7200,2653779,Fallen | Arsene05,1430.7,8
7201,1507423,DSKR|WO! | RandyMayCrazy,1430.7,76
7202,2731822,Ansd,1430.7,9
7203,1465414,Ant,1430.6,4
7204,703199,No. XIV | Molotov,1430.4,62
7205,3285615,UNH | 8 Bit Steve,1430.4,7
7206,742102,Council | viktim,1430.2,41
7207,1580796,Señor,1430.2,98
7208,2199318,fflord,1430.1,4
7209,3526689,nova99,1430.1,5
7210,5449263,Tea,1430.1,5
7211,4924179,Metabean75,1430.0,4
7212,2954589,snow krow,1429.5,9
7213,3121363,King Midas,1429.4,7
7214,2208017,Crisis87,1429.3,7
7215,1864833,Zilkon,1429.3,9
7216,1901768,GayyyBowser,1429.2,81
7217,330986,G I G A,1429.1,75
7218,2937966,Misha,1429.0,5
7219,709923,SBU | JetFire,1429.0,108
7220,1996784,Nemi,1429.0,7
7221,4968501,Rider | MAXIMUS,1428.7,41
7222,4917246,YeetGod,1428.7,4
7223,3917435,betu$,1428.7,6
7224,3992539,Arcane,1428.4,18
7225,1082864,DNY | Mr. BIG BU$INES$,1428.0,4
7226,4239228,arkham2015,1428.0,8
7227,2180262,nicc,1427.9,7
7228,1583456,Tommil,1427.7,66
7229,289985,Jack | Arcos,1427.7,58
7230,4898414,Sebby,1427.7,4
7231,5419045,Pascal,1427.5,3
7232,5341035,Slaughter,1427.5,10
7233,4907382,Topazxp,1427.4,15
7234,1598829,Akbros | akberfortnite,1427.4,6
7235,2570942,SBU | Sal,1427.4,6
7236,4542277,jsphn,1427.3,34
7237,3746597,Hunky Monkey,1427.3,5
7238,983829,Exkalibur,1427.1,57
7239,5521283,One | Carpet,1427.1,4
7240,5460061,F_nr1r,1427.0,39
7241,1093927,Notorious D.U.Q.,1427.0,7
7242,1480367,contraband,1427.0,6
7243,2273336,RSS | 17,1427.0,31
7244,1085549,Judas Jackrabbit,1426.9,143
7245,4302082,GxD | Cipher,1426.8,4
7246,4958010,SHU | Spider-Guy,1426.7,87
7247,2271553,SSS | Kona,1426.4,88
7248,4947159,Kyubi~,1426.4,55
7249,5450657,Kizokills,1426.4,6
7250,4915266,Q-Tar,1426.4,71
7251,5011824,jmadluck,1426.2,4
7252,2693674,oRion,1426.0,5
7253,1056950,Dark,1425.8,70
7254,182145,Javi,1425.8,10
7255,3003650,Zinc / CHIBI,1425.7,4
7256,1810768,SBD,1425.6,45
7257,2354083,Funky Monkey,1425.6,5
7258,3942067,SwagLakitu,1425.4,18
7259,2744568,SCB | HeroXD,1425.2,8
7260,1033756,Moofs,1425.2,5
7261,1371493,RaS | | FlaringAqua,1424.9,22
7262,4972471,Rider | brandonisabot,1424.5,68
7263,397058,COTP | Shinigami313,1424.4,35
7264,2454296,15 | MichaelNinesFan15,1424.4,6
7265,2436324,APFalcon,1424.4,6
7266,2643052,GIANT | DJnutz,1424.3,5
7267,4348066,tarrigan,1424.1,8
7268,4082525,NeoPhantazus,1424.0,39
7269,2730011,GetintheZone | Autozone,1423.8,4
7270,1807386,Master Mike,1423.8,7
7271,1518356,ΣΘΤ | #1 Twitter Shitter,1423.7,6
7272,935995,DayRa,1423.5,31
7273,5275952,Tawksic!,1423.4,6
7274,3498012,hani,1423.4,32
7275,1807885,CTR | Ingmar,1423.3,5
7276,5193324,Hyp3r,1423.0,4
7277,2738170,Mxrkykoi,1422.9,5
7278,5214699,Horseradish,1422.8,4
7279,5009731,b3nFE,1422.7,8
7280,1108477,GBurg | Slytle,1422.7,10
7281,2432455,GoldHawk,1422.7,6
7282,4990814,Reaper01,1422.4,5
7283,467958,CTG | MMG+ | Cheara,1422.4,81
7284,2664752,LucKnight,1422.4,46
7285,5452497,popcorn,1422.2,16
7286,1354381,AFAS | KangasKhanh,1422.2,8
7287,5475912,theswitchbricker,1422.0,6
7288,2399759,GanondorfPlays,1422.0,5
7289,2442392,Laingdon | Magnesium Fire,1421.8,52
7290,682118,Koolaid,1421.7,4
7291,157232,Kev,1421.7,7
7292,2958007,gratreedi,1421.6,6
7293,25813,AFAS/SMN | BboP,1421.3,9
7294,3735413,Limit edition,1421.2,5
7295,1872533,CTR/Vars Fest | WrongHouse,1421.1,7
7296,1135293,GenerationGame,1421.1,9
7297,3378385,o49,1421.1,40
7298,3544027,Dao,1421.1,4
7299,1000565,Kumakage,1421.0,39
7300,1739347,Treyko,1420.8,75
7301,1004221,WeirdGuy,1420.7,44
7302,2444715,omar,1420.5,53
7303,4659979,ScurpDurgen,1420.5,4
7304,940439,Croquetto,1420.3,8
7305,321223,Heist | Experience,1419.7,10
7306,5195480,PPP | Lavender,1419.6,26
7307,2265536,Tao,1419.6,5
7308,1026262,0-2 | Mistfern,1419.5,15
7309,2429006,littlecow,1419.4,19
7310,2052255,MetalChairEnjoyer,1419.4,14
7311,2688400,BELL ST. | Sandwich9k,1419.3,62
7312,2360981,Burrito,1419.3,5
7313,4655607,Jak2k3,1418.9,72
7314,3779572,Mii221,1418.8,7
7315,4337820,Sam G,1418.7,6
7316,2758499,TCNJ | Tempo,1418.5,57
7317,5081711,Tecray,1418.3,5
7318,1661681,Side B | RyBoy,1418.2,6
7319,1093655,CDuce,1418.1,67
7320,2810972,SBU | hibanaii,1417.9,9
7321,5212177,Copito,1417.5,8
7322,2009058,131 | organic,1417.5,86
7323,4149565,SeaneBuns,1417.4,6
7324,4317682,Jeremy,1417.4,9
7325,3450065,Wannabe Squid,1417.0,9
7326,358960,USAE | inf.escape,1416.7,92
7327,1444855,RaidShdwLegnds | Phoenix,1416.2,80
7328,5213449,sleepytoast,1416.1,22
7329,213284,Money loser | Suss,1415.9,8
7330,4993771,Thug | DaBronxBully,1415.9,4
7331,1114214,PANDA,1415.9,6
7332,4946924,Pekka Gamer,1415.6,59
7333,129976,C2F | Tarzan,1415.6,102
7334,3653871,TUNAAKECHI,1415.5,6
7335,5222392,Shaun | Blu,1415.5,6
7336,148066,SHIN DILLON,1415.3,8
7337,3101298,NP | jaymo,1415.2,202
7338,1595369,ShockDunes,1415.1,67
7339,5191787,Hazz | TTVHazzan_faour,1415.0,6
7340,5140276,:3 | Aether,1414.9,5
7341,5247,FFL | Soma,1414.8,43
7342,5393197,a qt pi,1414.6,5
7343,5399848,Darkdash,1414.6,6
7344,968495,Volcanic Rave,1414.5,71
7345,5194596,joob,1414.1,8
7346,3932471,cl3,1413.7,6
7347,3672295,GRIFFS | THEKILL812,1413.7,5
7348,5471435,ColaBriss,1413.3,8
7349,4907378,COLTJ,1413.0,8
7350,952373,ENC | Soto,1412.8,67
7351,2083546,Awesometems,1412.7,8
7352,4375099,[EF] | 62t62t62t,1412.7,5
7353,4788041,br1ght(A),1412.4,31
7354,1459868,Re: VexZan,1412.3,184
7355,1151305,JSun,1412.1,66
7356,1005770,Spooncan,1412.1,9
7357,2750451,FSC | 1965 Ford Transit,1412.1,71
7358,3980981,Dinoboy,1412.0,6
7359,1207937,CAFÉ | Snivy,1411.7,9
7360,1862599,TDuke,1411.6,14
7361,4022843,MHV | Mxtz,1411.4,7
7362,1669700,Goldsmith,1411.1,148
7363,2093234,poo | Doi,1411.0,71
7364,4264319,JackalopeKing,1410.8,39
7365,1466203,Imanjoneser,1410.8,33
7366,5393228,evan,1410.6,5
7367,1150491,Redthunder,1410.6,16
7368,22867,EON | ClueLess,1410.4,32
7369,3630138,PROWLER,1409.9,17
7370,2976239,Stanster1247,1409.8,31
7371,2463396,ZAP,1409.6,10
7372,1437075,Phoenix / B,1409.6,47
7373,3377531,John D. | Rockefeller,1409.5,140
7374,245235,sabotage,1409.5,7
7375,5319805,Geode,1409.3,5
7376,5481762,LimaG,1409.2,6
7377,1036122,KDE | The Ghanaian Prince,1408.6,52
7378,5469785,Fat & $wag,1408.2,8
7379,3125267,ZASE | DDDeez,1407.9,100
7380,3028947,Italian_Luigi,1407.8,57
7381,2308594,716 | Plum,1407.5,5
7382,3804746,YoshiAwesum,1407.4,92
7383,3049162,AWater22,1407.1,28
7384,1130582,Sebbyyy,1406.9,19
7385,4983676,AnyRandomPerson,1406.2,61
7386,3289506,Bigbreadz,1406.2,6
7387,2890513,Blair,1406.1,103
7388,3199990,Uzf321,1405.8,67
7389,3747330,Rdup222,1405.7,5
7390,1588491,sap.,1405.7,71
7391,1886939,Vorhees,1405.6,9
7392,3220598,Mad | Hatterchini,1405.6,6
7393,3531989,ShineG4GWoke2 | xltl,1405.3,14
7394,2331658,SBU | Hurricane_Slash,1405.3,41
7395,1554298,Fish Tacos,1405.2,75
7396,2649169,C,1405.1,74
7397,5044435,ww | wushi,1404.8,45
7398,4363416,big joe09 fan | MrNubslair,1404.8,28
7399,4049237,JayNY,1404.5,7
7400,3639005,<3 | lumenstorm.,1404.3,7
7401,5249345,SphealingIt22,1403.6,15
7402,1582117,CU | GP | LOTG,1403.5,18
7403,5393329,ApsidalCandle,1403.4,6
7404,1754875,FSC | Lavolon,1403.3,8
7405,2583870,JustDru,1403.3,7
7406,3307725,Stanklove,1402.8,85
7407,64672,607 | Birdie,1402.8,9
7408,2932518,Ash,1402.5,5
7409,5500207,Mars,1402.5,7
7410,1464882,Metal,1402.2,26
7411,1444457,GL | Karnage,1402.1,41
7412,4959511,DICE | Diceolotl,1401.5,8
7413,1438075,Majic,1401.5,6
7414,2925460,Wiimote,1401.1,23
7415,711721,Dreagune,1400.9,501
7416,1702281,Bell Gargoyle | abqed,1400.9,6
7417,1782790,agony,1400.7,26
7418,3178398,BTBest | Crisis,1400.6,23
7419,4112326,eclipse,1400.6,59
7420,2997758,MeNsCh,1400.2,49
7421,3216222,FOURTRESS | Fourbular,1400.0,37
7422,3480773,disfigured | vital,1399.8,8
7423,4409513,LogDropper9,1399.7,6
7424,2283224,SCCS | Liam1283,1398.9,97
7425,5518866,ZASE | ZBosGaming,1398.9,5
7426,4424285,PG | shindig,1398.8,78
7427,2371795,DZN | Sussy Imposter Pants,1398.5,8
7428,2454608,Cj1150,1398.3,67
7429,4317739,AM,1397.9,6
7430,1008360,Awesome | Brjorn,1397.9,7
7431,1099464,Bomb Squad NYC | Akihisa Sendo,1397.4,27
7432,638920,Ki,1396.8,72
7433,4088120,BeanieBoba,1396.8,8
7434,4608792,L3th4L,1396.2,8
7435,1742591,Toni Flamboni,1395.7,60
7436,2976929,TTD | WoJo,1395.5,9
7437,314123,Mayor Marc,1395.3,20
7438,1090914,GARZON,1395.3,16
7439,2057246,VC | Nizmo,1394.8,8
7440,2075292,TCS | Hijanks,1394.7,9
7441,1640882,Rinn,1394.2,89
7442,5115683,Jhaos,1394.2,8
7443,4874319,wiiki,1394.1,29
7444,2142882,Iona | FibX,1393.7,51
7445,1477968,CiG | Tyranno,1393.5,9
7446,1885345,Jammer,1392.5,90
7447,3121816,redSshake,1392.4,7
7448,812513,SBU | Luckky,1392.0,87
7449,4943932,CravePizza,1391.8,49
7450,5481770,Nibbs,1391.5,17
7451,5125510,GWU | flycatcher,1391.4,11
7452,5246632,Mezcal,1391.3,11
7453,1063778,sky,1391.2,25
7454,173609,MHM | Cyro X,1391.1,50
7455,2821983,StingRey1,1391.0,7
7456,691323,MMG+ | PACKNETO,1390.6,78
7457,5461494,Preparation H,1390.6,8
7458,2414864,TekkNick,1390.5,27
7459,3005704,YT | Fatamus Ballamus,1389.9,71
7460,1257079,天 | Pryce,1389.8,263
7461,3019673,Trans Rights | Vaguely Vulture,1389.5,63
7462,2735072,131 | Taman,1389.0,78
7463,4313095,Bell | The Reverend,1388.9,11
7464,4614432,haste,1388.7,24
7465,944712,G-Force,1388.6,40
7466,3738477,Carbonated_soup!!!,1388.6,40
7467,5325982,ArcAPK,1388.2,9
7468,4328481,Rider | UserisLogan,1388.1,92
7469,3226555,ODA LVL | Systembrace,1387.6,8
7470,1633577,Matt Da Cheetos,1387.4,6
7471,2305170,Zaxis,1387.3,67
7472,4907376,IVanic,1387.0,19
7473,1255588,Tyland,1386.8,13
7474,5469794,Impaler_the_Vlad,1386.7,18
7475,5481304,Ducky,1386.6,9
7476,3987288,Shell2005,1386.4,44
7477,2978862,EMW Esports 4 | Integral,1386.0,72
7478,5060955,Foofey,1385.9,6
7479,2634157,POP | SparkSkill,1385.8,122
7480,4507942,666 | JackAttack,1385.8,9
7481,3500237,Gmx,1385.0,87
7482,191466,PBJ|ZASE|2B | kino.,1384.8,73
7483,213567,Asher,1384.6,314
7484,4239069,TXC | Seek,1384.5,62
7485,2157002,Multi,1384.1,35
7486,3381604,No T.,1383.6,102
7487,2423405,ICy,1383.0,20
7488,260658,Denik,1382.9,121
7489,4408383,Aide,1382.5,9
7490,3864386,MKUltra Instinct,1382.4,9
7491,3991626,Aurafistkaz,1381.9,29
7492,4778423,SLU | Luca,1381.8,38
7493,3111902,CobbleStoneGenerator3000,1381.8,16
7494,1158116,AfroNinja,1381.7,71
7495,1659305,MC | Ryzoluca,1381.5,57
7496,1075630,King David,1381.3,77
7497,655576,Claw,1380.9,51
7498,323850,Lare-Bear,1380.9,61
7499,2705447,MOB | swiftniko,1380.4,451
7500,3614853,REV | Lightning,1380.3,26
7501,2124806,Punkid667,1380.2,33
7502,2693691,MC | Creative,1380.2,8
7503,5320735,yurigod,1379.4,18
7504,4558402,Mr. Monkey,1378.6,6
7505,1153961,TTV | DanTheEnigma,1378.6,66
7506,4983089,king koopr,1378.2,11
7507,5429619,Nintunde,1378.2,21
7508,3899270,Solar4Eva,1378.1,53
7509,741492,HBP | Jay,1378.1,48
7510,3016330,yoshi0luigi,1378.0,76
7511,2705483,ChickenDog,1377.1,9
7512,3825693,RedKetchup,1377.1,46
7513,2947878,Celluba,1376.2,8
7514,129886,MiST | Kayuga,1375.7,8
7515,1041019,HC | Esmyr,1375.3,56
7516,1833944,DD | Pawnchan,1374.1,10
7517,428414,XIII | JKnight,1373.7,111
7518,3015954,fourducks,1373.0,45
7519,1883543,The retired | Spurple IV,1372.9,68
7520,4691454,DIDIPP | ali,1372.4,9
7521,987077,Chopland Sedans,1372.2,79
7522,4345812,cstew,1371.8,34
7523,1046645,kPham [A],1371.0,63
7524,3798818,Flo,1369.0,140
7525,3967139,FearMonger,1368.4,76
7526,2162290,MG1,1368.3,75
7527,4513124,Oblivion,1368.0,53
7528,5498281,ZASE | Dr.GitGud,1367.8,14
7529,3045609,Riles,1367.6,13
7530,4618155,FrogyChair,1367.4,8
7531,4402011,SUBTO | Mario_LC,1367.0,71
7532,2695078,The Lash,1366.5,85
7533,1005484,SHU | domicron_,1366.5,18
7534,4972093,LoudThunder34,1366.3,27
7535,1791615,B Team | Sir sKorZington,1365.4,132
7536,2214582,Nyo,1365.3,75
7537,2168567,GCG | DeezHands,1364.7,77
7538,3133939,Inescapable,1364.6,11
7539,971156,Unsponsored | ChefRoyardee,1364.6,63
7540,3377495,SHU | Dylaxian,1364.5,68
7541,3178531,Cosmic,1364.2,82
7542,4329794,KyRo,1364.0,34
7543,4971647,Williamm201,1363.9,62
7544,2733884,TS4,1363.5,20
7545,4514351,TrueKanta,1363.4,72
7546,2163728,narramoment,1362.7,27
7547,3268492,Numboss,1362.7,46
7548,4958117,lol | TheKidChango,1362.2,43
7549,5456918,RickTheDoorTechnician,1361.6,12
7550,5310632,AT | AbyssalThunder,1361.5,7
7551,541675,silly | Togie,1360.9,77
7552,3029685,LilSushiVert,1360.3,36
7553,171700,Dr. Bondie (B),1360.3,94
7554,1025526,DED | mdemz,1359.6,146
7555,3127478,GradientAscent,1359.2,65
7556,2388354,AlexD,1359.0,44
7557,5071093,Future's Coach | riftyp,1358.9,9
7558,5468953,Bok Choy,1358.5,16
7559,1004616,el tumi,1358.1,94
7560,1618520,fluff,1356.9,73
7561,1500251,CC | Bizcocho,1356.8,95
7562,1677180,Se,1356.7,56
7563,2689576,Broshi,1356.2,33
7564,1224282,Daddy,1354.6,31
7565,2733894,rip_my_hopes,1354.0,35
7566,3679006,PS | DED | Elite_DRIFT,1353.5,18
7567,5406035,MAC-PAN,1353.3,8
7568,4523561,Octobro_,1353.0,54
7569,5257404,Razure,1352.8,30
7570,3628126,Økami,1352.5,101
7571,3118355,CheeZYBrED,1352.3,22
7572,1369753,SGTpepperLHB,1352.1,28
7573,3026182,Fish Noises | Polar Bear,1351.9,14
7574,2910757,Zach,1351.4,110
7575,5247042,savasaps2004,1350.6,9
7576,4949479,BigRumbus,1350.5,30
7577,1135768,SHU | TREY,1350.2,47
7578,3996996,AWOKEN. | Quilt,1349.8,25
7579,5336297,ArcEdge,1349.7,22
7580,1020415,Jake the Snake,1349.4,72
7581,144195,mTx | MOB | SteR ThA KiiD,1348.0,1120
7582,4157833,Deific,1347.9,75
7583,5151851,ChopdnUnc [B],1347.2,35
7584,2899697,SELLOUT | QBrawl,1347.0,73
7585,146240,My Wallet | Supah,1345.9,73
7586,1335670,ThePsychicBoy,1345.9,84
7587,5126587,Cherry,1345.4,60
7588,18685,JLo,1345.3,57
7589,2245731,Vorhees,1345.0,44
7590,1154098,LOA5000,1344.9,76
7591,689781,FzP | Molto,1344.1,29
7592,1431747,JWW,1343.1,16
7593,1520007,Bahoochie,1342.5,50
7594,2919051,PES,1341.7,29
7595,4953141,Corvus,1341.4,86
7596,3876976,BigRumbus / Kampei,1341.3,55
7597,2541189,Princrim,1340.7,51
7598,46551,MOB | Relic Song,1340.5,385
7599,2326839,Jackbozz,1340.3,71
7600,992868,SkilledRoy,1340.2,91
7601,1756408,PB | Yhamer34,1339.9,31
7602,2896387,dbfc | gObe,1339.8,92
7603,4983891,itsyaboi258,1339.7,33
7604,2463667,MysticArts,1338.6,76
7605,4117559,robo (B),1338.4,40
7606,5183943,C2GS | Alex,1338.2,24
7607,4230799,woofie,1336.6,54
7608,5260467,KONICHIWA VB3 | Riblet,1336.0,17
7609,5123555,Skillet,1332.8,36
7610,4584109,Robx,1331.1,26
7611,4261774,Dome,1331.0,18
7612,2391441,SBU | Vanilla,1330.4,70
7613,2213920,Aura Ora!,1329.0,106
7614,1805922,Southern,1328.9,18
7615,1871594,MBS | Venera,1327.4,66
7616,2090717,John Fortnite,1327.3,42
7617,3233229,Argonop,1326.2,20
7618,701630,MOB | P.I.E.R.C.E,1325.4,370
7619,345133,LGBT | Zhalos,1324.7,23
7620,3394106,Poolin,1324.5,50
7621,5092856,THE POOL,1324.3,57
7622,822534,CC | Vetta,1323.6,181
7623,4177848,DC3 | 10マイル,1323.1,64
7624,3636465,NP | BlueCorp,1323.1,63
7625,171958,VoltFlair,1322.8,32
7626,5353172,OA_osama13,1322.5,27
7627,1957463,Soup,1321.9,76
7628,3686579,Antslayer01,1321.8,88
7629,4970864,Greenguy22,1321.1,23
7630,1187453,MOB | Rap,1321.1,44
7631,1995168,Mussy!,1321.0,18
7632,3534025,OTE | Dagi~(B),1320.8,44
7633,3841519,Hat | Hatterchini,1320.8,34
7634,4930421,TOKNR,1320.0,17
7635,2451243,Blacthulhu,1320.0,90
7636,1074241,DE | Pop,1317.0,102
7637,1582252,ImYeah (A),1315.5,76
7638,5011301,SBU | Doofus,1315.5,22
7639,3720538,_Rift_,1315.2,66
7640,4114317,Grilled Cheese,1314.6,79
7641,2670551,SHU | Arc,1314.4,145
7642,2503807,Iona | Brick Eyes,1314.1,76
7643,3014877,SFS|JVFIVE | SAPPHYRE,1313.7,181
7644,4983090,Username,1311.0,33
7645,3210488,GTN | Smokingaces,1310.2,69
7646,2218224,Swagger no Swagging,1309.3,31
7647,3645517,Riles,1309.2,86
7648,3988343,Cove | B Dawgg,1308.6,66
7649,147845,TSG | M.Dre,1308.5,292
7650,3127896,Beempa Clan | Nick,1308.2,38
7651,4282118,MsMoon,1307.9,24
7652,1913227,Nindo,1306.9,52
7653,5121784,Lyca,1306.5,47
7654,361018,DankStep,1306.0,85
7655,4561357,NumbSkullz,1305.6,50
7656,1437134,Solfege,1304.8,113
7657,1363238,ch8ckey,1303.7,68
7658,2965327,B Team | Silly | Kira,1303.3,117
7659,1884925,RTW | QUORTH,1302.9,87
7660,1088407,Izuoh,1302.0,34
7661,2963691,Ace_of_Julian,1302.0,74
7662,1731362,AWG | Hybridomega,1299.0,74
7663,3057279,tripp,1297.4,107
7664,3863646,Holy child: | Womp_Womp,1295.8,51
7665,2047806,ZASE | kenzi,1293.9,124
7666,4340471,Erronn | softyy,1292.2,41
7667,4997594,Furret S,1292.1,47
7668,2160906,ECN,1291.3,84
7669,542042,CU | Blott,1291.0,105
7670,3696266,RiverMage,1290.6,55
7671,1314991,Cookies,1290.0,45
7672,4569398,Komajiro,1287.6,29
7673,3759548,FREE AGENT | Onyx!~,1287.0,55
7674,4755317,blue_album,1286.5,32
7675,1883748,Hanler30,1286.1,75
7676,4271847,AUD | Nebula,1284.8,78
7677,48735,FzP | JTPROG,1284.4,49
7678,1544557,RW | | MSS,1284.3,46
7679,3631010,Izunia,1283.7,47
7680,2528169,Kisukoa,1282.6,46
7681,152312,HexagonBear,1282.4,35
7682,1731573,Kirbishii,1281.2,62
7683,3613127,Kaiju24,1278.0,24
7684,2819271,hew,1278.0,77
7685,2345159,MOB | JUBBAJUBBA,1277.8,35
7686,2553675,Rider | poncho,1277.5,68
7687,2646283,Severance,1274.9,53
7688,1465623,MANONDORF,1273.8,48
7689,1464461,Julionn,1272.7,62
7690,1477426,SkilledRoy,1272.0,163
7691,328872,3.0,1271.2,75
7692,250041,GODFiDENT / AscendX,1270.4,70
7693,4423766,Nasa,1270.1,26
7694,3999655,esp1,1269.6,47
7695,4531433,Edgyninja,1268.2,37
7696,869778,GexTechs,1266.8,37
7697,3419888,Queenie,1265.8,108
7698,4775762,BeanSGreens4,1263.3,28
7699,4724812,NENO | ExVee,1262.9,73
7700,3628174,2Hand Sosa,1262.7,50
7701,416640,Gawmer,1261.9,44
7702,5087825,Rob,1260.5,75
7703,2462311,UG | Uchiegoochie,1260.2,77
7704,5372247,Mcdot15$,1260.1,27
7705,3623611,Stix Shakur,1259.6,70
7706,2423882,NAZ | RedPhantom,1258.5,90
7707,172699,JamesB,1258.4,66
7708,4995120,Skwanner,1258.1,60
7709,4955680,Neptun3,1257.1,64
7710,5035323,DonDraperwhat07,1255.7,30
7711,965274,NYStateAlchemist,1255.3,76
7712,3699680,JUICY23,1254.4,74
7713,1320481,The Wicked Weiner,1253.8,57
7714,5028950,GODENMON,1251.7,69
7715,5013844,Roric ツ,1251.3,37
7716,1810177,HU | AquaSerenity,1251.3,95
7717,4436723,Mash,1249.2,59
7718,5158539,Byteof87,1248.4,76
7719,3238423,m?n | PHG/SJI | mom?gaming,1247.6,124
7720,1814363,Vibe_Killer | Metalek,1247.2,59
7721,4910697,Akbros | A-Crack,1246.6,101
7722,3984994,CHIBI,1245.4,77
7723,4566783,Altar,1245.0,47
7724,1419655,aroo,1244.9,68
7725,4805782,HenryWeekends,1240.5,82
7726,4352725,Robwaah007,1239.5,48
7727,3134324,Dilon,1238.1,87
7728,5256337,Mr. Turtle,1237.5,30
7729,1948313,NP | woosy,1234.5,53
7730,4190699,smallblock,1230.3,76
7731,2360357,NP|100Sneeds | Mr.Whale,1227.3,66
7732,5185569,OIKDrx,1226.9,43
7733,5225722,UG Eli,1225.7,38
7734,5083318,Maximus Ridonculus,1225.6,25
7735,2503726,VGLounge | SeniorMints,1224.5,73
7736,4937742,ChcknSoup,1223.3,26
7737,1704407,Farley,1221.2,85
7738,4967835,Savage A.,1220.9,73
7739,3040400,POG | HATTERCHINI1,1219.7,80
7740,279753,MOB | crimson,1217.7,441
7741,5237678,vinny6,1217.6,23
7742,5129657,swaglucy,1215.8,66
7743,580964,CocoMangoCherry,1214.1,52
7744,3471609,WOKE 2 | justrailly,1213.9,78
7745,1151820,Anoobis,1213.4,57
7746,3625760,MellowTreat,1211.8,83
7747,156936,ENC | Barry,1211.0,68
7748,2583406,UMSV | SEN | Frozen,1209.8,38
7749,4641243,Hatethisgame: | Mr.Bobert,1206.3,78
7750,243245,Curen,1203.6,76
7751,4288864,No Jump | Pepsi,1200.3,85
7752,2694799,Don Melon,1197.1,116
7753,4951039,OddBall,1195.3,38
7754,3015722,KamenHero551,1194.2,48
7755,2015272,FORTUNES DEAD | SJ #1 car crash survivor,1194.1,158
7756,3731849,gabendorf,1192.0,59
7757,1810605,Mr.Cow,1191.6,61
7758,3071050,Bloom | tabby :3,1187.9,46
7759,1362866,Jort Pervis,1187.1,68
7760,4034196,Doctor Izunia,1183.8,82
7761,982139,LuuvMiki,1183.3,88
7762,41440,Master J.J.,1181.1,87
7763,260300,MOB | cba,1178.6,414
7764,1254941,<>< | FishyBusines,1171.3,63
7765,2245356,crabmaster53,1167.7,42
7766,4554012,No Jump Sean,1151.9,74
7767,5326171,ballah,1147.6,51
7768,1805042,Stromboli,1132.4,165
7769,558281,Bocaj,1125.5,55
7770,56461,HDR | Arique,1122.7,70
7771,232461,JonahZgo,1122.0,75
7772,3378295,Aries,1090.1,88
7773,4359792,Jacy,1087.6,76
7774,2641542,Dancer,1084.3,106
7775,4612789,No-Jump-Boswer | No-Jump-Kyle,1084.0,80
7776,255443,KenkakuSam,1070.1,165
