rank,player_id,name,conservative_rating,rating,rd,sets_played
1,3650755,Myth,3214.7,3700.1,242.7,9
2,1216463,LRA | Syrup,2316.7,2453.1,68.2,179
3,15768,TSM | Tweek,2221.0,2368.5,73.7,84
4,370802,CTG | Zomba (B),2218.2,2346.3,64.0,238
5,1888506,Bruho,2177.7,2319.2,70.8,51
6,2201580,TDC SJSU | Lammers44,2169.8,2604.5,217.4,7
7,3662307,Moist | Light,2152.2,2395.3,121.6,34
8,231113,Jakal,2148.7,2260.5,55.9,125
9,58121,Ling,2142.7,2273.8,65.5,267
10,2053872,Just Blue,2133.3,2279.3,73.0,51
11,1005189,SBU | Quidd,2120.1,2243.7,61.8,266
12,2831089,Bubbs,2107.0,2214.6,53.8,985
13,523826,HONOR | Yourbro,2101.0,2502.8,200.9,7
14,251734,GAMEING INC. | THE SCHMIXTAPE,2067.6,2462.3,197.4,7
15,1972274,Raccoon | Cody,2053.1,2165.6,56.3,410
16,158871,ShopifyRebels | Light,2043.7,2264.1,110.2,67
17,4689970,Free KayFlock,2036.3,2421.7,192.7,8
18,171589,Akbros | SassyFlygon,2033.0,2136.1,51.5,137
19,147246,LeoN,2030.4,2180.2,74.9,50
20,215623,BERG | Tarik,2020.9,2686.2,332.6,2
21,2220603,FORTUNE | DWTW | Fhantum,2019.2,2120.2,50.5,211
22,1760115,RW | Synnister,2010.8,2113.3,51.3,125
23,46517,Tony Pajamas,2004.7,2174.4,84.8,158
24,1769202,VL | Aquaze,2004.2,2117.0,56.4,153
25,2519248,Team Vars | Free KayFlock,1997.7,2079.1,40.7,1594
26,2309083,WSU | PoppinXL,1992.9,2163.2,85.2,31
27,414731,EMPIRE | PkChris,1991.6,2103.6,56.0,305
28,1243241,NS | Amai7,1983.3,2164.1,90.4,28
29,2010954,Char,1977.9,2157.3,89.7,42
30,3907470,Next | 716 | | CoreyIsHot,1975.0,2315.4,170.2,8
31,1071129,Pharaoh,1973.0,2108.8,67.9,89
32,1247262,ƒяєє αgєηт | TM7_ZAP,1970.4,2400.1,214.8,6
33,1557444,Na | snogi,1967.5,2114.2,73.4,52
34,2186935,Wrap!,1957.7,2454.1,248.2,6
35,464995,Bandon / Elam,1953.5,2123.6,85.0,66
36,136534,NPT BBM | Beast,1953.3,2086.6,66.7,77
37,233318,PAG AoC | Gaius,1949.8,2061.5,55.8,136
38,2996581,PUP | Myles,1947.1,2445.5,249.2,6
39,1064188,Yeast,1946.4,2049.2,51.4,277
40,942751,Antimony Fan | Grape Investor,1944.1,2060.4,58.1,81
41,737909,FrBz | StarZ,1943.0,2147.5,102.2,25
42,1412639,Fortune | xavier,1941.4,2059.6,59.1,94
43,181830,WPC | Vivi,1940.9,2048.7,53.9,143
44,1423851,Balls | CAT,1940.3,2077.8,68.8,94
45,18802,SR | Kola,1939.3,2204.5,132.6,14
46,1189720,TR | MBeniS | Marvale,1939.1,2065.7,63.3,133
47,662541,Deltaforce,1937.7,2055.5,58.9,112
48,156255,Phantom,1935.9,2356.5,210.3,54
49,1774523,NEPA / VLNY | lastMinute,1935.0,2097.2,81.1,69
50,404287,NS | Bloom | Phaethon,1932.0,2076.5,72.3,57
51,1290320,7DaysFREE | AmericanWeeaboo,1930.2,2030.1,49.9,158
52,2419314,Aries,1925.7,2022.3,48.3,164
53,605965,Tony Pajamas,1924.5,2430.6,253.1,6
54,1154793,DGS | spickles,1924.2,2319.1,197.4,10
55,680006,FC | Wheezer,1923.4,2016.4,46.5,595
56,1797847,LRA | Mr_Thugz,1922.8,2028.1,52.7,142
57,271875,716 | mfy.gg | Fresh,1915.4,2023.7,54.1,104
58,241491,MOB | Myles,1915.3,1999.6,42.1,1045
59,1212255,Interrobang,1914.9,2018.4,51.7,139
60,1931564,RW | MBS | Petayaa,1914.6,2031.4,58.4,91
61,1256099,716 | Kabayeezy,1914.4,2036.9,61.3,73
62,15889,FC | Mr. E,1912.2,2074.1,81.0,359
63,1276193,A9,1908.7,2033.9,62.6,84
64,2058734,LCU | TW | Kay Yun,1908.6,2021.6,56.5,79
65,160103,Gen,1903.5,2016.2,56.4,412
66,415862,ENC | MOB | reed,1900.7,1980.1,39.7,1358
67,1784114,SOUP-E | GRIT,1899.3,1996.8,48.7,316
68,132408,BLZE | 6:00am,1899.2,2003.2,52.0,108
69,182912,Steelix,1898.3,2024.7,63.2,149
70,540839,MBS | Justinbyleth,1897.7,1997.3,49.8,134
71,1569435,SZ | Asimo,1896.5,2423.7,263.6,4
72,4650650,Meeprage,1896.4,2012.8,58.2,133
73,2520770,CHP | Smurfposter,1893.4,2088.8,97.7,150
74,61591,DA EMP | Sinji,1892.7,2056.5,81.9,104
75,220089,BlitzLuigy,1892.3,2009.1,58.4,96
76,358391,Na | Vince,1892.2,1998.9,53.3,100
77,29992,Sho,1891.8,2025.2,66.7,61
78,1050386,ENC | Cee,1887.9,2072.5,92.3,296
79,1063610,Onin,1886.8,2273.4,193.3,6
80,1463554,FzP | TW | MBS | SmashBros!,1880.9,1980.2,49.7,238
81,3097780,Loq | Seel,1879.6,1987.7,54.1,263
82,71079,HyperKirby,1878.0,2049.1,85.6,43
83,568434,Sobriquet Sola,1874.0,1999.2,62.6,92
84,616232,FzP | BeatyBean,1873.6,1970.1,48.3,620
85,1541928,TFCR | Parkinja,1873.2,2051.8,89.3,31
86,70538,ABT3 | Wrath,1872.3,2281.0,204.3,22
87,606386,CJFrozen / Dany,1872.1,2133.8,130.9,19
88,467656,WPC | 幼鹿 (fawn),1871.6,1976.1,52.2,149
89,436376,Epic_Gabriel,1870.8,2215.8,172.5,15
90,1852344,LRA | Karflo,1870.6,1990.9,60.1,139
91,1744009,EMW Esports 2 | Saiyan,1863.8,1965.0,50.6,117
92,583155,MOB | Bobo,1863.7,1973.3,54.8,1277
93,1738277,SirDunk,1862.0,2027.4,82.7,56
94,2381488,Obey Your Master,1861.0,2035.3,87.2,79
95,2087765,WU/MTLC/ML | TWITCHY!,1861.0,2229.2,184.1,8
96,261992,Amaryllis,1860.4,1983.3,61.4,208
97,1331707,layla,1859.8,2004.8,72.5,80
98,2324329,GRNT | Virgo,1859.3,1985.8,63.2,77
99,6301,Team Vars | Rivers,1856.8,2027.4,85.3,29
100,4169797,lilpeep,1854.2,2206.3,176.0,10
101,1714016,swag ! 8 | Christian,1852.1,1993.9,70.9,55
102,1467525,FREE AGENT | ZiggySmols,1851.7,1941.3,44.8,312
103,228477,LRA_START,1851.7,1948.3,48.3,210
104,53621,Ho3K | John Numbers,1850.2,2037.0,93.4,131
105,1641578,GRNT | Skew,1849.5,1970.7,60.6,96
106,2867178,Akbros | Bing Bong,1849.4,1946.5,48.5,129
107,1608902,MikemasterX10,1846.9,1971.6,62.4,137
108,1525089,RLz | Krugbo,1846.5,1962.6,58.0,88
109,1244041,ToughLudwig,1844.6,1974.4,64.9,149
110,1100022,LRA PAL | Lakia,1842.5,1940.9,49.2,201
111,143562,Sin | ZeldaPlayer,1842.4,1936.2,46.9,212
112,1875022,OXESPORTS | toyotatace,1842.3,2014.3,86.0,48
113,1187180,smub,1840.5,2026.8,93.2,31
114,1138799,9superpie,1839.9,1954.7,57.4,93
115,4100607,Raccoon | Cody,1838.4,2117.5,139.6,14
116,1605499,Luigikid64,1837.4,1964.6,63.6,66
117,155564,FzP | TR | Hydra,1837.3,2034.4,98.5,21
118,1473392,Straw Hat | Hoo D. Nii,1833.4,1944.2,55.4,105
119,3655189,RowanWinnerLittleMacMain,1832.6,1932.1,49.7,131
120,1224156,MMG+ | GRNT | Slade,1832.2,1922.6,45.2,293
121,719390,CHP | Conor McGregor,1831.7,2098.1,133.2,27
122,1802371,TheBluntOgre,1830.2,1958.9,64.4,114
123,758335,MBS | Z minus,1829.1,1981.9,76.4,81
124,1810739,GuyGuy,1828.4,1991.5,81.6,192
125,999566,FzP | LRA | TabSoda,1827.9,1939.1,55.6,109
126,3566032,Bloom | sLuGG,1821.8,1921.3,49.8,149
127,3743679,Shon | שון,1821.7,2000.6,89.5,170
128,2105718,H-Meister,1821.6,1923.5,50.9,425
129,551860,PBJ | Noodl,1821.2,1921.7,50.3,127
130,2516567,4Freddy! | Hikari,1820.3,1919.7,49.7,261
131,1370191,EMW Esports 2 | KingP,1820.1,1969.0,74.4,52
132,2797217,Asbestos | FruitMeatball,1819.7,1938.7,59.5,84
133,249887,ENC | Noku,1819.4,1920.5,50.6,1060
134,1692066,Jailbird | Yufine,1818.7,1919.8,50.6,166
135,1224902,WebbJP,1818.0,1957.8,69.9,93
136,496339,Meli,1817.7,1954.1,68.2,136
137,1089023,LittleMacMain / HunterWinthorpe,1817.1,1976.0,79.5,57
138,266003,Smush | Burst,1815.3,1946.8,65.7,125
139,1334378,9th | Finn,1815.2,1935.0,59.9,61
140,3321192,FzP | Zuhiy,1814.5,1921.6,53.5,182
141,44379,Lito,1810.6,1962.4,75.9,80
142,2048041,Green Guy,1809.3,1934.1,62.4,128
143,3304742,Pizza Ant,1808.8,1912.8,52.0,121
144,525344,SN | Tilde,1807.2,2238.9,215.9,7
145,1700217,RW | Floppyfail,1806.2,1897.0,45.4,449
146,2385861,SCB/Ug_nyc | FGCGambit,1802.7,1897.9,47.6,212
147,1087860,DTP,1802.3,1932.8,65.3,110
148,152534,EMPIRE | SoulArts,1801.8,1924.6,61.4,236
149,3405682,VLNY | HONGO,1798.4,1930.1,65.9,61
150,469746,Haars,1798.4,1932.7,67.2,74
151,228604,Na | Spiro,1797.2,2144.3,173.5,7
152,1802706,DoAndroidsDreamOfESheep,1795.1,1920.6,62.8,91
153,1480033,Gh0st,1793.8,1921.3,63.7,173
154,297614,MRW,1792.6,1892.6,50.0,129
155,2876366,Bloom | Kyrein,1792.1,1953.1,80.5,37
156,159520,Scrafty,1792.0,2182.3,195.2,8
157,2978333,WW | Fader,1791.9,1907.1,57.6,72
158,2286649,Quandale Dinglelingleton,1791.3,1999.4,104.0,33
159,1330121,Swigzy,1787.4,1905.1,58.9,203
160,1031199,Obmcbob (B),1785.9,1905.8,60.0,100
161,328739,FZP | EO,1784.3,1891.6,53.7,159
162,1112678,GRNT | FroggySTYL,1782.2,1886.2,52.0,185
163,1710348,Nimbus,1780.1,1905.7,62.8,75
164,1409030,HW | ...Insignia,1779.7,1956.9,88.6,27
165,3716419,Libré,1779.3,1956.4,88.5,41
166,265075,the wise cow | pango,1777.3,1925.3,74.0,113
167,1703174,SJU | Taiyo,1773.5,1887.5,57.0,107
168,1650136,SBU | Amayne,1772.7,1918.5,72.9,154
169,919736,ZeroTwoNone,1772.1,2023.3,125.6,158
170,1661301,obesefart,1770.5,1891.8,60.7,78
171,16113,Raptor,1770.0,1875.2,52.6,307
172,1964751,ROK | Karu!,1768.7,2238.9,235.1,3
173,2858096,PUP | myles,1767.8,2150.4,191.3,21
174,571090,Ikan,1766.4,2134.0,183.8,8
175,3032725,q2 | Judgy,1765.0,1965.6,100.3,67
176,54725,naitosharp,1763.3,1986.3,111.5,27
177,1593009,CHP | MomHunter9009,1763.1,1903.2,70.0,61
178,885991,自由 | PsyKoD(A),1762.4,1922.4,80.0,35
179,278439,FC | Haze,1762.1,1877.2,57.6,108
180,1296894,GTH | Justinjpeg,1761.5,1885.2,61.9,114
181,1744683,REBIRTH | Chum,1761.4,1868.7,53.7,126
182,3870772,4Miles | Kayla the Pacinator,1761.3,1887.3,63.0,81
183,1803620,ZASE | ZBosGaming,1759.8,1857.3,48.7,195
184,1412503,MBS | Steffen,1759.6,1916.8,78.6,75
185,1942364,Scrote,1758.6,1895.6,68.5,82
186,569558,Cartluke14,1758.5,1911.4,76.4,76
187,452907,Reilly,1758.2,1852.5,47.2,157
188,1274182,PTM | PK Freeze,1757.5,1911.3,76.9,63
189,147483,HypestTown,1756.3,1895.9,69.8,49
190,1005216,GRNT | Serta,1755.7,1925.0,84.6,186
191,1150960,FG | BlazingBoy,1754.4,1886.9,66.2,57
192,10212,BLZE | Aryeh,1751.8,1869.8,59.0,68
193,1793104,MiikeFromTheBronx,1751.6,1876.0,62.2,61
194,1802684,TorqueDawg,1749.1,1863.1,57.0,95
195,2421372,Dandori | Artfishbot,1747.8,1883.3,67.8,103
196,2585781,NS | Wilsports | Hingle McCringleberry,1747.5,2015.3,133.9,13
197,56497,Alo!,1745.7,1950.8,102.6,31
198,318918,Council | Diamond,1745.6,1861.6,58.0,89
199,483953,SMFN | JKIM | Oolong,1745.2,2141.0,197.9,3
200,1684008,AFAS Bloom | Hyacinthia,1744.9,1842.0,48.6,172
201,981752,Tano,1744.4,1857.5,56.6,167
202,1805037,THR l GRNT | TWICE,1744.1,1838.3,47.1,168
203,3694907,G4G | Sentinel,1743.6,1847.6,52.0,147
204,1648968,10K | Mulli$,1741.7,1853.8,56.1,106
205,229860,WKZ | Mega,1741.2,1859.0,58.9,175
206,147588,CS | Lu,1741.0,1850.4,54.7,121
207,1055253,585Z | Clibs,1740.9,1835.3,47.2,180
208,1727992,CRIMSON DIH,1739.7,1848.9,54.6,171
209,3353422,EMW Esports 2 | Tomodachi Wife,1738.3,1843.7,52.7,105
210,53020,Draxsel,1737.8,1897.6,79.9,59
211,266015,FC | Stratas,1737.0,1845.5,54.3,234
212,3545741,Mr.Fahrenheit,1736.4,1891.1,77.4,75
213,2020012,MayoNays,1736.3,1963.4,113.5,18
214,1720410,FS | TJ13,1734.6,1870.6,68.0,45
215,2636165,OE | G4G | KAZÍÍ,1734.5,1855.3,60.4,109
216,390014,Reyluno,1733.1,1845.1,56.0,124
217,1071318,UD | MPg,1731.8,2080.9,174.5,7
218,1303313,Kqt | narrwall,1730.9,1920.7,94.9,28
219,1825040,GTH | vitz,1728.7,1829.1,50.2,250
220,780256,NiP,1726.5,1852.1,62.8,660
221,2842804,Redsaw,1726.5,1869.7,71.6,521
222,1141497,matt,1724.8,1867.3,71.3,81
223,913225,Rider | G4G | tf j,1719.3,1844.0,62.4,114
224,267047,FSF | Zach,1718.9,1856.6,68.8,40
225,1156328,DU | Moony,1715.8,1844.6,64.4,49
226,1609925,MOB | Infernape,1715.7,1811.9,48.1,1558
227,1053442,Baren,1712.4,1817.5,52.6,157
228,1751649,Syn! | D.Danger,1712.2,1812.3,50.1,873
229,147436,Hindsight,1710.5,1823.0,56.2,189
230,997249,MBS | MEGA CHAD,1710.1,1876.5,83.2,57
231,989934,716 | KingCoreyFTW,1708.4,1818.0,54.8,124
232,67389,Liyrex,1707.7,1840.1,66.2,71
233,1157788,Glutamate,1707.1,1873.6,83.3,114
234,657781,Schmeat | WheeZy,1706.5,1879.9,86.7,44
235,47475,Jukain,1706.5,1825.8,59.7,97
236,1986069,GRNT | Jager,1706.3,1797.0,45.4,337
237,160326,TRAIN,1705.6,1896.1,95.3,22
238,5532174,MMG+ | FS | Slade,1704.9,2100.8,197.9,6
239,27457,PixelVault | NibbyNibbyNub,1704.3,1820.2,57.9,100
240,1003161,ZXZ | The Hunter,1704.0,1902.9,99.5,69
241,1750056,SuperSanic21,1703.9,1821.4,58.7,143
242,779312,Cafe,1702.3,1864.2,81.0,38
243,1312764,<>< | Deception,1701.7,1828.0,63.1,197
244,937157,CCS | Saber_Wolf,1699.3,1857.2,78.9,77
245,2093733,ZERO REGRETS | Twitter Gooner,1699.0,1855.4,78.2,50
246,605782,parkerx1,1697.7,1802.6,52.5,110
247,757280,Kitty Princess,1697.6,1797.4,49.9,140
248,1864686,Ampersand,1696.6,1845.9,74.6,65
249,889148,Wendys4for4,1695.9,2089.3,196.7,5
250,4992539,Val,1695.5,1815.9,60.2,72
251,2547733,Antonio,1694.9,1792.2,48.7,140
252,753258,Luminous!,1694.4,1849.4,77.5,47
253,1655542,DeLay,1693.3,1796.4,51.5,194
254,1633924,ENC | Gabo,1692.6,1818.3,62.9,519
255,428340,VYRUS | GRNT | Orango,1692.4,1826.1,66.9,49
256,2224902,TDC | Skeletal,1692.2,2086.4,197.1,5
257,2121485,Kvng,1691.5,1790.8,49.7,125
258,1662027,Seb Undeble,1691.1,1802.7,55.8,152
259,54394,FzP | Dukkha,1690.4,1832.3,71.0,92
260,2042041,Xen0,1689.7,1843.2,76.7,75
261,2285604,CandyKongLover1,1689.5,1810.7,60.6,87
262,358345,Bloom | ZG,1689.0,1788.8,49.9,121
263,1779817,AlphaBorb,1688.9,1808.9,60.0,72
264,1807531,CTG | AnthonyIsntCool,1688.1,2131.8,221.8,6
265,185802,GTH | EJJ,1686.6,1810.3,61.9,103
266,65516,Sin | SMB,1686.1,1860.7,87.3,40
267,171393,MNI,1684.7,1813.9,64.6,75
268,1992892,CS,1684.3,1815.1,65.4,87
269,2202094,CSH | Kayjun Lady,1684.3,1773.8,44.7,360
270,586229,Jules,1684.0,1829.2,72.6,46
271,774806,VB3,1683.0,1790.5,53.8,139
272,649442,TK1,1682.7,1782.1,49.7,1063
273,245443,coffeebug,1682.7,1808.7,63.0,680
274,1591717,FrBz | Keykard,1682.2,1925.3,121.6,89
275,1529247,Mellow,1682.0,1804.5,61.3,100
276,2465656,loq | gwyn,1681.8,1827.1,72.7,37
277,1804240,.wav | Croix,1681.4,1777.7,48.2,120
278,36972,XL | Kwaz,1681.2,2117.7,218.2,3
279,2384793,SBU | Steve,1681.0,1816.3,67.6,76
280,184005,ShinyMark / MkLeo,1681.0,2235.6,277.3,2
281,544114,Derpager,1679.1,1953.0,137.0,104
282,3029296,fg / DC3 | Mikey!,1678.5,1799.7,60.6,80
283,2243550,StarForce,1678.4,1786.0,53.8,173
284,1430481,ARIES,1678.2,1799.1,60.4,125
285,2980064,MMG+ | BIG CRUMB,1678.0,1775.9,48.9,200
286,2330376,OE | Menchu,1678.0,1818.7,70.3,77
287,3890634,Xela,1677.6,1832.5,77.5,62
288,2892291,ȺͶŦI_UNKNOWN PlȺYER,1676.9,1786.7,54.9,96
289,275689,WS | DavudTwentySeven (B),1676.8,1784.4,53.8,87
290,1400293,BoY BleaK,1676.3,1968.6,146.2,10
291,51901,Bachilles,1676.2,1786.3,55.0,123
292,155986,Chrin / GOGO,1676.2,1840.4,82.1,451
293,1404744,Fonica,1676.1,1945.0,134.5,9
294,2564154,Louis Dio,1675.9,1804.7,64.4,117
295,2598045,Menbow/めんぼぉ,1675.7,1961.1,142.7,15
296,1721948,Wilsports | Queen,1674.6,1763.2,44.3,238
297,131490,C2F | Grunk,1674.1,1799.4,62.6,88
298,3501232,HoP | Angle,1673.5,1781.2,53.8,123
299,146828,TCT | Naga,1672.3,1799.5,63.6,75
300,734353,WG | MintyFlesh,1671.6,1830.3,79.3,138
301,155168,Dyla,1671.4,1802.4,65.5,70
302,148134,TTD | SWISH,1670.9,1784.6,56.9,95
303,2553113,FalcoJoe,1670.0,1757.6,43.8,162
304,1902502,SBU | MeKa,1669.2,1767.2,49.0,171
305,147886,Xioli,1668.1,1827.7,79.8,106
306,3919918,Revo (B),1667.7,1792.6,62.5,62
307,1816924,Nickxsk,1662.7,1794.7,66.0,50
308,172316,Next | Woozie,1659.8,1771.6,55.9,88
309,2379973,131 | Ham Burrito,1658.2,1770.2,56.0,106
310,3798390,Acey,1658.0,1806.7,74.4,47
311,1063242,glob?!,1656.9,1796.4,69.7,74
312,1007446,E_01,1656.7,2101.6,222.4,5
313,1809569,RyandotSly,1656.5,1805.4,74.5,81
314,2583231,GRNT CHP VB3 | Louie,1656.4,1746.2,44.9,211
315,240751,Team Wex | Wex,1656.1,1754.9,49.4,262
316,614049,MouseRat,1654.3,1786.8,66.2,57
317,261142,Djohnmark,1654.0,1841.5,93.8,437
318,5029272,MCU | | Matt MurDoc,1652.1,1796.9,72.4,56
319,869771,SU | Kipp,1650.9,1970.1,159.6,7
320,4910318,ttvBlitzNYC,1649.7,1793.2,71.7,48
321,11136,Rawk,1649.5,1811.3,80.9,71
322,800407,Tom,1649.0,1742.5,46.7,524
323,4451542,SBU | Grosssshi,1648.9,1952.4,151.7,16
324,2352081,TheRam,1648.4,1758.0,54.8,114
325,1595628,FC | G-XTREME,1647.9,1838.3,95.2,226
326,3573687,Mr. Matty O,1646.4,1801.0,77.3,64
327,4008986,LYM? | Eleventy1,1646.0,1852.3,103.1,18
328,1671986,Chud | BigGubGubFan67,1646.0,1917.7,135.8,11
329,70210,TRL,1645.6,1859.3,106.9,78
330,1309314,slaying mantis,1645.1,1766.7,60.8,84
331,1726538,131 | Ashen One,1645.0,1773.7,64.3,75
332,1288104,SBU | vanchy,1644.7,1751.4,53.4,141
333,1306487,Nik S,1644.5,1783.4,69.4,51
334,1130355,T-T | BigFish,1643.8,1930.1,143.1,8
335,1770562,MOB | Loftz,1643.6,1736.0,46.2,1161
336,4501421,MOB | Sir Moves,1642.6,1945.0,151.2,7
337,571119,MSU | OmniElement,1642.3,1759.5,58.6,73
338,274501,FC Bloom | KOM,1642.2,1877.9,117.8,14
339,448583,Otaku,1641.6,1809.3,83.9,31
340,4907338,Jiggytillwedrop,1641.2,1762.4,60.6,84
341,2410827,she/her | sickle,1641.0,1771.6,65.3,74
342,1287834,Salvo,1641.0,2097.3,228.2,3
343,594478,CU | Skink?,1640.4,1763.4,61.5,89
344,1835094,Night,1640.2,1750.0,54.9,99
345,2297071,LS FS | Platinum V,1640.1,2094.7,227.3,6
346,3362490,RW | Swirls,1638.7,1759.9,60.6,82
347,1284430,Exia,1638.2,1960.1,160.9,6
348,3409938,alex | oliomar player89(OLIMAR),1636.2,1807.3,85.5,30
349,4398761,Darby,1635.3,1772.7,68.7,79
350,267460,Ranger,1634.9,1951.0,158.1,8
351,3529377,Bloom/EMWesp | feminine,1631.9,1753.1,60.6,73
352,155979,TTD | PolarChan,1631.6,1745.8,57.1,98
353,327906,GUMP2 | Key,1630.1,1930.8,150.4,7
354,70916,Chag,1629.5,1956.4,163.5,6
355,2735086,TikTok shop | Dr but terkel,1628.6,1768.2,69.8,40
356,1788561,~NEOS~,1628.3,1760.9,66.3,75
357,252976,red berpo,1627.4,1866.0,119.3,18
358,304973,OG | Zaphros,1626.9,1733.6,53.3,180
359,2564912,VC | Friegg,1626.7,1814.1,93.7,38
360,342066,Joe-J,1626.3,1795.0,84.4,58
361,156498,Machu,1626.1,2164.1,269.0,3
362,2070314,TheBlockMan,1624.7,1946.6,160.9,7
363,2194631,yeehaw,1624.3,1749.7,62.7,70
364,1022822,GRNT | Mr.L,1624.3,1803.0,89.4,65
365,1863576,MBS | GrlyTeenQueen,1623.6,1775.0,75.7,49
366,4313177,Cookies,1623.4,1740.8,58.7,97
367,2902631,NP | UniTy,1623.0,1764.8,70.9,109
368,2857352,ANTSAM | ScuffedHits,1621.9,1737.6,57.8,78
369,5099878,Enigma,1621.3,1743.6,61.1,79
370,1990442,EDLN | JWU | Tetrahedryn,1620.9,1750.1,64.6,59
371,1928105,JPN | KurtSwitch,1618.9,1784.1,82.6,80
372,536978,? | Ditto,1618.7,1983.8,182.5,7
373,1035429,Ethan,1618.7,1965.4,173.4,6
374,285302,TammEsports | Oats,1618.6,1924.6,153.0,13
375,1662508,husk,1618.2,1732.9,57.4,77
376,1475247,Playmaker,1617.5,1798.9,90.7,76
377,71570,TR | SlingShot,1616.5,1786.6,85.0,83
378,1729757,Invincible | Poisonboi,1616.1,1733.0,58.4,93
379,2687729,ODA LVL | turkeyboy2012,1613.5,1740.9,63.7,58
380,2426029,F5 | Lipden,1612.3,1839.5,113.6,23
381,1249706,Mr.Fluffy,1611.4,1760.2,74.4,69
382,3911172,HoP | CRIT,1611.1,1990.2,189.6,8
383,1141005,Light's friend | Clive,1610.0,1733.2,61.6,124
384,3015864,Otaku,1609.5,1949.6,170.0,6
385,1229103,MOB | Eliakim,1609.3,1801.9,96.3,691
386,285520,Blank,1609.0,1831.5,111.2,82
387,265251,Deedha (B),1608.9,1731.6,61.3,89
388,4907373,MVA Vicenscian,1607.8,1730.4,61.3,86
389,2359922,Booju,1607.8,1754.7,73.5,79
390,3619477,DinoNuggies,1607.6,1730.1,61.2,125
391,1510743,MMG+ MBS | K1NG,1607.5,1720.1,56.3,140
392,2917783,Aegon,1607.5,1936.4,164.4,8
393,4557694,Girlypop hit & run,1607.3,1907.2,150.0,7
394,55669,SeaBass,1606.2,1948.3,171.0,6
395,25509,OA|FC | Nexus,1606.2,1885.2,139.5,12
396,39740,player 4,1604.7,1737.7,66.5,98
397,5389972,onins,1603.9,1966.1,181.1,4
398,528494,Virgo,1602.9,2064.9,231.0,4
399,850212,Balderdash,1602.3,1708.5,53.1,247
400,2419958,WW | Kale,1602.2,1960.9,179.3,5
401,1671018,Kazuha Mishima,1602.2,1742.8,70.3,58
402,1585721,MBS | Mimik :P,1602.1,1724.0,60.9,95
403,2790597,Tr4sh | $Krilldog$,1601.2,1714.5,56.6,98
404,1888387,Goober707,1601.2,2007.2,203.0,3
405,1848747,Biscotto,1599.9,1713.5,56.8,85
406,1218189,Heinous,1597.6,1712.5,57.5,107
407,1998572,amoxicillin | dish soap,1597.3,1770.2,86.5,40
408,2017089,Gurt Yobain,1597.2,1741.2,72.0,68
409,1665968,RVL | Bloom | Spiceepicklez,1596.1,1724.6,64.3,78
410,2993602,CCNY | EOI | Ebrima,1594.8,1677.0,41.1,380
411,129074,Applebee's | Dovidio,1594.7,1867.5,136.4,9
412,63605,NBG | Pelca,1594.4,1889.7,147.7,9
413,3268179,Blug | Potatobagel,1594.1,1732.5,69.2,56
414,3447761,C2F | Cou,1593.9,1709.9,58.0,108
415,5501248,player 4,1593.5,1942.5,174.5,4
416,4381444,YBG | Snowbunny Mind Control,1593.4,1678.3,42.4,298
417,2067535,SHU | quackatak,1593.4,1741.7,74.2,75
418,2111706,Toxic,1592.4,1706.0,56.8,102
419,2650945,RISE|I am | The Devil,1591.9,1702.0,55.0,137
420,3585975,TBZ | ManNeeTee12,1591.7,1715.0,61.6,66
421,1989652,KUSIDREAM,1590.7,1722.0,65.6,87
422,219727,EZ | Killer,1590.6,1733.7,71.6,42
423,1398715,Fizzystix,1590.6,1699.3,54.4,185
424,1261294,SYN | GabeOG,1590.3,1741.0,75.3,71
425,5317226,UC | Destra,1590.3,2001.5,205.6,3
426,256474,dbfc | yoBBi,1590.2,1694.5,52.2,186
427,3436028,Rojo | Ajred,1590.0,1702.1,56.1,127
428,4467122,SCB | Rise Up,1589.8,1872.8,141.5,7
429,1228156,Pado,1589.4,1709.8,60.2,503
430,2217983,Akbros | Brokoli,1588.7,1724.2,67.8,70
431,2413463,Hung | Grey,1588.0,1693.8,52.9,94
432,1884886,jon,1587.0,1705.2,59.1,92
433,1530122,Humble Genius,1586.6,1867.1,140.3,10
434,2044060,luxa,1586.1,1945.7,179.8,7
435,1910295,Crooos,1585.8,1758.7,86.4,24
436,1992273,TXC | Geodash,1585.4,1690.0,52.3,105
437,2195603,charszum,1585.3,1698.2,56.4,278
438,946548,DTN | Jahzz0,1584.7,1798.1,106.7,19
439,1466524,EMW ESPORTS | EMW,1584.0,1719.2,67.6,85
440,1871419,SSS | clanc,1583.9,1724.1,70.1,73
441,1903494,GGG | SuperStarz,1583.7,1700.3,58.3,104
442,1191080,dbfc | LRA | Pardo,1583.4,1666.7,41.6,320
443,230304,GTH | LRA | Steven8er,1583.0,1731.3,74.1,77
444,2393895,yinyong,1582.8,1727.9,72.6,84
445,1077177,H2 | Moxort,1581.9,1831.7,124.9,15
446,2168776,Rocco,1581.3,1787.1,102.9,58
447,33900,BxBonobo | Kamex,1580.9,1721.6,70.3,93
448,5691,Draxsel / Gadget,1579.6,1726.3,73.4,78
449,1108399,cyanzura,1579.0,1694.1,57.6,160
450,1121293,Val,1579.0,1757.3,89.2,164
451,4475237,Usual,1578.9,1691.8,56.5,75
452,2585393,Playmaker | Sonix,1578.8,1710.0,65.6,72
453,265634,The Concept of De4th,1578.2,1769.9,95.8,25
454,993562,JuanR,1578.1,1748.4,85.2,58
455,1454971,SHU | Mr. L,1577.5,1746.6,84.5,72
456,1347370,fg | flarp,1577.5,1920.1,171.3,6
457,3650929,EOI | Pizzaritos,1576.9,1878.2,150.7,7
458,1714828,Sentry | Naomi,1575.0,1792.3,108.6,23
459,1099727,MU | ApolloKage,1574.8,2080.4,252.8,2
460,2025333,Playmaker,1573.9,1686.4,56.3,116
461,3206002,2desi | future,1573.5,1683.6,55.0,106
462,2192335,SnoopDan,1572.2,1705.7,66.8,98
463,1307014,SOUP-E | Moat,1571.9,1715.6,71.9,175
464,4192713,Naito Wolfe,1571.9,1737.1,82.6,45
465,979064,CarBev | YajYaj,1571.9,1686.5,57.3,98
466,337973,ALTAlter,1571.8,1663.2,45.7,261
467,1128032,BigBJimbo | B3nan,1571.7,1692.3,60.3,69
468,1693402,Vinsmoke,1571.7,1723.9,76.1,110
469,917807,Ex0,1571.4,1711.4,70.0,53
470,937364,bran,1570.7,1728.1,78.7,81
471,1698228,J.B.,1570.6,1727.2,78.3,55
472,4961117,tahlia,1570.3,1729.7,79.7,37
473,499319,EDLN | Salt King,1570.3,1812.0,120.9,23
474,680481,LuffyMK,1569.9,1833.2,131.7,25
475,4440070,Gotmilk,1569.5,1677.6,54.1,100
476,1399314,Robb (with 2 Bs),1568.7,1710.6,70.9,61
477,249838,Dark Wizzy,1568.6,1870.0,150.7,7
478,3747879,GOAT EATER,1568.6,1679.1,55.3,104
479,569195,AGN | Mizu,1568.3,1690.3,61.0,83
480,343421,MrBroose / Vendetta,1567.1,2112.8,272.9,2
481,3069144,RW | | Himzoo,1566.8,1691.8,62.5,91
482,56621,Youtube.com/ | Arhungry,1566.4,2010.9,222.2,9
483,1820835,ethbeast / Sarvi,1566.3,1714.6,74.1,56
484,692906,Juicebox,1566.2,1789.0,111.4,21
485,345023,GRNT | PC Ninja,1564.8,1667.6,51.4,846
486,2564413,Akbros | S&Xman,1564.5,1671.7,53.6,143
487,1031044,benn 9 9 9,1564.5,1724.4,80.0,87
488,3446093,SBU | Bluespark7,1563.9,1671.5,53.8,119
489,3451131,EMW ESPORTS | Baconator,1563.7,1687.0,61.7,71
490,132399,MEAT UP! | boosk,1563.0,1934.5,185.7,6
491,4317604,WHS | BETA,1562.5,1709.2,73.4,141
492,5099409,REV | H-Meister,1562.4,1896.6,167.1,6
493,5322784,'Jo | Dexter,1561.8,1925.3,181.8,4
494,4122369,HONOR/BTE | INVINCIBLE,1561.2,1651.2,45.0,196
495,171945,Zach67671,1560.8,1699.2,69.2,66
496,1322135,LRA | Jellyfish,1560.4,1685.3,62.5,74
497,1452744,Cross,1559.8,1727.0,83.6,110
498,33730,Seesaw,1559.5,2077.3,258.9,2
499,1811210,GTH | MBS | Bootleg,1559.0,1717.1,79.0,93
500,1863577,MSU | Pacific | Auramaster,1558.7,1654.3,47.8,177
501,1586470,Cipher,1558.2,1719.2,80.5,118
502,3620456,ZeroTwoNone,1558.0,1898.4,170.2,15
503,252377,Slasher,1557.8,1764.8,103.5,24
504,564784,Vakira Man,1557.8,1718.1,80.2,78
505,1375338,TF0256,1557.4,1756.7,99.7,69
506,3801556,Providence,1556.8,1696.9,70.1,79
507,4943959,Pasta!,1556.3,1705.9,74.8,60
508,187298,Amrit,1556.0,1890.7,167.4,5
509,2057015,Transgender Gandhi,1555.9,1683.0,63.5,67
510,272462,Zoo,1555.6,1703.8,74.1,69
511,4780618,Dan_Zz 0_0 | Dan_Zz 0_0,1555.5,1745.1,94.8,32
512,2694823,Hugg1es,1555.5,1683.2,63.8,64
513,3216109,EX-SOLDIER | Luneth 凶,1555.5,1929.4,186.9,8
514,1728859,GRNT | Swag Master,1554.6,1687.5,66.5,128
515,1773770,GFlowZ,1554.1,1679.2,62.6,136
516,48333,Glorius,1553.9,1713.0,79.5,64
517,3331431,DREAM BIG | luci,1553.8,1658.9,52.5,119
518,2644919,Forfun,1553.6,1921.8,184.1,4
519,374672,Reverb,1553.3,1756.6,101.6,21
520,1758326,ebs | $hrutik,1552.5,1805.8,126.6,20
521,3601968,Magnus Carlton,1552.0,1931.2,189.6,6
522,1170599,Castillo,1551.6,1664.9,56.6,101
523,1868170,NS | BeastModePaul,1551.6,2072.1,260.2,2
524,612997,SCB | Tito,1551.0,1689.0,69.0,94
525,3532000,icedragon,1551.0,1684.9,66.9,98
526,3233312,PPB | Szadubiii,1550.9,1719.0,84.0,53
527,3616043,RW| | Bri-Guy,1550.8,1690.1,69.6,73
528,2707000,Will,1550.7,2006.9,228.1,5
529,1007323,SBU | Glial,1550.2,1667.8,58.8,115
530,1210907,Drip,1549.8,1698.8,74.5,63
531,2803219,WAMP | Ryot,1549.6,1710.9,80.6,33
532,2006693,CHP | Relaxe,1548.9,1650.1,50.6,338
533,368063,C2F | Average Alex,1548.6,1709.5,80.4,39
534,1468611,NMDusk,1548.2,1672.4,62.1,197
535,367815,Tr4sh | Chocolate Jesus,1547.8,1686.4,69.3,67
536,2925431,CHP | JAMES,1546.6,1747.2,100.3,56
537,1323217,Ian,1545.9,2064.4,259.3,7
538,1795687,AlexAWG,1545.7,1744.1,99.2,16
539,1271534,BB | Fraudrigo,1545.6,2053.2,253.8,3
540,1788380,ZASE | Shigga_Sears,1545.4,1652.1,53.4,130
541,5013417,KevinFundiesGod,1544.7,1729.0,92.1,23
542,1995706,Anagram,1544.4,1721.5,88.5,78
543,1471306,FSC | GRNT | Wildogz,1544.0,1710.0,83.0,73
544,2167729,SCB | NinJenDo,1543.2,1654.9,55.9,140
545,864900,Newgate,1542.9,1690.9,74.0,90
546,2086830,DeepShahGaming | Quoge Gaming,1542.8,1690.5,73.9,68
547,1256236,felix,1542.2,1662.1,59.9,113
548,997968,EastBlueRugs | Peco,1542.1,1728.2,93.1,66
549,368162,Justice,1541.4,1988.9,223.7,7
550,4492599,Blank,1540.0,1926.8,193.4,5
551,4783971,Marcotics,1539.3,1944.5,202.6,5
552,1445259,CarBev | abc,1539.1,1685.3,73.1,88
553,2088174,GORDO | TFO256,1538.8,1671.6,66.4,227
554,2382805,Mr. Fish,1538.5,1687.8,74.7,71
555,2151188,DumplingKing (A),1538.2,1662.4,62.1,90
556,3798456,ItzRed510,1538.0,1738.7,100.4,18
557,2232029,SBU | Pineapples,1538.0,1672.1,67.0,76
558,1762779,X!Akuma,1537.8,1651.2,56.7,134
559,1689702,EMW Esports 2 | prashantinator,1537.5,1665.3,63.9,71
560,1345295,Honeynut,1537.2,1908.4,185.6,9
561,261298,Booty / Karxm,1536.8,1705.6,84.4,94
562,3676808,q2 | Crescent | Ashi,1535.0,1926.0,195.5,6
563,620017,MBS | xiii,1534.6,1686.1,75.8,74
564,3900888,Indian Vegeta,1533.2,1872.4,169.6,7
565,1802504,dbfc | Grumbo,1532.7,1640.6,53.9,81
566,331606,PhantomLosers,1532.3,1703.3,85.5,68
567,2824423,Sunbun,1531.7,1680.7,74.5,69
568,1214510,TTD | UpTilted,1531.7,1657.8,63.1,70
569,3249566,EDLN | Octo,1531.0,1650.0,59.5,116
570,1700267,DBQ | Ralphieboi,1530.9,1690.2,79.6,72
571,213342,PinkDocJ,1530.8,2006.6,237.9,9
572,539888,ZFN | SCents,1530.8,1979.1,224.2,2
573,5205715,EF | TINGLEHAWK,1530.5,1728.3,98.9,18
574,1072988,ZekeReds,1530.0,1643.3,56.7,141
575,1349650,Mattyton,1529.5,1944.5,207.5,5
576,918277,WU | KornDog | CJFrozen,1528.3,1874.7,173.2,18
577,2086155,EMW Esports 2 | Lozman,1528.1,1657.5,64.7,258
578,796048,ENC | Drilago,1527.8,1621.0,46.6,1179
579,3008266,Arpo,1527.7,1714.1,93.2,32
580,1824970,KDE | Chappsticc,1526.9,1674.4,73.8,326
581,2402885,BlueFlare,1526.7,1668.4,70.9,95
582,503384,Foreskinuinely | ProtoMania,1526.7,1710.7,92.0,22
583,2193127,KornDog | | Dragonbeast,1526.2,1848.9,161.3,6
584,1030265,SOUP-E | Antimony,1526.2,1958.4,216.1,3
585,1029647,M,1526.1,1669.2,71.6,81
586,824294,ET | GODwithinAnthony,1524.8,1695.0,85.1,111
587,4179802,GSG | Reed,1524.4,1975.6,225.6,5
588,3749822,Aero,1524.3,1892.3,184.0,7
589,654259,Whitest dudes you know,1523.8,1703.4,89.8,77
590,4179963,GeraldDaGifafe,1523.6,1694.7,85.6,33
591,1070879,Trenko,1523.5,1773.4,124.9,88
592,71401,UtopianRay,1523.3,1800.2,138.4,132
593,3416651,WPC | FS | Rhinestone Lady,1522.4,1642.9,60.3,116
594,2427279,GTN | ShoKhaizo,1522.2,1644.2,61.0,68
595,2136075,G-Money,1521.9,1630.6,54.3,152
596,2252991,Comoli,1521.8,1638.5,58.3,100
597,1311062,A Billion Lions,1521.8,1670.1,74.2,69
598,1654888,AoC | Kitana,1521.3,1638.4,58.5,103
599,550127,WFP | CRB,1521.2,1818.6,148.7,17
600,2587016,GetJigglyWithIt,1520.1,1709.5,94.7,23
601,1740335,dark cat,1519.9,1681.4,80.8,41
602,1531390,Fiestero,1517.5,1649.8,66.1,181
603,2719997,Yoshibu,1517.1,1649.1,66.0,144
604,861679,Dook,1516.8,1627.0,55.1,139
605,5471441,player 4,1516.8,1981.6,232.4,3
606,3005544,SuperSaga,1516.2,1655.5,69.6,67
607,24638,omega,1516.0,2055.1,269.6,2
608,3032025,CU | toge,1515.4,1665.4,75.0,70
609,1214682,Sh-Awe,1513.7,1630.9,58.6,139
610,968270,ExpiredMilkman,1513.5,1792.5,139.5,7
611,696536,GWOB | frog,1513.4,1979.6,233.1,3
612,341914,Triple A,1513.1,1693.4,90.1,51
613,29142,SENTRY | spoop,1513.1,1760.2,123.6,20
614,599043,AFAS Comfy | Sovereign,1512.5,1671.8,79.7,51
615,1535877,Army of Faye | Kengar Dongatron,1512.5,1735.1,111.3,18
616,45894,TTD | $N,1512.0,1616.7,52.4,189
617,708513,LUX | victory,1510.9,1670.4,79.7,103
618,160464,Liquid | Riddles,1510.8,2035.2,262.2,2
619,2140230,HpOfficejetPro,1510.8,1670.1,79.6,62
620,657524,MEAT UP! | Andromeda,1510.3,1638.7,64.2,67
621,3894154,SHU | Penguin,1510.3,1646.7,68.2,116
622,2035678,PeteMan23,1508.5,1614.6,53.1,389
623,1794745,STG | LostVayne,1508.4,1800.2,145.9,11
624,3313383,God's Plan | Madeline On Deck,1507.7,1894.1,193.2,6
625,1174400,Soul Society | LazyZach,1507.0,1937.0,215.0,6
626,290952,Nico,1506.7,1663.3,78.3,74
627,642736,Wob,1505.3,1646.7,70.7,70
628,4557714,REV | LevelOne,1505.0,1629.8,62.4,141
629,1529812,FBI | MaouSilver,1504.8,1613.8,54.5,333
630,1112255,GIANT | fart,1504.7,1629.7,62.5,103
631,4708995,apinhead,1503.9,1601.2,48.6,156
632,224470,Greg House,1503.0,2003.5,250.3,3
633,1776133,Mishka (B),1502.3,1641.9,69.8,61
634,2450682,DG,1501.7,1629.3,63.8,96
635,67704,FC | frawg,1501.3,1917.7,208.2,9
636,1797814,Monk,1500.8,1792.3,145.7,8
637,1796929,GWU | Jbay,1500.7,1678.5,88.9,26
638,857520,Council | Mooch,1500.6,1892.7,196.1,6
639,1400088,Reo M,1500.6,1635.0,67.2,52
640,4716031,Bri-Bri,1500.0,1736.9,118.5,12
641,3843865,LYM? | MM | Darwin819,1499.7,1701.7,101.0,21
642,1834479,rogwrat,1498.7,1684.5,92.9,41
643,3552179,Condy (A),1498.2,1657.6,79.7,40
644,2276114,Sauce,1498.1,1677.3,89.6,59
645,206240,CF | Phuzix,1498.1,1806.7,154.3,8
646,260177,RES | RobbieAK47,1497.4,1819.0,160.8,14
647,4069233,SCB / UG | Ryzakyn,1497.3,1860.6,181.7,7
648,337781,Council | Hunk,1497.2,1680.5,91.6,29
649,728226,Ziglet,1495.9,1652.1,78.1,39
650,2966770,luisfr,1495.7,1620.5,62.4,59
651,2059142,ZMR | Beetlethebard,1495.6,1799.8,152.1,11
652,314641,OFY,1495.5,1692.8,98.6,44
653,3662593,$moneymons$,1495.2,1664.2,84.5,44
654,3709516,Icicles,1495.1,1651.8,78.3,54
655,1580089,DENIM CLUB | petebr0,1495.0,1733.3,119.1,16
656,1721668,RW | antoine,1494.7,1632.5,68.9,92
657,1602986,SBU | BopIt!,1494.1,1601.5,53.7,260
658,245147,BmX,1494.0,1783.3,144.7,11
659,2605918,Zamu,1492.7,1867.2,187.3,4
660,1804461,VLNY | DDrakgo,1492.3,1635.9,71.8,55
661,1580144,Madasti,1492.1,1773.7,140.8,73
662,1931403,SickSeven!?,1491.8,1629.4,68.8,49
663,2129156,Stelter,1491.8,1695.4,101.8,209
664,2391287,CunyBC | Billio,1491.8,1640.9,74.6,82
665,5462754,player 4,1491.3,1812.7,160.7,6
666,5532474,player 4,1490.8,1806.6,157.9,6
667,63962,ENC | Ice,1490.8,1766.2,137.7,112
668,2987715,GORDO | TFO256,1490.6,1885.6,197.5,7
669,1111772,Mr Zacky,1489.4,1597.0,53.8,122
670,3238251,Omen | Astralis,1489.3,1651.6,81.1,49
671,1724767,CR | T-sizzle,1488.4,1627.3,69.4,86
672,2700639,Desimus,1488.2,1634.6,73.2,86
673,1723671,dbfc | Caelifera,1488.2,1651.0,81.4,38
674,264813,Bloom | BIG TITS BIGGER RESTS,1488.1,1663.1,87.5,26
675,1864338,AnThran,1487.8,1893.3,202.8,4
676,1992753,DoGood | H03$ M4D,1487.4,1644.3,78.4,76
677,1715126,Milsharks / tahlia,1486.9,1648.5,80.8,54
678,1751760,Alex | The Freakinator,1486.6,1618.5,65.9,61
679,2444228,CarBev | VesselHK,1486.2,1675.2,94.5,60
680,1935076,SS/Syn! | Krush,1486.0,1680.8,97.4,20
681,1719545,3U | Pado,1485.9,1695.5,104.8,53
682,1188432,Mono,1485.0,1620.5,67.8,51
683,3260808,PPP | Pineapple,1484.5,1622.7,69.1,211
684,2827039,MMG+/WAMP/FS | Lumikade,1483.9,1712.9,114.5,40
685,374582,AFG | Paper Tom,1483.1,1653.4,85.2,93
686,2311781,CU | gira,1483.0,1603.5,60.3,86
687,2264971,GRNT | PokefanZ,1482.3,1740.2,129.0,14
688,1187176,SU | Scooby,1482.1,1619.4,68.7,67
689,576268,Suarez,1481.4,1796.4,157.5,62
690,1478578,bisasam,1480.0,1621.8,70.9,71
691,54741,Craftis,1479.8,1873.4,196.8,3
692,230038,X,1479.4,1728.0,124.3,76
693,1164200,DC3 | Jely,1479.1,1594.0,57.5,89
694,1350424,MHM | 天 | VulgarKaiju,1478.6,1599.2,60.3,681
695,228239,Jun,1476.5,1583.7,53.6,119
696,3689884,PEAK | Zexoh,1476.2,1620.3,72.0,47
697,1257450,131 | Trist,1476.0,1634.7,79.4,58
698,1625801,sorbi,1475.7,1615.2,69.8,93
699,2923324,Dewtwo,1473.5,1598.9,62.7,123
700,4891727,Luan-k,1473.3,1607.4,67.0,103
701,2508534,Phoon,1473.0,1616.9,72.0,82
702,63188,envy,1472.0,1977.7,252.9,7
703,3620468,Kaliber,1471.8,1591.2,59.7,112
704,5497226,GeraldDaGifafe,1471.3,1795.2,161.9,6
705,3334603,Geeky,1470.3,1601.6,65.7,73
706,1005245,SUPERSUISEIFAN312,1469.6,1696.3,113.4,19
707,1285194,trap queen,1469.2,1702.2,116.5,238
708,136738,Element,1469.2,1615.5,73.2,73
709,5512053,player 4,1469.2,1849.6,190.2,5
710,963186,Armed Robbery,1468.6,1581.9,56.7,95
711,1750296,Protean,1467.8,1571.5,51.8,433
712,4830852,Skip,1467.5,1560.7,46.6,165
713,151395,CTR | Sully,1467.0,1632.1,82.6,76
714,242533,BusinessGoldFish / kev_aROS,1466.8,1782.1,157.6,6
715,810259,GMBL | HugeUrsalunaLover901,1466.7,1821.2,177.3,4
716,1556407,セクシー | DrJulian,1466.4,1599.9,66.7,81
717,2530077,Bishop,1466.1,1575.1,54.5,141
718,3449915,B Team | BigDeripoFan23,1465.9,1565.1,49.6,156
719,128309,Joshathan Gamer,1465.7,1771.6,152.9,9
720,752382,CHP | Swish,1465.6,1626.1,80.2,54
721,1104029,Newplayer1,1465.3,1594.0,64.3,83
722,2460125,C.Y.,1465.3,1798.8,166.8,5
723,997342,716 | winters,1465.0,1578.7,56.8,109
724,1997837,Fal | ShockFire101,1464.4,1582.2,58.9,94
725,2614771,Mr.Bell,1463.7,1603.7,70.0,57
726,1017079,Chillshroom,1463.4,1582.0,59.3,82
727,1340386,Apollo?,1463.0,1619.1,78.1,64
728,1518438,SWR | Enriquethepigeon,1462.6,1631.0,84.2,184
729,36745,Tadeo,1462.5,1964.7,251.1,5
730,49302,WU | Peabnut,1462.2,2041.4,289.6,2
731,2915526,Hobo,1461.9,1591.5,64.8,53
732,2272295,LYM? | MM | Llama,1461.7,1577.6,58.0,96
733,5472688,KevinFundiesGod,1461.4,1871.3,204.9,5
734,1183244,chancla,1461.2,1589.9,64.3,104
735,2393166,adrian,1460.9,1569.9,54.5,103
736,185040,Aero,1460.6,1809.4,174.4,10
737,2086800,RISE | Union X,1460.6,1601.9,70.7,82
738,2178506,Swaggin | Disarming5,1460.0,1611.5,75.7,60
739,70832,Oatmeal,1460.0,1724.9,132.4,41
740,3804902,Donoxed,1459.4,1589.1,64.9,80
741,3199276,max,1459.3,1633.7,87.2,35
742,4533862,925 | GhostEchoH,1459.2,1580.1,60.5,75
743,1806336,magna259,1459.2,1628.3,84.5,53
744,2429045,Pringles,1459.1,1625.2,83.0,75
745,4293691,nunnyu,1458.4,1679.7,110.7,19
746,544213,Bakko,1458.4,1593.5,67.6,86
747,380159,IMP | Zaxel,1457.9,1837.0,189.5,155
748,174987,ඞ | Caststarman,1457.8,1611.6,76.9,72
749,129118,Prof3ssorMGW / Kiranchi,1457.1,1872.8,207.9,5
750,2191486,Let me be | Frankis,1457.0,1593.1,68.1,83
751,250040,ENC|MOB | LocalmanMatty,1456.8,1601.9,72.6,564
752,4907374,Squarish,1456.7,1587.0,65.1,75
753,1358283,CAT | MixyCat :3,1456.4,1603.8,73.7,80
754,3849122,MOB | GRNT | Chrin,1455.9,1745.2,144.7,9
755,1210633,NYU | Scout,1455.8,1607.7,75.9,65
756,1708272,Cheese,1455.5,1893.3,218.9,3
757,4569541,frame 1,1455.5,1967.0,255.8,3
758,5165038,SBPD | Revenge Tryhard V2,1455.4,1607.8,76.2,42
759,27007,Rocky,1455.2,1572.7,58.7,103
760,321425,Purity,1455.2,1888.9,216.9,7
761,4644446,Red Bull | LowIQRoy,1455.1,1658.9,101.9,23
762,1731974,Ryan,1455.1,1656.3,100.6,83
763,1810011,Yikes! ebs Kqt | FD,1454.4,1860.5,203.0,6
764,717897,JD4,1454.2,1844.3,195.0,6
765,3051948,G4G | Schmiggle,1454.2,1596.0,70.9,63
766,2431283,GRNT | Gatsby,1454.1,1822.2,184.0,7
767,2084157,PPA | Finraal,1453.8,1629.5,87.8,59
768,2455865,Agua,1453.6,1556.6,51.5,217
769,4124902,DC3 | InfernoJoePro,1453.5,1570.0,58.2,84
770,525095,GG | Fillie,1453.4,1924.4,235.5,4
771,2936084,.wav | Jsé (B),1453.3,1568.8,57.8,81
772,1304876,Jayrock,1453.1,1664.2,105.6,30
773,4584629,Ornik,1452.9,1566.2,56.6,206
774,1007420,KyleTM,1452.8,1579.5,63.4,124
775,2285565,Starlight | Styles,1452.8,1763.1,155.2,8
776,851857,ENC | SaladDressing,1452.7,1775.0,161.2,69
777,1011767,MBS | Sora_J,1451.5,1914.0,231.2,4
778,177352,ICYoyo,1451.3,1586.0,67.4,74
779,2130599,Badplayer シ | Cellist,1450.3,1595.6,72.6,43
780,250899,Sigma | | EightONine,1449.8,1867.4,208.8,31
781,5480483,Swagmaster,1449.3,1799.3,175.0,5
782,1053638,PVG | Kendriin,1449.0,1561.8,56.4,104
783,4780587,Kiro:),1448.6,1638.5,94.9,29
784,2375975,Team Vars | Vars,1448.4,1603.4,77.5,58
785,3755165,mikey,1447.6,1612.7,82.5,73
786,1362532,Wilsports |OUG | Sativa,1447.0,1870.8,211.9,4
787,1838937,dhar mann fam | Bawsome,1446.8,1967.2,260.2,2
788,1215186,Lubbock Christian University,1446.2,2132.6,343.2,1
789,4255289,DC3 | Babel,1446.2,1557.1,55.5,87
790,3852093,Lenny | Goat,1446.1,1574.2,64.0,77
791,937691,Jon,1445.9,1623.6,88.9,47
792,2054692,Nickel,1445.3,1742.2,148.5,7
793,2413328,GhostToad,1443.7,1687.9,122.1,12
794,5438682,Hung | Grey,1443.5,1899.0,227.8,2
795,3755681,Nation,1443.1,1909.4,233.1,2
796,3634128,DW | LuigiDood,1442.8,1583.7,70.4,50
797,3790903,.wav | Jawn Cena,1442.8,1542.6,49.9,174
798,760443,Palex,1442.5,1617.4,87.5,57
799,1035751,HK [ebs] | the filipino flow$tate.,1442.1,1808.0,183.0,4
800,1001254,Pride | Lioness,1441.9,1559.4,58.7,108
801,2024480,EVC | BB8,1441.7,1642.1,100.2,53
802,2141410,AHRC | Aminayski,1441.6,1549.4,53.9,138
803,3127720,connect | rina tennoji,1441.4,1594.7,76.7,38
804,5512295,Raptor,1441.0,1862.9,211.0,4
805,3553647,HoP | C.Y.B.E.RX,1440.5,1595.3,77.4,92
806,5198274,Bagelpotato,1440.5,1897.4,228.4,3
807,211775,luca,1439.1,1890.1,225.5,3
808,2100389,SU | ethbeast,1438.2,1593.2,77.5,45
809,1820508,UNCG | Chugs,1437.8,1781.0,171.6,8
810,3220848,Kelvin,1437.7,1600.4,81.4,84
811,5305119,kliesen (B),1437.6,1725.0,143.7,6
812,128671,QueVeen,1436.9,1649.4,106.3,38
813,4506165,I am | Sneakers OToole,1436.8,1594.1,78.7,40
814,157352,SYE | The Real Mr. M,1435.6,1565.3,64.8,74
815,2877321,BBG/SBU | a3r0space,1435.4,1698.9,131.7,16
816,391283,AWG | Silver X,1434.7,1548.6,56.9,129
817,402419,BCe | Galactic Papi,1434.5,1625.7,95.6,25
818,1584208,YorzTruly | Links,1434.0,1565.3,65.7,93
819,1118338,DAD | Quack,1433.6,1707.9,137.1,9
820,2197178,Mage | CptSparrow,1433.5,1532.3,49.4,157
821,40508,10K | Arturito Burrito,1433.4,1557.7,62.1,70
822,15187,Ho3K | HelpR,1433.1,1671.3,119.1,80
823,1389846,Kazuto,1432.8,1568.9,68.0,117
824,4891104,Crowe,1432.4,1563.2,65.4,79
825,4949496,SBU | Neso,1432.3,1544.5,56.1,84
826,1807403,Ace,1429.9,1572.7,71.4,86
827,1507971,NikShadow,1429.5,1611.8,91.2,75
828,2929199,oddeyes,1429.4,1559.9,65.2,85
829,2263562,WE OUTSIDE | YoshiSonic,1429.2,1625.7,98.2,82
830,3432322,NELSON (ネルソン),1429.1,1525.9,48.4,368
831,1522320,PaulGaming | Flora,1428.9,1573.3,72.2,77
832,5212230,Chamezz,1428.7,1614.0,92.6,32
833,1150910,Gadzooks! | BalcoBops,1428.7,1617.8,94.6,81
834,5372867,player 4,1428.7,1765.6,168.5,5
835,2106910,EVIL MEDINA,1428.1,1643.5,107.7,19
836,1716091,Jockeylou,1428.0,1579.2,75.6,44
837,1175582,CarBev | Moo!,1427.8,1634.8,103.5,78
838,3875087,muimui,1427.7,1572.1,72.2,73
839,356588,DNY | EMW2 | jeremy,1427.6,1784.9,178.6,4
840,328844,Do Good | Crowhei Ohtani,1427.5,1563.9,68.2,83
841,1510669,NotBae,1427.1,1734.3,153.6,70
842,325777,MOB | COLD,1427.0,1695.5,134.3,207
843,3549054,SMTH | neo!,1426.9,1800.4,186.8,3
844,1556770,Gamer,1426.7,1781.4,177.3,11
845,160272,BAE | YBBurrus (Note),1426.6,1701.3,137.3,11
846,2162955,Keat,1426.4,1739.8,156.7,6
847,3205259,SSS | dbfc | Bardock,1426.2,1603.7,88.8,74
848,294988,ESG | JAYDASH,1426.1,1543.1,58.5,92
849,840569,EnviableAce,1425.4,1578.0,76.3,83
850,2383086,HVI | HermanVI,1425.1,1560.0,67.4,61
851,1246252,DUSK | Pugi,1424.8,1766.4,170.8,10
852,2266169,CU | JINX,1424.4,1555.5,65.6,102
853,2673391,ZRG/SMFN/FS | Habibi,1424.3,2093.3,334.5,1
854,1914833,Hobart,1424.3,1592.6,84.2,75
855,3220447,LCU | Troy,1424.0,1833.5,204.7,6
856,735414,DTN | Aero,1423.6,1532.6,54.5,611
857,831619,SMT,1423.2,1579.5,78.1,79
858,2291502,YBG | GayDelQueero,1421.7,1743.0,160.6,6
859,262394,Council | Vernias,1421.1,1614.8,96.8,53
860,4937913,Andres :3,1420.8,1574.8,77.0,55
861,392187,R+/PSP | FalconXD,1420.6,1568.0,73.7,57
862,5532842,Wilsports | Queen,1419.9,1724.4,152.3,7
863,5126819,player 4,1419.5,1830.8,205.7,3
864,55893,SMB / Glare,1419.2,1700.7,140.8,11
865,2461532,EGF | Roundens,1418.9,1538.7,59.9,100
866,4155854,Cross,1418.8,1817.4,199.3,6
867,40136,ENC | Shyguy,1418.3,1569.9,75.8,602
868,35065,Artisan,1418.1,1794.8,188.3,132
869,3846993,C1W | kimbee,1417.1,1620.4,101.6,32
870,2539081,Admin,1417.1,1609.5,96.2,70
871,1264536,Hareta,1416.8,1778.7,180.9,7
872,551048,PBJ | zeusie,1416.7,1555.8,69.5,66
873,2195082,MemeMasterM,1416.6,1561.9,72.7,93
874,2406428,MeatBurger,1416.5,1804.0,193.7,3
875,1597032,Hague,1416.5,1550.1,66.8,86
876,1069395,NS | Zoboomafoo,1415.7,1758.6,171.4,10
877,1003263,Sailor Jess,1415.4,1723.7,154.1,8
878,1250027,SnappleOK,1415.3,1576.1,80.4,84
879,1398595,Brok3n,1415.2,1632.4,108.6,46
880,5158343,player 4,1414.8,1864.2,224.7,2
881,673048,Morly!,1414.5,1886.0,235.8,2
882,467446,LoKi,1414.3,1930.1,257.9,3
883,1541586,Free KayFlock / Monte,1413.6,1851.3,218.9,2
884,3500797,Tobi,1413.4,1561.3,74.0,95
885,1993120,C2F | Watherum,1413.1,1886.4,236.7,6
886,181106,Billy Schilly,1412.0,1905.7,246.9,3
887,3359738,Frame1,1411.8,1851.3,219.8,4
888,358859,CHV | | ligarachi,1411.7,1612.9,100.6,76
889,1183424,OUG | MAMMOTH,1411.6,1690.8,139.6,11
890,1564320,Bozo,1411.5,1837.4,213.0,6
891,1350627,SYN | Undeadbraindead.,1411.5,1825.2,206.9,5
892,1349965,Strawbz,1411.3,1545.8,67.3,89
893,4514349,Rozzler | Jeremy,1411.0,1633.0,111.0,25
894,1582158,AUSTI,1410.9,1530.2,59.7,87
895,2148044,Supah,1410.6,1841.7,215.5,2
896,184112,LR | Brad,1410.1,1549.1,69.5,55
897,5208172,4SW | SASS-CHAN,1410.1,1663.3,126.6,11
898,1954010,toad (B),1409.8,1534.0,62.1,323
899,1624931,Bionicle,1409.8,1742.2,166.2,17
900,1449684,MG | Solarose,1409.5,1860.3,225.4,2
901,4907386,Otaku,1409.4,1682.5,136.6,9
902,1193133,TC | Sky,1409.2,1666.4,128.6,21
903,2447845,SmU5h | Buddah__0,1408.7,1612.0,101.6,26
904,1612820,Pink Cage,1408.5,1822.3,206.9,7
905,71594,Arch,1407.7,1701.8,147.1,39
906,592441,MysticJinx,1407.2,1728.0,160.4,9
907,3622068,MSU | RDOT,1406.6,1515.7,54.6,130
908,3892085,Gingy,1406.4,1605.0,99.3,24
909,241916,zook,1405.3,1813.6,204.2,5
910,1713130,LXX,1405.1,1624.0,109.4,21
911,1219109,Kdawg,1404.8,1737.0,166.1,5
912,2076982,WW | Abida,1404.3,1649.7,122.7,15
913,2196831,cmeonline,1404.1,1548.0,71.9,189
914,2108067,H0es Mad,1403.7,1731.5,163.9,5
915,1800430,YHWH | Attaboytom,1403.6,1563.4,79.9,203
916,26047,Brave,1403.1,1636.5,116.7,68
917,138314,Gonezo / Zage,1402.8,2063.7,330.5,1
918,151544,loquacious | Smirk,1402.8,2063.7,330.5,1
919,3799114,Quidd,1402.1,1860.6,229.3,5
920,3235222,Thewillinator,1401.3,1562.6,80.6,37
921,5457274,Amdaggle,1401.2,1770.9,184.9,3
922,2310084,stress,1400.9,1536.3,67.7,77
923,594904,vlz,1400.6,1536.6,68.0,91
924,2650282,OGS | Never,1400.1,1527.1,63.5,68
925,738501,ABY,1399.8,1692.0,146.1,9
926,791449,dannyqw1,1399.5,1711.9,156.2,7
927,753836,3D | Juuuuul,1399.3,1878.1,239.4,8
928,1505876,CloudX,1398.8,1802.0,201.6,4
929,233010,Syrup / nicklebackair,1398.7,1727.1,164.2,5
930,4319214,Jack :),1398.5,1841.9,221.7,2
931,2094099,Elbarouki_TM,1398.2,2051.7,326.8,1
932,3654410,SCCS | Equal,1398.0,1549.7,75.9,68
933,231718,Dralro,1397.6,1586.1,94.2,24
934,1347812,Ruden 15,1397.4,1585.4,94.0,70
935,1708879,TDV/B Team | Zedare,1397.1,1502.6,52.7,124
936,2843407,Vyper,1396.8,1798.1,200.6,3
937,57875,XenoZero | DarkBlues,1395.9,1857.2,230.7,5
938,2867051,UNH | Breb,1395.8,1548.3,76.3,88
939,442000,HEYO | MojoGameSlayer,1395.7,1949.6,276.9,2
940,1663928,Brony,1394.9,1677.0,141.0,9
941,2144550,Naji,1394.8,1594.0,99.6,19
942,2531076,HSG / SCB | BlitzThunderFGC,1394.6,1713.6,159.5,6
943,4177411,RSGabe,1394.5,1572.5,89.0,84
944,1809196,Lanxum,1393.7,1527.5,66.9,58
945,1780695,LBE | Raybands,1393.6,1510.3,58.4,100
946,2148803,PAG | SRN | Trapsef,1392.4,1571.5,89.6,108
947,1413210,WHS | Tabpol,1391.9,1612.4,110.3,18
948,538495,Lemony Bard,1391.1,1541.6,75.3,63
949,2205145,MOUNT | WRLD | YC,1390.4,1607.5,108.5,19
950,4177516,DC3 | Hashira,1390.2,1503.7,56.8,82
951,1788496,DVNT | L.A.W,1389.4,1689.8,150.2,8
952,1154537,Matcha,1388.9,1727.7,169.4,4
953,2372868,勝利 | Bloofy,1388.8,2070.3,340.8,1
954,3963491,Memeguel,1388.8,2070.3,340.8,1
955,1127013,Thomas,1388.6,1749.9,180.6,7
956,1399266,B-) | Mcccc,1388.2,1699.7,155.7,8
957,1739380,poobadooba,1387.6,1550.0,81.2,58
958,3645381,dr perky,1387.6,1556.1,84.3,58
959,1669160,Mr.Stein,1387.2,1535.8,74.3,92
960,1175885,stinky3,1386.8,1598.0,105.6,35
961,3775089,Armor_abs_krabs,1386.8,1494.7,54.0,105
962,1377718,Agua,1386.7,1629.3,121.3,16
963,1002633,Roses,1386.6,1698.8,156.1,7
964,2538873,Kuranosuke,1386.0,1581.1,97.6,52
965,3190682,JACKBOYS / EO | Fenris,1385.7,1676.6,145.5,7
966,1941930,Slanderous,1385.4,1547.9,81.3,55
967,29243,ENC | Jaku,1385.1,1762.5,188.7,102
968,244598,PSG | balls,1384.8,1616.8,116.0,142
969,1184572,SMFN | bee,1384.8,1885.6,250.4,3
970,4996735,peacesnail,1383.5,1699.7,158.1,6
971,1274160,CCS | Stoic,1383.3,1538.2,77.4,79
972,4631033,Gio,1383.1,1857.3,237.1,2
973,1423742,ZASE GOAT | Raynbow,1382.7,1504.5,60.9,86
974,3799132,Charles,1382.3,1728.3,173.0,16
975,1082920,KML | electrode,1382.2,1665.7,141.8,15
976,1187549,Not | L7ogz,1381.6,1808.8,213.6,4
977,58702,WhyDo,1380.9,1971.2,295.2,2
978,3120894,NotBae,1379.8,1837.8,229.0,5
979,1771679,ZeroTwoNone,1379.8,1839.0,229.6,5
980,53639,Ho3K | Dill,1379.5,1871.9,246.2,6
981,3576637,샤인Burst,1379.1,1899.0,260.0,4
982,45563,Flumey,1379.0,1505.0,63.0,79
983,1124116,WAR | CYNNNN,1379.0,2015.8,318.4,1
984,1019781,emtea,1379.0,2015.8,318.4,1
985,1493023,Humza,1378.9,1505.4,63.3,77
986,1620949,Potato,1378.7,1872.7,247.0,6
987,3094941,MOB | Stelter,1378.6,1830.7,226.1,5
988,445410,skies,1378.0,1556.0,89.0,49
989,4442837,SuperStuyBros. | wwwrghqhg,1378.0,1637.2,129.6,9
990,1387241,TheFizzledPop,1377.8,1579.7,101.0,32
991,1419645,ArchAngel,1377.4,1771.2,196.9,4
992,2409203,Big Oil | Demi,1377.3,1823.7,223.2,2
993,160229,Vent / innoxia,1377.1,1606.0,114.5,95
994,680796,GOATED ESPORTS | LooseGrip,1376.5,1532.8,78.1,48
995,2988252,SU | Eightooooooobears,1373.8,1571.2,98.7,28
996,130693,J64,1373.6,1812.9,219.7,3
997,2390508,DKM | Shelltore,1373.5,1715.9,171.2,4
998,3533676,Maidenless | Shokaizo,1373.1,1620.6,123.8,9
999,1212228,Venture,1372.9,1541.1,84.1,60
1000,576270,Tai / Dolan,1372.8,1851.8,239.5,4
1001,2496625,URI | DYL,1372.6,1609.3,118.4,31
1002,179750,Dagel,1372.4,1519.0,73.3,51
1003,3035217,Alatreon,1372.4,2004.5,316.1,1
1004,490956,Jboss,1372.2,1729.0,178.4,6
1005,3379702,BORP!,1370.7,1538.3,83.8,23
1006,3815754,tex,1370.3,1735.5,182.6,6
1007,4934787,Lord Santo,1370.3,1496.2,63.0,78
1008,3215396,ECSU | Labyrinth,1370.3,1545.0,87.4,41
1009,49835,Nuggetz,1369.9,1767.5,198.8,4
1010,415239,Pong,1369.8,1571.9,101.1,66
1011,1639462,Epoqua,1369.4,1514.7,72.6,68
1012,5427022,DIWA | Rocket Man,1369.4,1703.4,167.0,5
1013,321802,Kemu,1368.6,1574.3,102.9,20
1014,1680430,LCU | Spritzy,1368.5,2049.2,340.4,1
1015,1541066,Colorondo8,1367.8,2025.0,328.6,1
1016,1929431,NE NS Poirier | Saloum,1367.5,1807.0,219.7,2
1017,1819791,Puffles,1367.4,1531.2,81.9,34
1018,1188970,DF | kirby509,1366.9,1862.7,247.9,4
1019,1556722,Monkey-nut,1366.8,1686.6,159.9,5
1020,1034801,DEWM | Hailfire,1366.5,1509.7,71.6,358
1021,1259101,Aether_Draws,1366.2,1550.6,92.2,72
1022,4545833,WAA | Diplo?,1366.2,1625.0,129.4,11
1023,370861,Sinai | Zenkai,1365.9,1801.7,217.9,17
1024,545018,Retrobot,1365.2,1768.1,201.4,3
1025,4438598,Stelter,1365.2,1715.9,175.3,8
1026,1581800,PSG | BroKen,1365.0,1783.2,209.1,5
1027,796091,12G | Gene,1364.9,1547.1,91.1,79
1028,1667663,FzP | Genki,1364.5,1561.6,98.6,44
1029,208120,nullus,1364.5,1775.1,205.3,3
1030,1172410,Seeker,1364.2,1795.4,215.6,3
1031,158026,FaZe | Sparg0,1363.6,2028.2,332.3,2
1032,175851,Piggy,1363.1,1538.7,87.8,62
1033,129373,MOB | WontonWarrior,1362.4,1540.9,89.3,409
1034,2421971,santapacman,1362.3,1699.8,168.7,5
1035,1487050,Toon On Deck,1361.8,1798.0,218.1,4
1036,1593729,SwimTank | MOB | the drink,1361.1,1468.8,53.8,929
1037,1073728,CnF | Cube,1360.9,1768.6,203.9,4
1038,69738,808,1360.8,1603.4,121.3,18
1039,1307109,CHP | Razzly,1360.8,1531.7,85.4,69
1040,2717095,Gumbolaya,1360.4,1580.9,110.2,15
1041,1196985,DWG | Toxzis,1360.1,1560.8,100.4,22
1042,1285997,PPB | Tone,1359.9,1494.2,67.2,86
1043,1085549,Judas Jackrabbit,1359.5,1472.1,56.3,143
1044,4605955,RISE | Juno,1359.3,1536.1,88.4,44
1045,3035358,UC | Absol-ute,1359.2,1978.0,309.4,2
1046,26535,cab,1359.2,1657.5,149.2,6
1047,588721,Mr.Lgx,1359.1,1686.8,163.9,6
1048,2426185,iyerv,1358.7,1830.3,235.8,2
1049,3639835,Williamm201 / viktor vaughn,1358.5,1701.7,171.6,9
1050,4497181,Bloom | K80,1358.4,1660.1,150.9,7
1051,3787480,Neko-IRL,1358.2,1516.8,79.3,61
1052,5206306,TCG | Friend,1358.2,1970.9,306.3,1
1053,2208713,backpak72,1358.0,1521.6,81.8,60
1054,282072,supermario,1357.2,1752.0,197.4,4
1055,1832687,MEDINA,1356.5,1536.7,90.1,29
1056,3804749,Scamitai,1356.3,1489.0,66.3,77
1057,650168,EON | Walla,1355.7,1685.1,164.7,23
1058,16108,DA|EMP | Wes,1355.4,1509.7,77.2,37
1059,955403,Nefarox,1355.2,1507.4,76.1,75
1060,1545250,TF | 3H | Explodypan,1355.1,1771.1,208.0,3
1061,2429572,relyKD,1354.9,1517.7,81.4,56
1062,1356904,NPT | Nikolai,1353.9,1973.2,309.6,1
1063,2255194,GodEhisZilla,1353.9,1973.2,309.6,1
1064,3510360,Sumner,1353.7,1466.6,56.4,102
1065,4183780,DC3 | JoyconJack,1353.6,1461.0,53.7,96
1066,318349,KGP | Rex,1352.9,1750.4,198.8,5
1067,1465948,FC | BÄ$H,1352.9,1560.3,103.7,21
1068,5538357,BLZE | 6:00am,1351.4,1699.5,174.0,5
1069,1603236,Neku (B),1351.1,1522.8,85.9,37
1070,987579,Sinai | Player 4,1351.1,1829.1,239.0,3
1071,1208753,Agua,1350.4,1612.1,130.9,78
1072,1496687,RAW | Pseudo,1350.3,1639.6,144.6,8
1073,1778344,Apricorn,1350.1,1569.5,109.7,26
1074,606601,GRNT | Conman,1349.9,1802.8,226.4,2
1075,2524731,REV | LevelOne,1349.0,1565.9,108.5,111
1076,3631801,domisBUGGIN22,1348.8,1493.5,72.4,134
1077,1714454,hotel Pneumario,1348.8,1512.7,82.0,58
1078,709923,SBU | JetFire,1348.2,1462.8,57.3,108
1079,1272848,ShyTy,1348.0,1497.6,74.8,84
1080,2034711,NXM | scott,1347.8,1822.5,237.4,2
1081,331195,MikeMM,1347.7,1634.2,143.2,30
1082,609169,Navi,1347.7,1560.0,106.1,22
1083,1340702,CHP | Mang0 fan,1347.6,1664.3,158.4,15
1084,3800500,Aero,1347.5,1836.3,244.4,4
1085,1406590,585Z | Shotglass,1347.3,1604.0,128.3,12
1086,2999161,ChubbyWanaSoup,1346.9,1508.9,81.0,71
1087,2134062,OC | Gae Bolg,1345.9,1770.3,212.2,3
1088,2271553,SSS | Kona,1345.5,1477.1,65.8,88
1089,2633734,KC | Dr. Rage,1345.3,1778.0,216.3,4
1090,1016436,yaki,1345.2,1952.2,303.5,1
1091,60764,dans undertale,1345.2,1952.2,303.5,1
1092,3512075,Fal | DragonEmperorLuke,1345.2,1481.0,67.9,74
1093,1321137,Chimi,1345.1,1817.3,236.1,5
1094,2877269,Jermball,1345.1,1484.0,69.5,71
1095,426564,MBS | Ethab Taxi,1345.0,1551.7,103.4,23
1096,3804746,YoshiAwesum,1344.9,1456.4,55.8,92
1097,1065790,SM | iNsane,1344.9,1741.9,198.5,44
1098,4755410,Shut,1344.8,1754.3,204.7,4
1099,1266027,Boodabam,1344.8,1961.1,308.2,1
1100,225482,TerraBoy,1344.7,1540.3,97.8,28
1101,4496421,Stelter,1344.1,1763.9,209.9,5
1102,300502,Ouch!?,1343.9,1945.9,301.0,1
1103,5138454,Da Birb,1343.9,1631.8,144.0,8
1104,1021228,Mailman,1343.7,1640.9,148.6,8
1105,3446579,B.Y.,1343.6,1544.9,100.7,30
1106,1210160,PalmFire,1343.6,1471.8,64.1,86
1107,1581726,Zacto / triscuit,1343.5,1762.2,209.3,3
1108,520996,Tal / Onii-chan,1342.9,1815.9,236.5,5
1109,3857154,FORTNITE,1342.5,1480.4,69.0,71
1110,4510032,OG | MariozFigs (B),1342.3,1516.9,87.3,30
1111,2651174,BLOOM | NOBODY WINS BUT I!!!,1342.1,1447.7,52.8,150
1112,1841371,Mustard | Cozy K.(A),1342.0,1507.8,82.9,58
1113,2657366,Sin | Plants,1341.9,1654.4,156.3,7
1114,1525027,VχD | ECHRO,1341.5,1455.2,56.9,99
1115,655986,Wilsports | Wiloo,1341.5,1841.9,250.2,2
1116,4384815,G.O.A.T. | Lenny,1341.0,1786.1,222.6,3
1117,3768228,stead_fest,1340.9,1622.7,140.9,8
1118,1393892,Charles,1340.9,1794.5,226.8,9
1119,3018924,4Karina | ButteryTheBest,1340.8,1527.5,93.4,34
1120,15609,DS | Black Tiger,1340.7,1715.5,187.4,4
1121,943156,Alternis,1339.9,1755.1,207.6,6
1122,577153,SKRA | PPA | Riflip,1339.6,1723.9,192.1,35
1123,4152160,derptheherp101,1339.6,1751.4,205.9,5
1124,1308403,Wise,1339.2,1715.6,188.2,6
1125,2537818,tymo(B),1338.9,1488.1,74.6,38
1126,71122,SI | SMFN | Save,1338.8,1845.5,253.3,2
1127,5221104,Komatsu,1338.7,1935.0,298.1,1
1128,4443894,SuperStuyBros | Danielisbadatlife,1338.7,1484.7,73.0,65
1129,533304,Troll_Tactics,1337.9,1488.0,75.0,68
1130,1529692,Virtual Zorua,1337.5,1613.0,137.8,9
1131,2559138,Halal Joker,1337.2,1658.8,160.8,9
1132,5522625,Kraiz,1337.1,1737.8,200.4,3
1133,160068,!== | tropidolaemus,1337.0,1464.8,63.9,141
1134,4907379,Isoboijr,1336.8,1472.5,67.8,75
1135,4907380,Isobrettk,1335.8,1473.1,68.7,76
1136,2751173,kacy,1335.6,1504.7,84.5,62
1137,2336552,JLQ | lalo,1335.4,1448.9,56.7,91
1138,1151464,AG,1335.3,1805.0,234.8,8
1139,1012830,APE | WEEGEE,1334.8,1534.7,100.0,21
1140,3408716,qwimm,1334.4,1456.0,60.8,96
1141,61785,G5 | Jack777,1334.3,1749.8,207.8,24
1142,3618739,oscarwildefan69,1334.3,1483.0,74.4,65
1143,1802554,WORM | DP3 | iman,1334.3,1510.7,88.2,40
1144,811118,Rigz / Kiranchi,1334.2,1843.4,254.6,8
1145,342452,ID | Ironbrand,1334.0,1540.3,103.1,52
1146,1147275,FrBz | CookieKing,1333.9,1859.0,262.6,3
1147,4773,Phish-it,1333.7,1757.0,211.6,11
1148,1012831,Ho Chi ZYN,1333.6,1547.7,107.1,44
1149,2670395,Cheesecake,1333.2,1713.8,190.3,5
1150,3124553,Enharmonic,1333.0,1470.4,68.7,112
1151,2473421,SwissWriter (B),1332.7,1455.8,61.5,144
1152,1918196,CarBev | Theredrussian1,1332.7,1496.8,82.1,67
1153,1478785,GSP | Nomil,1332.5,1534.1,100.8,71
1154,2042112,Rockstar,1332.1,1509.8,88.8,20
1155,1738,Seibrik,1331.8,1821.8,245.0,2
1156,3474439,dark,1331.6,2021.4,344.9,1
1157,1401818,Jefff,1331.3,1713.5,191.1,70
1158,4709567,Dr. Dior,1331.2,1700.0,184.4,5
1159,1819868,Nisan,1331.2,1513.7,91.2,75
1160,2676871,Fal | Eliminate,1331.0,1460.3,64.7,75
1161,1405107,TWR | Saro,1330.5,1808.2,238.9,2
1162,1641546,Queso,1330.1,1785.6,227.8,2
1163,2554031,BEEF,1329.4,1923.6,297.1,1
1164,2638518,REV | Brayden,1329.1,1504.8,87.9,71
1165,1706668,CU | ivy,1329.1,1624.4,147.7,9
1166,470281,FzP | freaky,1328.7,1503.6,87.5,61
1167,173403,NU | Lui$,1328.5,1942.9,307.2,1
1168,58876,NUKE512,1328.5,1879.4,275.4,3
1169,129976,C2F | Tarzan,1328.3,1481.2,76.4,102
1170,1541123,PawnMaster,1328.2,1772.6,222.2,3
1171,71480,InC | Cyberman65,1328.1,1585.3,128.6,38
1172,2111593,Koozu,1327.2,1501.9,87.4,85
1173,3107231,POP Smash | Zucaritas03,1326.9,1476.3,74.7,141
1174,1492978,UNCG | BB | Endothia,1326.6,1946.1,309.8,1
1175,5326242,humiliated.,1326.2,1750.5,212.2,3
1176,1837685,Mythos,1325.9,1913.5,293.8,1
1177,2890940,djb | Gatsby,1325.9,1808.7,241.4,5
1178,573408,SIDEB | AI,1325.3,1810.5,242.6,5
1179,3018358,Jmander,1325.2,1445.8,60.3,94
1180,1277941,Hollow,1324.9,1540.1,107.6,20
1181,1616625,QTN | soap,1324.8,1461.5,68.4,121
1182,1971465,AOC | Dededenied,1324.8,1715.5,195.4,7
1183,1202531,Yuri,1324.6,1919.5,297.5,1
1184,3096438,Marky Mayhem,1324.6,1480.8,78.1,62
1185,1990254,Yoyo | SoP | benny,1324.5,1485.9,80.7,77
1186,325489,KB2 / minT,1323.9,1750.2,213.2,4
1187,1332765,Asimo / Hurt,1323.8,1799.2,237.7,2
1188,368692,TSG | M. Dre,1323.7,1592.2,134.2,54
1189,220433,Hawk,1323.6,1691.4,183.9,6
1190,249354,GG | Stocktaker69,1323.4,1762.3,219.4,4
1191,1047497,NYU | Pakman,1323.3,1512.1,94.4,60
1192,1395261,Dolan,1323.0,1729.6,203.3,3
1193,345629,PCNinja,1322.7,1602.7,140.0,58
1194,4936278,SAMBA,1322.2,1493.7,85.8,37
1195,1854066,Sh0wers,1322.1,1508.2,93.1,59
1196,2517985,ORBR | Stargen,1322.0,1481.7,79.9,58
1197,3345718,SHU | PickleGuy77,1321.6,1449.8,64.1,162
1198,991550,PhDream,1320.8,1887.9,283.6,2
1199,2409642,MU | IgnitisJr,1320.6,1697.0,188.2,4
1200,2550511,ChromaBPD,1320.4,1440.6,60.1,112
1201,720319,DSFC | Silvio,1320.2,1758.3,219.0,6
1202,1588293,XDDD,1320.0,1813.7,246.8,6
1203,3117153,WattMex,1319.9,1479.3,79.7,74
1204,3799112,Cee,1319.7,1696.7,188.5,11
1205,3760690,balls,1319.7,1740.7,210.5,5
1206,5297919,Cinosix,1319.6,1466.1,73.2,47
1207,1195749,Jek,1319.5,1616.0,148.2,28
1208,4514865,Citrinz,1319.3,1504.3,92.5,41
1209,3703506,OB | Slurps,1318.9,1469.4,75.2,69
1210,4681049,GutBustr,1318.7,1456.4,68.8,129
1211,4465414,N25>.< | MikuMikuBeam>-<,1318.5,1427.0,54.2,123
1212,1511455,JonJT,1318.4,1759.2,220.4,2
1213,3920247,Raptor,1317.6,1731.6,207.0,5
1214,400199,Alting,1317.4,1641.5,162.1,6
1215,374706,eevee den | GME,1317.3,1708.8,195.7,5
1216,1067158,Rhyno,1317.0,1752.1,217.5,4
1217,2551609,KidSickarus,1316.9,1768.7,225.9,4
1218,1738588,Jdenator,1316.7,1682.5,182.9,4
1219,1158594,PBO | LanceSword,1316.3,1510.5,97.1,41
1220,2877401,Desyrée,1315.6,1524.1,104.2,64
1221,3933918,BMW | WitherLead (A),1315.5,1591.2,137.9,9
1222,3315641,Team red | Ajred,1315.4,1535.0,109.8,75
1223,1166622,SYN | ram,1315.4,1755.9,220.2,4
1224,2392742,Venrid,1314.6,1481.2,83.3,90
1225,4328687,CAL | Cochino,1314.2,1614.1,150.0,6
1226,1123299,Bandey,1314.0,1781.3,233.7,2
1227,610275,Birch,1313.9,1525.3,105.7,68
1228,2982200,Kyoma(A),1313.6,1470.7,78.5,75
1229,279308,NYU | ANS | SN34KZ,1313.4,1646.0,166.3,6
1230,2609146,THE BOIS | Imapotato,1313.3,1438.2,62.5,141
1231,509699,Jintus,1312.8,1730.9,209.0,5
1232,4928847,BB8,1312.7,1769.5,228.4,4
1233,1841728,MMG+ | jarbsnoanime,1312.6,1770.1,228.7,2
1234,2462562,Astor,1311.6,1618.2,153.3,9
1235,5222732,1999 | gnab,1311.3,1739.4,214.0,2
1236,2553881,MG | Abs0lution,1311.3,1442.3,65.5,81
1237,1176894,Samatron,1310.8,1475.0,82.1,61
1238,752837,Bomb Squad NYC | [A] Tortoise Knight,1310.0,1468.5,79.3,53
1239,1673862,RANDOM / iNsane,1309.5,1757.4,224.0,7
1240,250635,CS | MaverickHunter,1309.2,1626.1,158.5,6
1241,1123722,Moof,1309.1,1775.3,233.1,4
1242,1062062,MoonCake,1308.8,1488.3,89.7,73
1243,1296443,sentry | stubborn,1308.8,1522.7,106.9,58
1244,3804857,Tane,1306.9,1749.3,221.2,2
1245,4405594,kyza,1306.9,1482.4,87.8,42
1246,1554487,Potassium | GeneralChimp,1306.7,1768.1,230.7,2
1247,5478363,thuang14,1306.6,1473.5,83.5,26
1248,137600,Z / Smokk,1306.5,1924.9,309.2,1
1249,1154271,Mixed race doubles?!,1306.5,1530.5,112.0,65
1250,63270,crisspy,1306.3,1797.1,245.4,6
1251,5283519,shadinx,1306.2,1731.8,212.8,2
1252,2931613,work in progress,1306.1,1895.7,294.8,1
1253,555736,Efeo,1306.0,1864.3,279.2,1
1254,2933000,Fantasy,1305.8,1480.7,87.5,78
1255,3730349,balls,1305.2,1691.7,193.2,7
1256,2466509,CV | Thale_X,1304.9,1409.1,52.1,404
1257,935201,TheHunter657,1304.9,1839.3,267.2,2
1258,1311080,boing | En,1304.9,1450.7,72.9,61
1259,1039246,LD | Hino,1304.8,1890.4,292.8,1
1260,1428264,UTD | Clue,1304.8,1890.4,292.8,1
1261,180459,Fence,1304.7,1744.5,219.9,5
1262,970175,2K4D,1304.6,1453.8,74.6,126
1263,2232183,DO | Sprinkle,1303.9,1787.9,242.0,2
1264,4902619,cmeonline,1303.8,1721.1,208.7,4
1265,2688400,BELL ST. | Sandwich9k,1303.6,1461.7,79.1,62
1266,27072,Dyspro,1303.1,1514.9,105.9,106
1267,1683188,Vega,1302.5,1929.0,313.3,1
1268,571024,2KM | GCR | Fendeavor,1302.2,1951.5,324.7,1
1269,1043822,Vestation,1302.2,1568.0,132.9,79
1270,1072598,thanos car,1301.6,1865.2,281.8,2
1271,2239925,TXC | JustRice15,1301.3,1471.4,85.0,31
1272,12385,LGBTQ+ | Chess,1300.9,1718.0,208.5,29
1273,952647,AGN | UtopiaFGC,1300.6,1797.0,248.2,3
1274,147738,Ralphie,1300.6,1574.1,136.8,65
1275,29244,DK DAN,1300.4,1693.9,196.7,51
1276,862970,muscle milk,1300.4,1461.0,80.3,83
1277,20915,On Cap No God,1300.3,1675.7,187.7,8
1278,182850,Steezy,1300.2,1637.4,168.6,9
1279,2114774,Fantasia,1299.1,1878.0,289.5,1
1280,540911,Arctice,1298.9,1784.0,242.5,2
1281,1193981,WFF | Minty,1298.4,1415.6,58.6,102
1282,3693691,AndrewAJT,1298.3,1485.2,93.4,43
1283,965657,天 | LumiNavi,1297.6,1444.2,73.3,82
1284,4956718,frostypo,1297.0,1857.0,280.0,1
1285,1147356,Jangmoo,1296.8,1752.7,228.0,2
1286,2091533,SFA | Maxwell,1296.8,1666.5,184.8,4
1287,70634,RE | Ex-SOLDIER,1296.6,1837.0,270.2,3
1288,1739347,Treyko,1296.5,1443.3,73.4,75
1289,1459868,Re: VexZan,1296.1,1395.1,49.5,184
1290,2670382,Owser,1295.9,1451.5,77.8,78
1291,1581758,LCU / SmU5h | elijmin,1295.8,1776.9,240.6,3
1292,1018822,Rockin Jr.,1295.5,1439.3,71.9,76
1293,2084268,SBU | Griever,1295.0,1491.9,98.4,51
1294,1722507,Calamity,1295.0,1733.6,219.3,4
1295,1548191,BlassTD,1295.0,1830.0,267.5,2
1296,2723492,Drag0,1294.9,1784.3,244.7,2
1297,3310885,Juni,1294.9,1764.8,234.9,2
1298,3705970,IceDweller,1294.8,1429.1,67.1,77
1299,1497028,PM745,1294.8,1847.2,276.2,3
1300,1587188,[REDACTED],1294.6,1456.2,80.8,47
1301,1584997,UCI | ara,1294.5,1718.3,211.9,3
1302,3554576,mio,1294.4,1947.0,326.3,1
1303,278696,KAO,1293.8,1972.0,339.1,1
1304,2187092,.wav | GIGGITY,1293.5,1735.7,221.1,3
1305,5659,WVU,1292.6,1923.7,315.5,1
1306,5452098,Nibl,1292.5,1838.7,273.1,3
1307,2251188,break_a_leg,1292.5,1511.3,109.4,17
1308,5002193,player 4,1292.0,1741.1,224.5,2
1309,4299622,LatestSunlight,1291.8,1475.1,91.6,63
1310,3308794,Iona | Lubando,1291.5,1636.7,172.6,9
1311,1340246,GENOKING,1291.4,1746.6,227.6,3
1312,3477113,URA | | Bronze,1291.2,1424.4,66.6,114
1313,1117250,BiscQuit,1291.1,1686.9,197.9,3
1314,1736732,C-Moon,1291.0,1492.7,100.9,69
1315,4654382,Walla,1290.9,1594.5,151.8,7
1316,1911271,FS | Amir,1290.8,1603.4,156.3,7
1317,1467470,Notku,1290.7,1827.6,268.5,2
1318,344679,ΘF | Ginja,1290.4,1434.5,72.1,135
1319,1898936,Ashen,1290.3,1780.2,245.0,6
1320,205609,IMMRTL | Drevis,1290.2,1735.1,222.4,2
1321,2667479,IN YOUR WALLS | ABERRATION,1290.1,1780.3,245.1,2
1322,244403,Metal,1290.1,1786.1,248.0,6
1323,3015482,UE | Captain Midnight,1289.8,1801.1,255.7,3
1324,4876743,GRAB | Gordeon,1289.7,1610.6,160.4,5
1325,2982309,garyium,1289.5,1831.7,271.1,2
1326,131374,CS3 | Andrik,1289.4,1702.5,206.5,4
1327,2022388,Wilsports | Edog,1289.4,1600.7,155.6,6
1328,250834,Abso,1289.3,1486.9,98.8,117
1329,3879089,DC3 | DaniGwap0,1288.4,1550.4,131.0,11
1330,3765838,Stelter,1288.0,1706.6,209.3,5
1331,936817,shnazzy,1287.9,1640.4,176.2,8
1332,3639414,UA | ray,1287.6,1428.3,70.3,105
1333,4919647,WizardGG,1287.5,1427.9,70.2,73
1334,1797904,Banj,1287.5,1686.4,199.4,3
1335,1556467,NXM | pret,1287.4,1737.8,225.2,4
1336,414495,Spins | Unshorn,1287.3,1580.5,146.6,296
1337,3333888,Ornik,1287.3,1499.2,106.0,218
1338,242121,KingArc,1287.2,1624.2,168.5,9
1339,467958,CTG | MMG+ | Cheara,1287.1,1440.6,76.7,81
1340,1659330,SamSam,1286.4,1584.8,149.2,71
1341,1239865,PSG | Petrikov,1286.4,1537.5,125.6,93
1342,35873,Space,1285.7,1720.4,217.3,5
1343,1451843,Jerry,1285.6,1545.3,129.9,63
1344,1158833,Dov,1285.4,1764.3,239.4,2
1345,152949,C2F | Rucent,1284.9,1855.2,285.1,2
1346,68115,Kogarasuma,1284.7,1634.1,174.7,5
1347,711721,Dreagune,1284.4,1407.7,61.7,501
1348,3955153,PEAK | Sir.JelloMan,1284.3,1853.5,284.6,1
1349,147658,IcyMist,1284.2,1768.9,242.4,3
1350,977880,MBS | Negan Smith,1284.1,1703.9,209.9,5
1351,5052040,DraDrusDragon,1284.1,1406.9,61.4,77
1352,144195,mTx | MOB | SteR ThA KiiD,1283.9,1417.3,66.7,1120
1353,49915,2can,1283.2,1527.9,122.3,81
1354,3616808,LOON | MaLi,1283.2,1457.4,87.1,49
1355,3289922,MrDrManSir,1283.2,1423.8,70.3,88
1356,1037117,Na | Skies,1283.2,1799.3,258.0,3
1357,2401757,CU | casa della mozzarella,1283.2,1434.4,75.6,74
1358,573466,WC gaming | | User,1282.5,1506.0,111.8,532
1359,1708766,p0wer,1282.3,1640.0,178.8,6
1360,1054597,Terence,1282.3,1598.7,158.2,22
1361,965758,Metal,1282.2,1440.6,79.2,50
1362,33533,EON | Joe Silly,1282.0,1772.0,245.0,7
1363,3006660,EMPR | Bjr,1282.0,1525.6,121.8,14
1364,432451,AFAS | typoni,1281.9,1727.5,222.8,2
1365,20766,WPC | Vinylic.,1281.7,1508.2,113.2,45
1366,143630,Don / Clive,1280.8,1729.5,224.3,5
1367,5260604,VolcanicLambent,1280.8,1853.2,286.2,1
1368,5386848,deluxe,1280.2,1843.8,281.8,1
1369,516197,GTH | Skunkle,1280.2,1490.2,105.0,34
1370,3158975,Ketsui,1279.4,1402.1,61.3,77
1371,146691,Rob Boss,1278.9,1600.2,160.7,43
1372,5010955,player 4,1278.8,1729.2,225.2,2
1373,1588491,sap.,1278.7,1437.9,79.6,71
1374,1009020,Orlox,1278.6,1746.4,233.9,2
1375,5430160,help,1278.6,1834.2,277.8,1
1376,5192977,player 4,1278.4,1744.5,233.1,2
1377,5342342,Joey,1278.1,1733.2,227.6,2
1378,871753,Princess | Kayla,1277.7,1584.4,153.3,8
1379,2396760,SBU | Demon Mode,1277.6,1402.8,62.6,120
1380,157946,UA O | LAGARTIXA LEDGETRAP,1277.6,1852.9,287.7,2
1381,3799101,Gatsby,1277.0,1646.3,184.6,12
1382,1763114,DA | Rafa,1276.8,1861.5,292.3,2
1383,2334632,MOB | Lemon,1276.3,1656.3,190.0,22
1384,943527,MegaMito,1276.1,1430.7,77.3,51
1385,1964748,Fate,1276.1,1516.0,120.0,67
1386,44865,CTG | MuteAce,1276.0,1833.9,278.9,2
1387,1242039,C.Kaleb,1275.9,1876.2,300.1,1
1388,50703,ARJAY!!! / JeJaJeJa,1275.8,1952.2,338.2,1
1389,5457076,[A] Redyoshi_15,1275.6,1628.9,176.7,5
1390,5061559,Kung fu witch,1275.5,1466.0,95.2,35
1391,3125267,ZASE | DDDeez,1275.4,1392.5,58.6,100
1392,3763327,Re:VexZan,1275.0,1817.2,271.1,1
1393,2735072,131 | Taman,1274.9,1424.9,75.0,78
1394,129878,ShadowKO,1274.2,1779.3,252.5,4
1395,1820903,LiEL,1274.1,1760.4,243.1,4
1396,310229,Castelia,1274.1,1626.6,176.3,5
1397,4101411,SSJ | jikzy,1273.8,1565.7,146.0,7
1398,5432835,Frenzik,1273.7,1689.6,207.9,4
1399,5379769,TheAJ-DeL,1273.3,1652.6,189.6,4
1400,3101298,NP | jaymo,1273.1,1389.6,58.3,202
1401,289985,Jack | Arcos,1273.0,1401.4,64.2,58
1402,1836944,MGaming,1272.8,1570.2,148.7,9
1403,530167,The Washed Gays,1272.7,1859.9,293.6,1
1404,1949508,CLL | nitro?!,1272.6,1584.3,155.8,7
1405,684306,Cipher / Drewsephix,1271.8,1509.6,118.9,56
1406,1445490,Crazy | DidntWatchSpongebobAsKid,1271.8,1620.8,174.5,4
1407,1136908,Dragn,1271.8,1852.2,290.2,1
1408,412735,Amnesty,1271.7,1703.5,215.9,4
1409,2653486,SBU | neso,1271.5,1456.4,92.5,57
1410,2434781,KevinJSI,1271.4,1443.5,86.0,75
1411,2570669,RobbyBlitz,1271.1,1862.0,295.4,1
1412,398064,Aidn,1271.0,1413.2,71.1,81
1413,1388704,UTD | moneycat,1270.9,1831.0,280.1,1
1414,2819242,my mom | glucose,1269.8,1430.3,80.3,53
1415,135042,Skyjay / Maister,1269.0,1931.8,331.4,1
1416,140568,AndresFn / Sisqui,1269.0,1931.8,331.4,1
1417,4287882,Stelter,1268.6,1699.3,215.4,4
1418,1270448,Litoh,1268.6,1721.5,226.5,2
1419,1590243,GS/HoM | Majestic Souls,1267.7,1662.1,197.2,13
1420,553257,GNT4 | Skeet,1267.5,1604.4,168.4,6
1421,1525195,Bloom | Seoul,1267.4,1434.9,83.8,68
1422,834907,boing | buckles,1267.1,1446.8,89.9,37
1423,2345935,rachel,1267.0,1728.5,230.8,3
1424,131530,EON | Opana,1266.7,1561.6,147.4,63
1425,2997117,HPixels,1266.6,1432.0,82.7,67
1426,1504469,Panda | KingKirb64,1266.4,1891.0,312.3,2
1427,3005704,YT | Fatamus Ballamus,1266.4,1403.7,68.7,71
1428,4979879,607 | Sue,1266.3,1427.6,80.7,55
1429,3668857,AJPink,1265.7,1895.2,314.7,1
1430,191466,PBJ|ZASE|2B | kino.,1265.5,1407.3,70.9,73
1431,4280866,ARM | ARMSTRONG!,1265.4,1684.5,209.5,3
1432,4851532,Crazy,1265.4,1429.1,81.8,59
1433,4717075,Odysseus,1265.3,1534.5,134.6,9
1434,1032550,JLo / AeroAce,1265.3,1800.2,267.4,3
1435,2358518,StarlightGames | RoboRex,1264.9,1547.6,141.3,8
1436,184066,Yerrr | Thore,1264.8,1763.4,249.3,4
1437,5354153,UC | Julio,1264.7,1632.9,184.1,5
1438,3235131,Tyrunty,1264.2,1602.9,169.4,5
1439,1193468,CF | Arsenic,1264.1,1744.6,240.2,2
1440,404756,D-CAT,1263.7,1539.8,138.1,57
1441,1099914,Bimbus,1263.6,1584.1,160.2,75
1442,5335404,Bane,1263.1,1808.2,272.5,1
1443,5335467,wowmall,1263.1,1808.2,272.5,1
1444,2095348,Flavor_Text,1263.1,1417.6,77.3,42
1445,5333618,player 4,1262.8,1677.6,207.4,3
1446,1571616,MatthewStar,1262.7,1402.2,69.7,65
1447,1083418,CRG/GRNT/MXC | Vapor,1262.4,1701.0,219.3,4
1448,1093655,CDuce,1262.0,1424.3,81.2,67
1449,6083,San / PikaPika!,1261.8,1759.9,249.0,2
1450,636326,MegaVulcan3000,1261.7,1559.7,149.0,6
1451,1859002,FSG | jonYL,1261.4,1431.5,85.1,42
1452,2291581,Krag,1261.2,1815.2,277.0,1
1453,3381604,No T.,1261.1,1417.3,78.1,102
1454,46551,MOB | Relic Song,1261.1,1385.3,62.1,385
1455,1620520,Rhinestone,1260.6,1629.9,184.6,4
1456,172753,Vent,1260.2,1493.4,116.6,41
1457,1246482,Piss,1260.2,1768.4,254.1,4
1458,499333,MBS | Vivid,1259.9,1850.4,295.2,1
1459,3004712,Treble,1259.5,1423.3,81.9,77
1460,4375871,STG | El Papalote,1259.0,1810.1,275.5,1
1461,5484340,Reiji,1258.9,1788.8,264.9,1
1462,2074159,SBU || CB | Chudliest Catch,1258.6,1420.0,80.7,87
1463,1703355,MANIAC,1258.6,1702.6,222.0,3
1464,417249,ED | Cee,1258.5,1694.7,218.1,17
1465,141014,Mystearica,1258.4,1810.8,276.2,2
1466,1482148,Fuzzi,1258.0,1648.2,195.1,6
1467,1205028,Hydra,1257.7,1709.1,225.7,2
1468,4958010,SHU | Spider-Guy,1257.5,1398.7,70.6,87
1469,142720,Kiranchi,1257.5,1838.6,290.5,3
1470,10943,Spaceghost,1257.4,1669.0,205.8,20
1471,4528325,MID | SpacingWizard69,1257.3,1680.8,211.8,4
1472,5331030,player 4,1257.0,1801.4,272.2,1
1473,1321838,Adam,1256.8,1657.0,200.1,27
1474,55579,ShyGuy,1256.6,1776.8,260.1,6
1475,1081948,Potato,1256.4,1755.7,249.6,5
1476,4498902,Mashed Brotato,1256.4,1860.6,302.1,1
1477,1496417,MBS | Riggio,1256.1,1803.0,273.5,2
1478,4298203,WasabiGuy,1255.8,1390.6,67.4,52
1479,1678135,summitson,1255.5,1764.5,254.5,5
1480,1391703,NYU | Coelocanth,1255.3,1405.9,75.3,67
1481,67666,Tai / DM,1254.9,1837.9,291.5,1
1482,135734,BIG GREEN,1254.9,1748.2,246.7,2
1483,1519834,Joey Cannoli,1254.8,1870.5,307.8,1
1484,1617457,MMG+ | PepMonk,1254.7,1608.0,176.6,8
1485,3427909,iQHQ | AoN | Raptor,1254.7,1888.0,316.6,1
1486,968495,Volcanic Rave,1254.6,1397.7,71.5,71
1487,370716,GC | gulpt,1254.4,1718.0,231.8,2
1488,1856186,NS | NotBrayden,1254.3,1803.1,274.4,1
1489,774286,N6 | jonhy,1253.9,1800.3,273.2,1
1490,812513,SBU | Luckky,1253.6,1395.4,70.9,87
1491,2341438,SBU | Swaghetti,1253.5,1539.7,143.1,7
1492,5021246,TeemoFan,1253.5,1717.1,231.8,2
1493,2875081,Plabby,1253.3,1608.5,177.6,4
1494,1872234,eh | yoshi0luigi,1253.3,1553.9,150.3,7
1495,1528394,MMG+ | Dwayne,1252.5,1498.9,123.2,35
1496,3652196,Big Water,1252.4,1705.7,226.7,5
1497,4496420,Stelter,1252.1,1677.0,212.4,4
1498,942315,nebbu,1252.0,1575.9,161.9,6
1499,4635970,PaulGaming | choppawontmiss,1251.5,1431.8,90.2,31
1500,2927520,Lyco | Volpe,1251.5,1535.0,141.8,8
1501,4727827,Player 4,1251.0,1718.6,233.8,2
1502,1540662,imran / Volare,1250.6,1807.4,278.4,1
1503,221537,CHV | Procyon,1250.5,1418.4,84.0,61
1504,5528,C3PO,1250.4,1538.0,143.8,8
1505,1063916,SDB | Squidplumber,1250.4,1701.2,225.4,2
1506,2075655,Scipio,1250.1,1786.7,268.3,1
1507,4156469,Apricot,1250.0,1401.1,75.5,65
1508,1004221,WeirdGuy,1249.8,1411.9,81.1,44
1509,1420773,MacSmitty,1249.7,1426.3,88.3,81
1510,172486,iModerz,1249.2,1724.4,237.6,3
1511,986789,WAR | Skaws,1249.1,1789.0,269.9,2
1512,2651329,MCheese,1248.8,1521.2,136.2,9
1513,242593,BusinessGoldFish,1248.7,1567.7,159.5,7
1514,4087035,ARK | Mirrah,1248.5,1639.9,195.7,4
1515,2496977,Sampai,1248.5,1376.4,64.0,87
1516,1810768,SBD,1248.3,1426.8,89.2,45
1517,4328481,Rider | UserisLogan,1247.9,1379.0,65.5,92
1518,5115755,player 4,1247.5,1794.3,273.4,1
1519,1300659,animal crossing dog,1247.3,1542.8,147.7,8
1520,1420734,Nowhere,1247.2,1629.7,191.3,52
1521,427133,username,1247.0,1595.5,174.3,185
1522,5284757,player 4,1246.9,1666.1,209.6,3
1523,12778,CF | | Beastly,1246.1,1655.6,204.8,3
1524,1036122,KDE | The Ghanaian Prince,1245.9,1442.4,98.2,52
1525,5066658,DRIBBZ,1245.2,1436.8,95.8,29
1526,5353252,player 4,1244.7,1663.7,209.5,3
1527,4220766,G4G | Arbiter,1244.6,1616.8,186.1,5
1528,1684088,Saber,1244.6,1684.9,220.2,3
1529,2742178,AKUMA,1244.2,1638.3,197.0,6
1530,1751700,Kimboiyachi,1243.8,1655.7,205.9,4
1531,1012141,Utopian Ray,1243.8,1743.8,250.0,7
1532,1267281,Ἰλία (イリア),1243.7,1689.9,223.1,3
1533,1693752,WE OUTSIDE | Ascension,1243.7,1435.7,96.0,56
1534,5396033,player 4,1243.6,1726.4,241.4,2
1535,1450318,VREEE!,1243.6,1731.4,243.9,2
1536,2654678,ENC | Aero,1243.4,1684.0,220.3,4
1537,1787480,Rolo64,1243.2,1506.7,131.7,10
1538,1735665,NYU | Rex,1242.7,1418.9,88.1,77
1539,4966191,GamerTY,1242.6,1797.6,277.5,1
1540,2472564,YOSHE LOKO O G,1242.5,1738.5,248.0,2
1541,4166797,marlin,1242.5,1830.5,294.0,1
1542,2301956,Dr. Scaps,1242.4,1666.9,212.3,3
1543,3049162,AWater22,1242.4,1449.7,103.7,28
1544,262295,PM | TC | Chario,1242.3,1763.6,260.6,1
1545,2336197,Zoos,1242.2,1406.4,82.1,64
1546,1227595,KlashT,1242.1,1765.6,261.7,2
1547,4947159,Kyubi~,1241.9,1385.3,71.7,55
1548,358960,USAE | inf.escape,1241.8,1479.6,118.9,92
1549,1583456,Tommil,1241.8,1433.8,96.0,66
1550,2996650,JRaz16,1241.6,1412.5,85.5,71
1551,1520041,ASword6,1241.4,1629.3,194.0,5
1552,1056950,Dark,1241.3,1376.7,67.7,70
1553,1584955,AVERAGE,1241.2,1784.3,271.5,2
1554,2188613,Stxr,1241.2,1801.2,280.0,2
1555,3799766,Cody,1241.0,1618.0,188.5,11
1556,3799095,Ice,1241.0,1618.0,188.5,11
1557,3799098,Myles,1241.0,1618.0,188.5,11
1558,2813171,Kit-Kate,1240.9,1446.9,103.0,17
1559,1252101,Maxa,1240.9,1520.7,139.9,86
1560,3019673,Trans Rights | Vaguely Vulture,1240.7,1408.3,83.8,63
1561,1194511,PHNM | Senn,1240.7,1811.0,285.1,1
1562,5251683,lexipro,1240.7,1749.8,254.6,2
1563,983829,Exkalibur,1240.6,1384.3,71.8,57
1564,5367305,Silentlarp,1240.3,1758.6,259.1,2
1565,704448,Prant,1240.3,1521.7,140.7,77
1566,920328,Cheech,1240.2,1448.7,104.2,264
1567,5501427,Raptor,1240.1,1728.1,244.0,3
1568,5460061,F_nr1r,1239.3,1397.6,79.2,39
1569,49764,Turtle Hands,1238.6,1797.5,279.4,2
1570,3899270,Solar4Eva,1238.4,1403.3,82.4,53
1571,1807962,Dominus,1238.4,1676.7,219.2,3
1572,1026171,Kawhi,1238.3,1777.9,269.8,1
1573,4187041,MM | luis.guillorme.13,1237.9,1616.3,189.2,5
1574,1071248,PNG | Zayzay,1237.6,1444.5,103.5,78
1575,5532165,Hung | Grey,1237.3,1537.3,150.0,5
1576,4966233,Bobingstern,1237.2,1602.4,182.6,5
1577,1796649,Lagiakai,1236.9,1651.4,207.2,3
1578,2843174,DreamOn | OG | Brayman64,1236.8,1656.1,209.7,4
1579,2714496,Kevo360,1236.5,1418.1,90.8,135
1580,5534447,play FFXIV | DSF,1236.5,1688.6,226.1,4
1581,3726803,Arcanum,1236.3,1533.5,148.6,14
1582,1092735,CHIBI / Blap,1236.3,1375.8,69.7,56
1583,1655988,Potato,1236.0,1717.9,240.9,5
1584,1409025,Kvh,1235.9,1582.5,173.3,44
1585,1592950,DDC | WillMill,1235.9,1551.5,157.8,8
1586,4148594,Stelter,1235.8,1694.6,229.4,4
1587,5319302,UC | Noah,1235.6,1599.6,182.0,4
1588,5321971,Jowii,1235.5,1610.0,187.3,4
1589,5137219,TheTrueSmug,1235.5,1362.6,63.6,69
1590,1901768,GayyyBowser,1235.2,1381.3,73.1,81
1591,2672863,Sid!,1235.1,1782.2,273.5,1
1592,4798110,FZP | Peco,1235.1,1613.7,189.3,6
1593,4915266,Q-Tar,1235.0,1375.6,70.3,71
1594,859464,Nijia,1234.7,1514.8,140.1,15
1595,1322680,SYN | O.J. Styles,1234.6,1787.0,276.2,2
1596,4706620,Selldegame,1234.4,1722.2,243.9,2
1597,5489197,PBJ | Spectro,1234.0,1526.9,146.4,6
1598,2977659,QD3.14,1233.9,1428.3,97.2,35
1599,1205021,Neptune Shiranui,1233.8,1661.0,213.6,3
1600,1329063,Peebs,1233.3,1613.9,190.3,5
1601,2634157,POP | SparkSkill,1233.0,1439.9,103.5,122
1602,66861,Kendrick Olimar,1232.9,1738.9,253.0,3
1603,171700,Dr. Bondie (B),1232.6,1372.7,70.0,94
1604,4060299,GSG | Reed,1232.3,1804.5,286.1,3
1605,5506554,haste,1232.3,1705.5,236.6,3
1606,1710048,Kc,1232.2,1514.5,141.1,8
1607,1950079,Slinky,1232.2,1648.9,208.4,6
1608,2927524,danewo,1232.2,1602.1,184.9,7
1609,2386673,DP3/ILMW/SMFN | Izuke,1231.8,1784.4,276.3,1
1610,5365377,HREED,1231.6,1759.0,263.7,1
1611,4552702,JACKBOYS | Picklez,1231.5,1432.2,100.4,30
1612,2615482,APE | Lamentation,1231.1,1421.2,95.0,61
1613,4655607,Jak2k3,1230.6,1381.5,75.4,72
1614,416407,Sled,1230.4,1639.4,204.5,5
1615,69946,BACKTOTHELOOT,1230.3,1612.5,191.1,61
1616,4972471,Rider | brandonisabot,1230.2,1386.1,78.0,68
1617,3525726,vile,1229.3,1638.1,204.4,3
1618,227078,xenight,1229.1,1796.7,283.8,1
1619,1224024,RATS | ybm,1228.8,1495.0,133.1,120
1620,2750451,FSC | 1965 Ford Transit,1228.8,1415.8,93.5,71
1621,1580796,Señor,1228.6,1425.9,98.6,98
1622,2941109,HoG | Tuba,1228.4,1543.2,157.4,7
1623,3693714,Banana Gargler | Jade419,1228.2,1564.7,168.3,5
1624,67357,CF | | PikPocket,1228.1,1703.8,237.8,3
1625,995709,Erickfree,1227.8,1787.5,279.9,1
1626,3358960,kone,1227.6,1652.9,212.6,4
1627,257428,Kenoca,1227.6,1761.8,267.1,1
1628,1810872,Strider | Cross,1227.1,1636.1,204.5,3
1629,4303968,PG | Inari,1226.9,1418.7,95.9,33
1630,5335636,K/GKO,1226.8,1748.2,260.7,1
1631,5335662,Dave,1226.8,1748.2,260.7,1
1632,2062749,eLS | Deox6,1226.4,1824.0,298.8,1
1633,1296395,mBluett,1226.0,1917.3,345.7,1
1634,545235,M+D | DillyDiamond,1226.0,1917.3,345.7,1
1635,4136832,Laingdon | Spicy Bird,1225.7,1391.8,83.1,70
1636,3605541,Aero,1225.7,1675.0,224.7,4
1637,1740341,SmU5h | Mr Mystery,1225.6,1464.7,119.6,38
1638,2442392,Laingdon | Magnesium Fire,1225.4,1367.7,71.1,52
1639,2464067,kapsyzz,1225.3,1580.9,177.8,4
1640,752946,BG | Spyro,1225.0,1638.1,206.6,3
1641,2283224,SCCS | Liam1283,1224.6,1351.6,63.5,97
1642,1257079,天 | Pryce,1224.6,1355.7,65.6,263
1643,2800960,Deathrasher,1224.5,1640.0,207.8,4
1644,1990390,SoothingRuby,1223.9,1720.4,248.3,2
1645,451041,emra,1223.8,1572.2,174.2,8
1646,5394998,geëkd,1223.5,1746.7,261.6,1
1647,648301,ZFN | Jeckup,1223.2,1755.0,265.9,1
1648,70122,Rice,1223.1,1795.1,286.0,2
1649,1101455,CHIMPANCENZUKO / EMW,1223.0,1707.0,242.0,3
1650,2264877,Lockhart,1222.6,1361.3,69.3,103
1651,1247210,DevilNathan,1222.3,1589.7,183.7,4
1652,207656,Ian,1222.2,1704.8,241.3,7
1653,4780500,player 4,1222.1,1683.4,230.6,2
1654,207638,Pac-Slash,1221.9,1802.5,290.3,1
1655,3673508,strafeae,1221.8,1493.4,135.8,10
1656,478382,RNGsus,1221.6,1671.7,225.1,4
1657,2872851,SM|BLZE | Bubbros,1221.3,1681.7,230.2,3
1658,1896685,waztoo,1221.2,1747.3,263.1,2
1659,2241338,THC | BROLY,1221.0,1802.6,290.8,1
1660,2444715,omar,1221.0,1385.9,82.4,53
1661,5044907,NeoPhant,1220.9,1695.5,237.3,2
1662,787741,Potato,1220.7,1727.2,253.3,5
1663,16067,EVIL | Nelvin,1220.6,1753.5,266.4,2
1664,4535041,SSS | Dream Machine,1220.4,1359.1,69.3,72
1665,5467603,CHP | Swish,1220.1,1579.5,179.7,5
1666,1005221,Woof,1220.0,1419.8,99.9,78
1667,24211,SaltyFun,1219.9,1477.2,128.7,43
1668,4441990,SuperStuyBros. | Eth123,1219.7,1382.4,81.3,45
1669,1156985,The New Jersey Turnpike,1219.7,1478.8,129.5,73
1670,2758499,TCNJ | Tempo,1219.6,1399.9,90.2,57
1671,1554298,Fish Tacos,1219.5,1384.2,82.3,75
1672,5300884,player 4,1219.5,1661.7,221.1,2
1673,1414547,バカやろう,1219.2,1494.8,137.8,9
1674,509309,gm | trafe,1219.1,1714.9,247.9,4
1675,68559,Alpha Kong,1219.0,1422.3,101.6,30
1676,5314839,9-Volt,1218.7,1745.9,263.6,1
1677,1050437,ODSY | DubbedOut,1218.7,1707.6,244.4,4
1678,669672,IC | Foresight,1218.5,1560.1,170.8,7
1679,4501368,MOB | Bobo,1218.4,1669.0,225.3,6
1680,250461,Geist / Lux Prima,1217.9,1758.2,270.1,1
1681,1787007,GWU | NC2 | | chicken,1217.7,1450.2,116.2,21
1682,5480464,player 4,1217.7,1596.4,189.3,3
1683,4514351,TrueKanta,1217.7,1364.0,73.2,72
1684,1934262,NC10,1217.6,1595.3,188.9,5
1685,3127980,jA,1217.2,1411.1,97.0,55
1686,3798818,Flo,1216.9,1358.9,71.0,140
1687,2265956,HTC | insect,1216.6,1729.9,256.7,2
1688,3220600,Dr Insano,1216.5,1811.5,297.5,1
1689,213567,Asher,1215.9,1415.2,99.6,314
1690,1868111,Fig,1215.5,1790.8,287.6,2
1691,326148,DA | EMP | Venia,1215.5,1750.9,267.7,4
1692,134891,GRNT | Jeans,1215.2,1727.7,256.2,5
1693,3440801,CHP | Moat,1215.2,1684.3,234.6,4
1694,4002671,MK ASTRO,1215.1,1387.0,85.9,28
1695,3561847,linker19,1214.9,1339.5,62.3,94
1696,2910757,Zach,1214.5,1341.1,63.3,110
1697,3710299,Popeyes | Jamal,1214.3,1689.5,237.6,5
1698,981778,0-2 | Trapinch,1214.0,1443.8,114.9,61
1699,3041666,Buke,1213.6,1339.9,63.1,108
1700,2647514,KORNDOG | DN | SavageCabbage69,1213.4,1567.4,177.0,5
1701,704091,0TD | Mocca,1213.3,1514.4,150.6,10
1702,3140376,FU | Dropleto,1212.9,1761.4,274.2,1
1703,5317240,UC | Jose,1212.7,1725.2,256.3,1
1704,4542277,jsphn,1212.6,1410.5,99.0,34
1705,2131389,isnek,1212.5,1780.6,284.1,1
1706,4148596,Stelter,1212.3,1679.1,233.4,4
1707,1582267,SweetLew / Condy,1212.0,1734.5,261.2,2
1708,1894348,scruffie:)),1211.4,1730.7,259.6,2
1709,1709328,AJ | Snow Banjo Mind Control,1211.4,1638.2,213.4,5
1710,1556150,Rayne,1211.3,1512.4,150.6,8
1711,45775,LB | Swiftly,1211.2,1353.4,71.1,75
1712,260658,Denik,1211.1,1320.4,54.7,121
1713,56946,HQ | Unknown,1210.9,1513.5,151.3,14
1714,3377531,John D. | Rockefeller,1210.8,1333.4,61.3,140
1715,1044118,N8,1210.1,1802.4,296.2,1
1716,1236735,Metl,1209.8,1540.1,165.1,7
1717,2725788,Cyberkevh912,1209.7,1391.6,90.9,76
1718,742102,Council | viktim,1209.5,1391.0,90.7,41
1719,703199,No. XIV | Molotov,1209.0,1381.9,86.5,62
1720,227045,Juice,1208.5,1794.3,292.9,2
1721,2516427,Toiler,1208.4,1496.7,144.1,9
1722,5463198,Zuckundeez,1208.3,1530.4,161.0,5
1723,5335471,Timmy,1208.0,1727.9,259.9,1
1724,45472,Council | TheBombBimbi,1207.8,1780.5,286.3,1
1725,2693953,DizzY,1207.8,1472.9,132.6,9
1726,2133545,GCG | FunkMasterJeff,1207.7,1327.2,59.7,80
1727,4943932,CravePizza,1207.7,1384.0,88.2,49
1728,3349086,AKUMARD,1207.6,1457.5,124.9,12
1729,1632446,gatsby,1207.1,1685.8,239.3,5
1730,1662131,151drum,1207.0,1574.8,183.9,6
1731,1051056,Scarecrowuknow,1206.9,1775.8,284.4,2
1732,1066436,UNC | Arctinox,1206.8,1799.7,296.4,1
1733,250002,ATMO | Mischief,1206.7,1451.7,122.5,252
1734,3796224,DEW | Hailfire,1206.6,1638.5,216.0,4
1735,226498,Ronald / cat dad,1206.5,1623.7,208.6,3
1736,1549945,Alx,1206.3,1615.8,204.7,3
1737,4718176,MacSmitty,1206.3,1703.1,248.4,4
1738,965401,MoS TE | Coltman,1206.1,1884.6,339.3,1
1739,5452710,Donswig,1205.8,1572.8,183.5,4
1740,3199990,Uzf321,1205.7,1348.5,71.4,67
1741,980660,Huck,1205.5,1380.7,87.6,41
1742,5148109,TonyBony,1205.2,1726.1,260.5,1
1743,1109187,Jul,1204.5,1812.9,304.2,2
1744,3500237,Gmx,1204.2,1347.6,71.7,87
1745,4281178,Deific,1204.1,1567.9,181.9,8
1746,4932274,Domo,1204.0,1737.3,266.7,1
1747,1595369,ShockDunes,1203.3,1384.9,90.8,67
1748,1513381,CH | OCULUS,1203.1,1375.5,86.2,37
1749,331723,Dadvon,1202.8,1473.5,135.4,57
1750,3974097,ItsyourboiSALMON!,1202.6,1379.6,88.5,32
1751,5042835,Back2Lumbridge,1202.2,1658.8,228.3,2
1752,338665,KoF | HAMMERTIME,1201.8,1790.8,294.5,3
1753,581034,Interrobang,1201.8,1675.6,236.9,2
1754,2028322,GING | Coryabro,1201.6,1652.2,225.3,2
1755,5384836,Joey,1201.6,1422.7,110.6,15
1756,5297798,providence,1201.4,1613.7,206.1,4
1757,1402993,Pekkeman,1201.4,1542.6,170.6,7
1758,1791545,FutureShadow,1201.4,1714.6,256.6,1
1759,1243536,JDV,1201.1,1862.9,330.9,1
1760,71247,Sephie,1200.5,1751.0,275.2,1
1761,4424285,PG | shindig,1200.5,1335.8,67.6,78
1762,4314950,ChrisTheMii,1200.5,1418.7,109.1,15
1763,5004689,Ginger92,1200.4,1354.6,77.1,55
1764,2066143,aceshooter88,1200.3,1648.7,224.2,6
1765,1074241,DE | Pop,1200.2,1329.9,64.8,102
1766,987077,Chopland Sedans,1199.9,1335.4,67.7,79
1767,2664752,LucKnight,1199.9,1359.7,79.9,46
1768,3267926,For Her! | riskline,1199.6,1736.1,268.2,1
1769,65808,Glentendo / Wraith,1199.6,1577.5,189.0,36
1770,276931,Brinks,1199.4,1551.1,175.9,4
1771,3799129,Swigzy,1199.4,1585.1,192.9,10
1772,29596,SpecSM87,1199.2,1692.8,246.8,3
1773,4451520,Gman,1199.2,1570.2,185.5,4
1774,825382,NEINx,1199.1,1340.6,70.7,131
1775,2467046,Tripp,1199.1,1711.7,256.3,1
1776,1620493,Zandanza,1199.0,1487.9,144.4,8
1777,3563797,reverse,1198.9,1402.1,101.6,24
1778,1340821,Adriel814,1198.5,1739.2,270.3,1
1779,1856852,Lair | Sleuwy,1198.3,1751.4,276.5,2
1780,355031,Mr. Saturnn,1198.3,1731.1,266.4,2
1781,1571673,Skywalker,1198.2,1747.3,274.5,1
1782,5389684,Poyocookies!,1198.2,1662.4,232.1,2
1783,3356813,Dynamike,1198.1,1537.1,169.5,6
1784,5120397,Darnell,1198.1,1723.6,262.8,1
1785,1269205,playing mario | Brett,1197.9,1655.1,228.6,8
1786,1158116,AfroNinja,1197.7,1347.0,74.7,71
1787,2465182,Drexel | Charms,1197.7,1708.5,255.4,2
1788,1836241,Kma,1197.7,1560.5,181.4,8
1789,132203,ID | Sindiso,1197.6,1555.8,179.1,85
1790,5090715,player 4,1197.5,1725.8,264.2,1
1791,4443888,jellydonut,1197.2,1393.9,98.3,22
1792,2697753,Murphisto / Fispok,1197.0,1858.8,330.9,1
1793,1524055,Haha a gamer,1196.4,1753.5,278.6,2
1794,246513,MEAT UP! | Secret,1195.9,1726.0,265.1,2
1795,2329552,NGU | Z | Satanael,1195.7,1661.5,232.9,3
1796,5037197,Sythonage,1195.7,1554.0,179.2,4
1797,5146854,Taxes,1195.6,1712.1,258.2,1
1798,281779,Ironbrand / NEINx,1195.6,1683.0,243.7,3
1799,4455239,Belmont-Heir,1195.1,1754.1,279.5,1
1800,5113801,Do Good | ACE,1195.1,1734.6,269.8,1
1801,3923750,HLW | WAHOOOO!!!,1195.0,1439.3,122.2,12
1802,4265863,REV | Seb-Meister,1194.7,1542.7,174.0,6
1803,55969,RYNO,1194.6,1613.2,209.3,4
1804,4160327,ENERGYSHADOW,1194.5,1598.2,201.8,4
1805,4202832,Down$hift,1194.3,1531.9,168.8,4
1806,3053148,PNG | Penguno,1194.3,1585.5,195.6,3
1807,4930925,MasterKong,1194.1,1672.8,239.4,2
1808,2273336,RSS | 17,1194.0,1360.1,83.0,31
1809,2705447,MOB | swiftniko,1194.0,1371.1,88.6,451
1810,3119348,Team3Star | MoeAxew,1193.7,1798.8,302.5,1
1811,1259341,Dorp,1193.5,1405.6,106.1,27
1812,147818,G-Rain,1193.4,1612.2,209.4,28
1813,260277,TCS | elkiies,1193.2,1661.0,233.9,2
1814,2413428,Boaz,1193.0,1778.1,292.5,1
1815,824833,TC | TCNJ | flackito,1193.0,1778.1,292.5,1
1816,330986,G I G A,1192.9,1476.0,141.5,75
1817,4502265,Ornik,1192.6,1604.5,206.0,4
1818,5520974,PM,1192.5,1624.1,215.8,3
1819,1013628,Bolero,1192.2,1653.2,230.5,10
1820,15921,DTN | Fatality,1192.2,1736.9,272.4,1
1821,1827892,Wilsports | Leiothrix,1191.9,1466.8,137.5,15
1822,638920,Ki,1191.5,1338.6,73.5,72
1823,3478252,Maliketh,1191.5,1750.8,279.7,1
1824,3028947,Italian_Luigi,1190.9,1343.2,76.2,57
1825,5273995,Herkimer | Stora,1190.6,1733.4,271.4,1
1826,4608470,Sphinx,1190.4,1356.7,83.1,55
1827,4968067,player 4,1190.2,1717.8,263.8,1
1828,5281567,Inezuse,1190.1,1410.9,110.4,17
1829,5354854,Geodash,1190.0,1651.6,230.8,2
1830,5139970,Jay Grunt,1189.9,1503.2,156.6,6
1831,1002677,Beard Sr.,1189.9,1708.0,259.1,1
1832,2978862,EMW Esports 4 | Integral,1189.3,1338.0,74.3,72
1833,2714106,SU | DaDa!,1189.3,1735.0,272.9,1
1834,4157833,Deific,1188.6,1373.0,92.2,75
1835,5068011,William Stoessel / derek Espneli,1188.4,1690.3,250.9,2
1836,4943742,OZ,1188.3,1718.3,265.0,1
1837,542042,CU | Blott,1188.2,1316.5,64.2,105
1838,691323,MMG+ | PACKNETO,1188.0,1393.4,102.7,78
1839,3307725,Stanklove,1188.0,1335.1,73.6,85
1840,3614894,Pacific | Velxify,1187.8,1369.1,90.7,35
1841,1421180,Potato,1187.8,1714.3,263.2,4
1842,1335670,ThePsychicBoy,1187.7,1327.2,69.7,84
1843,4402011,SUBTO | Mario_LC,1187.7,1339.4,75.9,71
1844,2061514,ToneSone,1187.6,1611.4,211.9,4
1845,2433182,Xan,1187.4,1765.4,289.0,1
1846,2757397,Hype,1187.4,1765.4,289.0,1
1847,3751132,balls,1187.2,1632.4,222.6,4
1848,247544,OctopusMan,1186.8,1766.0,289.6,2
1849,356440,Max,1186.7,1392.1,102.7,81
1850,2843329,D-GENR8,1186.7,1710.0,261.7,2
1851,1145719,Toad,1186.5,1533.1,173.3,9
1852,1582989,MNTO | Mori,1186.1,1579.1,196.5,17
1853,2268160,DSD,1185.8,1755.4,284.8,1
1854,726035,GamerDong,1185.8,1755.4,284.8,1
1855,336701,Prophecy,1185.4,1790.2,302.4,1
1856,1478011,JEFF! | Waluigi,1185.1,1575.6,195.2,37
1857,451490,400x,1184.7,1586.4,200.9,3
1858,4330003,Lucks,1184.4,1533.3,174.4,6
1859,3157551,Dubby.gg | WHOxM,1184.3,1501.8,158.7,6
1860,5171455,TCG | SuperSweet,1184.3,1696.1,255.9,1
1861,5527828,Munchre,1184.2,1644.4,230.1,2
1862,4702,Northwood University,1184.2,1707.9,261.9,1
1863,4112326,eclipse,1183.8,1345.5,80.8,59
1864,1063062,Soper,1183.8,1643.5,229.9,3
1865,2095912,BCCE | DuhBeeKeeper,1183.7,1384.6,100.5,16
1866,512698,gaku,1183.5,1712.7,264.6,3
1867,1057469,SFL | NaCl,1183.5,1672.5,244.5,3
1868,3863553,Hoya,1183.4,1349.8,83.2,75
1869,16099,ID | NiGHTS,1183.4,1419.6,118.1,73
1870,4126819,EJF,1183.2,1741.7,279.2,1
1871,1802849,ZARD | TBS Milkman,1183.1,1709.7,263.3,1
1872,1453452,Im | Evil Davo,1183.0,1476.8,146.9,9
1873,15161,GR | Corazón,1182.8,1642.2,229.7,9
1874,1588223,Gatsby,1182.7,1670.3,243.8,6
1875,3216222,FOURTRESS | Fourbular,1182.5,1369.1,93.3,37
1876,4146593,George,1182.5,1536.4,177.0,8
1877,1473725,NAZ | MKat,1182.4,1715.0,266.3,2
1878,1335518,Potato,1182.2,1685.3,251.5,5
1879,4956414,player 4,1182.2,1709.2,263.5,1
1880,2670725,Pulse,1182.2,1769.5,293.6,1
1881,1012897,Tacticalx,1182.2,1769.5,293.6,1
1882,1341423,TCS | Jambazi,1182.2,1616.4,217.1,4
1883,246046,cesoul,1182.2,1561.6,189.7,5
1884,3378385,o49,1182.1,1393.1,105.5,40
1885,2205195,CaveDan,1181.9,1681.8,249.9,2
1886,4440238,Dude7Man,1181.1,1519.0,168.9,5
1887,5044435,ww | wushi,1180.9,1370.2,94.7,45
1888,3953156,jrue,1180.8,1513.2,166.2,7
1889,1018662,TC | CTH,1180.7,1585.1,202.2,6
1890,4906787,Gmx,1180.7,1506.1,162.7,7
1891,135759,GunZ,1180.6,1642.2,230.8,2
1892,2310240,Joni,1180.1,1715.5,267.7,2
1893,4363416,big joe09 fan | MrNubslair,1179.7,1388.8,104.5,28
1894,1375808,NGU | Epoodle,1179.7,1454.7,137.5,58
1895,3281975,Meshy,1179.0,1566.1,193.6,7
1896,1261717,Goose,1179.0,1676.1,248.5,6
1897,5510458,G$hmoney,1178.7,1543.4,182.3,4
1898,2009058,131 | organic,1178.7,1356.7,89.0,86
1899,397058,COTP | Shinigami313,1178.6,1427.1,124.2,35
1900,1462092,IRON GRD | Kaido,1178.5,1403.5,112.5,22
1901,38148,ATATA,1178.3,1717.5,269.6,1
1902,3056663,wonderland | SnowInMay,1178.0,1779.1,300.5,1
1903,2112213,hydrant | FrUiTyBoNus,1177.9,1633.6,227.8,2
1904,1679407,Wrath_318,1177.7,1454.0,138.2,8
1905,55907,swatal,1177.6,1488.9,155.6,79
1906,22395,Lonesome,1176.7,1657.3,240.3,2
1907,1281668,cobbler.,1176.6,1686.4,254.9,1
1908,1858555,otherguy,1176.5,1612.6,218.0,4
1909,1163760,Iida,1176.4,1688.9,256.2,1
1910,2695078,The Lash,1176.3,1319.9,71.8,85
1911,1742591,Toni Flamboni,1176.3,1334.5,79.1,60
1912,424620,The Law / cobbler. / PenguinBud,1176.3,1629.2,226.4,3
1913,4968501,Rider | MAXIMUS,1176.2,1357.6,90.7,41
1914,272701,Premasaur,1175.9,1370.1,97.1,51
1915,955371,Teio Step | ItsNotHaru,1175.5,1552.3,188.4,7
1916,4288896,Gglounge | Darkwolfoz47,1175.3,1377.9,101.3,27
1917,1179016,12G | MESSIAH,1175.1,1486.9,155.9,9
1918,256443,Cheese,1175.0,1578.9,202.0,76
1919,236549,mimu!! / Latino heat,1174.7,1591.2,208.2,3
1920,3067357,MENSIS | LUTE,1174.7,1755.7,290.5,1
1921,1625762,AstroPokemonWorld,1174.4,1531.6,178.6,9
1922,4216517,ivan jacinov,1174.4,1605.5,215.5,3
1923,1444457,GL | Karnage,1174.2,1347.5,86.7,41
1924,609170,Kuma,1174.1,1469.0,147.4,7
1925,1046645,kPham [A],1174.0,1332.8,79.4,63
1926,231030,#MBFA | Chef,1173.8,1710.1,268.2,1
1927,1640882,Rinn,1173.7,1304.3,65.3,89
1928,1181131,Kira,1173.7,1784.5,305.4,2
1929,1465805,HEART | sol,1173.7,1709.9,268.1,2
1930,1409137,Coolauncher,1173.6,1695.7,261.0,1
1931,5012483,DevilNook,1173.6,1695.7,261.0,1
1932,866832,Chrysanthemum | Spellweaver,1173.5,1453.4,140.0,9
1933,1441832,TFO256,1173.4,1607.1,216.9,6
1934,67641,K3H,1173.3,1747.4,287.1,1
1935,2893350,GC | Joshuaisherenow,1173.2,1716.3,271.5,1
1936,5375526,dvilla,1172.9,1608.4,217.7,3
1937,4440449,GreenKingFisher,1172.8,1491.3,159.2,9
1938,4513124,Oblivion,1172.7,1353.6,90.5,53
1939,158055,TDS | Poseidon,1172.3,1425.8,126.8,15
1940,261032,TMM | Shaka,1171.7,1798.5,313.4,1
1941,3967139,FearMonger,1171.7,1338.6,83.5,76
1942,2090867,Tarineko*,1171.6,1561.9,195.1,3
1943,960827,SpringFlame,1171.6,1492.4,160.4,8
1944,3913232,XAU/USD,1171.4,1689.8,259.2,1
1945,1804989,AABattery,1170.9,1469.6,149.4,6
1946,935995,DayRa,1170.8,1366.4,97.8,31
1947,3160024,Eon | 天 | Snivy,1170.7,1702.6,265.9,2
1948,156131,WW | shellder,1170.7,1546.7,188.0,5
1949,4817879,AwesomeBeary,1170.6,1585.4,207.4,4
1950,146240,My Wallet | Supah,1170.6,1329.5,79.4,73
1951,1444831,SNB | Joker,1170.1,1552.0,191.0,71
1952,5343438,Duncan Idaho / The Glizzo,1169.9,1681.9,256.0,1
1953,4230799,woofie,1169.7,1318.8,74.5,54
1954,1791615,B Team | Sir sKorZington,1169.2,1279.3,55.0,132
1955,2338489,Juice,1169.2,1678.2,254.5,1
1956,4783970,Marcotics,1169.1,1722.8,276.8,1
1957,1777359,Lilac,1169.0,1600.2,215.6,9
1958,2928969,sslugg6,1169.0,1581.8,206.4,6
1959,1831934,Mattcha,1168.4,1529.2,180.4,4
1960,4072459,ROSE | Medli(A),1168.2,1375.3,103.6,23
1961,1901957,Zfoy720,1168.0,1497.9,165.0,8
1962,2113670,UNCG | YURI JESUS,1167.9,1720.0,276.0,1
1963,2142107,CookieSparx,1167.8,1510.0,171.1,6
1964,1151305,JSun,1167.7,1340.8,86.5,66
1965,2331658,SBU | Hurricane_Slash,1167.6,1347.1,89.8,41
1966,3024420,K.O.G.,1167.2,1355.6,94.2,87
1967,4114651,MBS | D^ | DAZE,1166.9,1642.5,237.8,2
1968,5031060,ClapNRice,1166.9,1515.5,174.3,4
1969,586658,KYC DMP | Darío,1166.9,1616.1,224.6,2
1970,2331980,3van,1166.7,1567.4,200.4,3
1971,5411677,IDontKnow,1166.6,1571.9,202.6,3
1972,1075630,King David,1166.2,1310.7,72.2,77
1973,147845,TSG | M.Dre,1166.0,1336.4,85.2,292
1974,4944635,NP | Ronox,1165.9,1322.6,78.3,49
1975,23800,Sonicfiend,1165.9,1713.5,273.8,3
1976,1197939,NU | Kople,1165.9,1679.1,256.6,1
1977,3532222,DWMA | FS | Jirachi,1165.7,1542.6,188.5,3
1978,2643810,JRoyal,1165.7,1503.3,168.8,9
1979,4374621,Cyan,1165.3,1353.7,94.2,34
1980,1454996,Luminary,1165.1,1616.9,225.9,3
1981,3075830,LOONΔ | Choerry,1164.8,1488.0,161.6,6
1982,4512313,Stelter,1164.5,1501.9,168.7,7
1983,1050012,Crazy | Heewon(A),1163.9,1455.1,145.6,6
1984,5509837,WashDelta,1163.9,1531.7,183.9,4
1985,5329834,Clicker,1163.7,1673.3,254.8,1
1986,1656154,jarber,1163.2,1692.4,264.6,1
1987,1601215,UTC | HAUS39,1163.1,1705.7,271.3,2
1988,5444257,Blurz,1163.1,1513.0,175.0,4
1989,3053380,SMB | Knev$,1162.9,1673.9,255.5,1
1990,3690720,Chrono,1162.8,1352.9,95.1,47
1991,137640,bees,1162.5,1576.8,207.1,3
1992,960658,UNCG | Supersky64,1162.5,1580.7,209.1,4
1993,158619,CS3 | FC | Kiwi,1162.4,1722.6,280.1,1
1994,3769079,NEINx / Ironbrand,1162.2,1594.9,216.3,4
1995,5066251,player 4,1162.0,1678.8,258.4,1
1996,5317234,UC | Matthew,1161.9,1518.6,178.3,4
1997,526813,skrazy,1161.7,1532.9,185.6,4
1998,55304,Bigbuffalo,1161.7,1428.0,133.2,39
1999,4976090,Will S,1161.6,1687.9,263.1,1
2000,1840235,みどりCabbage,1161.6,1752.6,295.5,2
2001,4791905,Hoekage,1161.4,1603.4,221.0,2
2002,2205732,BCe | Riften,1161.4,1538.1,188.4,6
2003,2224265,Loucifer / niko sm,1161.0,1761.1,300.1,1
2004,817296,Quinn,1161.0,1761.1,300.1,1
2005,277282,Sentry | pghShady,1161.0,1761.1,300.1,1
2006,648817,BlueJay,1160.5,1601.1,220.3,4
2007,3049870,SparxTreat,1160.1,1297.2,68.6,90
2008,351927,Sandfall,1159.8,1582.5,211.3,4
2009,1787550,BG | JackO,1159.6,1493.7,167.0,8
2010,4543651,bevo,1159.6,1621.2,230.8,2
2011,1503629,Topdog,1159.4,1653.6,247.1,2
2012,5405444,WPC | FS | Verbatim,1159.3,1668.4,254.5,1
2013,1884519,Angel,1159.3,1419.4,130.1,14
2014,2888924,RC | Rapid,1159.1,1653.8,247.3,2
2015,5098151,shrampo,1159.0,1576.4,208.7,3
2016,3549882,George,1158.9,1619.9,230.5,4
2017,2455926,randrei,1158.8,1463.9,152.6,7
2018,4953141,Corvus,1158.5,1308.4,74.9,86
2019,5270310,Isiah,1158.3,1687.1,264.4,1
2020,5247,FFL | Soma,1158.0,1311.9,76.9,43
2021,1022177,Zess,1157.8,1749.8,296.0,1
2022,5177499,SoT | swabbie cast,1157.8,1549.3,195.8,3
2023,5098253,libhomer,1157.6,1619.7,231.0,2
2024,4264319,JackalopeKing,1157.6,1328.8,85.6,39
2025,1153961,TTV | DanTheEnigma,1157.5,1331.1,86.8,66
2026,3643436,RG-93,1157.5,1767.5,305.0,1
2027,3738477,Carbonated_soup!!!,1157.4,1334.2,88.4,40
2028,496484,THE HEAD RIPPEROFFER,1157.3,1465.1,153.9,8
2029,701630,MOB | P.I.E.R.C.E,1157.3,1294.9,68.8,370
2030,3657072,Slag69,1157.2,1738.0,290.4,1
2031,4865985,CypherTanuki,1157.0,1434.9,139.0,8
2032,1198128,WU | PHNM | Anarchy,1156.8,1606.7,225.0,6
2033,5181733,ALL SMASH,1156.6,1606.4,224.9,3
2034,404668,TCaP | Green Marth,1156.5,1473.4,158.5,106
2035,4347828,Stelter,1156.4,1579.1,211.3,4
2036,1930761,kaddical,1156.4,1683.0,263.3,1
2037,3166306,blep,1156.2,1515.6,179.7,4
2038,29107,NYC | Yeeevs,1156.0,1682.6,263.3,5
2039,2466126,giraffe,1155.5,1724.4,284.4,2
2040,28594,RVW,1155.4,1494.9,169.8,76
2041,5384872,player 4,1155.3,1531.1,187.9,4
2042,1727304,Shawarma,1155.2,1461.1,152.9,7
2043,1039742,DA | Vice,1155.1,1512.1,178.5,61
2044,2682057,Twidark,1154.9,1655.3,250.2,2
2045,3992539,Arcane,1154.8,1372.9,109.0,18
2046,434040,WL | LVL3,1154.7,1507.4,176.4,5
2047,4962856,PNG | JRaz16,1154.4,1522.0,183.8,6
2048,3103320,Sr Chaf,1154.4,1588.0,216.8,7
2049,4157186,GORDO | TFO256,1154.4,1704.0,274.8,3
2050,768377,Adrian,1154.3,1422.9,134.3,49
2051,4916524,Earv,1154.2,1569.6,207.7,3
2052,3839181,Zaman,1154.1,1666.7,256.3,2
2053,1817884,Davman9165,1153.9,1600.5,223.3,2
2054,5013524,lard lad,1153.9,1703.9,275.0,1
2055,4788041,br1ght(A),1153.7,1346.6,96.4,31
2056,9976,Angel Cortes / Tokyo,1153.7,1780.0,313.2,1
2057,5317228,UC | Jamal,1153.6,1621.5,234.0,2
2058,3734881,Zemi,1153.1,1689.1,268.0,1
2059,822416,Sir.Edwin,1153.1,1595.9,221.4,2
2060,1005182,slap | SnuggleWorm,1152.9,1437.6,142.4,35
2061,2586588,SEVENKEI,1152.8,1629.3,238.3,2
2062,409987,Neo Joe,1152.7,1478.3,162.8,27
2063,4521617,JohnnyD,1152.6,1699.9,273.7,1
2064,4521508,Romantendo64,1152.6,1699.9,273.7,1
2065,5151165,player 4,1152.4,1666.4,257.0,1
2066,2997758,MeNsCh,1152.1,1382.7,115.3,49
2067,2803592,AGN | Big Sexy,1152.0,1542.1,195.0,3
2068,1723607,Scrap,1152.0,1666.1,257.1,3
2069,4687013,iann Dior,1152.0,1619.9,234.0,3
2070,3014877,SFS|JVFIVE | SAPPHYRE,1152.0,1311.8,79.9,181
2071,4718175,MacSmitty,1151.5,1621.8,235.2,6
2072,3397084,Sprish,1151.4,1450.9,149.7,6
2073,3498012,hani,1151.0,1364.3,106.6,32
2074,2454608,Cj1150,1150.9,1291.2,70.1,67
2075,13565,DKwill,1150.8,1698.2,273.7,1
2076,379612,Spitz / Lygus,1150.8,1714.1,281.7,1
2077,2047806,ZASE | kenzi,1150.6,1274.9,62.1,124
2078,3799094,Aero,1150.5,1546.4,197.9,9
2079,3799106,WontonWarrior,1150.5,1546.4,197.9,9
2080,3799100,ShyGuy,1150.5,1546.4,197.9,9
2081,3825693,RedKetchup,1150.5,1311.1,80.3,46
2082,3696034,my dear,1149.9,1682.5,266.3,1
2083,215443,jaren!,1149.6,1490.3,170.3,6
2084,2545984,Gordo,1149.5,1533.2,191.8,5
2085,3194861,billy big ballz,1149.5,1736.5,293.5,1
2086,2813620,OLD | pheeyl,1149.4,1706.9,278.8,1
2087,1007258,Rat Gang | MorseCode,1149.4,1694.3,272.4,3
2088,1800796,Scruple,1149.2,1611.7,231.2,2
2089,2585089,Whimi,1149.2,1695.3,273.1,1
2090,1573466,TwoTone,1149.1,1601.0,225.9,4
2091,5140244,Jasun,1148.8,1663.8,257.5,1
2092,5332482,Skratch,1148.8,1455.5,153.3,7
2093,1070530,Fiive,1148.7,1600.5,225.9,2
2094,1278946,Coggles,1148.6,1693.7,272.5,1
2095,1012786,LCU-SFS | NationWide,1148.2,1682.2,267.0,1
2096,5443830,GGG | Nebula,1148.1,1300.3,76.1,37
2097,2711602,Rimas,1148.1,1656.4,254.2,2
2098,1466717,qaaa,1147.6,1519.5,186.0,25
2099,4730720,JSI | cucumber,1147.6,1420.4,136.4,9
2100,2213920,Aura Ora!,1147.3,1272.7,62.7,106
2101,910411,Fairtoknee,1147.2,1640.6,246.7,6
2102,1066557,5LG | CSUF | Tact,1147.1,1578.6,215.8,4
2103,1827202,EightJake / Larsen,1147.1,1702.5,277.7,1
2104,1739578,7kf,1147.1,1702.5,277.7,1
2105,433928,Onii-chan,1147.1,1622.8,237.9,8
2106,5092741,Amaynleng,1147.0,1606.6,229.8,2
2107,182737,GBG | among us blaster,1147.0,1712.1,282.6,1
2108,5389889,Otaku,1146.7,1551.0,202.1,3
2109,129342,Quite,1146.7,1670.2,261.8,6
2110,5044391,keekle,1146.3,1653.5,253.6,2
2111,2305170,Zaxis,1146.1,1306.8,80.3,67
2112,1409166,Potato,1146.0,1672.3,263.1,4
2113,5225734,Ciel0,1145.8,1658.7,256.4,1
2114,44466,Envy,1145.8,1669.3,261.8,7
2115,1186584,Koopa Troop: | Radeon,1145.7,1523.4,188.8,3
2116,3265306,REAL | BadMan,1145.6,1664.9,259.6,1
2117,3876976,BigRumbus / Kampei,1145.3,1321.6,88.2,55
2118,2044777,PBJ| .wav | Joba,1145.2,1674.8,264.8,2
2119,4807560,You read this | AllOutAce,1145.2,1623.6,239.2,2
2120,1282503,KapKaboomz,1145.0,1749.8,302.4,1
2121,1015038,Aqours!,1144.8,1581.9,218.6,4
2122,4637856,Gymbo2000,1144.5,1678.0,266.8,1
2123,1883543,The retired | Spurple IV,1144.2,1416.3,136.1,68
2124,5351153,MB | Qw3rty,1144.1,1535.5,195.7,3
2125,5251159,cutie palutootie,1144.0,1634.7,245.4,2
2126,2649169,C,1143.7,1347.5,101.9,74
2127,2458261,lazy ghost,1143.6,1678.5,267.5,1
2128,4990312,BadOnMyEnd.,1143.5,1668.1,262.3,1
2129,2189857,Free Agent | MORI,1143.5,1575.1,215.8,3
2130,4101459,Seb #1 Fan,1143.4,1664.9,260.8,2
2131,1023746,Nadjo,1143.3,1521.9,189.3,85
2132,5433608,YorkNew,1143.3,1570.5,213.6,2
2133,1861563,vesl,1143.0,1566.3,211.7,3
2134,3465672,StoopedDaDum,1143.0,1700.6,278.8,1
2135,3598945,Arcadia | Sonic,1142.8,1562.8,210.0,4
2136,26023,Nosk,1142.7,1766.7,312.0,1
2137,2040114,TE | savelil1th,1142.7,1766.7,312.0,1
2138,5389685,Mimikyube,1142.4,1653.0,255.3,1
2139,4530351,aleese,1142.2,1674.6,266.2,1
2140,955105,IamLuffytv,1142.2,1522.2,190.0,55
2141,4003599,Elilyth,1141.9,1498.7,178.4,8
2142,4991809,player 4,1141.6,1665.2,261.8,1
2143,1423572,RANDOM,1141.2,1518.2,188.5,87
2144,5171889,pingas62,1140.8,1579.5,219.3,3
2145,1586105,GWU | Rip Van Winkle,1140.6,1458.2,158.8,17
2146,1389610,mustard,1140.3,1507.6,183.6,7
2147,1101172,B Team | Robi,1140.1,1550.4,205.2,3
2148,1601554,Status Quo,1139.9,1782.9,321.5,1
2149,5037185,memesmemes300,1139.6,1523.1,191.8,5
2150,1377618,Mrsupersonic711,1139.4,1701.5,281.0,1
2151,901519,Lui-Jesus,1139.3,1691.1,275.9,3
2152,655576,Claw,1139.2,1302.8,81.8,51
2153,2499500,IEATASS69,1138.9,1618.5,239.8,3
2154,5211107,alizatf,1138.8,1532.6,196.9,3
2155,3765836,Stelter,1138.7,1560.9,211.1,4
2156,959027,ZeXa,1138.6,1419.4,140.4,24
2157,1134266,DAWN | Visceral,1138.5,1654.8,258.1,3
2158,3240501,ray ray,1138.5,1695.4,278.5,1
2159,2650903,Bloom | DragonZord,1138.3,1443.6,152.7,9
2160,1032169,Shin-P,1138.2,1494.0,177.9,37
2161,6180,Goomba,1138.0,1639.0,250.5,5
2162,1063778,sky,1138.0,1352.6,107.3,25
2163,3172399,ExactlyOneSasquatch,1137.9,1486.9,174.5,5
2164,1352590,FortniteJoycons | Scroll,1137.7,1418.0,140.2,8
2165,220175,Unshorn,1137.7,1523.2,192.8,46
2166,1401608,</3 | wakeup,1137.5,1517.8,190.2,31
2167,1507424,WU | Niko,1137.3,1608.2,235.4,2
2168,1279541,Chance,1137.1,1524.0,193.4,83
2169,1228010,DJ,1137.1,1627.4,245.2,6
2170,315585,Nemesis,1137.1,1496.1,179.5,4
2171,1698523,iNsane,1136.6,1664.2,263.8,3
2172,2150083,Majin_Buu22,1136.5,1514.9,189.2,5
2173,3690993,balls,1136.4,1602.8,233.2,4
2174,5090691,Kirby | J__DA__FOOL,1136.2,1431.9,147.8,9
2175,1609520,Popoff,1136.2,1643.0,253.4,4
2176,5016262,BasicallyCanadian,1135.9,1570.5,217.3,2
2177,235568,JAVI,1135.3,1608.6,236.6,3
2178,3308397,Recount,1135.3,1358.6,111.7,14
2179,1507423,DSKR|WO! | RandyMayCrazy,1135.1,1393.1,129.0,76
2180,2433497,KornDog | E Man,1135.1,1607.9,236.4,4
2181,4513208,Oliver,1135.1,1411.0,138.0,25
2182,2142882,Iona | FibX,1134.6,1391.2,128.3,51
2183,4615253,WoolPiano677842,1134.1,1590.4,228.2,2
2184,1657567,Ericdj / Shulk,1134.0,1678.7,272.4,3
2185,5222692,Raptor,1133.9,1499.8,182.9,5
2186,3268492,Numboss,1133.9,1307.1,86.6,46
2187,3917953,Asteria,1133.5,1486.7,176.6,9
2188,3204199,bemo,1133.4,1651.5,259.0,1
2189,5270322,Bloom,1133.4,1651.5,259.0,1
2190,15252,Ralph's Friend | Fang,1133.4,1606.7,236.7,4
2191,1065728,KindOfIce,1133.0,1585.3,226.2,2
2192,4501462,C2F / GRNT | Virgo,1132.6,1671.5,269.4,1
2193,4419723,Darkwolfoz47,1132.5,1326.9,97.2,31
2194,5146504,Bandy,1132.0,1433.6,150.8,7
2195,2774024,Artie,1131.4,1652.0,260.3,1
2196,3221451,Shin | Mr. Tony,1131.2,1711.5,290.1,1
2197,160117,Barsthejourney,1131.1,1458.4,163.7,8
2198,3720538,_Rift_,1130.8,1290.8,80.0,66
2199,1196596,Potato,1130.8,1614.1,241.7,6
2200,1572203,UHS | TheRealJ.B,1130.5,1524.1,196.8,5
2201,1476116,bizcocho,1130.3,1632.9,251.3,5
2202,1575378,ScienceProject99,1130.0,1461.0,165.5,9
2203,2191110,captinricard,1129.8,1508.7,189.4,4
2204,5227870,chromatic.,1129.4,1643.7,257.1,1
2205,2902774,Haven,1129.2,1659.9,265.3,1
2206,1085224,slate,1129.0,1534.0,202.5,7
2207,721955,tidd,1128.8,1575.8,223.5,2
2208,2755491,FzP | ConCon,1128.7,1684.9,278.1,2
2209,4158126,riddy g,1128.7,1697.1,284.2,1
2210,5213225,TheDragothian,1128.4,1657.2,264.4,1
2211,5184963,flemboat,1128.4,1657.2,264.4,1
2212,962212,Rews,1128.2,1646.5,259.2,1
2213,1468989,ZFN | UTA | Thuy,1127.8,1645.7,258.9,1
2214,2234087,Bonane,1127.8,1645.7,258.9,1
2215,1013787,Doofus / DarkAngel,1127.8,1660.2,266.2,3
2216,1792862,leggy145,1127.8,1438.6,155.4,7
2217,4412243,H-Meister,1127.7,1611.3,241.8,3
2218,2150827,RaptorThePhilosopher,1127.7,1691.1,281.7,1
2219,1871594,MBS | Venera,1127.5,1309.3,90.9,66
2220,1315027,Geepster,1127.4,1744.6,308.6,1
2221,233995,PEPIS | Slurmp,1127.4,1776.6,324.6,1
2222,360966,Colmar,1127.2,1557.3,215.0,4
2223,3016330,yoshi0luigi,1127.2,1278.8,75.8,76
2224,370999,Xaria,1127.1,1589.8,231.3,2
2225,5461546,Reis,1127.0,1523.7,198.4,3
2226,3527754,K.O.G.,1127.0,1587.1,230.1,6
2227,46958,Ho3K | Frozen,1127.0,1720.8,296.9,1
2228,1466201,Alfred,1126.8,1508.3,190.7,76
2229,1857895,Oliver Closoff,1126.7,1678.8,276.0,1
2230,1020105,Wing,1126.5,1678.9,276.2,2
2231,2976239,Stanster1247,1126.5,1312.4,93.0,31
2232,50963,EnbyFish,1126.4,1501.4,187.5,66
2233,323850,Lare-Bear,1126.1,1287.2,80.6,61
2234,2670551,SHU | Arc,1126.0,1258.3,66.2,145
2235,1496209,BANZOOO / HoeCakes,1125.8,1621.9,248.0,5
2236,1174131,onepiecefan2009,1125.8,1599.1,236.6,2
2237,1091411,IHL,1125.8,1486.0,180.1,155
2238,1548201,MSU | Yona,1125.6,1603.3,238.8,3
2239,4778423,SLU | Luca,1125.6,1291.6,83.0,38
2240,4082525,NeoPhantazus,1125.6,1297.2,85.8,39
2241,3988343,Cove | B Dawgg,1125.5,1278.3,76.4,66
2242,1436264,Mark!E,1125.5,1588.2,231.4,5
2243,702811,LG | Drake won the beef,1125.1,1483.4,179.1,8
2244,147824,TSG | Mr.L,1125.0,1578.0,226.5,11
2245,5249935,JCho,1124.9,1589.4,232.3,2
2246,1363238,ch8ckey,1124.5,1284.2,79.9,68
2247,433894,SMFN | Towa,1124.3,1594.7,235.2,2
2248,1525333,SBF | antwan,1124.1,1375.1,125.5,18
2249,274421,Cgaz,1124.0,1655.3,265.6,3
2250,70676,Exciled,1124.0,1617.6,246.8,4
2251,3115529,Jared,1123.8,1715.7,295.9,1
2252,1744611,Bruce,1123.6,1735.1,305.8,1
2253,4708561,umu,1123.3,1467.5,172.1,6
2254,56270,Gymbo2000,1123.3,1399.5,138.1,9
2255,5204981,shadow460,1123.3,1552.1,214.4,2
2256,5264235,MeTheAvatar,1123.1,1598.6,237.7,2
2257,1358745,Tyler,1123.0,1626.4,251.7,5
2258,39456,Biddy,1122.7,1580.2,228.8,2
2259,2169015,JT7/SMFN | Warner,1122.6,1610.2,243.8,2
2260,779163,UHCL | Zohar,1122.2,1549.6,213.7,4
2261,1000564,Toogis,1122.1,1559.0,218.5,24
2262,5079763,Otaku,1122.0,1647.5,262.7,1
2263,5259960,Otaku,1122.0,1647.5,262.7,1
2264,4523561,Octobro_,1122.0,1282.8,80.4,54
2265,184077,UC | Mayyro,1121.9,1423.8,151.0,85
2266,3061108,Nozune,1121.7,1621.4,249.9,3
2267,2504996,sls,1121.3,1504.2,191.4,6
2268,5247668,player 4,1121.3,1579.5,229.1,2
2269,5061184,player 4,1121.3,1644.4,261.6,1
2270,3718917,balls,1120.5,1553.1,216.3,5
2271,4815,Daddy Janky,1120.1,1579.8,229.9,2
2272,355121,PHNM | Frostbyte,1119.4,1655.3,268.0,1
2273,5409183,player 4,1119.3,1487.8,184.3,4
2274,225724,DJ,1118.8,1537.3,209.2,19
2275,1601827,Lemon,1118.7,1583.6,232.5,8
2276,3643138,LG | Milk,1118.7,1640.6,261.0,1
2277,3932776,Stelter,1118.5,1574.5,228.0,4
2278,5274228,Herkimer | DevilNook,1118.2,1537.5,209.7,3
2279,5509867,PRICK,1118.2,1527.7,204.8,3
2280,5004512,JaysPT,1117.9,1351.7,116.9,18
2281,2041903,STEEEVE,1117.9,1497.6,189.9,5
2282,997455,8Tigre24,1117.8,1676.6,279.4,2
2283,4983676,AnyRandomPerson,1117.8,1279.0,80.6,61
2284,5427724,raydacoolest,1117.7,1633.3,257.8,1
2285,3812089,Mint,1117.5,1420.9,151.7,8
2286,2965327,B Team | Silly | Kira,1117.4,1247.6,65.1,117
2287,613103,333 | SpeedyD,1117.2,1524.2,203.5,3
2288,5257404,Razure,1117.1,1311.5,97.2,30
2289,3987288,Shell2005,1116.9,1284.5,83.8,44
2290,5400265,Phosphora,1116.8,1581.3,232.2,3
2291,1618520,fluff,1116.7,1281.0,82.2,73
2292,2200488,TC | Starlight,1116.6,1562.6,223.0,2
2293,855504,Ryuko | Sensei,1116.6,1689.9,286.7,2
2294,2927176,HeyZeus,1116.4,1747.3,315.5,2
2295,1287560,Spooncan,1116.4,1619.8,251.7,5
2296,183353,Kofi,1116.3,1642.3,263.0,1
2297,2890513,Blair,1115.9,1382.6,133.4,103
2298,1662450,Spoopy,1115.8,1651.6,267.9,2
2299,5516646,I am | Sneakers OToole,1115.7,1500.6,192.5,3
2300,1349076,gum cuzzler,1115.5,1626.0,255.2,5
2301,2451243,Blacthulhu,1115.4,1255.5,70.0,90
2302,1932765,Pootr,1115.2,1574.8,229.8,3
2303,46546,Rice Shower,1115.1,1681.3,283.1,1
2304,2591464,TFO256,1115.1,1730.0,307.4,1
2305,4326685,Sleeps,1115.0,1642.3,263.6,1
2306,1437134,Solfege,1114.4,1273.4,79.5,113
2307,57890,Rad / Goolick,1114.3,1519.8,202.8,6
2308,5383240,hreed,1114.3,1289.3,87.5,31
2309,3541583,King,1114.2,1600.9,243.3,3
2310,1307871,NickSF,1114.2,1670.6,278.2,1
2311,160078,Extra O,1114.2,1706.7,296.2,2
2312,349801,EVC | Gotham,1113.9,1532.8,209.4,5
2313,183126,GODFiDENT / eviL,1113.8,1523.1,204.7,14
2314,185596,UltimaGamer3000,1113.3,1642.7,264.7,1
2315,1697917,Vakama,1113.3,1483.3,185.0,4
2316,3491625,935Fox,1113.3,1408.4,147.6,9
2317,3640016,WelcoFa,1113.3,1658.4,272.6,1
2318,407762,GG | Jay,1113.2,1772.5,329.6,1
2319,409010,GrandTale,1113.2,1772.5,329.6,1
2320,3079753,Calvin,1112.9,1694.4,290.8,1
2321,3079755,Joanna,1112.9,1694.4,290.8,1
2322,47868,Bankai,1112.3,1766.5,327.1,1
2323,1957463,Soup,1112.0,1263.6,75.8,76
2324,5522249,SCB | NinJenDo,1111.7,1592.7,240.5,2
2325,3178398,BTBest | Crisis,1111.7,1331.8,110.1,23
2326,539956,Metaternal,1111.6,1601.0,244.7,9
2327,4239069,TXC | Seek,1111.5,1285.1,86.8,62
2328,1480224,FSG | | Future#2K,1111.3,1533.0,210.8,4
2329,4344833,EquilibriousBeast,1111.1,1506.2,197.5,4
2330,4946924,Pekka Gamer,1111.1,1264.6,76.8,59
2331,655943,Tricky,1110.9,1726.0,307.5,1
2332,1128754,Radiant,1110.9,1481.6,185.4,4
2333,56791,djb | kyle xcx,1110.8,1743.0,316.1,1
2334,5254420,Lemonsilk,1110.7,1457.0,173.1,7
2335,1090917,IHL,1110.4,1646.2,267.9,5
2336,1891889,jake,1110.4,1662.9,276.3,2
2337,225268,FzP | SolarBeam,1110.3,1694.2,291.9,1
2338,2439223,ArmJoesh,1110.3,1694.2,291.9,1
2339,4960754,Brug,1110.3,1422.4,156.1,6
2340,4524344,Godenmon,1110.0,1590.3,240.2,2
2341,4907447,Jace,1109.9,1559.7,224.9,2
2342,3344810,SS_Hero,1109.9,1540.9,215.5,7
2343,4730326,PG77 | PickleGuy77,1109.8,1663.5,276.8,1
2344,4177848,DC3 | 10マイル,1109.8,1245.5,67.9,64
2345,41220,AG,1109.6,1610.3,250.3,9
2346,1261375,TSM | Wylder,1109.6,1480.4,185.4,101
2347,5476325,Robert N (*),1109.5,1477.0,183.8,3
2348,1601315,Azublazer,1109.2,1740.6,315.7,1
2349,22047,BRED,1109.0,1597.3,244.2,7
2350,1009070,Ego | TAMU-C | Maple,1108.4,1467.2,179.4,7
2351,1488633,03lead,1108.4,1647.2,269.4,4
2352,112228,Cougy,1108.2,1688.1,290.0,1
2353,4715059,Xendrick,1108.0,1508.6,200.3,3
2354,763918,AWG | trash,1108.0,1715.4,303.7,1
2355,3799085,worsedeath,1107.9,1651.1,271.6,1
2356,4609220,wheeee,1107.9,1651.1,271.6,1
2357,1963342,Rytu,1107.6,1478.4,185.4,4
2358,4971647,Williamm201,1107.6,1279.3,85.8,62
2359,126395,Old LTCT,1107.2,1593.0,242.9,3
2360,1159867,Gamez Zone | PrimeTime,1106.9,1531.8,212.4,4
2361,5103240,Idontknow,1106.9,1484.6,188.8,4
2362,1791633,Bae | Rondor,1106.7,1698.5,295.9,1
2363,1731362,AWG | Hybridomega,1106.7,1284.4,88.9,74
2364,1812185,Buncho,1106.6,1690.6,292.0,2
2365,1874974,Jay,1106.1,1647.6,270.8,2
2366,1727067,UTO | Just Me,1106.0,1439.4,166.7,5
2367,5241866,Rocco,1105.8,1630.5,262.4,1
2368,930429,vito,1105.8,1672.4,283.3,1
2369,171687,←/Sparknomad,1105.8,1660.4,277.3,1
2370,4823446,John,1105.7,1569.2,231.7,3
2371,3011430,Sayori,1105.7,1555.4,224.9,3
2372,1042374,ROK | Riku,1105.7,1630.2,262.3,2
2373,3991626,Aurafistkaz,1105.4,1285.9,90.2,29
2374,1440849,ODSY | Tharpy,1105.3,1425.8,160.2,9
2375,1885345,Jammer,1105.2,1243.4,69.1,90
2376,1089750,TaroSays,1105.1,1488.7,191.8,78
2377,138843,JT,1105.1,1724.6,309.7,1
2378,5213449,sleepytoast,1104.9,1310.3,102.7,22
2379,2168567,GCG | DeezHands,1104.8,1239.3,67.2,77
2380,5083350,Yasin,1104.8,1422.9,159.1,6
2381,1592885,Adam,1104.6,1729.1,312.3,1
2382,28929,Juanpi,1104.5,1533.1,214.3,3
2383,14702,Lew,1104.3,1651.3,273.5,1
2384,945989,AceAttorneyist,1104.3,1537.7,216.7,5
2385,4966136,Shadowguy,1104.1,1492.5,194.2,4
2386,2238995,天 | StarGoldfish347,1104.1,1597.2,246.6,4
2387,3601870,Drew,1103.9,1558.1,227.1,4
2388,4165204,448 | _Rift_,1103.8,1647.7,271.9,1
2389,1819350,YOYO | D^Brickashaw0730,1103.5,1615.3,255.9,3
2390,2437765,SWR | The_Awesome_Ale,1103.4,1539.9,218.3,5
2391,1184411,J2G,1103.0,1479.9,188.5,83
2392,385998,Ry Schnee / Citadel,1102.4,1591.0,244.3,2
2393,5129952,It Lives!,1102.3,1565.5,231.6,2
2394,413750,Kyruya,1102.0,1470.3,184.1,4
2395,4623575,FUCK MEDINA,1102.0,1624.1,261.0,1
2396,5426973,CrabTheRave,1101.9,1440.0,169.1,5
2397,1070940,Uhh,1101.8,1673.0,285.6,2
2398,1001585,DN | ShineBurst,1101.2,1688.0,293.4,1
2399,4783618,bad at tha game :3,1101.1,1693.4,296.2,1
2400,1494129,Waffle,1101.0,1693.8,296.4,2
2401,5092856,THE POOL,1100.8,1263.1,81.1,57
2402,69719,Bagel,1100.6,1509.4,204.4,3
2403,1711597,Gooby,1100.6,1682.5,290.9,1
2404,1303483,Haseo,1100.5,1591.3,245.4,5
2405,2547585,Frozen Spike,1100.4,1605.1,252.3,2
2406,952373,ENC | Soto,1100.0,1382.0,141.0,67
2407,4314921,Wex (Secondaries),1099.9,1440.1,170.1,4
2408,423100,YukiTrey / Xen0,1099.7,1680.7,290.5,1
2409,2690816,Ndub,1099.6,1427.4,163.9,6
2410,469569,Sheen,1099.3,1490.4,195.5,4
2411,4658162,mohle,1099.0,1460.1,180.5,5
2412,5477051,PringusMcDingus,1099.0,1510.8,205.9,2
2413,5220952,12er,1098.9,1589.2,245.2,2
2414,2160906,ECN,1098.8,1247.7,74.4,84
2415,4305158,David,1098.6,1380.3,140.9,7
2416,1814072,F!Ve,1098.3,1657.5,279.6,1
2417,3668588,GP | caramelbrew,1098.3,1657.5,279.6,1
2418,3785077,War Criminal Cheems,1098.3,1657.5,279.6,1
2419,1973440,PBJ | Blackmoon,1097.8,1421.3,161.7,8
2420,2429006,littlecow,1097.7,1346.9,124.6,19
2421,2896387,dbfc | gObe,1097.6,1306.0,104.2,92
2422,1219085,Potato,1097.4,1593.1,247.9,6
2423,964432,Sour-SkittleS,1097.3,1642.8,272.7,1
2424,62160,Sofronas,1097.2,1403.3,153.0,9
2425,3053454,TM | Bardo,1097.1,1394.3,148.6,21
2426,1049752,Jiggs,1097.0,1545.9,224.4,2
2427,838041,Dead,1097.0,1718.3,310.6,1
2428,4309921,Dcyborg12,1096.9,1437.7,170.4,5
2429,4913584,As Whatever,1096.8,1645.4,274.3,1
2430,3663192,obamy,1096.6,1598.3,250.8,2
2431,389820,Twizzy Bomb,1096.6,1582.8,243.1,5
2432,2124806,Punkid667,1096.4,1291.7,97.7,33
2433,4906786,Voorhees,1096.2,1425.8,164.8,7
2434,1521925,ESM | Buzz Efx,1096.1,1468.5,186.2,5
2435,991654,TS | Onyx,1096.1,1528.3,216.1,3
2436,4907382,Topazxp,1096.0,1341.9,123.0,15
2437,4205269,CV | hotelwifi,1095.7,1629.0,266.7,1
2438,2183700,Jutturna,1095.7,1629.0,266.7,1
2439,1812083,Etjam,1095.7,1656.6,280.5,1
2440,1565806,Charles,1095.4,1724.4,314.5,1
2441,2652838,Lycan,1095.1,1473.6,189.2,3
2442,2463667,MysticArts,1095.0,1250.4,77.7,76
2443,1130592,mimu!!,1094.9,1532.2,218.7,2
2444,4584578,Coleslaw,1094.7,1624.1,264.7,1
2445,595222,^PROGRESS^,1094.5,1493.8,199.7,3
2446,697242,C7 | Moot,1094.3,1706.4,306.0,1
2447,158297,Dusk,1094.1,1546.0,225.9,4
2448,5335680,8SAK,1094.1,1555.3,230.6,2
2449,4981448,player 4,1094.1,1630.4,268.2,1
2450,3743052,SUPAH,1094.0,1489.9,197.9,3
2451,1708736,Maria,1093.6,1621.3,263.9,1
2452,2442377,Nameless,1093.5,1668.5,287.5,1
2453,4438519,XtraKool,1093.5,1626.5,266.5,1
2454,352140,Croak,1093.0,1703.8,305.4,2
2455,3178531,Cosmic,1093.0,1277.2,92.1,82
2456,5034446,PEAK | pc gamer,1093.0,1640.2,273.6,1
2457,3799093,SoulArts,1092.4,1500.0,203.8,8
2458,3799116,Celcha,1092.4,1500.0,203.8,8
2459,3799110,Cold,1092.4,1500.0,203.8,8
2460,3799089,TK1,1092.4,1500.0,203.8,8
2461,1488238,Waypoint,1091.8,1711.8,310.0,1
2462,1347527,Nous,1091.8,1731.9,320.1,1
2463,2450396,RedKO7,1091.8,1731.9,320.1,1
2464,2448938,TTboy,1091.8,1731.9,320.1,1
2465,3254840,Miker,1091.6,1469.4,188.9,5
2466,2391441,SBU | Vanilla,1091.4,1250.5,79.5,70
2467,47041,Hazmatt / Meccs,1091.4,1536.7,222.6,3
2468,5427646,Argus,1091.4,1532.4,220.5,2
2469,1748674,Dino,1091.4,1697.8,303.2,1
2470,1287677,FS | A Shiny Pokémon,1091.3,1623.9,266.3,2
2471,5499741,Ch4teau,1091.3,1484.8,196.8,3
2472,3071069,Brooks,1091.1,1623.5,266.2,1
2473,54749,guap,1090.8,1519.8,214.5,2
2474,1309914,Share Stock | Lil_Ernie,1090.7,1543.6,226.4,2
2475,5397001,AndThisGuy,1090.5,1556.5,233.0,3
2476,48262,King Pants / ANTSAM,1090.3,1735.3,322.5,1
2477,1504359,Ho3k | ridlygod69,1090.1,1605.9,257.9,3
2478,1464493,Obwan,1090.0,1585.3,247.6,4
2479,16101,Hell Fox,1089.9,1585.1,247.6,10
2480,1003014,Pray4 | PastryKing,1089.9,1585.1,247.6,10
2481,1696928,ZBK,1089.7,1586.8,248.5,4
2482,1004635,circusdoll / Amon,1089.6,1626.7,268.5,6
2483,1003118,Pray4 | Huskee,1089.6,1626.7,268.5,6
2484,994353,Kill me,1089.6,1626.7,268.5,6
2485,1005778,Cee,1089.6,1626.7,268.5,6
2486,16019,DA | DireOnFire,1089.6,1626.7,268.5,6
2487,3667440,Bub,1089.4,1617.0,263.8,1
2488,5420077,Pfati,1089.2,1491.2,201.0,3
2489,1885868,Mauga players,1089.1,1407.4,159.2,7
2490,3394106,Poolin,1089.0,1270.2,90.6,50
2491,4480243,Icey,1088.9,1531.3,221.2,5
2492,2427518,GrayGhost110,1088.8,1651.3,281.2,1
2493,509977,Dabble,1088.8,1471.9,191.6,72
2494,2899697,SELLOUT | QBrawl,1088.8,1251.2,81.2,73
2495,5225289,Wilson,1088.7,1361.0,136.1,9
2496,5238588,DA FEZZ,1088.5,1644.4,277.9,1
2497,2541189,Princrim,1088.1,1264.4,88.1,51
2498,3499707,skeleccino,1088.0,1621.2,266.6,2
2499,3840416,Mikael_1305,1087.9,1545.0,228.5,3
2500,381350,Nhan,1087.8,1681.1,296.7,1
2501,2141124,stinkycheese782,1087.4,1454.1,183.3,8
2502,1000822,2! | Avail,1087.4,1627.4,270.0,2
2503,875560,Karxm,1087.3,1576.1,244.4,2
2504,5505023,RADIO!,1086.8,1335.2,124.2,15
2505,1358829,Skilled Roy,1086.8,1616.6,264.9,5
2506,1479384,Shugokimon,1086.7,1375.9,144.6,9
2507,1520083,GumCuzzler,1086.7,1592.2,252.7,4
2508,1677180,Se,1086.4,1292.3,103.0,56
2509,1364219,GRNT | summitsun,1086.1,1479.9,196.9,11
2510,5168556,kloppi417,1086.0,1603.8,258.9,2
2511,1827450,The Very Best | Da_Waddler,1085.9,1527.1,220.6,2
2512,594618,FP | Chavo,1085.8,1695.3,304.8,1
2513,127994,stress.,1085.8,1695.3,304.8,1
2514,891732,Prime,1085.7,1588.5,251.4,4
2515,3696138,Suslord,1085.5,1377.3,145.9,30
2516,866133,CookingMama,1085.3,1477.9,196.3,69
2517,1722787,javi,1085.0,1702.1,308.5,1
2518,2629376,Audible | Dr. Gray,1085.0,1485.8,200.4,3
2519,733710,Defs Dojo | Caspr,1084.9,1643.1,279.1,2
2520,4662860,Brokenlayers,1084.9,1631.0,273.0,1
2521,2563844,Bingus,1084.8,1430.6,172.9,5
2522,4884264,Monkmond,1084.6,1627.2,271.3,1
2523,4960507,ButtMonkey,1084.3,1422.6,169.2,8
2524,5195685,Tj Gav,1084.0,1628.3,272.2,1
2525,797773,12G | Maxwell,1083.5,1490.3,203.4,5
2526,1309500,quicK,1083.4,1641.7,279.2,1
2527,3017089,Andrew Kulp,1083.4,1572.1,244.4,5
2528,3821892,Alex,1083.2,1644.4,280.6,1
2529,3845248,paper,1083.2,1644.4,280.6,1
2530,1723443,JBergs,1083.0,1376.1,146.6,68
2531,3127478,GradientAscent,1083.0,1261.5,89.2,65
2532,3582974,User452777,1082.9,1632.5,274.8,1
2533,1151283,RNJesus,1082.9,1580.9,249.0,5
2534,66840,YE | Showkase,1082.8,1445.1,181.2,27
2535,65162,Spenji,1082.8,1560.9,239.1,8
2536,4907376,IVanic,1082.8,1293.9,105.5,19
2537,1427848,JRock-SM,1082.8,1643.1,280.2,1
2538,1648298,あcola~fan ろくなな,1082.6,1566.1,241.7,3
2539,1088672,Icarus,1082.4,1705.5,311.6,1
2540,615281,SacaLuigi,1082.3,1471.7,194.7,4
2541,1311157,RT | NeoVanquisher,1082.1,1691.8,304.9,1
2542,5012815,y e s,1081.9,1475.6,196.9,3
2543,2456696,Arkyluky,1081.9,1499.6,208.8,5
2544,3134324,Dilon,1081.7,1242.7,80.5,87
2545,1142213,Dio,1081.6,1729.7,324.0,1
2546,293912,EagleBones McFalconHawk,1081.6,1636.4,277.4,1
2547,1373988,KOA Typhlava,1081.1,1690.7,304.8,1
2548,2719969,D-X,1081.1,1690.7,304.8,1
2549,1639898,Wrench,1081.1,1427.9,173.4,8
2550,1055425,Fahrenheit,1081.0,1617.9,268.4,1
2551,1684312,EΔ | TacoDeGerman,1081.0,1617.9,268.4,1
2552,70826,Inky,1080.9,1562.5,240.8,3
2553,4121,HTC | Cyel,1080.9,1470.3,194.7,6
2554,1562590,Jmartiles,1080.7,1713.4,316.3,1
2555,173609,MHM | Cyro X,1080.7,1263.2,91.2,50
2556,27632,TSG | Wolf,1080.7,1479.7,199.5,44
2557,55057,ME | Whirlpool,1080.6,1571.0,245.2,5
2558,3205929,Puyogi,1080.6,1397.9,158.6,6
2559,3206237,Funklebottom / Werydan1,1080.4,1611.4,265.5,1
2560,2505273,Lust,1080.2,1637.8,278.8,1
2561,3507303,Couvora,1080.2,1637.8,278.8,1
2562,1809817,nerdbird,1080.2,1677.1,298.4,1
2563,870913,Highschord,1080.1,1668.4,294.1,1
2564,2684284,ADJ|Wilsports | Bounce,1079.9,1484.5,202.3,5
2565,35661,SHBOYS | Angel Cortes,1079.8,1683.5,301.9,1
2566,2429649,Pit Professor,1079.8,1671.1,295.7,4
2567,1784280,Frisk,1079.6,1429.6,175.0,6
2568,1362527,SBZ | TheComet,1079.5,1418.6,169.5,8
2569,3238423,m?n | PHG/SJI | mom?gaming,1079.3,1208.5,64.6,124
2570,2157002,Multi,1078.9,1301.6,111.3,35
2571,5167936,ESM | Buzz Nightmare,1078.9,1418.4,169.7,6
2572,3209025,GO PYRA,1078.8,1667.0,294.1,1
2573,2279258,crystal pg | blue dog,1078.7,1567.7,244.5,2
2574,4114317,Grilled Cheese,1078.5,1248.2,84.9,79
2575,4046515,Paper,1078.5,1636.7,279.1,1
2576,5204021,KBLite,1078.4,1506.6,214.1,2
2577,1156384,Herman,1078.0,1698.6,310.3,1
2578,16049,SHADOW MAN,1078.0,1698.6,310.3,1
2579,357407,Angel,1078.0,1683.4,302.7,1
2580,1890317,Kirbiny,1078.0,1683.4,302.7,1
2581,4900499,MHM | Cyro X,1077.9,1521.1,221.6,3
2582,980830,WE OUTSIDE | MeSoAndy,1077.8,1589.9,256.0,2
2583,4035548,MC | Creative,1077.7,1499.2,210.7,4
2584,1913227,Nindo,1077.7,1264.2,93.2,52
2585,955121,Question,1077.5,1688.7,305.6,2
2586,4569886,Kin,1077.4,1620.1,271.4,1
2587,4725797,Hector,1077.1,1531.5,227.2,2
2588,1782790,agony,1076.9,1275.4,99.2,26
2589,5341266,GuyGagné,1076.8,1411.6,167.4,7
2590,2318678,Thorn,1076.8,1556.2,239.7,4
2591,3157909,ze,1076.6,1410.8,167.1,7
2592,3629577,ThrillKid,1076.6,1617.6,270.5,1
2593,48055,Djb | Laid,1076.5,1726.9,325.2,1
2594,2085103,Ice,1076.5,1726.9,325.2,1
2595,917917,1MS | Rei,1076.1,1350.3,137.1,9
2596,5264427,Xan,1076.0,1507.1,215.5,3
2597,51542,Tonberry,1076.0,1652.3,288.1,1
2598,340935,Flippy,1076.0,1652.3,288.1,1
2599,1223930,HeyZeus,1075.9,1709.5,316.8,1
2600,361018,DankStep,1075.8,1217.8,71.0,85
2601,1190378,GS | Spac3-Star,1075.7,1633.9,279.1,1
2602,4346501,naonao,1075.4,1473.0,198.8,5
2603,2820635,Jam,1075.2,1571.4,248.1,3
2604,2970787,RR | bengee,1075.2,1442.7,183.8,6
2605,22867,EON | ClueLess,1075.1,1310.9,117.9,32
2606,3029761,... | SCP- D-A-N,1074.9,1505.8,215.5,4
2607,39741,BaconBreath / Sheppy,1074.9,1643.7,284.4,1
2608,1881101,RVN | FrBz | ttv/BlitzzNY,1074.9,1696.0,310.6,1
2609,4973525,Karma,1074.8,1620.6,272.9,1
2610,2449181,MMSky,1074.8,1677.5,301.4,1
2611,2872870,Mmaroka,1074.7,1636.6,281.0,1
2612,5302952,POST | Astroboost,1074.6,1662.3,293.9,1
2613,256273,Brownie,1074.6,1463.5,194.4,75
2614,32212,Dick Puncher | Stage Hazard,1074.2,1643.2,284.5,2
2615,1040009,TSB | Elixir,1074.1,1666.6,296.3,1
2616,3052184,Team Rocket | Ross,1074.0,1393.6,159.8,11
2617,1669700,Goldsmith,1073.9,1376.9,151.5,148
2618,1243483,AC_redrum,1073.8,1635.3,280.7,1
2619,220457,3D | A-A-ron,1073.8,1661.4,293.8,2
2620,1334807,KOPA,1073.8,1431.8,179.0,74
2621,4812605,SuperStuyBros | The_nub,1073.7,1365.7,146.0,6
2622,2355961,UnearthlyMouse,1073.7,1609.7,268.0,1
2623,1183175,Hazard,1073.3,1679.7,303.2,1
2624,2245731,Vorhees,1073.1,1256.8,91.9,44
2625,4260883,Swagg,1073.1,1542.6,234.8,2
2626,4874319,wiiki,1072.9,1266.3,96.7,29
2627,4907450,Nutty,1072.8,1635.1,281.2,1
2628,4706623,Dragonthian,1072.8,1635.1,281.2,1
2629,3044562,Pineapple,1072.8,1526.6,226.9,5
2630,9969,Elu,1072.4,1616.6,272.1,1
2631,3436214,Gmx,1072.0,1377.4,152.7,18
2632,329768,Moose,1071.6,1692.1,310.2,1
2633,2384799,joey,1071.6,1692.1,310.2,1
2634,4589211,Raptor,1071.5,1568.3,248.4,3
2635,5502698,travio,1071.4,1489.8,209.2,2
2636,5506309,NotRowin,1071.4,1377.3,153.0,7
2637,1047908,Cee,1071.3,1584.5,256.6,5
2638,3769247,cashew,1071.2,1319.6,124.2,19
2639,2008062,Pango,1071.2,1671.7,300.3,1
2640,1063995,Rice,1071.0,1626.8,277.9,1
2641,2131805,NP | kirb,1070.9,1561.9,245.5,2
2642,2963691,Ace_of_Julian,1070.7,1237.3,83.3,74
2643,71195,Gio~Setsuna,1070.7,1398.1,163.7,8
2644,1885420,Frog Chair,1070.6,1523.9,226.6,2
2645,4303797,Flynn,1070.6,1662.3,295.9,1
2646,49123,Face,1070.4,1722.1,325.9,1
2647,4561357,NumbSkullz,1070.4,1237.5,83.5,50
2648,4668497,Vacant,1070.3,1629.0,279.4,1
2649,4668533,aaron,1070.3,1629.0,279.4,1
2650,2143430,YES! | Woulphy,1070.2,1447.6,188.7,6
2651,5185250,MSTR,1070.2,1662.3,296.1,1
2652,222927,LG CS3 VARS | MkLeo,1070.2,1662.3,296.1,1
2653,3686579,Antslayer01,1070.0,1212.7,71.3,88
2654,45434,Mr. Mojo Risin',1070.0,1599.3,264.7,2
2655,3639004,HISCORE35,1069.9,1502.0,216.0,2
2656,1208906,nairoPower,1069.9,1617.8,274.0,5
2657,512704,Anchor,1069.8,1509.7,220.0,3
2658,3907225,UG,1069.8,1459.3,194.8,6
2659,985534,slowbeau,1069.6,1499.0,214.7,2
2660,3513022,noserock,1069.4,1384.8,157.7,6
2661,246066,Sama,1069.4,1607.7,269.1,1
2662,2406469,TempesT,1069.4,1546.6,238.6,2
2663,1052472,CF | Dominator,1069.3,1563.2,247.0,2
2664,1212975,Bear,1069.3,1603.2,266.9,5
2665,3640333,EC | Nameless Lemon,1069.2,1530.2,230.5,2
2666,1488627,the mr morty,1068.8,1561.4,246.3,5
2667,3892820,Gyler,1068.6,1533.2,232.3,3
2668,866443,Lightning McMurphy,1068.6,1575.8,253.6,4
2669,5376324,Kendub,1068.4,1617.0,274.3,2
2670,1322657,Litman,1068.3,1559.3,245.5,2
2671,1228001,Potato,1068.1,1596.7,264.3,5
2672,1159658,Toogis,1067.9,1409.6,170.8,33
2673,1582252,ImYeah (A),1067.8,1279.4,105.8,76
2674,1099464,Bomb Squad NYC | Akihisa Sendo,1067.4,1265.2,98.9,27
2675,326554,TAF | Staz,1067.3,1692.0,312.3,1
2676,974154,C+,1067.3,1692.0,312.3,1
2677,3374102,LUCAS / Kay,1067.3,1672.2,302.4,1
2678,569602,GODwithinA,1067.3,1705.9,319.3,1
2679,1020415,Jake the Snake,1067.2,1241.6,87.2,72
2680,1576596,Agua,1067.0,1526.3,229.7,4
2681,620358,ESC,1066.8,1392.2,162.7,6
2682,2114217,koNAMI | Rubes,1066.8,1529.1,231.2,3
2683,5081800,Hendrix,1066.5,1662.3,297.9,1
2684,135614,PHNM | Storm,1066.2,1558.2,246.0,5
2685,2255262,Gatsby,1066.0,1518.1,226.0,3
2686,1288403,DatDerpDog,1066.0,1633.2,283.6,1
2687,1502533,Council | Rockadon,1065.7,1636.8,285.6,1
2688,2493418,QUILLY | Solarikku,1065.7,1636.8,285.6,1
2689,248698,May,1065.5,1670.5,302.5,1
2690,3656706,Deathcraft,1065.5,1628.7,281.6,1
2691,2620529,J.P.,1065.2,1632.2,283.5,1
2692,1087761,Tetro,1065.0,1631.8,283.4,1
2693,878292,C64 | TicoTico,1064.8,1668.5,301.8,1
2694,5016354,Zack,1064.7,1662.3,298.8,1
2695,4291866,mob100,1064.7,1627.7,281.5,1
2696,2284578,Kepler22 | REV | Masstxr,1064.6,1489.5,212.5,3
2697,2225138,Pany,1064.5,1588.9,262.2,4
2698,160228,Ken109,1064.3,1708.8,322.2,1
2699,2234890,b3o5,1064.3,1497.9,216.8,3
2700,5184965,Cytrm,1064.1,1608.4,272.2,1
2701,5185276,Jordan,1064.1,1608.4,272.2,1
2702,5004873,TheRiViR,1064.1,1613.5,274.7,1
2703,861161,Ranger,1064.1,1613.5,274.7,1
2704,5219076,Lauren the Destroyer,1064.1,1493.8,214.9,2
2705,4984383,StarSeeker,1064.1,1485.4,210.7,3
2706,32176,#FNY | Cassius,1064.1,1697.5,316.7,1
2707,62609,ZSP | Fabiio,1063.9,1514.2,225.1,5
2708,1157891,RVNT | Zaxel,1063.7,1716.1,326.2,1
2709,1557156,ThePatrioticMage / ToonNick,1063.7,1625.7,281.0,1
2710,1620952,Maxa,1063.5,1570.6,253.6,5
2711,5332560,icedragon,1063.5,1487.1,211.8,3
2712,339291,Ragnellrok / Tom,1063.4,1610.2,273.4,3
2713,4524448,Joeydillz,1063.4,1605.4,271.0,1
2714,2692839,excitingbike,1063.3,1439.5,188.1,4
2715,29685,junk,1063.3,1662.3,299.5,1
2716,4454900,480i,1063.1,1505.0,220.9,3
2717,3024682,DER3Y,1063.0,1533.6,235.3,5
2718,4956467,mossyjeans,1062.9,1662.3,299.7,1
2719,57017,Tiki,1062.8,1411.8,174.5,5
2720,3017048,Nick Pesa,1062.8,1533.0,235.1,5
2721,5022512,player 4,1062.6,1611.1,274.3,1
2722,4933739,Ryan,1062.2,1662.3,300.1,1
2723,4937620,xsting34,1062.2,1662.3,300.1,1
2724,2473389,Squishy,1061.9,1507.4,222.7,2
2725,2106082,butter,1061.9,1627.0,282.5,2
2726,2802053,Billio,1061.9,1627.0,282.5,2
2727,157913,izanagi,1061.5,1435.8,187.1,34
2728,1154098,LOA5000,1061.5,1326.9,132.7,76
2729,3396202,Ferry Versus The World,1061.4,1373.0,155.8,8
2730,1016157,J~DAWG,1061.3,1618.6,278.6,1
2731,1016666,cold,1061.0,1717.0,328.0,1
2732,1333355,Banana,1060.9,1620.9,280.0,1
2733,1999796,C-sticks,1060.8,1533.2,236.2,4
2734,1462246,607 | Lucky 38,1060.8,1648.9,294.1,1
2735,4286099,M47,1060.6,1510.1,224.7,2
2736,2214582,Nyo,1060.4,1259.6,99.6,75
2737,1791146,Z,1060.3,1669.4,304.5,1
2738,4369447,cmeonline,1060.0,1467.5,203.8,6
2739,130959,Inayellowflash,1059.5,1669.7,305.1,1
2740,649771,Mr.Lucky,1059.4,1704.3,322.4,1
2741,3955123,Ganondong,1059.2,1445.2,193.0,5
2742,1335535,GumCuzzler,1058.9,1595.8,268.4,4
2743,2570150,Just Raf,1058.9,1451.6,196.4,4
2744,1200141,TmpoppinJ,1058.7,1604.4,272.8,1
2745,1593364,Biggly Buff | RamenRaymond,1058.3,1514.7,228.2,2
2746,1578757,Potato,1058.1,1559.1,250.5,5
2747,4990206,Lowell,1058.1,1524.4,233.2,2
2748,2689576,Broshi,1058.0,1299.8,120.9,33
2749,55612,Crowdingmovie,1057.7,1460.4,201.3,3
2750,1942241,ExS | Dark Blue,1057.7,1626.6,284.5,1
2751,5181029,Pepe,1057.6,1279.1,110.8,18
2752,5083240,Titan,1057.4,1340.1,141.3,8
2753,5355484,Nate,1057.4,1589.9,266.2,2
2754,5429619,Nintunde,1057.3,1295.3,119.0,21
2755,4519814,Nova_v1,1057.1,1616.8,279.8,1
2756,5126661,chipu,1056.6,1497.8,220.6,4
2757,3318628,Chewyaardvark / SnakeyCools,1056.6,1649.7,296.6,1
2758,5013671,player 4,1056.5,1608.7,276.1,1
2759,1245611,Albert,1056.5,1612.3,277.9,1
2760,2278023,Unforgiven | Kabishan,1056.5,1612.3,277.9,1
2761,433852,Croquetto / WEED,1056.3,1508.8,226.3,12
2762,5405131,Merlyn,1056.2,1611.9,277.9,1
2763,891250,qb,1056.1,1600.2,272.1,1
2764,4101398,RioT,1056.1,1385.5,164.7,6
2765,3740045,SBU | 2015 fetty wap,1056.0,1662.3,303.1,1
2766,2818634,Mr Awesome Pants,1056.0,1597.0,270.5,2
2767,2093234,poo | Doi,1055.8,1392.0,168.1,71
2768,1120153,Fantasy,1055.6,1433.4,188.9,4
2769,2090717,John Fortnite,1055.5,1244.9,94.7,42
2770,5435863,Rai,1055.3,1435.7,190.2,3
2771,2765142,ShyGuy4Smash,1055.2,1625.5,285.2,1
2772,457921,Yótín / Ascension,1055.1,1501.7,223.3,3
2773,5397357,Ramurox,1055.1,1499.5,222.2,4
2774,147707,CCC | Rudy,1054.9,1554.7,249.9,4
2775,3651739,BHB | CRUMP,1053.9,1524.4,235.3,2
2776,1687505,Jiffy,1053.7,1663.2,304.8,1
2777,28964,Blah,1053.6,1552.2,249.3,7
2778,5195637,d_pot,1053.6,1611.9,279.2,1
2779,1397280,AX2,1053.5,1578.1,262.3,2
2780,3040379,McGritty,1053.5,1578.1,262.3,2
2781,3066996,Calvin,1053.5,1578.1,262.3,2
2782,3066997,Tower,1053.5,1578.1,262.3,2
2783,5405129,Merlyn,1053.5,1609.7,278.1,1
2784,704715,Akbros | roy,1053.4,1463.4,205.0,3
2785,5331195,heatblast,1053.4,1531.4,239.0,3
2786,2104041,Amdaggle / alitheowbot,1053.3,1423.2,184.9,3
2787,2413351,UMD | King,1053.3,1520.4,233.5,2
2788,2690251,OTL | Loser,1053.3,1460.9,203.8,7
2789,28218,Skylit,1053.1,1475.9,211.4,24
2790,2908736,MOB | Auresco,1053.0,1372.1,159.6,22
2791,1836463,Slim,1052.8,1662.6,304.9,1
2792,821917,PrinCe~KeX,1052.8,1662.6,304.9,1
2793,5150016,WP | Zenko,1052.5,1390.2,168.9,5
2794,4614432,haste,1052.3,1272.8,110.2,24
2795,46168,hypermariosunshine,1052.0,1519.6,233.8,4
2796,1884925,RTW | QUORTH,1051.9,1270.3,109.2,87
2797,1266763,LANKY FA LIFE,1051.7,1599.9,274.1,3
2798,5422133,Gira,1051.6,1588.1,268.2,2
2799,2078888,bricked. | Lumeckos,1051.3,1602.5,275.6,1
2800,31334,Yoda Cage,1051.3,1602.5,275.6,1
2801,3759235,Walmart | Gail Lewis fan 52,1051.2,1624.9,286.8,1
2802,3210488,GTN | Smokingaces,1051.1,1228.8,88.8,69
2803,3681126,RU | shai,1050.9,1479.9,214.5,2
2804,126119,artist | NEK,1050.9,1369.2,159.2,5
2805,5335242,Donte,1050.5,1397.7,173.6,4
2806,5421361,vital1ty,1050.3,1513.3,231.5,3
2807,1091844,JFeld,1050.2,1475.6,212.7,2
2808,1446066,Rek,1050.1,1670.8,310.3,1
2809,3102074,Thorty,1050.1,1419.9,184.9,6
2810,981833,RC Scarlet,1050.1,1513.6,231.7,3
2811,3387641,Canonball!,1050.0,1368.2,159.1,20
2812,4174293,Whispvrr,1049.9,1622.7,286.4,1
2813,2281076,FadedXI,1049.8,1592.9,271.6,1
2814,5386032,Nate,1049.7,1529.9,240.1,2
2815,2388354,AlexD,1049.7,1224.5,87.4,44
2816,4901773,mrmods,1049.7,1609.9,280.1,1
2817,2428489,ScrubInScrubs,1049.6,1411.7,181.1,4
2818,1806789,TAMUC | Master byron,1049.6,1418.8,184.6,7
2819,4554586,bowser | No-Jump-Kyle,1049.5,1552.2,251.3,3
2820,2251942,HC | Esmyr,1049.3,1631.1,290.9,3
2821,5125581,[B] Charles,1049.1,1469.4,210.2,3
2822,1970073,FusedShadow,1048.9,1662.3,306.7,1
2823,2269845,Chance,1048.7,1590.6,270.9,4
2824,4630665,CUNYBC | Milk,1048.7,1358.1,154.7,8
2825,2639964,AlbeGe,1048.6,1662.3,306.9,1
2826,4018244,aqua,1048.3,1425.2,188.4,6
2827,737833,Migz,1048.3,1676.9,314.3,1
2828,5358,Kamex / Papaya,1048.0,1647.7,299.9,2
2829,3190299,KC | BENJI,1047.9,1499.3,225.7,3
2830,1038045,KrungStats | Lookkrung,1047.9,1637.8,295.0,1
2831,3055647,Khaos,1047.8,1612.3,282.2,1
2832,703656,Wise Guy,1047.6,1525.9,239.1,9
2833,39642,SI | Ojwaddler,1047.5,1618.2,285.4,2
2834,5195480,PPP | Lavender,1047.5,1251.9,102.2,26
2835,1003660,Lone,1047.3,1651.4,302.0,1
2836,2528169,Kisukoa,1047.1,1223.9,88.4,46
2837,1520007,Bahoochie,1047.1,1201.0,77.0,50
2838,2059745,MichaelC4_,1046.9,1464.2,208.7,3
2839,4397733,WitherHuntress,1046.7,1514.1,233.7,2
2840,1140531,chevy,1046.6,1685.7,319.6,1
2841,2733894,rip_my_hopes,1046.4,1227.4,90.5,35
2842,2609565,JASON,1046.3,1441.3,197.5,3
2843,171142,NEST | MaRune,1046.3,1654.8,304.3,1
2844,279711,Guyakian / YajYaj,1046.2,1478.8,216.3,3
2845,425471,sickle / nyoom,1046.1,1461.1,207.5,4
2846,4320443,Marcel,1046.0,1610.8,282.4,1
2847,126161,PrimeFighter,1045.9,1499.2,226.7,2
2848,3465324,Mystic,1045.8,1504.2,229.2,3
2849,4823476,Data,1045.6,1484.8,219.6,3
2850,1639010,Yes! | Mors Pit,1045.1,1564.7,259.8,2
2851,4966258,TeeFree,1045.1,1322.1,138.5,9
2852,3017077,Terra,1044.9,1627.4,291.3,1
2853,2338404,Arsene,1044.9,1627.4,291.3,1
2854,3022072,Leopold,1044.3,1525.4,240.6,2
2855,3057279,tripp,1044.2,1192.3,74.0,107
2856,3924803,player 4,1044.2,1594.6,275.2,1
2857,2538295,ECSU | Lisk,1044.2,1462.2,209.0,3
2858,4963955,edco,1044.1,1309.5,132.7,8
2859,517730,FPI | Apollo,1044.0,1662.3,309.2,1
2860,1213381,Scrungus,1043.9,1601.9,279.0,4
2861,3227951,Destra,1043.9,1592.0,274.1,1
2862,160268,Vile,1043.6,1436.9,196.6,3
2863,1459705,ryu,1043.6,1661.8,309.1,1
2864,1785401,Musa,1043.5,1510.2,233.3,3
2865,921013,shitter,1043.3,1629.1,292.9,1
2866,1936103,Uzi London,1043.3,1629.1,292.9,1
2867,1306717,Dumbboard,1043.2,1670.1,313.4,1
2868,700324,KGuard,1043.2,1546.4,251.6,9
2869,5294049,Max,1043.2,1467.2,212.0,2
2870,5317232,UC | Victor,1043.2,1425.0,190.9,3
2871,5339086,18mg | Methyl Merman,1043.0,1592.0,274.5,1
2872,2772301,KingJack,1043.0,1650.1,303.5,1
2873,5469794,Impaler_the_Vlad,1042.9,1249.9,103.5,18
2874,5417667,Mcoolbro7,1042.6,1493.3,225.4,2
2875,5417579,Ben,1042.6,1493.3,225.4,2
2876,5044717,Swiggity,1042.5,1598.7,278.1,1
2877,1028609,Jayzeya,1042.5,1598.7,278.1,1
2878,2741019,Wilsports|TD | Blair,1042.3,1443.5,200.6,3
2879,3494539,DED | Takobellgod,1042.1,1448.3,203.1,7
2880,2431415,RenzZlax,1042.0,1623.2,290.6,1
2881,4148593,Stelter,1041.8,1506.7,232.4,3
2882,5279068,Carrot,1041.8,1480.4,219.3,2
2883,1315718,Rum Raisin / AbsolutelyNoWhippedCream,1041.1,1670.1,314.5,1
2884,5126587,Cherry,1041.0,1177.0,68.0,60
2885,4958117,lol | TheKidChango,1040.9,1223.1,91.1,43
2886,3896942,UA | Ultimatetyson3,1040.8,1343.2,151.2,8
2887,1605049,Marnix,1040.7,1545.0,252.1,4
2888,5531108,CHP | MomHunter9009,1040.6,1561.0,260.2,3
2889,5121784,Lyca,1040.6,1200.3,79.9,47
2890,1163648,Pado,1040.5,1553.3,256.4,4
2891,1306291,CHP | Wagon Fruit,1040.0,1643.4,301.7,1
2892,245412,loaf,1040.0,1504.2,232.1,3
2893,4538911,Axis | MagieMagical,1039.1,1602.7,281.8,1
2894,544841,Zio,1038.6,1565.6,263.5,3
2895,4907451,LDS | Fe4R,1038.2,1423.7,192.8,3
2896,5452497,popcorn,1037.9,1289.5,125.8,16
2897,1439182,donuts,1037.9,1664.0,313.0,1
2898,2695746,DC | Jujulabubu,1037.9,1372.2,167.2,7
2899,328872,3.0,1037.7,1217.9,90.1,75
2900,2542971,Pyrofish,1037.3,1662.3,312.5,1
2901,1229709,Sniffles,1037.3,1589.3,276.0,2
2902,4309284,Michael Bills,1037.0,1424.0,193.5,4
2903,2363291,Sisou,1037.0,1439.4,201.2,3
2904,331694,Blackbird / Afro_Thunder,1036.8,1609.3,286.2,2
2905,1285987,HF,1036.7,1669.7,316.5,1
2906,1208136,Floats,1036.6,1520.3,241.9,5
2907,1213031,Pado,1036.5,1557.3,260.4,5
2908,807386,Dre,1036.4,1486.8,225.2,14
2909,944712,G-Force,1036.3,1347.8,155.7,40
2910,2644771,Goldenguy,1036.2,1480.9,222.4,2
2911,3799236,thom,1036.1,1526.9,245.4,6
2912,1296771,RadStad,1036.1,1663.0,313.4,1
2913,428414,XIII | JKnight,1035.3,1377.1,170.9,111
2914,5376946,BCCE | DuhBeeKeeper,1034.9,1425.4,195.3,6
2915,612904,Elenbe,1034.8,1499.3,232.2,2
2916,2551766,TCTphantom,1034.6,1433.4,199.4,4
2917,3722643,Lilac Rain,1034.6,1468.2,216.8,4
2918,5270354,URA | | Bronze,1034.3,1388.9,177.3,4
2919,126719,SYN | Grand Pastor J,1033.7,1609.3,287.8,2
2920,5504458,FlameEmpress,1033.7,1439.5,202.9,3
2921,36192,TC | Mr.Speedman,1033.7,1591.0,278.7,1
2922,5195736,Jaden,1033.7,1590.8,278.6,1
2923,327006,NP | DylanNoPancakes,1033.7,1638.8,302.6,1
2924,1711367,Yillow,1033.7,1439.4,202.9,3
2925,1810177,HU | AquaSerenity,1033.5,1154.8,60.6,95
2926,182847,DelTa,1033.3,1533.2,250.0,2
2927,1224402,Wylder,1033.2,1572.2,269.5,4
2928,1792368,d^ | Oasis,1033.2,1662.3,314.6,1
2929,2682748,ECSU | Swee,1033.0,1611.9,289.5,2
2930,4410243,SSOGamer,1032.8,1514.9,241.0,2
2931,4614362,SHU | Xp_Salamander,1032.8,1514.9,241.0,2
2932,1367074,Velocity24,1032.8,1416.3,191.8,5
2933,1488631,bizcocho,1032.8,1554.3,260.8,4
2934,5267310,Team | Bingle McPringle,1032.5,1583.5,275.5,2
2935,2377352,katz,1032.3,1410.9,189.3,3
2936,5136351,pado,1032.3,1414.3,191.0,3
2937,128649,ChefKef / Sled,1032.0,1644.6,306.3,1
2938,5204034,player 4,1032.0,1590.6,279.3,1
2939,5340025,steven,1031.9,1461.8,214.9,3
2940,1198751,Bwillz / Napulian,1031.9,1643.4,305.7,1
2941,2461030,JC.Nobody,1031.9,1643.4,305.7,1
2942,844039,Veemo,1031.9,1643.4,305.7,1
2943,4984520,Gglounge | Darkwolfoz47,1031.8,1500.0,234.1,4
2944,1488635,sh3quam,1031.8,1547.8,258.0,4
2945,2320926,Blastsu,1031.6,1440.9,204.7,4
2946,2819271,hew,1031.4,1152.8,60.7,77
2947,5290711,HenryWeekends,1031.3,1458.1,213.4,4
2948,172699,JamesB,1031.2,1190.2,79.5,66
2949,1137335,Flamus,1031.0,1552.1,260.6,4
2950,3699680,JUICY23,1030.8,1197.8,83.5,74
2951,285006,3D | Daramgar,1030.7,1653.8,311.5,1
2952,1978355,Snowbunny Mind Control,1030.6,1408.1,188.8,6
2953,260300,MOB | cba,1030.5,1199.6,84.6,414
2954,2235941,FE!NFE!NFE!N,1030.4,1534.6,252.1,3
2955,1017520,808s | Muted,1030.2,1629.0,299.4,2
2956,3759410,Moonbeam,1030.2,1369.2,169.5,12
2957,1590289,Premasaur,1030.0,1533.2,251.6,4
2958,67476,Frosty / Dolan,1029.9,1606.1,288.1,1
2959,1211517,Puddle,1029.6,1541.1,255.7,6
2960,5326638,anthony,1029.5,1589.1,279.8,1
2961,1444992,GaR | BANZOOO,1029.2,1409.9,190.4,71
2962,3628126,Økami,1028.6,1199.5,85.5,101
2963,2273709,LampShady,1028.4,1544.5,258.0,3
2964,1750408,Lip / Robit,1028.4,1662.3,317.0,1
2965,2509048,GRIZZ / Starseth,1028.4,1662.3,317.0,1
2966,3655691,Carson,1028.4,1662.3,317.0,1
2967,4678691,saydot,1028.1,1402.0,187.0,5
2968,5471305,Joey,1028.0,1402.9,187.4,4
2969,688017,sethis,1028.0,1629.4,300.7,1
2970,27741,Jmartiles,1027.9,1612.5,292.3,2
2971,5403266,Jeremy,1027.7,1451.6,212.0,2
2972,3108389,Trace,1027.6,1548.6,260.5,4
2973,4345812,cstew,1027.1,1279.8,126.4,34
2974,128740,NSM | Salty Fun,1026.8,1594.5,283.8,2
2975,5146744,TheExtra_V0ID,1026.6,1587.9,280.6,1
2976,3285136,LucDuc,1026.6,1376.3,174.9,7
2977,3542349,Guh? | Wingnut,1026.6,1301.6,137.5,10
2978,5151851,ChopdnUnc [B],1026.3,1243.1,108.4,35
2979,1469415,Buddwaur,1026.0,1469.4,221.7,3
2980,5083786,c1w | mrcarb,1025.9,1446.1,210.1,4
2981,1704407,Farley,1025.9,1188.7,81.4,85
2982,3015954,fourducks,1025.9,1208.3,91.2,45
2983,2015272,FORTUNES DEAD | SJ #1 car crash survivor,1025.8,1142.8,58.5,158
2984,4117559,robo (B),1025.7,1236.4,105.4,40
2985,2785103,EightEquals,1025.6,1656.7,315.5,1
2986,1303468,KOPA,1025.5,1581.9,278.2,4
2987,2553183,Arion,1025.4,1588.2,281.4,1
2988,148121,George,1025.3,1370.3,172.5,9
2989,4451333,OBR | AntAnt,1025.3,1445.3,210.0,3
2990,5442176,Big Tits,1025.3,1472.1,223.4,3
2991,56010,GG | lean,1024.7,1673.2,324.3,1
2992,2797430,おーど/OWD,1024.7,1508.3,241.8,3
2993,1536646,Mu^,1024.6,1662.3,318.9,1
2994,3144361,Axletman,1024.5,1453.3,214.4,3
2995,277520,Jay,1024.5,1543.7,259.6,5
2996,5141082,Netanyactually,1024.4,1512.7,244.1,2
2997,5300921,marlon,1023.9,1452.8,214.5,2
2998,1293135,Gem,1023.9,1663.7,319.9,1
2999,5389339,Ryan,1023.7,1584.5,280.4,1
3000,849725,Arc | RyuuJin,1023.4,1644.4,310.5,1
3001,4801299,freakoid45,1022.6,1347.9,162.6,6
3002,2336833,Hollow,1022.6,1303.7,140.6,9
3003,2162290,MG1,1022.5,1262.8,120.1,75
3004,3493532,mike,1022.5,1586.6,282.0,1
3005,4943353,AU | Lazersharx27,1022.4,1589.8,283.7,1
3006,1532399,ccl bizcoocho,1022.4,1541.6,259.6,4
3007,777690,Mz. | fortyseven,1022.3,1603.8,290.7,2
3008,4037679,1femto,1022.1,1611.1,294.5,1
3009,3799127,TFO,1022.1,1443.6,210.7,7
3010,3799764,wheezer,1022.1,1443.6,210.7,7
3011,3799117,ZTN,1022.1,1443.6,210.7,7
3012,5310198,Maveryck,1022.0,1315.9,146.9,9
3013,4949479,BigRumbus,1021.8,1239.8,109.0,30
3014,2714336,Chaos,1021.7,1629.1,303.7,1
3015,4271847,AUD | Nebula,1021.4,1202.2,90.4,78
3016,1010658,TSG | Mr. L,1021.3,1548.3,263.5,5
3017,58087,BorknBeans,1021.3,1604.9,291.8,1
3018,659884,RobotRed,1021.1,1595.7,287.3,2
3019,2763011,Swago,1020.9,1589.5,284.3,1
3020,1073142,Spenkr,1020.9,1662.3,320.7,1
3021,1109548,NoTag,1020.9,1662.3,320.7,1
3022,3419888,Queenie,1020.8,1185.2,82.2,108
3023,567503,DD/PT | Unshorn,1020.7,1539.2,259.3,4
3024,2462311,UG | Uchiegoochie,1020.2,1224.6,102.2,77
3025,1153844,Bulgogi,1020.0,1662.1,321.0,1
3026,279753,MOB | crimson,1019.8,1179.4,79.8,441
3027,490588,Paulo,1019.7,1408.8,194.5,6
3028,3205092,REV | MetalGearFear,1019.7,1449.5,214.9,5
3029,57302,Jish | Jish,1019.7,1380.9,180.6,6
3030,1707922,BerveraSSBU,1019.6,1624.9,302.6,1
3031,850428,Flo,1019.6,1621.4,300.9,1
3032,15404,Face / Rolex,1019.5,1674.0,327.2,1
3033,1093459,Fin,1019.5,1562.3,271.4,2
3034,1444855,RaidShdwLegnds | Phoenix,1019.4,1399.0,189.8,80
3035,1363845,TC | TTD | PoLaRz,1019.2,1662.3,321.6,1
3036,1351232,TC | Attempte,1019.2,1662.3,321.6,1
3037,4369445,cmeonline,1019.1,1492.1,236.5,3
3038,4166621,Cup,1018.9,1309.2,145.1,8
3039,1660336,Chzii,1018.9,1398.1,189.6,4
3040,1070511,Lucius / Koopa Klyde,1018.9,1665.5,323.3,1
3041,5004701,alade,1018.8,1493.6,237.4,3
3042,5359348,GIANT | G I G A,1018.8,1504.2,242.7,4
3043,1319155,Wilsports | gubby,1018.7,1446.5,213.9,3
3044,3614853,REV | Lightning,1018.4,1249.8,115.7,26
3045,3377495,SHU | Dylaxian,1018.4,1216.8,99.2,68
3046,2349485,Relic,1018.3,1572.1,276.9,5
3047,1005938,Blacklink,1018.3,1572.1,276.9,5
3048,539124,Aster,1018.3,1572.1,276.9,5
3049,1005227,Metal,1018.3,1572.1,276.9,5
3050,4720393,thunc,1018.2,1610.0,295.9,1
3051,5238147,Astrolotl,1018.2,1358.1,169.9,6
3052,3534025,OTE | Dagi~(B),1018.2,1192.5,87.2,44
3053,3204831,NEINx,1018.0,1622.7,302.4,1
3054,271420,LB | Shep,1017.8,1642.5,312.3,1
3055,5035632,player 4,1017.7,1587.7,285.0,1
3056,4997594,Furret S,1017.7,1189.2,85.8,47
3057,4584109,Robx,1017.6,1241.3,111.8,26
3058,1142962,Madam Mojito,1017.2,1519.0,250.9,2
3059,1620955,DJ,1017.2,1549.0,265.9,4
3060,1713927,T.TVRussell_Senpai,1017.0,1495.4,239.2,3
3061,4907375,Wunnada1,1016.4,1357.0,170.3,6
3062,2600357,0K | | Ladyknight,1016.3,1620.6,302.1,1
3063,292734,JTC | Daffo,1016.3,1620.6,302.1,1
3064,2994432,Smelvin,1016.2,1506.5,245.1,2
3065,265143,TSG M.Dre,1016.1,1552.7,268.3,5
3066,2660512,Kini,1016.1,1597.8,290.9,1
3067,1781734,Kesom,1016.0,1635.8,309.9,1
3068,274012,MiLe / Papa Rick,1016.0,1526.3,255.2,4
3069,321223,Heist | Experience,1015.8,1300.8,142.5,10
3070,737100,HBP | RisenSounds,1015.7,1519.0,251.6,8
3071,2499320,CU | Galaxxus,1015.7,1526.0,255.2,2
3072,2467269,Jon Scheiner,1015.6,1559.1,271.7,2
3073,240911,Ragnellrok,1015.6,1566.3,275.4,3
3074,1433828,Brett,1015.1,1647.2,316.1,1
3075,2524171,Nema,1015.1,1466.6,225.7,3
3076,3733938,MC | Cereza,1015.0,1336.7,160.9,16
3077,1068887,FSC | Tal_Dave,1014.9,1357.8,171.4,5
3078,4915310,JEM,1014.9,1594.7,289.9,1
3079,4340865,Cereza,1014.5,1594.3,289.9,1
3080,1582117,CU | GP | LOTG,1014.3,1244.6,115.2,18
3081,1797739,TC | CV | Purple,1014.0,1495.1,240.5,3
3082,2636721,CURSE,1013.7,1609.6,297.9,1
3083,15260,DA | TR Stretch,1013.7,1633.5,309.9,2
3084,1628437,AstroBear,1013.5,1584.2,285.3,1
3085,1883748,Hanler30,1013.5,1164.2,75.4,75
3086,2504783,LightStar,1013.0,1549.6,268.3,2
3087,2027653,Post | Denny,1012.9,1426.0,206.6,4
3088,5294597,Mel,1012.7,1521.8,254.5,2
3089,3504629,Initial_E,1012.7,1541.4,264.4,2
3090,68584,TAF | IceUnleashed,1012.5,1618.4,302.9,1
3091,1464454,bizcocho,1012.4,1523.9,255.8,4
3092,520271,Roka,1012.4,1672.5,330.0,1
3093,1828724,BGWLD,1012.2,1543.2,265.5,4
3094,4910697,Akbros | A-Crack,1012.2,1140.5,64.2,101
3095,3133081,Jack V.,1012.1,1662.3,325.1,1
3096,4975260,vGrxxns,1012.1,1361.0,174.4,5
3097,3134702,Giorgio,1012.1,1349.0,168.5,5
3098,3818832,escalat1ng,1011.9,1600.7,294.4,1
3099,956594,Mint,1011.8,1653.3,320.7,1
3100,4972093,LoudThunder34,1011.7,1250.0,119.2,27
3101,1183115,DBQ | Kami,1011.6,1572.3,280.3,3
3102,1729683,GIO,1011.6,1633.3,310.9,1
3103,787309,Pokestar,1011.6,1633.3,310.9,1
3104,2450999,Tom,1011.4,1629.9,309.2,1
3105,4555046,PG | Nanners,1011.2,1416.5,202.7,4
3106,1524905,Bobby Pagliaio,1011.2,1641.8,315.3,1
3107,5487474,Tyrfing,1010.8,1376.3,182.8,3
3108,1228069,Bizcocho,1010.7,1444.9,217.1,17
3109,2233216,EBP | Frog,1010.6,1606.4,297.9,1
3110,1001363,3D Godfident,1010.5,1556.2,272.9,4
3111,1683349,yosi,1010.2,1598.9,294.4,1
3112,21918,Ozzero,1010.0,1406.2,198.1,45
3113,5385784,Click,1009.9,1402.8,196.4,3
3114,2791128,franiss,1009.9,1620.1,305.1,1
3115,5087825,Rob,1009.2,1165.3,78.0,75
3116,1035379,AceAttorney,1008.9,1657.5,324.3,1
3117,890663,Mr. B,1008.8,1587.5,289.4,1
3118,1085657,Lardo,1008.7,1359.7,175.5,7
3119,3069670,Ty,1008.5,1489.8,240.6,2
3120,1029029,CK | All4None,1008.3,1571.0,281.4,2
3121,1297665,mariotheguy,1008.3,1516.2,254.0,2
3122,5140126,ShirtAlert,1008.2,1583.4,287.6,1
3123,3191716,UglyBean,1007.6,1320.5,156.4,7
3124,5491002,tomahawk0311,1007.6,1403.9,198.2,3
3125,1741033,T5Cloud9M,1007.3,1608.5,300.6,1
3126,1614879,Striker,1007.3,1608.5,300.6,1
3127,2114120,TC | Sam I Am,1007.1,1388.5,190.7,6
3128,484385,MF | Ls,1007.1,1662.3,327.6,1
3129,2643907,Sirkel,1007.1,1294.9,143.9,8
3130,5116330,Ri@n_b0w 0u0,1007.1,1405.0,199.0,3
3131,2933346,Mars,1006.8,1662.3,327.8,1
3132,4397911,Lash,1006.8,1353.0,173.1,5
3133,5121042,GGBappo,1006.7,1487.2,240.2,2
3134,4984546,Zookey,1006.5,1583.7,288.6,1
3135,147708,WD | CORONA17,1006.4,1646.3,320.0,1
3136,1367936,Dr. Jay,1006.4,1646.3,320.0,1
3137,1372801,Bolt,1006.4,1646.3,320.0,1
3138,1004724,PatsyNeverWavers,1006.4,1500.4,247.0,8
3139,36735,Lucius / Kyoka,1006.2,1672.5,333.2,1
3140,5305749,snakevcase,1006.1,1452.4,223.1,2
3141,4797646,User_St0len,1006.0,1331.5,162.7,5
3142,809818,IHL,1005.9,1485.7,239.9,7
3143,1588269,Waluigi,1005.3,1528.2,261.4,4
3144,231675,ALI,1005.2,1465.3,230.1,2
3145,1755984,UN | J2b,1005.1,1305.7,150.3,7
3146,158296,9Volt,1005.0,1611.4,303.2,1
3147,1544557,RW | | MSS,1005.0,1207.4,101.2,46
3148,4345846,Osteller,1004.9,1390.6,192.9,3
3149,3191297,Seeg,1004.8,1625.9,310.6,1
3150,1239133,Mr morty,1004.7,1543.8,269.6,4
3151,566104,AONI | Crocs N' Socks,1004.7,1579.6,287.5,1
3152,1647068,Icaru,1004.6,1447.0,221.2,3
3153,4675535,nomad,1004.5,1407.4,201.4,3
3154,1287613,Zulu,1004.5,1589.2,292.4,3
3155,1259881,phone wallet bees,1004.4,1442.5,219.1,3
3156,3599058,Homie,1004.3,1595.4,295.6,1
3157,5480459,Joey,1004.3,1403.3,199.5,3
3158,2738641,Shalom | Mercury,1004.1,1574.9,285.4,1
3159,3184132,twink death grim reaper,1004.0,1475.7,235.9,2
3160,1091103,Pado,1003.9,1531.9,264.0,5
3161,2708842,LuiGames8,1003.9,1611.0,303.6,1
3162,3759548,FREE AGENT | Onyx!~,1003.8,1157.4,76.8,55
3163,5261676,TheRam,1003.7,1435.5,215.9,3
3164,5079462,player 4,1003.2,1582.1,289.5,1
3165,3984994,CHIBI,1003.2,1144.3,70.6,77
3166,5319278,Ede,1002.9,1333.6,165.3,6
3167,799652,Eternal,1002.8,1545.7,271.5,3
3168,5028950,GODENMON,1002.7,1155.1,76.2,69
3169,2303316,Nairial,1002.7,1399.8,198.6,3
3170,2163728,narramoment,1002.6,1212.3,104.9,27
3171,1906054,NJolt480,1002.6,1373.5,185.5,5
3172,3620723,Hall | Grape,1002.4,1389.4,193.5,4
3173,145261,Edwin,1002.3,1605.8,301.7,1
3174,151287,MoodzEE,1002.2,1541.3,269.5,4
3175,1137344,RNJesus,1002.1,1526.6,262.2,4
3176,1451810,GamingBearsss,1001.9,1367.0,182.6,23
3177,1154431,Chevy,1001.8,1577.1,287.7,2
3178,741492,HBP | Jay,1001.8,1313.1,155.7,48
3179,5146495,Woah?!,1001.8,1330.4,164.3,6
3180,5335640,dr myth,1001.6,1575.0,286.7,1
3181,15999,Citadel / Nikolai / BlazingPasta / Beast / BONK!,1001.5,1662.3,330.4,1
3182,153328,K-Ham,1001.5,1306.0,152.3,8
3183,970468,Iona University,1001.1,1307.4,153.1,75
3184,4369446,cmeonline,1001.1,1397.8,198.3,6
3185,1010675,Mood4Food,1000.7,1500.8,250.1,8
3186,1198294,icecream12345,1000.4,1395.5,197.6,6
3187,3531989,ShineG4GWoke2 | xltl,1000.3,1284.4,142.0,14
3188,5037538,Mr Master,1000.0,1437.9,219.0,3
3189,4645083,Israel,1000.0,1423.1,211.5,4
3190,3636465,NP | BlueCorp,999.9,1156.7,78.4,63
3191,1483260,TC | CringeLord,999.7,1608.8,304.6,1
3192,350684,Benzi,999.5,1662.3,331.4,1
3193,1224158,Joker,999.2,1412.2,206.5,21
3194,2423882,NAZ | RedPhantom,999.1,1144.7,72.8,90
3195,992051,OTwo,999.1,1630.1,315.5,1
3196,2106959,C9 | Sasuke Gucciha,999.1,1630.1,315.5,1
3197,66965,fart / HotCarl,998.9,1662.3,331.7,1
3198,913843,BGT | Nintenbro,998.8,1434.4,217.8,5
3199,5101813,Wool2,998.8,1445.4,223.3,2
3200,2318939,Masquerade,998.3,1577.3,289.5,1
3201,5195633,Griever,998.3,1577.3,289.5,1
3202,3605518,francis,998.2,1392.9,197.3,7
3203,5085229,WHS | Tabpol,998.0,1586.5,294.3,1
3204,4721545,bc | mori,998.0,1586.5,294.3,1
3205,1496561,BANZOOO,997.6,1634.2,318.3,1
3206,5008326,Funklebottom,997.6,1353.6,178.0,5
3207,172151,Jaymillex,996.9,1646.5,324.8,1
3208,5083346,bluescreen,996.6,1584.6,294.0,1
3209,747674,TG | PerfectEffectX,996.4,1344.2,173.9,8
3210,1246820,Gush,996.4,1428.9,216.3,4
3211,3148520,Shadowbroker45,996.3,1372.8,188.3,4
3212,2996636,SK | Zeijus,996.3,1359.8,181.8,7
3213,5123555,Skillet,996.3,1176.4,90.1,36
3214,5450907,player 4,995.9,1403.1,203.6,3
3215,1867943,Kintero,995.8,1503.6,253.9,3
3216,2678665,Brad SulHouse | mt,995.7,1482.8,243.5,2
3217,2553675,Rider | poncho,995.5,1168.9,86.7,68
3218,2284972,CBK,995.3,1430.2,217.5,3
3219,5308077,player 4,995.3,1465.1,234.9,2
3220,3863646,Holy child: | Womp_Womp,995.0,1170.7,87.8,51
3221,231173,Free / Abso,994.6,1504.6,255.0,3
3222,1643330,Gatsby,994.5,1518.4,261.9,3
3223,2636286,VulgarKaiju,994.2,1491.5,248.7,4
3224,2052255,MetalChairEnjoyer,994.1,1252.6,129.2,14
3225,320061,woosh,994.1,1588.3,297.1,1
3226,260607,PC Papi,994.1,1480.6,243.2,3
3227,2326839,Jackbozz,993.9,1294.7,150.4,71
3228,606120,Oz,993.9,1469.2,237.7,2
3229,541675,silly | Togie,993.5,1326.0,166.3,77
3230,5126618,Starking,993.4,1391.7,199.1,3
3231,2446367,TINIEBLA_RD,993.4,1455.3,231.0,2
3232,1140627,CesarYouLater,993.2,1582.2,294.5,1
3233,2645686,Kaphita,992.7,1605.7,306.5,1
3234,3125903,Death Lord,992.7,1309.4,158.3,6
3235,2443527,UC | Solve,992.6,1573.3,290.4,1
3236,324722,NDG | JustLoui,992.6,1596.7,302.0,1
3237,1213126,Corey,992.4,1537.5,272.6,5
3238,1137378,Bizcocho,992.3,1396.5,202.1,45
3239,2523959,Samuraii,992.1,1463.2,235.5,2
3240,2504697,matt damon,992.1,1605.2,306.5,1
3241,1005264,Frogking,992.0,1497.3,252.6,8
3242,1143216,cOb | Ares,991.8,1534.2,271.2,2
3243,2079556,SYNRGY,991.8,1613.1,310.6,1
3244,2450403,Jack,991.8,1613.1,310.6,1
3245,2441235,Ghastly,991.8,1613.1,310.6,1
3246,1622416,EricDJ,991.8,1515.3,261.8,3
3247,1036286,RoxasXIII,991.5,1618.3,313.4,1
3248,5038719,The Orbyssey | Orbysseus,991.4,1296.6,152.6,5
3249,5307611,RARE | Lobs,991.3,1426.7,217.7,2
3250,549780,tea,991.3,1403.9,206.3,3
3251,2936089,STORM| | Zacto,991.1,1575.3,292.1,1
3252,5329619,Scattered | Poisonboi,991.0,1363.7,186.3,5
3253,2843394,Mochie,990.9,1599.5,304.3,1
3254,793599,Mr.Mudkip,990.9,1603.4,306.3,1
3255,4174472,Andy,990.7,1594.5,301.9,1
3256,4436723,Mash,990.5,1141.7,75.6,59
3257,182145,Javi,990.3,1296.5,153.1,10
3258,3770471,kai,990.3,1438.0,223.8,3
3259,1538223,Bobo,990.2,1570.5,290.2,2
3260,2080294,Kiyomaro,990.1,1662.3,336.1,1
3261,55992,Shaggy,990.1,1662.3,336.1,1
3262,3999655,esp1,989.9,1158.2,84.2,47
3263,2436705,New Phone | Gamerguydood,989.6,1403.9,207.2,3
3264,929945,SebVeee,989.5,1475.5,243.0,2
3265,36728,GM | Glazed,989.1,1532.7,271.8,4
3266,3661688,Post | Ryhnoo-,988.9,1414.9,213.0,4
3267,3759411,MoistMayo,988.7,1330.6,170.9,11
3268,5516256,Sweetbabyzays,988.7,1568.2,289.8,1
3269,965274,NYStateAlchemist,988.6,1198.5,105.0,76
3270,4314058,UNCG | LuiCrack21,988.5,1324.9,168.2,5
3271,26499,NA | Censored,988.5,1620.0,315.7,1
3272,70173,BD | SOLO,988.5,1620.0,315.7,1
3273,322439,Stay,988.5,1620.0,315.7,1
3274,136434,Knowone,988.5,1627.9,319.7,1
3275,1110116,S...,988.5,1627.9,319.7,1
3276,5442237,EZ | Killer,988.0,1420.3,216.1,3
3277,3101749,Image,988.0,1384.9,198.4,3
3278,1135768,SHU | TREY,987.9,1192.6,102.3,47
3279,22447,"Guap, The",987.8,1443.9,228.1,6
3280,2728659,skahla,987.7,1605.0,308.6,1
3281,1093960,luxray,987.5,1649.6,331.0,1
3282,973095,Iona | Iggy,987.5,1649.6,331.0,1
3283,1000566,PokeBlu,987.5,1500.0,256.2,8
3284,157957,LePhresh,987.5,1500.0,256.2,8
3285,2638768,coveredinrice,987.3,1411.8,212.2,3
3286,1721827,IkeMaster68,987.2,1429.0,220.9,2
3287,1659632,yunghothot,987.1,1607.2,310.0,1
3288,2650505,anomaly,987.1,1289.3,151.1,7
3289,5470242,Xesobi,987.1,1297.8,155.4,6
3290,1965923,"ethbeast / Marco,",987.0,1318.1,165.5,7
3291,1303432,gumcuzzler,986.8,1535.4,274.3,4
3292,2641745,Deaks,986.6,1570.0,291.7,1
3293,5335329,Bubz,986.6,1570.0,291.7,1
3294,5330515,I Will SD,986.6,1570.0,291.7,1
3295,241729,2Sweet / D-CAT,985.6,1473.8,244.1,4
3296,2244175,BEEG | SaltyMack,985.5,1387.3,200.9,4
3297,5118668,FzP | TabSoda,985.3,1432.2,223.5,3
3298,1038610,TTC | Hamza,985.1,1597.9,306.4,1
3299,1161432,ZAS,985.0,1430.1,222.5,2
3300,3652185,Davud,984.8,1478.1,246.6,3
3301,3395548,RBE | Willow,984.7,1570.1,292.7,1
3302,4435482,ny54,984.6,1577.7,296.5,1
3303,3942067,SwagLakitu,984.4,1220.6,118.1,18
3304,3295539,swovfty,984.3,1598.0,306.8,1
3305,5502662,Tiddylicker,984.0,1430.9,223.4,3
3306,1493329,LIT | jwa (pronounced: jwah),983.7,1603.0,309.6,1
3307,1792144,Wing,983.5,1432.8,224.7,3
3308,2053683,VikVaughn,983.5,1420.2,218.3,3
3309,1071559,Purdue,983.2,1368.3,192.6,6
3310,5460444,Ki,983.0,1446.8,231.9,3
3311,2726176,Henry,983.0,1608.8,312.9,1
3312,2731822,Ansd,982.8,1281.2,149.2,9
3313,3601738,Plat,982.4,1602.7,310.2,1
3314,1321120,Fire Guts | Kuuga,982.3,1398.4,208.0,4
3315,2012158,__ellem,982.3,1431.4,224.6,3
3316,1052777,SwordmanJ,981.8,1611.6,314.9,1
3317,1015021,davecreate,981.5,1611.2,314.8,1
3318,3208660,domd122,981.4,1567.4,293.0,1
3319,1714871,TC | Ayric,981.1,1594.8,306.9,1
3320,1613198,Manie,981.0,1515.4,267.2,4
3321,680611,NP | Nincada,981.0,1551.0,285.0,2
3322,2779274,Stephen17,980.9,1510.1,264.6,2
3323,1466203,Imanjoneser,980.6,1384.8,202.1,33
3324,276341,mystic.mp3,980.4,1565.9,292.8,1
3325,3201494,bagel eater (A),980.2,1411.5,215.7,3
3326,996454,Kylo,979.6,1623.8,322.1,1
3327,281460,Sinai | AFW,979.6,1623.8,322.1,1
3328,1059441,Silv'r,979.6,1302.2,161.3,7
3329,521473,PSG | Grixis,979.5,1322.6,171.6,5
3330,2157610,WoomyLord,979.5,1583.4,302.0,1
3331,3017384,0guraT0ast / ToxicEse,979.3,1519.9,270.3,2
3332,2503726,VGLounge | SeniorMints,979.2,1124.9,72.8,73
3333,374185,Laroy,979.1,1484.0,252.4,3
3334,1187453,MOB | Rap,979.0,1248.7,134.9,44
3335,2694799,Don Melon,978.9,1168.9,95.0,116
3336,3683175,MSU | dbfc | Chief Beef,978.6,1369.5,195.4,8
3337,2716663,PWDR | SavageCube,978.5,1596.3,308.9,1
3338,137996,AC,978.3,1614.0,317.9,1
3339,3043091,N/a | Man on Fire,978.2,1288.6,155.2,26
3340,2348847,Rickyton,978.2,1450.5,236.2,2
3341,1409164,DJ,978.0,1532.4,277.2,4
3342,16051,TSB | Chaos,977.9,1662.3,342.2,1
3343,47787,M.o.D,977.9,1662.3,342.2,1
3344,982139,LuuvMiki,977.9,1167.4,94.7,88
3345,1349001,David,977.9,1461.7,241.9,7
3346,4783213,Planman0,977.8,1341.9,182.1,5
3347,4102780,BigRED,977.7,1399.6,210.9,5
3348,1094109,Jdenator,977.1,1633.3,328.1,1
3349,128672,Xion,977.1,1505.9,264.4,3
3350,2333297,Sinbad,977.1,1608.2,315.6,1
3351,2503807,Iona | Brick Eyes,977.0,1248.3,135.6,76
3352,1219096,Prime,976.6,1523.3,273.3,4
3353,572107,TZ | monkeyboy44,976.6,1604.2,313.8,1
3354,1300664,Starlight Chippy,976.4,1337.8,180.7,6
3355,4799280,Baithoven,976.3,1351.6,187.7,5
3356,1262852,NYU | Rhythm,976.2,1608.8,316.3,1
3357,2228357,OE | DJDon,975.9,1568.7,296.4,1
3358,11768,HBP | werngee,975.7,1478.1,251.2,8
3359,2701495,MS | jag,975.6,1433.1,228.7,2
3360,4907449,Kiem,975.5,1356.4,190.5,4
3361,1586193,Cleaningproduct,975.4,1662.3,343.5,1
3362,2566547,Cam Bell,975.4,1583.2,303.9,1
3363,3990375,Crimson,975.2,1431.7,228.3,3
3364,4956778,Lord Business,975.1,1564.6,294.8,1
3365,4957451,Wooly,975.1,1564.6,294.8,1
3366,2429161,hellopio,975.0,1324.4,174.7,8
3367,1819972,nav,974.9,1579.4,302.2,1
3368,3260628,Riemiva,974.8,1450.5,237.9,2
3369,990260,LB | Riiiiii,974.8,1404.6,214.9,3
3370,3412606,Paridae,974.5,1426.6,226.1,2
3371,5395930,TheAJ-DeL,974.3,1351.3,188.5,3
3372,1047948,lycaon,974.3,1515.3,270.5,4
3373,3619893,pizzu,974.1,1401.0,213.5,3
3374,1437075,Phoenix / B,974.0,1369.1,197.6,47
3375,2462537,irwin,973.9,1501.3,263.7,3
3376,434393,TR | Xsage93,973.8,1605.3,315.7,1
3377,1238554,NS| 柱 | OVA9k,973.6,1423.2,224.8,4
3378,981673,SYN | Jiddy,973.6,1584.8,305.6,1
3379,1059023,gish,973.3,1526.6,276.7,4
3380,3903461,Izer,973.1,1581.7,304.3,1
3381,450353,Smooth,973.0,1423.7,225.4,6
3382,3968268,Arimus,972.9,1391.6,209.4,3
3383,2420469,Navi,972.6,1569.0,298.2,1
3384,1488488,QE,972.6,1481.8,254.6,2
3385,1006188,GWU | PokeBlu,972.6,1354.2,190.8,12
3386,4544045,2Desi | wyfy,972.5,1582.1,304.8,1
3387,2659799,gio,972.5,1437.2,232.3,3
3388,2925460,Wiimote,971.8,1206.1,117.1,23
3389,1011109,N6 UTA | Kyle,971.7,1396.2,212.2,4
3390,3378044,Artytoparty,971.6,1563.3,295.8,1
3391,1744356,Tony Lasagna,971.5,1327.7,178.1,6
3392,1452669,BaLKaИ,971.1,1411.8,220.3,3
3393,967456,mTx | H2o,971.0,1454.8,241.9,7
3394,4380617,JayHero,971.0,1384.3,206.6,3
3395,1465333,Alomamola,970.8,1564.5,296.8,1
3396,3334712,swag owner,970.7,1332.1,180.7,6
3397,2646283,Severance,970.6,1187.1,108.2,53
3398,4910198,Ron,970.5,1369.2,199.3,3
3399,317742,Diluxe,970.4,1368.9,199.2,3
3400,4436085,Solar,970.3,1395.1,212.4,3
3401,5215514,hurry,970.0,1563.8,296.9,1
3402,2181020,Tr4sh | Red4Rage,970.0,1470.4,250.2,2
3403,4190699,smallblock,969.9,1136.8,83.4,76
3404,5193154,Lyyraa,969.9,1393.1,211.6,3
3405,5158539,Byteof87,969.8,1122.9,76.5,76
3406,5279125,Keo,969.3,1438.6,234.7,2
3407,13612,Shuzen,969.2,1601.6,316.2,1
3408,2944332,duk,969.2,1566.3,298.5,1
3409,2447008,GAMAL | TBD,969.2,1419.6,225.2,2
3410,3313217,ANTSAM,969.2,1513.8,272.3,2
3411,5006937,Martin_2,969.1,1466.1,248.5,2
3412,1196598,Pado,969.0,1504.1,267.5,4
3413,1219089,Scorpio,968.9,1531.7,281.4,3
3414,2556906,ΘΔ | Diagnosys,968.8,1291.6,161.4,8
3415,146640,WiseGuy,968.8,1463.7,247.5,7
3416,1720327,Pilotwings | Drink Milk,968.8,1591.5,311.4,1
3417,1287199,PhantomsCode,968.7,1520.8,276.0,2
3418,1339286,toddler,968.5,1662.3,346.9,1
3419,14646,DA | Rafa,968.5,1662.3,346.9,1
3420,1230098,DR IDIOT,968.3,1601.6,316.6,2
3421,5336297,ArcEdge,968.2,1189.9,110.9,22
3422,2982182,TC | left,968.1,1328.3,180.1,5
3423,1389904,Bandit,967.8,1252.6,142.4,7
3424,4315366,JacK_A_B0Y,967.5,1576.0,304.3,1
3425,1041019,HC | Esmyr,967.2,1356.8,194.8,56
3426,3645517,Riles,967.2,1176.9,104.9,86
3427,588302,Titan_Unlimited,967.0,1351.2,192.1,3
3428,4091090,FromSpace,967.0,1573.9,303.5,1
3429,3975151,Cheech,966.9,1371.6,202.3,5
3430,1301379,Drippnn / A-Cee,966.9,1518.7,275.9,3
3431,411980,Koopa Klyde,966.8,1558.5,295.8,2
3432,4928062,Zentantrum,966.7,1566.6,299.9,1
3433,5092729,Gaggatrondra Fan,966.7,1471.0,252.2,2
3434,965572,K.O.,966.6,1459.3,246.4,7
3435,1264705,vexmilk,966.3,1662.3,348.0,1
3436,5256161,OB | monkeyking,966.3,1284.8,159.2,9
3437,1376011,Vol | Indominus,966.0,1343.6,188.8,3
3438,3388699,Javi,966.0,1327.4,180.7,5
3439,3503498,Cylo,965.9,1443.5,238.8,3
3440,1660008,Dekkoda,965.8,1375.8,205.0,6
3441,1738307,MikeyProHD,965.5,1604.1,319.3,1
3442,1703523,WE OUTSIDE | zagreus,965.5,1400.9,217.7,3
3443,971156,Unsponsored | ChefRoyardee,965.5,1311.7,173.1,63
3444,5027026,x9ariel9,965.3,1381.3,208.0,3
3445,2656199,Dingwer,965.3,1310.4,172.6,7
3446,244469,ArcZero | Soapy,965.0,1662.3,348.6,1
3447,1224436,Leo,965.0,1662.3,348.6,1
3448,5419205,Ray,964.9,1397.8,216.5,3
3449,1058117,GPT | Kroft,964.8,1602.6,318.9,1
3450,5471439,wurrm,964.6,1401.3,218.4,2
3451,1366142,Impact,964.2,1619.4,327.6,1
3452,1196613,Goldsmith,964.2,1474.5,255.2,6
3453,283635,LGBB | Conch,964.2,1592.2,314.0,1
3454,3598026,AU | ZeldaWarrior,964.1,1411.4,223.6,3
3455,3655700,LuBando,964.0,1464.5,250.2,3
3456,3696266,RiverMage,964.0,1147.7,91.8,55
3457,3067169,GORDO | TFO256,963.9,1588.7,312.4,1
3458,1186188,qaaaa,963.8,1404.1,220.1,15
3459,11420,Melon,963.8,1662.3,349.3,1
3460,539081,LoF Blue,963.8,1662.3,349.3,1
3461,1323171,BDE,963.7,1492.4,264.3,4
3462,171958,VoltFlair,963.6,1208.4,122.4,32
3463,4329794,KyRo,963.4,1200.7,118.6,34
3464,975507,XERXES,963.3,1562.3,299.5,2
3465,4107438,JULIANiL8,963.1,1436.3,236.6,3
3466,152669,EEsports | Si | Jakamu,962.9,1662.3,349.7,1
3467,2823504,DPD,962.7,1420.2,228.7,2
3468,1257842,PTM | Wild Card,962.6,1600.1,318.7,1
3469,6336,Jet,962.5,1662.3,349.9,1
3470,67406,LR | On Tilt,962.5,1662.3,349.9,1
3471,4488560,Cheech,962.5,1343.6,190.6,5
3472,4340471,Erronn | softyy,962.5,1149.8,93.7,41
3473,3386584,QTN | Mr. President,962.3,1295.6,166.6,6
3474,4037988,Victor L.,962.2,1577.9,307.8,1
3475,1185961,IanGame&Watch,962.1,1438.5,238.2,9
3476,5140181,Colin 2,962.0,1421.3,229.6,2
3477,2239818,Nyam,962.0,1296.1,167.1,7
3478,4790589,BC Gold | SparkUnknown,961.8,1316.6,177.4,4
3479,1312554,Dig,961.7,1448.5,243.4,6
3480,5522616,Ryan,961.6,1368.1,203.3,3
3481,5530980,Tea,961.5,1335.9,187.2,4
3482,584561,Tesner,961.3,1510.3,274.5,3
3483,5487204,ELLSTARR,961.1,1363.4,201.2,3
3484,4959035,Anon_man,960.9,1442.8,240.9,2
3485,2010983,ScottGreene,960.8,1411.4,225.3,3
3486,1331673,HAKA | Qibli,960.7,1309.3,174.3,4
3487,1047944,vernong,960.6,1463.8,251.6,7
3488,1756408,PB | Yhamer34,960.6,1191.3,115.3,31
3489,5500443,agony,960.3,1403.0,221.3,3
3490,2686139,Ornik,960.2,1465.6,252.7,4
3491,1188478,Wylder,960.1,1498.4,269.2,3
3492,1826312,LogistclNightmr,960.1,1372.7,206.3,9
3493,18685,JLo,960.0,1289.7,164.9,57
3494,413400,SonicBoxx | KingJak,959.7,1511.0,275.7,2
3495,2038148,Empirony,959.6,1396.5,218.4,4
3496,3569548,ACHOO! | Fall,959.5,1305.0,172.8,4
3497,1005870,Flutter,959.4,1410.0,225.3,10
3498,1293204,QU | Caesar Salad,959.2,1405.5,223.1,5
3499,977166,Rico,959.1,1662.3,351.6,1
3500,3891979,Quinaroon,958.8,1470.9,256.0,4
3501,4329696,Pufyy,958.6,1576.8,309.1,1
3502,5159238,tygnarbown,958.5,1474.7,258.1,2
3503,4755317,blue_album,958.5,1140.7,91.1,32
3504,2738244,MilkT,958.0,1369.5,205.8,4
3505,5460093,charlie,957.6,1328.7,185.6,4
3506,1004616,el tumi,957.5,1302.5,172.5,94
3507,2149121,SDD | TSR:ACT | Joseph Cho,957.2,1507.3,275.0,2
3508,5333048,Staystephen,957.0,1359.8,201.4,3
3509,1035764,JCho,956.8,1589.9,316.6,1
3510,2159820,sean,956.6,1557.8,300.6,1
3511,1588288,Cream Daddy,956.5,1472.5,258.0,4
3512,4322052,Big Ant,956.2,1563.6,303.7,1
3513,243245,Curen,955.6,1124.0,84.2,76
3514,4959499,Jasona5,955.4,1268.2,156.4,7
3515,1356469,Nobody,955.3,1611.1,327.9,1
3516,1655028,Wilts,954.8,1407.5,226.4,2
3517,4632807,thederpybird,954.4,1446.9,246.3,3
3518,1444005,DAV,954.1,1532.8,289.3,3
3519,5387833,tough puff,953.9,1557.4,301.8,1
3520,3877109,Boshi,953.7,1567.3,306.8,1
3521,1105259,Fortnite | Ariana Grande,953.7,1471.3,258.8,2
3522,2271490,Shep,953.3,1341.3,194.0,6
3523,1009849,ADaMKOPA,953.2,1418.6,232.7,14
3524,2134109,EXP | Metamo,953.2,1422.3,234.5,3
3525,1186140,Macsmitty,953.1,1488.1,267.5,4
3526,1500251,CC | Bizcocho,953.0,1304.5,175.8,95
3527,5047371,Arecaceae,952.0,1297.4,172.7,5
3528,1670392,Treeman,951.7,1567.5,307.9,1
3529,4914420,SuperYoshi141,951.7,1567.5,307.9,1
3530,1354381,AFAS | KangasKhanh,951.2,1254.9,151.8,8
3531,692206,FunPolice,951.0,1481.3,265.2,3
3532,5279007,Magic Sock,950.8,1411.2,230.2,2
3533,5323592,anthony,950.4,1448.4,249.0,2
3534,183402,Kibou,950.3,1396.5,223.1,18
3535,3996996,AWOKEN. | Quilt,950.3,1182.9,116.3,25
3536,4995120,Skwanner,950.1,1105.2,77.5,60
3537,1400808,charles,949.7,1594.2,322.3,2
3538,1284483,StatusQuo,949.7,1594.2,322.3,2
3539,3127885,AH | ob,949.7,1470.5,260.4,2
3540,1273520,snakeeyes,949.3,1620.3,335.5,1
3541,1332566,USA | Kibbss,949.3,1582.0,316.4,2
3542,16256,Oozi / Walby,949.2,1580.0,315.4,1
3543,2545799,j!nx,949.0,1569.0,310.0,1
3544,1227773,LANA,948.7,1580.1,315.7,1
3545,4929298,MoonCake,948.7,1409.4,230.4,4
3546,1659305,MC | Ryzoluca,948.7,1256.7,154.0,57
3547,5146501,YPKJay,948.4,1358.6,205.1,3
3548,5427750,Skullgrunt,948.4,1316.8,184.2,3
3549,1731573,Kirbishii,948.3,1161.3,106.5,62
3550,5141405,ByteOf87,948.3,1317.8,184.7,4
3551,3762621,GNC AHS | SylviaFS,948.1,1396.2,224.0,3
3552,4983848,Hydra,948.1,1558.7,305.3,1
3553,246135,Ironbrand / Lyqosa,947.9,1379.7,215.9,6
3554,2927175,HeyZeus,947.7,1522.4,287.4,3
3555,2650126,Foami,947.5,1559.1,305.8,1
3556,5129869,Squishie,947.4,1559.9,306.3,1
3557,4837866,Huggies11500,947.4,1393.6,223.1,2
3558,456774,Coyors,947.3,1575.6,314.2,1
3559,176626,Stew,947.2,1473.7,263.2,2
3560,2583365,LT,947.1,1489.7,271.3,3
3561,949588,Hanako,947.1,1558.5,305.7,1
3562,12390,toopercentmilk,946.7,1520.7,287.0,2
3563,4865035,gnarlydave,946.6,1497.4,275.4,4
3564,5288003,KrakenFood,946.6,1341.5,197.4,3
3565,67166,Figs / IamLuffytv,946.4,1443.2,248.4,7
3566,1091105,Mythic,945.8,1503.5,278.9,4
3567,2607179,Antpoke,945.5,1585.8,320.1,1
3568,4972367,C2F | Tarzan,945.5,1404.2,229.3,3
3569,1595341,Fieri,945.4,1570.2,312.4,1
3570,4037984,Ruby M.,945.2,1570.9,312.9,1
3571,1113070,HK | Falconia | Fever,945.2,1570.9,312.9,1
3572,4496419,Stelter,945.0,1433.3,244.2,3
3573,2454348,Obi,944.9,1449.7,252.4,3
3574,2085738,TSM | Itatchi Gucciha,944.8,1560.1,307.6,1
3575,258371,Sonix,944.8,1507.8,281.5,4
3576,5344863,ASC | _SomeEggii,944.5,1411.0,233.2,2
3577,1571225,Boof | B,944.5,1406.9,231.2,8
3578,1213334,ZS9,944.4,1493.0,274.3,4
3579,1207346,mishiiboi,944.4,1493.0,274.3,4
3580,5512934,Aurafistkaz,944.4,1381.7,218.7,3
3581,2180262,nicc,944.4,1225.2,140.4,7
3582,275222,Slacker87,943.9,1418.0,237.1,2
3583,1730380,Ripto,943.7,1424.9,240.6,5
3584,5363919,Shadow,943.7,1319.2,187.7,4
3585,5363914,NRB,943.7,1319.2,187.7,4
3586,5220004,Sandbag,943.6,1411.4,233.9,3
3587,1588307,Tom Kroos,943.0,1455.4,256.2,4
3588,4041315,RyanTFR,942.6,1300.2,178.8,5
3589,3121066,ŠØMÑÜŠ,942.6,1488.7,273.1,2
3590,4637809,Sleepygary69,942.5,1223.6,140.5,7
3591,4912,Firewater,942.4,1281.6,169.6,7
3592,5427548,NP | UniTy,942.0,1310.2,184.1,5
3593,5274605,Plunger,941.7,1262.6,160.4,5
3594,2636285,VulgarKaiju,941.7,1439.0,248.7,3
3595,1312649,KOPA,941.5,1489.0,273.8,3
3596,3505518,Tazzsama,941.4,1441.6,250.1,3
3597,1605840,FLAF,941.3,1599.5,329.1,1
3598,477842,Punching Bag,941.3,1599.5,329.1,1
3599,3332229,TIMPALA,941.2,1341.7,200.2,5
3600,1437154,TammEsports | toastly!,941.1,1376.6,217.7,10
3601,353854,Bliss~,941.0,1490.9,275.0,2
3602,1404053,RLz | MMG+ | pinkcheat2,940.8,1570.9,315.0,1
3603,4641624,Jeremy,940.7,1357.7,208.5,3
3604,1387246,Chan,940.7,1561.7,310.5,1
3605,1210502,iLuvJesus | Bulbasir,940.4,1329.5,194.5,5
3606,393775,CS | Ubl,940.4,1503.1,281.4,2
3607,4341096,JAVI,940.1,1291.8,175.8,6
3608,2370907,Denzel,939.8,1586.6,323.4,1
3609,2429160,Kavlista,939.6,1401.6,231.0,2
3610,136532,Mini,939.6,1368.0,214.2,4
3611,1591100,NYU | KoreanBF,939.5,1323.0,191.8,4
3612,4152163,Rainbow Monkey | Champish,939.4,1406.6,233.6,3
3613,3384296,Luna,939.3,1372.4,216.5,3
3614,2386054,67 | freakbob58,939.0,1387.3,224.1,2
3615,4805782,HenryWeekends,938.9,1100.2,80.6,82
3616,1312553,myhdra,938.6,1429.0,245.2,6
3617,1753456,AeRo,938.5,1405.4,233.4,3
3618,5469767,Yassyle,938.2,1276.1,169.0,8
3619,4703087,Mitchiebby,937.9,1552.3,307.2,1
3620,1139930,Z,937.9,1530.1,296.1,2
3621,3392105,No tag,937.6,1299.5,181.0,5
3622,1689775,Shoop,937.2,1413.6,238.2,5
3623,1264725,Status Quo,936.8,1423.5,243.4,8
3624,3630138,PROWLER,936.7,1181.6,122.5,17
3625,1283737,Teffty,936.1,1572.3,318.1,1
3626,1839229,Scracked,936.0,1412.6,238.3,2
3627,4995014,ShiningCassette,935.5,1553.6,309.1,1
3628,4995287,FullSend,935.5,1553.6,309.1,1
3629,4648595,Ryza-2K,935.4,1369.7,217.2,3
3630,3799091,reed_qt,935.2,1373.3,219.1,6
3631,3799841,Eliakim,935.2,1373.3,219.1,6
3632,5305524,KiwiMadcat,935.2,1551.9,308.3,1
3633,3029685,LilSushiVert,935.2,1184.4,124.6,36
3634,2798409,Dreamz,935.1,1433.9,249.4,3
3635,2162564,CreamedLad,935.1,1318.2,191.5,5
3636,1105885,Wiz,934.8,1600.7,332.9,1
3637,1110680,zink,934.8,1600.7,332.9,1
3638,871741,NP | Log,934.8,1600.7,332.9,1
3639,1621023,RST | Falke,934.8,1255.6,160.4,7
3640,3622201,Sawkhead,934.4,1425.0,245.3,2
3641,2919051,PES,934.1,1144.0,104.9,29
3642,2463647,Coffee,933.9,1550.8,308.5,1
3643,1667238,MudJam,933.8,1395.0,230.6,3
3644,3017051,Michael Lulo,933.6,1423.5,244.9,4
3645,3352392,MC | Ryzoluca,933.5,1403.1,234.8,4
3646,5140316,PK | Moonlight,933.4,1330.7,198.6,4
3647,1877520,Slinky,933.4,1455.6,261.1,3
3648,606124,SSF2 | PlayfulPiano,933.2,1429.7,248.2,3
3649,4984519,Gglounge | Darkwolfoz47,932.5,1353.0,210.2,4
3650,822534,CC | Vetta,932.3,1310.2,189.0,181
3651,1439480,arch1nhuman,931.7,1591.4,329.9,1
3652,64388,RacerX,931.7,1591.4,329.9,1
3653,1466200,3474131357 | Nimenog,931.4,1379.9,224.2,9
3654,715969,Thahardbodykid,931.3,1500.0,284.4,4
3655,3034731,luke,930.8,1572.8,321.0,1
3656,5228975,Chris J,930.8,1351.4,210.3,3
3657,2446056,Orbsil | ExSpike,930.4,1291.7,180.7,8
3658,1362866,Jort Pervis,930.3,1090.6,80.2,68
3659,322358,KOA | Produce Princess,930.3,1440.1,254.9,2
3660,5353197,Mcdot17$,929.8,1341.6,205.9,3
3661,3770034,ID | Ironbrand,929.6,1422.5,246.4,3
3662,4994980,kami,929.6,1394.6,232.5,2
3663,5291659,PAWG | Guapo,929.5,1333.4,202.0,3
3664,5418133,Reizen,929.5,1333.4,202.0,3
3665,2353095,Toejam,929.5,1333.4,202.0,3
3666,1508925,Azerbear,929.4,1570.8,320.7,1
3667,689781,FzP | Molto,929.4,1238.6,154.6,29
3668,1477426,SkilledRoy,929.2,1254.5,162.7,163
3669,701039,sheepyhorns / doe,928.7,1459.0,265.1,3
3670,5384968,Cloud WRLD,928.7,1453.9,262.6,2
3671,4039533,MichaelKingtana,928.5,1339.0,205.3,6
3672,3680739,Lil_Shroom,928.2,1296.8,184.3,4
3673,1000581,Dosu,928.1,1380.4,226.2,20
3674,1291411,Skilledroy,928.0,1440.3,256.2,6
3675,4967835,Savage A.,927.7,1092.7,82.5,73
3676,4898274,Zbey64,927.5,1339.3,205.9,7
3677,1650939,Jay Razor,927.4,1418.1,245.3,4
3678,4885398,Humbler,927.0,1324.9,199.0,3
3679,3414983,Katie,926.8,1387.5,230.3,3
3680,1198322,MBS | Driggs,926.7,1453.7,263.5,2
3681,1622356,Asher,926.5,1585.7,329.6,1
3682,956331,Dj,926.5,1452.1,262.8,3
3683,2770837,PapaRivera,926.3,1511.8,292.7,2
3684,409109,720p,926.3,1552.1,312.9,1
3685,5083314,MonkeyBrain,926.1,1411.7,242.8,2
3686,1213325,Amdust,925.7,1456.0,265.1,4
3687,5140218,White Jacket,925.7,1549.8,312.0,1
3688,5325162,aijah,925.7,1546.9,310.6,1
3689,1609844,Premasaur,925.7,1591.3,332.8,1
3690,1274,Black Mamba,925.7,1591.3,332.8,1
3691,1586196,Status Quo,925.7,1591.3,332.8,1
3692,3131727,Kal,925.4,1577.9,326.3,1
3693,4460988,AHS | UpgradetheThing,925.2,1310.9,192.8,3
3694,1875152,MC | No Mercy!,924.8,1498.0,286.6,2
3695,1000563,ShinGetterRobo,924.8,1500.0,287.6,4
3696,638254,Cee,924.8,1500.0,287.6,4
3697,38001,ssjruben / El Tumi,924.8,1500.0,287.6,4
3698,976370,K.O. / His1Knightmare,924.8,1500.0,287.6,4
3699,328415,Scanz,924.8,1500.0,287.6,4
3700,995862,Humblebeast,924.8,1500.0,287.6,4
3701,993479,Xaalbar,924.8,1500.0,287.6,4
3702,1002081,Xorn,924.8,1500.0,287.6,4
3703,478234,FIZZGAR,924.8,1500.0,287.6,4
3704,1001119,PainInHonor,924.8,1500.0,287.6,4
3705,1004091,Bruhcs,924.8,1500.0,287.6,4
3706,1091077,Sal,924.6,1486.5,281.0,4
3707,1356366,Rockadon,924.3,1598.8,337.3,1
3708,1477997,quincé,924.1,1592.7,334.3,1
3709,41440,Master J.J.,924.0,1115.6,95.8,87
3710,3925503,Waft,923.9,1386.5,231.3,3
3711,4932384,Siva Wolf,923.7,1236.4,156.4,9
3712,5353168,Ggg | Superstar0821,923.4,1342.8,209.7,3
3713,1114495,NiP,923.4,1481.5,279.1,3
3714,1303430,G.E,923.3,1466.8,271.7,3
3715,3876951,Chari,923.2,1261.3,169.0,5
3716,1588984,Skilled Roy,922.9,1433.6,255.4,4
3717,147852,TSG | Manie,922.6,1316.2,196.8,22
3718,5278907,Evan,922.6,1325.6,201.5,3
3719,1541495,LüQ,921.4,1445.4,262.0,4
3720,1177909,SAHS | DN | RR | Dragonfire,921.3,1408.4,243.5,3
3721,1443097,SaiTima,921.2,1598.1,338.5,1
3722,328986,Heff,921.2,1368.9,223.9,3
3723,2775299,SBU | Sanjid,921.1,1314.1,196.5,3
3724,29507,21S | Skyhook,921.0,1475.8,277.4,2
3725,2384154,Eco,920.7,1428.5,253.9,2
3726,5226906,BoppoMungus,920.7,1321.8,200.6,4
3727,1073019,HectorJuan,920.4,1389.9,234.8,4
3728,1144562,NessCyanide,920.3,1388.0,233.8,9
3729,4941552,Tate10,920.1,1270.5,175.2,4
3730,4049977,leafCrusader,919.8,1554.4,317.3,1
3731,5206539,Luke Dee | WeebBones,919.3,1546.8,313.8,1
3732,4126740,TL | NicoTheLoaf,919.1,1378.8,229.9,2
3733,2653108,Dandy,919.1,1302.5,191.7,5
3734,1371493,RaS | | FlaringAqua,918.9,1334.9,208.0,22
3735,1564623,Sum,918.7,1328.1,204.7,3
3736,1136709,PCS | Dripht,918.6,1425.8,253.6,2
3737,3139809,Sr. Chef,918.4,1424.7,253.1,3
3738,5012469,C2GS | Kost Malone,918.3,1225.1,153.4,6
3739,5485465,Partitio,918.2,1457.2,269.5,3
3740,891048,Krabs,918.2,1568.2,325.0,1
3741,1239095,gerg,917.9,1490.1,286.1,3
3742,5415887,T,917.6,1357.8,220.1,3
3743,4983891,itsyaboi258,917.5,1121.1,101.8,33
3744,5507514,IRageTooMuch,917.5,1255.2,168.9,5
3745,2180223,Salamence,917.3,1553.9,318.3,1
3746,5528344,Damien,917.0,1389.7,236.4,4
3747,5182862,JVChris,916.8,1347.8,215.5,3
3748,1010691,MAK,916.5,1468.5,276.0,4
3749,3471609,WOKE 2 | justrailly,916.3,1127.8,105.7,78
3750,1497026,MushroomFusion245,916.2,1477.7,280.7,2
3751,4687474,thadd,916.1,1369.8,226.8,3
3752,3103314,Dingus,915.9,1349.5,216.8,7
3753,1971084,Krimson101,915.6,1351.9,218.2,3
3754,1471662,Carmel,915.5,1310.8,197.7,6
3755,4091344,Life1 | Sunlight!,915.4,1219.0,151.8,5
3756,1251369,Forbidden,915.4,1460.0,272.3,3
3757,5471352,Marcus,915.3,1495.0,289.8,2
3758,3382949,TAN | nhance,915.3,1335.7,210.2,3
3759,1859372,Pycses,915.3,1410.6,247.7,2
3760,155360,Cream,915.3,1484.5,284.6,2
3761,1023449,Lilhug2,914.8,1448.5,266.9,4
3762,3216614,Hall | TNT_A,914.7,1497.6,291.4,2
3763,355259,ARCH-1nhum4n,914.6,1583.4,334.4,1
3764,3190693,George,914.6,1447.7,266.5,3
3765,1213143,Darkmega81,914.5,1498.0,291.8,3
3766,2210066,fayetssf,914.3,1467.1,276.4,2
3767,995288,BeerdGamer,914.1,1412.7,249.3,8
3768,1251352,qaaaa,913.9,1467.5,276.8,4
3769,4531433,Edgyninja,913.9,1119.2,102.7,37
3770,2954589,snow krow,913.4,1250.2,168.4,9
3771,707972,IONA | Bob Ross (Welfare),913.0,1436.4,261.7,4
3772,5341035,Slaughter,912.9,1202.9,145.0,10
3773,1039683,USC | SWERV,912.8,1409.9,248.5,6
3774,5125510,GWU | flycatcher,912.8,1187.6,137.4,11
3775,993370,T2S | Finest Spoon,912.7,1330.8,209.1,3
3776,1814363,Vibe_Killer | Metalek,912.3,1082.7,85.2,59
3777,3545813,DrummerOfMetallica,912.2,1324.8,206.3,5
3778,250041,GODFiDENT / AscendX,912.2,1250.4,169.1,70
3779,1831687,paul blart,912.1,1357.5,222.7,3
3780,5013579,alade,912.0,1545.9,316.9,1
3781,1000565,Kumakage,912.0,1339.2,213.6,39
3782,160113,ZAP / WaDi,911.9,1453.8,271.0,2
3783,1317264,Mark 9:39,911.8,1421.3,254.7,2
3784,5206418,Bport Esports | Rockdefender,911.6,1254.1,171.3,4
3785,261474,DPD,911.4,1317.0,202.8,15
3786,3784978,Inky Train,911.3,1223.6,156.2,5
3787,1962047,I love Banjo >w<,911.2,1541.6,315.2,1
3788,1010660,StriderXIX,910.7,1404.8,247.1,7
3789,4720286,Anime321,910.7,1549.1,319.2,1
3790,4720552,Mr | NeoKnowZ,910.7,1549.1,319.2,1
3791,138941,Action Oasis | Travisty,910.7,1361.8,225.6,2
3792,5339930,Inferno,910.5,1297.4,193.4,4
3793,1695231,Jaiden,910.5,1420.8,255.2,3
3794,3519882,Aleks,910.2,1400.7,245.2,3
3795,1251271,chance,910.2,1493.9,291.9,3
3796,2522918,SeeSay,910.1,1400.0,244.9,3
3797,806441,GoA | Eclipse,910.1,1368.6,229.3,4
3798,4630235,Lil Dood | Strænger,909.8,1221.1,155.6,5
3799,4591902,SHU | Yoink,909.6,1546.5,318.5,1
3800,1842329,CrossingxFate,909.5,1277.3,183.9,4
3801,2338609,Tailsglover,909.5,1390.0,240.3,2
3802,4724812,NENO | ExVee,909.4,1095.8,93.2,73
3803,208450,UTD Varsity,909.3,1414.7,252.7,2
3804,4513203,Robert,909.2,1373.3,232.0,3
3805,5497884,3DSCHRIS,909.0,1344.4,217.7,2
3806,1093962,7ate9,908.7,1484.7,288.0,3
3807,1071423,Gumbie,908.4,1380.1,235.9,2
3808,5481886,Mike,908.3,1364.8,228.2,2
3809,1598829,Akbros | akberfortnite,908.3,1207.6,149.7,6
3810,946629,djb.A | Toona,908.1,1401.8,246.9,3
3811,5431445,Wiffz,908.1,1369.8,230.8,3
3812,1476065,pikey,908.0,1395.1,243.5,6
3813,2777289,Moltentrap,907.7,1381.3,236.8,2
3814,4975262,Voidkarma,907.7,1312.2,202.3,4
3815,5253591,Alex,907.4,1374.4,233.5,2
3816,5535815,TheBigYahu,907.1,1370.2,231.6,2
3817,1239178,zx,906.9,1478.7,285.9,3
3818,1862599,TDuke,906.6,1161.1,127.2,14
3819,4382159,ATG333,906.6,1390.2,241.8,3
3820,1811106,poem.,905.9,1301.4,197.7,4
3821,1476064,ben,905.8,1455.9,275.1,4
3822,5532492,BerrysNCream,905.6,1244.7,169.6,5
3823,4955680,Neptun3,905.6,1088.4,91.4,64
3824,5534819,cadaver,905.5,1343.6,219.0,2
3825,2662298,BankD,905.4,1360.2,227.4,2
3826,4279077,Nate,905.3,1351.9,223.3,2
3827,2360357,NP|100Sneeds | Mr.Whale,905.2,1054.9,74.8,66
3828,5510599,CoolZoom,904.8,1329.7,212.4,2
3829,2414864,TekkNick,904.7,1269.9,182.6,27
3830,1441578,Happy Burns,904.6,1566.1,330.8,1
3831,48735,FzP | JTPROG,904.5,1140.9,118.2,49
3832,2701864,MS | Giantpants,904.1,1542.0,319.0,1
3833,538981,GKrunk / Woof,904.0,1439.8,267.9,4
3834,1361907,Mr B Sans,903.9,1420.0,258.0,4
3835,1529270,Duh Ladder,903.9,1207.7,151.9,6
3836,5463747,RedYoshi_15,903.7,1342.9,219.6,2
3837,3038753,HomeFries,903.4,1285.2,190.9,6
3838,5367306,Ovac,903.3,1346.1,221.4,2
3839,5537679,VERT | (I.S.G.),903.2,1346.9,221.9,2
3840,5537686,Kaneru,903.2,1346.9,221.9,2
3841,1137343,Chevy,903.2,1456.3,276.6,3
3842,1442967,Nowhere,903.0,1593.4,345.2,1
3843,2927178,HeyZeus,903.0,1593.4,345.2,1
3844,4673714,Pretzel,902.7,1547.9,322.6,1
3845,5457059,bdknight,902.6,1375.9,236.7,2
3846,224062,Nick,902.6,1356.5,227.0,2
3847,3120164,dylkay,902.5,1553.1,325.3,1
3848,3623611,Stix Shakur,902.4,1092.2,94.9,70
3849,4115842,Khaleesi,902.3,1550.2,323.9,1
3850,5487421,Beans82,902.3,1258.1,177.9,4
3851,1997666,Cobragto,902.2,1567.7,332.7,1
3852,4640022,Untrue,902.2,1378.4,238.1,2
3853,1542043,SHOES | cody,902.1,1542.8,320.4,1
3854,2524965,CS | Idontlikesteven>:(,901.8,1393.9,246.1,2
3855,2739938,meant2B,901.5,1437.6,268.0,2
3856,5445395,grab,901.4,1352.8,225.7,3
3857,2046992,Ben_SSB,901.2,1186.8,142.8,9
3858,5518396,Fire wolf,901.0,1326.8,212.9,2
3859,4978562,BOP | Kicks,900.8,1213.6,156.4,6
3860,3944620,Jetultra,900.7,1370.6,234.9,2
3861,5381985,SashaLun,900.5,1324.0,211.7,2
3862,5311702,EVL | Supergokusukuna,900.5,1210.2,154.9,5
3863,5313274,4Freddy! | RNGKari,900.4,1355.5,227.6,2
3864,5511876,Joey,900.3,1332.0,215.8,2
3865,2447565,Astro,900.2,1377.0,238.4,2
3866,3118355,CheeZYBrED,900.0,1199.0,149.5,22
3867,2437114,SMN-YoKai-MASH | OnlyAPurpose,899.9,1375.1,237.6,2
3868,5486254,Neylum,899.8,1324.3,212.3,2
3869,5462570,Tracz,899.6,1283.7,192.0,4
3870,5509493,Jonny rukus,899.4,1318.6,209.6,2
3871,1791583,BudLightOnGameDay,899.3,1335.3,218.0,2
3872,2792452,urboy15,899.1,1456.6,278.7,2
3873,3121363,King Midas,899.0,1268.9,184.9,7
3874,3017057,Lauren Kawecki,898.7,1421.0,261.2,3
3875,2653779,Fallen | Arsene05,898.5,1240.9,171.2,8
3876,5370032,steven,898.4,1366.1,233.8,2
3877,5448197,SGL_Nova,898.4,1387.1,244.4,2
3878,575425,4xM | Dathomir,898.2,1368.5,235.2,2
3879,5475693,CaTTaco8,898.1,1370.5,236.2,2
3880,5427636,Joey,897.9,1368.5,235.3,2
3881,4983090,Username,897.9,1125.7,113.9,33
3882,20997,Mlarcin,897.6,1475.1,288.8,3
3883,5194596,joob,897.6,1187.6,145.0,8
3884,1076563,benji,897.5,1351.0,226.7,3
3885,5235330,Im A Stud,897.2,1321.8,212.3,2
3886,4967007,Megalopolis,897.1,1393.5,248.2,2
3887,409328,DNMC | DynamicMeme,896.9,1368.8,235.9,2
3888,4417134,lil' ploppy,896.9,1291.3,197.2,5
3889,1894408,Emzy,896.7,1297.3,200.3,6
3890,5208062,Martfew,896.7,1385.2,244.2,2
3891,2733884,TS4,896.5,1133.2,118.4,20
3892,4975243,DancingTrian,896.3,1366.2,234.9,2
3893,152312,HexagonBear,896.2,1158.8,131.3,35
3894,5436804,ODA LVL | yoshimitch,896.1,1335.2,219.6,2
3895,5408620,JurassicAsher,895.8,1388.7,246.4,2
3896,5422308,Felipezu,895.6,1335.4,219.9,3
3897,5313812,ShekFu2,895.4,1335.0,219.8,2
3898,1609845,Premasaur,895.3,1424.4,264.6,4
3899,2981252,WHOLE MILK,895.3,1237.6,171.2,6
3900,4216485,S.T.I.C | IBM,895.1,1266.7,185.8,4
3901,1007874,MHM | Cipher,895.0,1220.5,162.8,14
3902,5215488,vic_g_legend,894.9,1337.7,221.4,2
3903,5386619,Mkg,894.8,1378.9,242.1,2
3904,2811030,LuminaryEnds,894.5,1378.1,241.8,2
3905,2749524,MushroomFusion245,894.5,1563.5,334.5,1
3906,3640379,saltfries,894.3,1326.1,215.9,2
3907,1025526,DED | mdemz,894.3,1244.9,175.3,146
3908,1625942,Shady,894.0,1416.4,261.2,3
3909,5471435,ColaBriss,894.0,1189.4,147.7,8
3910,4382597,edith,893.9,1383.8,244.9,3
3911,5393196,sinema,893.7,1259.7,183.0,4
3912,2406509,Trussy | LeChrom Jairs,893.7,1288.9,197.6,3
3913,343663,JUMO,893.6,1380.4,243.4,2
3914,4959519,ndjghtuuu,893.3,1385.3,246.0,2
3915,4266228,Casa de skibidi | WetSpaghet,893.3,1366.9,236.8,2
3916,130102,Gretch,893.2,1572.8,339.8,1
3917,352220,MCLearnin,893.2,1572.8,339.8,1
3918,5521060,Toxicteerh,893.1,1281.8,194.4,3
3919,5068994,SSS | dbfc | Bardock,893.0,1371.6,239.3,2
3920,981674,12G | Habibi,892.8,1349.3,228.2,4
3921,5475912,theswitchbricker,892.5,1199.3,153.4,6
3922,1063395,GRNT | JA3,892.3,1576.3,342.0,1
3923,3448714,SAUCELESS | Seiji  [B],892.1,1396.8,252.4,2
3924,1464209,qaaaa,891.9,1451.8,279.9,3
3925,3119740,Grass Wonders Had Enough,891.7,1383.6,245.9,2
3926,4303280,Sneezles,891.6,1351.3,229.8,3
3927,5456416,Devyyn,891.5,1386.6,247.6,2
3928,1181821,swatty524,891.3,1274.7,191.7,4
3929,2465772,FlamBe,891.2,1262.7,185.7,4
3930,5538288,Angel,891.1,1408.6,258.7,2
3931,5264418,DaBirb,890.9,1338.5,223.8,2
3932,2343948,Budokai,890.8,1222.5,165.8,5
3933,3628120,:) | dizzooba,890.8,1316.3,212.8,4
3934,1034358,NP | LCD,890.7,1387.3,248.3,3
3935,5498668,Tyrfing,890.4,1307.1,208.4,2
3936,5335442,Devyyn,890.4,1318.4,214.0,2
3937,2393953,WhiteNoise,890.3,1374.0,241.8,2
3938,5122906,AE | Ross A.M.,890.2,1397.1,253.4,2
3939,5538287,Jason,890.2,1326.9,218.3,2
3940,5480598,BBC | Billy The Kid,890.0,1313.0,211.5,2
3941,4352725,Robwaah007,889.9,1085.2,97.7,48
3942,3012251,ChombaNO1,889.6,1375.4,242.9,2
3943,2155538,OE | zawg,889.5,1376.9,243.7,2
3944,5479475,10gu?!,889.2,1364.7,237.7,2
3945,1421192,Wylder,889.2,1420.6,265.7,3
3946,1439236,ragedeity,889.2,1457.7,284.2,3
3947,5004279,Mii Stunnaaaa,889.1,1314.2,212.5,2
3948,4675648,NotRowin,889.0,1290.2,200.6,4
3949,25813,AFAS/SMN | BboP,888.9,1216.5,163.8,9
3950,1444009,DGM,888.8,1461.4,286.3,3
3951,3957440,SIR YES SIR | SGT EBRIMA,888.8,1344.9,228.1,2
3952,5349730,steven,888.7,1357.5,234.4,2
3953,4963919,adam:),888.6,1228.9,170.1,4
3954,1864833,Zilkon,888.5,1201.0,156.2,9
3955,1091080,MCWizard,888.5,1414.4,263.0,6
3956,5440373,Flimmy,888.4,1251.8,181.7,4
3957,5320263,bong fu panda,888.2,1328.7,220.3,2
3958,5479619,gokussj12,888.2,1338.3,225.1,2
3959,677867,JazzerThighs,888.0,1402.0,257.0,3
3960,4169800,lynxcero,888.0,1310.5,211.3,4
3961,5202469,Squashini,887.9,1346.5,229.3,2
3962,438520,OU | Hat Boy,887.9,1546.9,329.5,1
3963,5487534,Joker,887.6,1233.4,172.9,4
3964,127977,GOOM | Tufukins,887.6,1233.4,172.9,4
3965,1615454,Bferrero,887.6,1347.8,230.1,3
3966,5509468,Nate,887.1,1402.3,257.6,2
3967,5445158,Colin,887.1,1404.0,258.5,2
3968,5445155,Joe Cool,887.1,1404.0,258.5,2
3969,1250001,Fhantum / Toon,886.8,1533.9,323.5,1
3970,620936,CS3 | Marvelous_Marco,886.8,1533.9,323.5,1
3971,1804039,xTundraa,886.8,1414.4,263.8,2
3972,7135,mega,886.6,1536.8,325.1,1
3973,2440780,Ant,886.5,1351.0,232.2,2
3974,1261560,LoFt,886.3,1452.8,283.2,3
3975,176599,Derek,885.8,1390.7,252.4,2
3976,2810972,SBU | hibanaii,885.8,1216.0,165.1,9
3977,5120407,swagowner,885.6,1337.2,225.8,2
3978,5487169,Cups,885.6,1364.1,239.2,2
3979,5436654,Mercury,885.6,1389.9,252.2,2
3980,1584954,biglunch,885.3,1404.7,259.7,5
3981,5353507,OK | Idree,885.3,1398.0,256.4,2
3982,956957,RowdyBois | Sinces,885.1,1567.2,341.1,1
3983,3088213,Lv.9 Kazuya and Friends,884.9,1323.6,219.3,3
3984,2495516,CringeBaby,884.2,1276.4,196.1,5
3985,5498325,omggkawaiiangel (A),884.1,1218.2,167.0,8
3986,2349486,Relic,883.9,1449.6,282.8,3
3987,3448708,Panacea,883.9,1258.6,187.4,3
3988,5294836,Crims0n,883.5,1327.3,221.9,2
3989,3613453,May :3,883.5,1304.1,210.3,2
3990,2909640,Aricco72,883.4,1394.7,255.7,2
3991,4313095,Bell | The Reverend,883.2,1184.3,150.5,11
3992,2402929,VS | Yuga - B,883.1,1272.2,194.6,4
3993,4939249,CAROUSEL | CREAK,882.9,1364.7,240.9,2
3994,4388382,Looney,882.9,1355.1,236.1,2
3995,26327,Marcus,882.8,1371.6,244.4,3
3996,1109533,Fire Nolan,882.7,1329.5,223.4,2
3997,252396,urboy15,882.7,1308.7,213.0,7
3998,428593,Derdds,882.6,1486.7,302.1,2
3999,2823143,HokageRob,882.5,1532.1,324.8,1
4000,5343907,rocker2478,882.5,1328.6,223.1,2
4001,804317,Stormblessed,882.4,1322.9,220.2,8
4002,1375339,Sansmyman,882.2,1470.4,294.1,3
4003,1901835,jameswo,882.1,1392.5,255.2,2
4004,5056757,Shirou,882.0,1323.1,220.5,2
4005,5346891,D5 | Dabid,881.7,1360.4,239.4,2
4006,5367299,42F,881.7,1276.0,197.1,5
4007,1196926,Railgun,881.2,1281.6,200.2,3
4008,1631033,Hung | Mufn,881.2,1293.9,206.3,2
4009,4949196,SaaaucyJack,881.1,1371.8,245.4,2
4010,1502336,James,881.0,1455.8,287.4,2
4011,3806811,BTE | TR | TB | Cupid Mentality,880.8,1409.6,264.4,2
4012,4976858,apples,880.8,1257.8,188.5,5
4013,5530942,Maxblocks,880.8,1409.1,264.2,2
4014,1603908,Chumbly Bumpkinstein,880.8,1333.3,226.3,2
4015,1323184,KOPA,880.7,1446.2,282.7,3
4016,3450065,Wannabe Squid,880.7,1169.9,144.6,9
4017,5367297,Darorei,880.4,1250.9,185.2,4
4018,5359246,player 4,880.4,1313.9,216.7,2
4019,4922506,joueur,880.0,1227.6,173.8,5
4020,5448374,Q,880.0,1304.5,212.3,2
4021,5471323,RGS | Headphones,879.9,1184.6,152.3,7
4022,5215029,ClemenTime,879.8,1532.1,326.2,1
4023,4466617,GLG/585Z | | StrykerCrown,879.7,1384.0,252.2,2
4024,683993,Mr. Patch,879.6,1333.3,226.8,2
4025,2152091,D4nkey,879.4,1378.1,249.3,2
4026,1886939,Vorhees,879.4,1220.1,170.4,9
4027,5465525,CVD | James06,879.4,1374.6,247.6,2
4028,5453323,Jony1285,879.4,1360.0,240.3,2
4029,3327318,XxGeexX,879.2,1331.5,226.1,3
4030,965422,SOMD | Slacker,879.2,1388.5,254.7,2
4031,1599041,Tom Kroos,879.0,1426.8,273.9,3
4032,3043720,Rubix,879.0,1399.6,260.3,3
4033,1428028,585Z | Eclipse,878.9,1349.3,235.2,2
4034,4566783,Altar,878.9,1074.0,97.6,47
4035,5328706,steven,878.9,1494.0,307.6,2
4036,1502372,mo,878.8,1449.4,285.3,2
4037,5520068,Wiggletrud,878.8,1291.7,206.5,2
4038,2800370,Aqua | Box,878.6,1375.9,248.6,2
4039,2158233,MyGuy,878.6,1399.0,260.2,2
4040,4004863,TheDragothian,878.6,1312.5,216.9,3
4041,5288431,Alex,878.2,1351.7,236.8,2
4042,5487455,rett,878.1,1352.1,237.0,2
4043,2345159,MOB | JUBBAJUBBA,877.8,1116.0,119.1,35
4044,5129657,swaglucy,877.8,1070.6,96.4,66
4045,2238278,(Snom | Liizard Jesus,877.8,1375.4,248.8,2
4046,3076227,Sachu,877.8,1375.4,248.8,2
4047,1965894,godpartikle,877.5,1274.5,198.5,3
4048,4865034,gnarlydave,877.4,1439.2,280.9,3
4049,5367298,Kidtwizz,877.4,1252.2,187.4,5
4050,5350783,nioskee,877.3,1229.4,176.0,5
4051,1805042,Stromboli,876.9,1078.6,100.8,165
4052,1360079,Huggo,876.8,1303.5,213.3,2
4053,5504128,Elitrealessence,876.7,1232.6,177.9,4
4054,2650426,BettingSole,876.5,1307.3,215.4,2
4055,241617,BB | UNCG | Mikerowave,876.4,1312.0,217.8,2
4056,193290,Sway,876.4,1290.3,207.0,2
4057,5427715,bagd,876.2,1301.5,212.6,2
4058,1425475,El profe,876.2,1565.2,344.5,1
4059,3127896,Beempa Clan | Nick,876.1,1080.1,102.0,38
4060,4817381,Southern,875.9,1366.7,245.4,2
4061,1046334,Slasher,875.9,1422.3,273.2,3
4062,321927,Wesh,875.6,1342.8,233.6,2
4063,4791736,#1 Kyle TM Stan,875.6,1378.0,251.2,2
4064,5498281,ZASE | Dr.GitGud,875.5,1130.4,127.4,14
4065,4630950,TDB | ThatDerpyBird,875.4,1329.6,227.1,2
4066,1009955,DB | DOODLE BOB,875.1,1421.0,272.9,3
4067,272562,Wilsports | Professor Kay,874.9,1330.4,227.7,3
4068,2917340,crazygreenguy,874.8,1335.6,230.4,2
4069,2221800,Shmoney | BGunn,874.7,1227.5,176.4,5
4070,2977954,Montwee,874.7,1308.7,217.0,3
4071,4288864,No Jump | Pepsi,874.6,1048.0,86.7,85
4072,2620041,Briginator,874.4,1319.4,222.5,3
4073,821654,sorashiro,874.3,1353.1,239.4,2
4074,2560020,Ryklon,874.3,1539.4,332.6,1
4075,1620950,POPOFF,873.5,1443.6,285.0,3
4076,2133022,Kasp3r,873.4,1355.0,240.8,2
4077,948829,Sweeney,873.3,1433.8,280.2,2
4078,3340631,GojiTheYoshi,873.2,1395.6,261.2,2
4079,2787231,MOB | Celcha,872.9,1316.7,221.9,7
4080,1186178,Cyanjin,872.7,1430.6,279.0,3
4081,1476113,docter jovan,872.6,1468.8,298.1,3
4082,5304477,Zangetsu,872.6,1256.3,191.8,3
4083,5195535,phosphoDiester,872.5,1328.0,227.7,3
4084,5307754,AceofSpades,872.4,1316.4,222.0,2
4085,1004590,NaNdIdDy,872.1,1360.1,244.0,9
4086,4870078,VRT | lakia,872.1,1362.3,245.1,2
4087,139089,xxPAkoFDoGs,872.1,1352.5,240.2,6
4088,5512753,WMFC | Abi,871.8,1350.9,239.5,2
4089,1389046,norman,871.7,1556.3,342.3,1
4090,5489237,Country,871.7,1304.6,216.5,2
4091,1512128,nifty,871.5,1437.5,283.0,3
4092,5419345,Kairo,871.5,1240.9,184.7,4
4093,5436814,Mr. | beauzzelli,871.5,1332.5,230.5,2
4094,2129082,Zackman,871.5,1252.1,190.3,4
4095,4329886,Inferno,871.3,1271.6,200.2,5
4096,768551,Eddnog,871.2,1530.1,329.5,1
4097,306104,BEE | Augment,871.0,1293.2,211.1,2
4098,4373693,lLikeExisting,871.0,1225.8,177.4,5
4099,1114492,Detective Arman,870.8,1449.2,289.2,3
4100,4322542,DapperQuagsire,870.8,1415.2,272.2,2
4101,4486873,memer,870.7,1274.0,201.7,4
4102,1271930,adam kopa,870.6,1415.0,272.2,3
4103,4299369,Oumi,870.5,1364.3,246.9,2
4104,3949483,ODA LVL | Blucket,870.5,1276.6,203.0,4
4105,2262401,LegendaryCH,870.5,1331.3,230.4,2
4106,4310353,aidepole,870.4,1354.8,242.2,2
4107,5469254,EX Beat,870.3,1350.3,240.0,2
4108,1476094,skilled roy,870.2,1408.8,269.3,3
4109,4291794,PatoGrease,870.1,1398.6,264.3,1
4110,3683138,Pokemasterjay,870.0,1374.5,252.3,3
4111,1743948,Lando,869.8,1436.6,283.4,3
4112,1442985,HeyZeus,869.6,1565.5,347.9,1
4113,5417649,DeathTheKid,869.0,1290.7,210.8,2
4114,5114216,Josh,869.0,1344.5,237.8,2
4115,24786,12G | BDS,868.9,1398.6,264.9,2
4116,5367304,King of gren,868.8,1402.1,266.6,2
4117,5013844,Roric ツ,868.7,1070.7,101.0,37
4118,3625760,MellowTreat,868.7,1017.4,74.3,83
4119,3852017,200 000 gigglebytes,868.7,1288.5,209.9,3
4120,4572727,Roboturner,868.7,1288.7,210.0,2
4121,5345242,DatMango,868.5,1369.0,250.2,2
4122,5469941,Amelia,868.4,1341.0,236.3,2
4123,2211088,Pany,868.2,1385.4,258.6,3
4124,4240550,Wastyy,868.0,1404.9,268.5,1
4125,1456448,LilBulb,867.8,1241.3,186.7,7
4126,5537677,VERT | Sllayerrr,867.8,1399.6,265.9,1
4127,3458923,Worm,867.8,1206.1,169.1,5
4128,4012783,CasadeSkibidi | Jeice,867.7,1379.0,255.6,3
4129,1557221,Solar,867.7,1356.6,244.5,2
4130,5320735,yurigod,867.6,1123.7,128.0,18
4131,4831305,Zermen,867.5,1314.3,223.4,2
4132,793118,ANONTOKYO | Ro,867.4,1357.5,245.0,2
4133,1588019,dbfc | BART,867.1,1259.9,196.4,7
4134,5219795,mark jr,866.8,1526.4,329.8,1
4135,5487472,Matt,866.6,1391.7,262.5,1
4136,3521577,fes | fes_77,866.5,1366.9,250.2,2
4137,5436923,Grenade,866.5,1285.6,209.6,2
4138,3480932,KageNinja,866.4,1320.8,227.2,2
4139,4614255,dbfc | Red Rocket,866.3,1275.8,204.7,6
4140,4133862,nyan_man8,866.2,1227.9,180.8,4
4141,1474346,Broken :(,866.1,1393.9,263.9,1
4142,5215695,123jf,866.1,1411.1,272.5,2
4143,279655,Confused,866.0,1418.3,276.1,3
4144,1537941,spacebrojakob,865.9,1347.4,240.7,5
4145,5484405,GhostFace,865.9,1395.8,264.9,1
4146,3055382,TheGrenade125,865.9,1395.8,264.9,1
4147,5484357,Teku,865.9,1395.8,264.9,1
4148,5484394,Beefy Marshmallow,865.9,1395.8,264.9,1
4149,2311476,Tyswan,865.7,1283.1,208.7,3
4150,5489733,tilt,865.4,1392.6,263.6,1
4151,5183943,C2GS | Alex,865.4,1096.1,115.3,24
4152,5010975,Toxic,865.3,1381.2,258.0,2
4153,5147408,Realsuki,865.2,1404.3,269.6,1
4154,5534813,Angel Quinoez,865.0,1419.6,277.3,1
4155,5534809,Randolph Hanson,865.0,1419.6,277.3,1
4156,4305222,TengoCancer | TengoCancer,864.9,1303.1,219.1,3
4157,2541142,Sierra,864.7,1418.3,276.8,1
4158,70897,Amir,864.7,1418.3,276.8,1
4159,5534836,CK Smith,864.7,1418.3,276.8,1
4160,2387170,ggecko,864.7,1305.8,220.5,3
4161,5259505,gioo_404,864.7,1270.7,203.0,3
4162,388085,Prince and the Frog,864.7,1457.8,296.6,2
4163,5264029,ClemenTime,864.6,1297.7,216.5,2
4164,4528608,Showtime | Tev,864.6,1256.3,195.8,4
4165,974360,HB | KokoPelli,864.6,1418.3,276.9,3
4166,5125462,Baker,864.5,1408.6,272.0,1
4167,2414728,IssBebo,864.3,1298.2,217.0,2
4168,1094874,FEI | Jeff,864.3,1317.0,226.4,3
4169,4951096,Shaggy,864.2,1357.0,246.4,2
4170,5538014,Caluxs42,864.2,1373.1,254.4,1
4171,5537981,Newburnttoast,864.2,1373.1,254.4,1
4172,5147419,Sorafo,864.1,1411.3,273.6,1
4173,5463575,pilk,863.7,1410.9,273.6,1
4174,1228000,CG9,863.6,1459.3,297.9,3
4175,5462544,YB_Swiff,863.6,1408.1,272.3,1
4176,1261558,pootx,863.6,1446.2,291.3,3
4177,5471198,BopIt!,863.5,1413.9,275.2,1
4178,4767074,Amon Gus,863.5,1404.1,270.3,2
4179,5427656,Mcdot$15,863.4,1386.6,261.6,1
4180,4589193,mTx | MOB | SteR ThA KiiD,863.4,1324.8,230.7,2
4181,3504876,Supersonic06,863.3,1404.3,270.5,1
4182,4397997,YoungHDMI,863.3,1404.3,270.5,1
4183,5441824,Starlingzer0,863.1,1407.1,272.0,1
4184,1213074,thiccboi2007,863.1,1462.1,299.5,3
4185,3111902,CobbleStoneGenerator3000,863.1,1181.5,159.2,16
4186,5486211,Misty,863.0,1383.0,260.0,1
4187,1899404,Urchent,863.0,1263.9,200.5,4
4188,2163265,SFAM | VGY | Nishiro,862.9,1328.6,232.8,2
4189,4155851,Pineapple,862.9,1356.2,246.7,2
4190,5394774,Soap | Nutterbutter,862.8,1396.5,266.8,1
4191,4539102,Tonnick34,862.8,1265.9,201.5,3
4192,5383773,JTreachy,862.7,1406.2,271.8,2
4193,2940248,Flex,862.5,1280.7,209.1,6
4194,5105769,King,862.5,1418.0,277.7,1
4195,5431317,DJ,862.4,1408.2,272.9,1
4196,1488642,king rudin,862.3,1428.9,283.3,3
4197,2977364,Goat,862.1,1416.3,277.1,1
4198,1026262,0-2 | Mistfern,862.0,1304.8,221.4,15
4199,5449230,Duckscout,862.0,1293.7,215.9,3
4200,1083460,SPAG,862.0,1410.7,274.4,1
4201,4177249,DC3 | MemsSousa,861.9,1377.7,257.9,1
4202,5427725,julestheplayer,861.9,1402.4,270.3,1
4203,1001064,bored223,861.8,1308.3,223.3,4
4204,4614325,PEAK | MBS | Seel,861.7,1344.4,241.3,2
4205,1655867,Micicletta,861.7,1423.3,280.8,3
4206,5344857,Cartoons_Plural,861.7,1337.8,238.0,2
4207,5507558,Tubbles,861.6,1350.9,244.6,2
4208,3655211,Dr Professor,861.6,1407.0,272.7,1
4209,1982587,JGubz,861.6,1407.0,272.7,1
4210,5208091,DongBong420,861.6,1407.0,272.7,1
4211,5197207,Maddox,861.4,1386.5,262.5,1
4212,5012430,ThaHyalianWolf,861.4,1339.2,238.9,3
4213,5444740,Paulamu,861.3,1408.8,273.7,1
4214,721013,OranSky,861.2,1408.8,273.8,1
4215,1788174,IZ*ONE,861.2,1410.6,274.7,1
4216,130976,Gatsby,861.2,1407.0,272.9,3
4217,180777,SU | PenguinPowerTV (A),861.1,1373.9,256.4,1
4218,5521238,LavendersForBonnie,860.9,1294.7,216.9,2
4219,3915791,MTS | ThePiedPiplup,860.9,1386.1,262.6,1
4220,256527,Pawnchan,860.9,1358.4,248.8,9
4221,4915222,az,860.8,1248.8,194.0,4
4222,5342337,Nikki,860.6,1406.4,272.9,1
4223,5300683,GloomyBee,860.6,1257.5,198.5,3
4224,16034,Vale / NiGHTS,860.6,1319.8,229.6,6
4225,5341121,AwesomeLogan,860.5,1405.0,272.2,1
4226,5382800,B.linden,860.5,1388.8,264.1,1
4227,5315066,Bust | NutBuster,860.5,1385.6,262.6,1
4228,4329649,DaFreakLe | DaBeastLe,860.5,1353.4,246.5,2
4229,5371281,Dr Glizzy,860.3,1408.9,274.3,1
4230,2332417,Jonnybhoy,860.3,1379.8,259.8,1
4231,416640,Gawmer,860.1,1147.4,143.6,44
4232,2750603,raresushi,860.1,1330.6,235.2,2
4233,3576644,Kyle_9,860.1,1213.9,176.9,5
4234,531972,Birdswithteeth,859.9,1225.3,182.7,4
4235,1439398,BELL ST. | Owen,859.7,1392.3,266.3,1
4236,5370030,playerZ,859.6,1388.2,264.3,1
4237,5398419,Paradox,859.6,1414.6,277.5,1
4238,1744011,Kaizen,859.6,1283.3,211.9,4
4239,5013596,Tri_force83,859.5,1407.9,274.2,1
4240,5016723,PPfighter,859.5,1407.9,274.2,1
4241,3672024,Banana Person,859.5,1407.9,274.2,1
4242,5013594,Raptor,859.5,1407.9,274.2,1
4243,4789211,Justshane,859.3,1367.3,254.0,2
4244,5479179,PissBby,859.3,1280.9,210.8,2
4245,1213078,Samuel Imagery,859.2,1454.3,297.5,3
4246,2214743,DawnRuby,859.2,1386.5,263.6,1
4247,5417652,Patrick,859.2,1381.4,261.1,1
4248,2401795,Layv,859.0,1387.6,264.3,1
4249,4991651,Helpnt,859.0,1420.0,280.5,1
4250,5452708,Killa,858.8,1373.9,257.6,1
4251,5310309,Sunless,858.7,1403.8,272.5,1
4252,754808,Stykes,858.6,1379.5,260.4,6
4253,805291,Jazzy G.,858.6,1299.2,220.3,3
4254,128267,Pepe,858.6,1410.8,276.1,1
4255,5225623,napalm dust,858.6,1339.7,240.6,2
4256,260312,81 | BIG dawg,858.5,1332.7,237.1,2
4257,580104,Q,858.5,1424.4,283.0,1
4258,1125764,Gum cuzzler,858.4,1369.8,255.7,6
4259,5461683,he/him/his | Sam B,858.4,1424.3,283.0,1
4260,5441821,Suboperc,858.3,1423.9,282.8,1
4261,5530937,King Der,858.3,1422.9,282.3,1
4262,5530943,Aura,858.3,1422.9,282.3,1
4263,343045,Glitchy,858.3,1422.9,282.3,1
4264,3108460,Twotime,858.3,1422.9,282.3,1
4265,1465745,Quintin,858.3,1422.9,282.3,1
4266,5529003,Exho,858.1,1218.4,180.1,3
4267,5197214,Gabe,858.0,1403.9,272.9,1
4268,422931,RedRivers82,858.0,1376.6,259.3,1
4269,4369532,RadioDiamond,857.9,1421.3,281.7,1
4270,5118281,JVN,857.9,1330.2,236.2,3
4271,2300160,yamsang,857.8,1195.7,168.9,7
4272,1069426,loganpitt,857.8,1205.9,174.0,5
4273,5311733,Dannilzz,857.7,1402.4,272.3,1
4274,5417661,Berry,857.7,1423.7,283.0,1
4275,5417680,INeedTacticals,857.6,1422.6,282.5,1
4276,4261774,Dome,857.6,1096.0,119.2,18
4277,4155615,George,857.6,1371.3,256.9,2
4278,5393784,Sprouts,857.5,1421.0,281.8,1
4279,5393785,Weito,857.5,1421.0,281.8,1
4280,5393796,BoBoss,857.5,1421.0,281.8,1
4281,5393787,Naftolail,857.5,1421.0,281.8,1
4282,5222392,Shaun | Blu,857.5,1172.9,157.7,6
4283,2648346,esl,857.3,1406.4,274.6,1
4284,5259506,TCG | Brim,857.2,1389.1,265.9,1
4285,5259420,TCG | Seth,857.2,1389.1,265.9,1
4286,5259513,TCG | Kaz,857.2,1389.1,265.9,1
4287,4223477,NerpNerp,857.2,1284.1,213.4,2
4288,5011301,SBU | Doofus,857.2,1077.7,110.3,22
4289,5282065,grandpaonwifi,857.2,1386.5,264.7,1
4290,5475691,Popcorn,857.0,1227.6,185.3,3
4291,3024654,Edward Mendoza,857.0,1372.0,257.5,4
4292,5481770,Nibbs,856.9,1193.1,168.1,17
4293,3069132,Mr Miu,856.8,1388.9,266.1,1
4294,999910,RNJesus,856.8,1424.3,283.8,3
4295,4907368,qw,856.7,1405.2,274.3,1
4296,5420076,Devsainta,856.6,1374.1,258.7,1
4297,3335738,PlayerAlliance | VPCowboy,856.6,1411.4,277.4,1
4298,4399492,Jordan,856.6,1335.5,239.4,2
4299,1239987,Determined,856.6,1176.9,160.2,6
4300,5346387,Kyle,856.5,1384.3,263.9,1
4301,5534742,saint,856.4,1335.7,239.7,2
4302,1804620,Hooplah,856.4,1378.9,261.3,1
4303,2593131,BOT | ObNoder,856.4,1410.6,277.1,1
4304,5492486,reecesreeses,856.3,1364.3,254.0,1
4305,1130582,Sebbyyy,856.3,1274.3,209.0,19
4306,5317542,steven,856.3,1382.5,263.1,1
4307,5323376,simo,856.2,1397.1,270.4,1
4308,4975261,VLMessiah,856.2,1397.3,270.6,1
4309,5386617,Lou,856.2,1397.3,270.6,1
4310,2903604,Jovon,856.2,1397.3,270.6,1
4311,5389691,EXPLorxen,856.2,1397.3,270.6,1
4312,5389686,EastonRoll,856.2,1397.3,270.6,1
4313,3058645,JTNomad,856.1,1370.2,257.0,3
4314,4132262,discord | TheFreakery,856.1,1305.3,224.6,3
4315,5273387,Gusjira / Metalcake907696,856.1,1415.9,279.9,1
4316,1139353,PapaBear,856.1,1405.6,274.8,1
4317,5003928,Kylodino,856.0,1167.3,155.7,7
4318,1409141,Skilledroy,856.0,1421.6,282.8,3
4319,4587858,jasp812,855.9,1422.9,283.5,1
4320,51236,W2W | Rino,855.9,1441.0,292.5,2
4321,5235429,67 | SUPERSTAR1,855.9,1405.3,274.7,1
4322,1612653,Starbucks,855.6,1356.6,250.5,2
4323,1466182,13479491667 | Keeylo,855.6,1433.6,289.0,2
4324,3017056,Matthew Renda,855.6,1400.1,272.3,3
4325,3024655,Marven Julius Yap,855.6,1400.1,272.3,3
4326,5365471,Scotty V,855.6,1383.0,263.7,1
4327,5365425,Cuba,855.6,1383.0,263.7,1
4328,5345187,Z,855.5,1423.0,283.7,1
4329,4527226,Kphantom69,855.5,1378.6,261.6,1
4330,5333664,Ben,855.4,1371.2,257.9,1
4331,4047295,Shae,855.3,1373.4,259.1,1
4332,5167296,TheOctoKing,855.3,1272.7,208.7,3
4333,2097989,shoobopper,855.3,1268.6,206.7,3
4334,5408737,Rapidraccoon,855.2,1279.2,212.0,2
4335,1186149,Syn! | Ethan,855.2,1377.4,261.1,1
4336,4807896,Reis,855.2,1329.4,237.1,2
4337,4897857,MrMac,855.2,1292.8,218.8,2
4338,5389342,Bazookagreg,855.2,1340.2,242.5,2
4339,1622588,8=D~ | Ye old Cum Bucket,855.2,1381.4,263.1,3
4340,1374843,Epoodle,855.2,1558.9,351.9,1
4341,35556,D3_Will,855.1,1395.7,270.3,1
4342,5527743,DungeonMaster,855.0,1263.9,204.5,2
4343,4971791,Rainglass,855.0,1338.5,241.8,2
4344,1937380,Sebuchan,854.9,1293.3,219.2,2
4345,5217177,DaddyJ,854.8,1410.4,277.8,1
4346,2950465,tire,854.8,1410.4,277.8,1
4347,5455632,RAW | Pseudo,854.7,1328.6,237.0,2
4348,5492437,don swig,854.7,1276.9,211.1,2
4349,5510597,vitz,854.7,1267.7,206.5,2
4350,1887775,BF3K | Amused?!,854.6,1412.1,278.7,1
4351,4946618,Jidan,854.6,1322.4,233.9,2
4352,5288464,Buuishin,854.6,1391.9,268.6,1
4353,1320481,The Wicked Weiner,854.6,1107.4,126.4,57
4354,973211,GG | Inverse,854.6,1399.0,272.2,1
4355,1872533,CTR/Vars Fest | WrongHouse,854.6,1205.0,175.2,7
4356,2338881,DOWN | Jakobi,854.6,1434.7,290.1,1
4357,1725177,Youngnamez,854.6,1434.6,290.0,2
4358,2690628,QU | Tjbuf,854.6,1538.6,342.0,1
4359,5080109,Bozo | GoldBasilleaf,854.4,1399.9,272.8,1
4360,1451748,E,854.3,1563.2,354.4,1
4361,5476340,Jesse Zalk,854.2,1364.7,255.2,1
4362,5476308,bbbb (waylon slate) (*),854.2,1364.7,255.2,1
4363,4295814,Freewave,854.2,1364.7,255.2,1
4364,5476302,witchstellz,854.2,1364.7,255.2,1
4365,1243430,SoundWave,854.2,1381.8,263.8,1
4366,2644495,BigZamm_ssbu,854.1,1418.9,282.4,1
4367,4918082,[MUG] | Messaiga,854.1,1288.1,217.0,2
4368,5433649,Sapphrodite,854.0,1369.5,257.7,1
4369,1472124,Cuba,854.0,1369.5,257.7,1
4370,5433557,Fluff,854.0,1369.5,257.7,1
4371,5433606,Pupusa,854.0,1369.5,257.7,1
4372,1116940,riqcheese,854.0,1272.0,209.0,2
4373,5522605,Shiny,854.0,1272.0,209.0,2
4374,1219321,7DF | Applejack,853.9,1329.8,238.0,2
4375,5465187,GilliganTheGrand,853.9,1401.0,273.6,1
4376,1720766,Bunky,853.8,1402.3,274.3,1
4377,1497408,Amarantha / don,853.8,1287.9,217.1,3
4378,4975245,KingLol,853.8,1417.4,281.8,1
4379,5389690,KriticalPump,853.8,1417.4,281.8,1
4380,5389687,Grahambags,853.8,1417.4,281.8,1
4381,1143105,Maxell,853.7,1426.3,286.3,2
4382,2943781,ChristianCool1,853.6,1367.5,256.9,3
4383,47104,thewaffleman,853.6,1541.0,343.7,1
4384,1092173,ESG | Freshman,853.5,1342.1,244.3,2
4385,5278154,SHU | Spaioblue,853.5,1422.7,284.6,1
4386,5283554,CHS | F4d3d0ut,853.5,1422.7,284.6,1
4387,974361,HB | Jummy Jummy 2x,853.4,1421.4,284.0,3
4388,4109077,Player 2,853.2,1393.4,270.1,2
4389,5424554,knicks,853.1,1293.3,220.1,2
4390,1668097,NXKO | Zyngbett,853.1,1404.0,275.5,1
4391,1785813,Romeo,853.0,1401.9,274.4,1
4392,5272549,Eggnoggin,853.0,1382.1,264.5,1
4393,1448860,ender,852.9,1269.1,208.1,4
4394,5013667,Rpto,852.7,1240.5,193.9,4
4395,5512599,Diggin,852.6,1206.3,176.8,5
4396,5430291,C,852.6,1434.6,291.0,1
4397,1513337,Bumpers,852.5,1424.6,286.1,1
4398,1312594,Gum Cuzzler,852.5,1270.9,209.2,6
4399,5192724,Bree,852.4,1431.7,289.6,1
4400,825212,DC,852.3,1389.2,268.4,1
4401,1584904,Jimbo Shrimp,852.3,1321.1,234.4,10
4402,1139807,DakuSky,852.3,1344.2,246.0,2
4403,2757655,MLM | Tonre,852.1,1424.2,286.1,1
4404,3141821,Kia Joon,852.1,1372.0,259.9,1
4405,2285547,Arc,852.1,1372.0,259.9,1
4406,1926559,Wildfl0wer,852.0,1264.8,206.4,2
4407,1065447,YMHB | LonLonLeche,851.9,1412.1,280.1,1
4408,1124479,philms91,851.9,1392.8,270.4,1
4409,4649220,voidcat,851.9,1436.3,292.2,1
4410,1464882,Metal,851.6,1263.0,205.7,26
4411,4741366,Breeze,851.6,1311.9,230.2,2
4412,5173948,Avalon Centrifuge,851.5,1371.7,260.1,3
4413,1150491,Redthunder,851.4,1142.3,145.4,16
4414,5269581,Seymour Botts,851.4,1418.9,283.8,1
4415,4966031,ACCC | Neome,851.3,1249.8,199.2,4
4416,1218905,WFGC | Superbee,851.2,1415.7,282.2,1
4417,5171452,TCG | Duck,851.2,1244.9,196.8,3
4418,3868730,M2,851.2,1400.6,274.7,1
4419,5254423,Gaeis,851.1,1375.3,262.1,1
4420,5367296,faladent,851.1,1375.3,262.1,1
4421,5012850,FaRr,851.1,1365.0,256.9,1
4422,5090454,ELite,851.0,1413.6,281.3,1
4423,5281244,PenguinBud,851.0,1374.6,261.8,2
4424,4532490,Koozu,850.9,1293.1,221.1,3
4425,4123781,CloverFalls,850.8,1293.9,221.5,2
4426,5463941,Mike,850.8,1285.4,217.3,2
4427,5326171,ballah,850.8,1012.7,80.9,51
4428,5355785,yuhobique,850.8,1366.5,257.9,1
4429,5471489,Abdoel,850.5,1355.6,252.5,1
4430,2644514,Quacklers,850.5,1410.4,280.0,1
4431,2765345,Mr. SMILEY,850.3,1411.3,280.5,2
4432,5132492,Diaz,850.2,1400.5,275.1,1
4433,313209,O | maxmilly,850.1,1545.3,347.6,1
4434,30201,Bowlin,850.1,1545.3,347.6,1
4435,1302211,Day,850.1,1384.3,267.1,1
4436,1341625,Deet,850.1,1384.3,267.1,1
4437,4811455,Kaiju-Zeke,849.9,1374.4,262.2,1
4438,4507942,666 | JackAttack,849.9,1143.4,146.8,9
4439,5319303,UC | Alex,849.9,1380.0,265.1,1
4440,3779572,Mii221,849.7,1165.4,157.8,7
4441,2647915,Boo,849.7,1419.0,284.7,1
4442,4126814,KnockedArrow,849.6,1327.8,239.1,2
4443,869778,GexTechs,849.6,1056.7,103.6,37
4444,523704,Blackbird,849.6,1392.9,271.7,3
4445,157232,Kev,849.6,1221.5,186.0,7
4446,232461,JonahZgo,849.5,1015.6,83.0,75
4447,670903,DUSK | T_pot,849.4,1385.6,268.1,1
4448,2981614,Billiard,849.4,1302.2,226.4,5
4449,5052628,strikelolYT,849.3,1411.5,281.1,1
4450,4348066,tarrigan,849.3,1193.5,172.1,8
4451,160195,SG | Artik,849.3,1396.0,273.3,1
4452,2941552,brow,849.3,1219.8,185.3,4
4453,23306,Prince,849.3,1376.6,263.6,1
4454,5314637,Gabinator (Gabe D),849.3,1376.6,263.6,1
4455,5314847,Frankie K,849.3,1376.6,263.6,1
4456,5314533,Melangel,849.3,1376.6,263.6,1
4457,5314641,Rene,849.3,1376.6,263.6,1
4458,5376543,Psychic,849.2,1366.5,258.6,1
4459,5417504,DOOM,849.2,1366.5,258.6,1
4460,5375586,Ash ketchum,849.2,1366.5,258.6,1
4461,2730951,Freaky BU Asians,849.2,1231.6,191.2,4
4462,5518032,Pixel_PaceOM,849.0,1445.0,298.0,1
4463,5463477,Captian kernel!,849.0,1308.1,229.6,2
4464,5163972,Kirito21609,849.0,1436.5,293.8,1
4465,1323180,gum cuzzler,848.8,1406.3,278.8,3
4466,3046872,Alibaba,848.7,1396.9,274.1,2
4467,2514385,Laxx,848.7,1412.0,281.7,1
4468,3841519,Hat | Hatterchini,848.7,1096.3,123.8,34
4469,433365,GcGr | AYPIO,848.6,1365.4,258.4,1
4470,5203544,Freckly,848.6,1365.4,258.4,1
4471,3091476,Myth,848.6,1365.4,258.4,1
4472,4554012,No Jump Sean,848.6,1027.3,89.4,74
4473,5335894,Angel<3,848.6,1446.8,299.1,1
4474,5515437,King Penua,848.6,1446.8,299.1,1
4475,160016,Noggy,848.6,1446.8,299.1,1
4476,4161437,Big Rumbus,848.6,1446.8,299.1,1
4477,5134371,Ayori,848.5,1260.0,205.7,3
4478,1588221,Rose,848.5,1386.1,268.8,3
4479,646743,Josh H,848.5,1440.0,295.8,1
4480,1803603,BlxckGnarly,848.5,1440.0,295.8,1
4481,4191040,M.T Marvelous,848.5,1440.0,295.8,1
4482,5004521,HaloJake9,848.4,1394.7,273.2,1
4483,941889,Yangry,848.4,1287.1,219.4,5
4484,4614484,YeetGod,848.4,1335.1,243.4,2
4485,5384435,Sleepy,848.4,1276.1,213.9,2
4486,5141978,Akbros | Awww Stin,848.3,1375.7,263.7,1
4487,5471682,JimmyF,848.1,1207.5,179.7,5
4488,5487483,Skreeonk,848.0,1274.2,213.1,2
4489,36872,becoming,847.9,1390.6,271.3,1
4490,1964268,UDEM | [mcg],847.9,1370.1,261.1,1
4491,2509313,MondoRay,847.8,1426.8,289.5,1
4492,3575026,SaltyBreadNuts,847.8,1426.8,289.5,1
4493,738268,Vodka,847.8,1379.1,265.7,1
4494,4309711,古典文學部 | Serein,847.7,1435.5,293.9,1
4495,3112289,Quetzal,847.7,1302.2,227.2,4
4496,4594062,AtlasFlame4933,847.7,1394.1,273.2,2
4497,813340,NillBye,847.6,1419.1,285.8,1
4498,5214668,zenith,847.5,1370.0,261.2,1
4499,5479500,Country,847.5,1317.2,234.9,2
4500,4155853,BlazeN,847.5,1390.8,271.7,2
4501,5013590,PBJ | Visada,847.4,1391.6,272.1,1
4502,454846,SZN | drie,847.2,1372.5,262.6,1
4503,5041122,duhbeekeeper,847.2,1412.5,282.6,1
4504,4180026,4Ohio | Ben Sharpedo44,847.2,1396.9,274.8,1
4505,5282081,Skelly,847.1,1368.3,260.6,1
4506,5063599,Swig,847.1,1404.5,278.7,1
4507,2688617,ha | Fupply,847.1,1372.0,262.5,1
4508,5118511,Daring_Papaya_99179,847.1,1422.7,287.8,1
4509,5038291,Saint,847.1,1422.7,287.8,1
4510,4924920,Random | Khajae,847.1,1422.7,287.8,1
4511,3664191,Lol | RowanTheAccuser,847.1,1276.2,214.6,2
4512,3739396,UC | Mr. Science,847.0,1397.7,275.3,1
4513,3724860,Rielly,847.0,1398.6,275.8,1
4514,5118817,Matteo,846.9,1419.9,286.5,1
4515,3280208,LSG | Lil'Skrimp,846.9,1393.9,273.5,1
4516,5279114,Joe Cool,846.8,1363.0,258.1,1
4517,5015180,c1w | Calamariyummm,846.5,1378.6,266.0,1
4518,3505180,september,846.5,1440.9,297.2,1
4519,5035582,Donny,846.5,1405.7,279.6,1
4520,1804574,Ant,846.5,1405.7,279.6,1
4521,4115245,Figh,846.5,1405.7,279.6,1
4522,1351668,TFO256,846.4,1434.6,294.1,2
4523,5237516,ThatZeldaGuy,846.3,1366.1,259.9,1
4524,1221119,Ukena,846.3,1366.1,259.9,1
4525,5335546,Log,846.3,1366.1,259.9,1
4526,5335547,TC,846.3,1366.1,259.9,1
4527,2218224,Swagger no Swagging,846.3,1060.8,107.2,31
4528,1291412,mN,846.1,1335.3,244.6,5
4529,5093062,maui moon,846.1,1421.9,287.9,1
4530,1219095,Mistfern,846.1,1416.4,285.2,3
4531,589695,Teddy,846.0,1326.8,240.4,2
4532,1451778,Hydro,845.8,1307.3,230.7,8
4533,4924179,Metabean75,845.7,1195.1,174.7,4
4534,4967705,TbN,845.7,1388.2,271.3,1
4535,5395115,PG-Boy,845.6,1442.0,298.2,1
4536,5115683,Jhaos,845.6,1128.5,141.4,8
4537,5370067,Chillin_with_da_Boys,845.6,1356.3,255.4,1
4538,683492,Whiplash,845.5,1433.8,294.1,3
4539,5134292,IFUSMOKEIDIE | KINDA BAD KEN,845.5,1416.2,285.3,1
4540,5404454,IzzTheKid,845.5,1223.6,189.1,3
4541,5502591,Shiny,845.4,1449.1,301.8,1
4542,1239164,Tarbox,845.3,1407.1,280.9,3
4543,314123,Mayor Marc,845.3,1283.2,219.0,20
4544,5493077,Gah!!!!!!!,845.3,1259.3,207.0,2
4545,5032282,dao,845.2,1393.9,274.3,1
4546,5210774,Q,845.1,1364.6,259.7,1
4547,2416951,DTD,845.1,1269.2,212.1,2
4548,153380,GGCT | GreenBolt,845.0,1403.3,279.1,2
4549,5450773,kptheking,845.0,1424.1,289.6,1
4550,4956238,Alex,844.9,1419.3,287.2,1
4551,1896298,James06,844.8,1380.9,268.0,1
4552,4315566,Vem,844.8,1301.6,228.4,3
4553,3610654,Jocto,844.8,1179.9,167.6,9
4554,5473125,Culebra,844.8,1286.3,220.8,2
4555,1511907,EMW Esports | Succulent,844.6,1253.2,204.3,4
4556,1299123,Wald / excitingbike,844.6,1289.0,222.2,2
4557,5213198,LJL,844.5,1353.5,254.5,1
4558,1105834,At Dusk,844.3,1433.5,294.6,2
4559,4987123,Ho3K | John Numbers,844.3,1423.6,289.7,1
4560,5431346,DuckSauce,844.3,1334.4,245.0,2
4561,4754790,ryyyan,844.3,1273.1,214.4,4
4562,5455809,UltraRed,844.1,1348.9,252.4,1
4563,5405967,jacob,844.1,1326.6,241.3,2
4564,4170059,Tsubaki,844.1,1390.8,273.4,1
4565,153965,BESITOS,844.0,1386.7,271.3,2
4566,5010986,C1W | Riocarnation,844.0,1433.3,294.6,1
4567,1695175,qtr,844.0,1411.4,283.7,1
4568,1353827,JohnnyPants,844.0,1298.0,227.0,3
4569,3116647,yunglean2004,843.9,1292.8,224.4,2
4570,1036437,Lewwy,843.8,1400.4,278.3,1
4571,5487147,Devil Genie,843.8,1346.5,251.3,1
4572,1142426,romp,843.8,1394.9,275.5,1
4573,5140239,VioletBlosssom,843.8,1363.9,260.1,1
4574,2532853,AOC | Kirb_Star,843.7,1378.4,267.4,1
4575,3311195,RPL | Swivel,843.7,1378.4,267.4,1
4576,4281177,Deific,843.7,1314.1,235.2,2
4577,5147607,dimbo pie,843.7,1372.4,264.3,1
4578,4962727,Jeremac,843.7,1431.4,293.9,1
4579,1480386,E | soraforsmashh,843.6,1368.7,262.5,4
4580,4912385,Razberri,843.6,1403.3,279.8,1
4581,3040400,POG | HATTERCHINI1,843.6,1051.3,103.9,80
4582,5479494,Shoja,843.5,1316.9,236.7,2
4583,2421277,Notkirb,843.5,1415.1,285.8,1
4584,38347,PBJ | ModernYasha,843.5,1440.7,298.6,1
4585,3039201,Ashely,843.5,1396.1,276.3,1
4586,5006904,Talitis,843.5,1396.9,276.7,1
4587,5344630,SLU | MoonlightCalling,843.4,1445.0,300.8,1
4588,4727373,Perrinoia,843.4,1445.0,300.8,1
4589,216979,L7 | plush,843.4,1441.4,299.0,1
4590,540987,Poke,843.4,1437.5,297.1,1
4591,3026182,Fish Noises | Polar Bear,843.3,1084.6,120.6,14
4592,5206625,Nick,843.3,1434.5,295.6,1
4593,4856093,Jajum,843.2,1412.8,284.8,1
4594,1659258,Yurt,843.1,1397.5,277.2,3
4595,4467761,Newpichu,843.1,1372.8,264.9,2
4596,223226,j10sm,843.0,1438.0,297.5,1
4597,5009681,M1,843.0,1279.8,218.4,4
4598,5118816,Cheez,842.9,1417.2,287.2,1
4599,4426674,O49,842.9,1408.9,283.0,1
4600,5272547,radleft,842.9,1268.3,212.7,2
4601,4377403,Peanut's Mom | sinomani,842.8,1335.3,246.3,2
4602,5185569,OIKDrx,842.7,1028.7,93.0,43
4603,1581939,:3 | Sigma Nine-Set,842.6,1264.3,210.8,4
4604,5067949,leo / cj,842.6,1403.7,280.5,1
4605,3579712,BER,842.6,1294.4,225.9,4
4606,4930608,Maozekong,842.5,1422.4,289.9,1
4607,2186721,HTC | Crusstavo Fring,842.5,1422.4,289.9,1
4608,4787675,Deco,842.5,1302.9,230.2,2
4609,4486541,Mystic,842.4,1364.8,261.2,1
4610,5093061,saint,842.4,1430.5,294.1,1
4611,5206391,Ajkiller18,842.3,1165.5,161.6,5
4612,14610,Castguy,842.2,1357.5,257.7,1
4613,1303458,Dig,842.1,1402.7,280.3,3
4614,5304914,Pikamooo,842.1,1365.1,261.5,1
4615,4308039,Calamus,842.1,1413.4,285.6,1
4616,3621826,NWK | Tapwaterenjoyer,842.0,1446.5,302.3,1
4617,3448883,SAUCELESS | Waku [A],841.9,1278.9,218.5,2
4618,5202471,LordNumbNuts,841.8,1363.3,260.7,1
4619,1196595,Puddle,841.8,1397.8,278.0,3
4620,326428,SoDa,841.7,1353.2,255.8,3
4621,444993,C2F | Katotan,841.6,1224.8,191.6,4
4622,5297800,vedant,841.6,1358.6,258.5,1
4623,5493207,FTN | Unrestrain KeyGlock,841.6,1236.4,197.4,3
4624,50896,TSB/DRVN | minatums,841.6,1438.7,298.5,1
4625,4640773,jirachi,841.6,1410.3,284.4,1
4626,1090914,GARZON,841.5,1220.1,189.3,16
4627,3320141,BomberDX,841.5,1382.1,270.3,1
4628,2463396,ZAP,841.3,1202.6,180.6,10
4629,5377017,16. Nadia Kasun,841.3,1357.4,258.1,1
4630,5471958,Ducky,841.2,1374.4,266.6,1
4631,3092511,woah | mickeymishima,841.2,1359.6,259.2,1
4632,1114259,KoK | lazy,841.2,1359.6,259.2,1
4633,2543746,Bert,841.2,1389.8,274.3,4
4634,782714,Pryce / Zarky,841.2,1304.0,231.4,3
4635,278275,GM SoulRock,841.2,1403.4,281.1,2
4636,5066342,VRN722,841.1,1430.2,294.5,1
4637,5455633,RAW | Pseudo,841.1,1440.1,299.5,1
4638,5023492,Yojo,841.0,1294.8,226.9,3
4639,5380566,Joe-Sephiroth,841.0,1449.6,304.3,1
4640,2251943,HC | Esmyr,841.0,1414.8,286.9,2
4641,3833508,DO | Dae!,840.8,1437.3,298.2,1
4642,224919,VoxIII,840.8,1405.5,282.4,2
4643,513702,James 2464,840.7,1326.4,242.8,2
4644,5238590,Diamond,840.7,1369.2,264.3,1
4645,4492593,Stez1,840.7,1386.8,273.1,2
4646,5385113,Iamfudgie,840.5,1445.3,302.4,1
4647,5134373,Rotten,840.3,1430.1,294.9,1
4648,4907377,Samuraiii,840.3,1430.1,294.9,1
4649,1017797,Jona,840.3,1386.0,272.9,1
4650,5305323,Unowninator,840.3,1377.7,268.7,1
4651,5469873,donut,840.3,1308.8,234.3,2
4652,1805922,Southern,840.2,1119.1,139.4,18
4653,5276707,Rad,840.2,1358.3,259.0,1
4654,4239228,arkham2015,840.0,1166.3,163.1,8
4655,630080,YUUM | Jennifer,839.9,1393.5,276.8,1
4656,1485017,OneWhoRants,839.8,1275.0,217.6,3
4657,2001543,Fortnite | Jezztre,839.8,1393.6,276.9,1
4658,3450949,oxygen,839.7,1444.7,302.5,1
4659,1233926,ImJackP,839.7,1444.7,302.5,1
4660,5311817,NoWhereMan,839.7,1444.7,302.5,1
4661,5299310,Noobchris,839.7,1444.7,302.5,1
4662,5375210,Nate,839.7,1356.2,258.3,1
4663,2849838,aki,839.6,1451.0,305.7,1
4664,2661025,Brigman,839.5,1352.8,256.6,1
4665,2525780,Wuuthrad,839.5,1367.6,264.1,2
4666,5236488,yv,839.5,1354.9,257.7,1
4667,1394116,FG | Serfboard,839.3,1404.5,282.6,1
4668,2998301,凱 | Kaai,839.2,1249.2,205.0,9
4669,4951030,Ferxxo,839.2,1370.5,265.7,1
4670,1327226,NT,839.2,1368.2,264.5,1
4671,5143467,Rey5,839.1,1355.6,258.2,1
4672,5520160,N/A,839.0,1454.9,308.0,1
4673,4855922,jajv0804 (jajv),838.9,1284.7,222.9,2
4674,2394578,Fuzz,838.9,1270.0,215.6,2
4675,4885356,REV | LevelOne,838.9,1384.1,272.6,1
4676,4820103,murkury,838.8,1280.9,221.1,2
4677,5332676,Animage,838.7,1221.3,191.3,3
4678,4563999,FarmerNoodle,838.7,1221.3,191.3,3
4679,5331849,Folk_Valley,838.7,1221.3,191.3,3
4680,5441822,Swizzbu,838.7,1454.6,307.9,1
4681,5367303,Ripp4r,838.7,1454.6,307.9,1
4682,2647019,Stormstar,838.7,1359.3,260.3,2
4683,2376300,silk,838.6,1354.2,257.8,1
4684,148884,Sice,838.5,1351.0,256.2,3
4685,4202847,Goldheart,838.5,1218.3,189.9,5
4686,5264080,Mr | Sandalphon613,838.5,1350.5,256.0,1
4687,5321735,TomadachiLifeFan67,838.4,1455.4,308.5,2
4688,1005484,SHU | domicron_,838.4,1258.5,210.0,18
4689,4912720,Alex,838.4,1313.4,237.5,2
4690,4315375,QU | Wellthen,838.3,1256.9,209.3,2
4691,5532817,Jvsh,838.3,1256.9,209.3,2
4692,5147379,Galaxia,838.2,1436.0,298.9,1
4693,5061378,Chief,838.2,1385.2,273.5,1
4694,1339385,Poppy,838.2,1553.2,357.5,1
4695,4603945,Luny,838.2,1260.5,211.1,3
4696,5405127,Merlyn,838.2,1368.0,264.9,1
4697,5528056,Dr.FeelGood,838.1,1256.0,208.9,2
4698,4966232,UnrealOG,838.1,1365.1,263.5,1
4699,5125441,ItsSn0w,838.0,1412.6,287.3,1
4700,4566648,ObesityReviews | Lil Techa,838.0,1396.5,279.3,1
4701,4799194,Volare,837.9,1434.2,298.1,1
4702,5067752,EJ,837.9,1389.5,275.8,1
4703,1065244,Penguin,837.9,1449.2,305.7,1
4704,2504196,ds | Veil,837.8,1398.3,280.3,2
4705,4569463,BoiledBurger,837.6,1434.2,298.3,1
4706,1499984,bizcocho,837.6,1367.9,265.2,3
4707,5315744,winter,837.5,1342.9,252.7,1
4708,2834483,Octoto,837.5,1380.6,271.6,1
4709,5206241,PeetaTheHorse,837.5,1368.8,265.7,1
4710,5202432,Calb,837.5,1368.8,265.7,1
4711,2710579,12G | CurlyFry,837.4,1371.0,266.8,1
4712,5296191,fart king,837.4,1218.0,190.3,4
4713,1047946,drew,837.2,1405.7,284.2,3
4714,5403523,Gold SSSN,836.9,1438.4,300.7,1
4715,5035576,saint,836.9,1435.5,299.3,1
4716,5035484,Zelayer,836.9,1435.5,299.3,1
4717,4994996,Carlos,836.8,1425.7,294.5,1
4718,3786637,La Chancla,836.6,1358.2,260.8,1
4719,4789273,Amore,836.6,1352.4,257.9,2
4720,1340822,Jusst_Jesse,836.6,1338.7,251.0,2
4721,217456,Flathead,836.6,1371.9,267.6,1
4722,1212468,TrisX007,836.5,1418.4,291.0,3
4723,5244131,1{B}{B} | Itani Lo Sahn,836.5,1347.2,255.3,1
4724,4915347,Nut | PooDealer,836.4,1368.5,266.1,1
4725,1508556,Saurosposeidon,836.4,1368.5,266.1,1
4726,5251598,YeetGod,836.3,1334.7,249.2,2
4727,5469870,BIG40ACHER,836.3,1459.1,311.4,1
4728,4955870,Lefty,836.3,1274.8,219.2,2
4729,183772,SBU | Lotus,836.3,1365.7,264.7,1
4730,995951,G-man,836.3,1373.3,268.5,6
4731,1005168,Bulging Bonis,836.3,1373.3,268.5,6
4732,997238,Logos,836.2,1303.6,233.7,2
4733,5215547,Ki,836.1,1353.5,258.7,1
4734,5258906,Flip C,836.1,1273.5,218.7,2
4735,4576146,Star Man,836.1,1411.5,287.7,1
4736,5537976,Poploi,836.1,1339.3,251.6,1
4737,5538012,ShowerMaster,836.1,1339.3,251.6,1
4738,1792906,Sourkroutt,835.9,1339.8,251.9,1
4739,2020616,Druuber,835.9,1339.8,251.9,1
4740,4955620,Ihwa,835.9,1398.7,281.4,1
4741,4122237,mr. chef,835.8,1267.9,216.0,4
4742,3639998,eery,835.7,1393.0,278.6,1
4743,4317871,JR112,835.6,1329.2,246.8,2
4744,4919977,Huh? | You or me?,835.6,1432.9,298.7,1
4745,5206199,jdizzle_md,835.5,1368.2,266.4,1
4746,3606821,EPT | JELIJE,835.5,1436.1,300.3,1
4747,3285694,SHU | Pokejuan,835.4,1383.9,274.2,1
4748,2301929,mjFear,835.4,1383.9,274.2,1
4749,4712253,RedStryker,835.3,1422.8,293.7,1
4750,3756570,Mr. Torchon,835.3,1264.0,214.4,5
4751,5509370,Khronium,835.2,1291.3,228.1,2
4752,5196762,punkin,834.8,1352.9,259.1,1
4753,168626,WEED,834.8,1320.3,242.7,2
4754,3591799,jacob,834.8,1254.2,209.7,4
4755,1467671,SPANDEX,834.7,1450.1,307.7,1
4756,5136082,Zurdo,834.7,1450.1,307.7,1
4757,5393797,PickleClo,834.6,1284.4,224.9,2
4758,3615710,SCP D-A-N,834.6,1380.9,273.2,1
4759,4619562,Little Timmy,834.6,1394.2,279.8,1
4760,1458674,Crazy | Psyclone,834.6,1394.2,279.8,1
4761,4855961,Shooby,834.5,1369.0,267.3,1
4762,4754700,KingJoel,834.4,1400.7,283.2,1
4763,5205447,Jesseboss4,834.4,1446.7,306.1,1
4764,4642167,Kuranosuke,834.3,1415.9,290.8,1
4765,1087804,chaelaza,834.3,1267.9,216.8,2
4766,1112946,My Wife,834.3,1284.2,225.0,2
4767,1796530,chair,834.2,1370.7,268.2,1
4768,4970864,Greenguy22,834.2,1073.9,119.8,23
4769,5471292,NIGHT!,834.2,1290.8,228.3,2
4770,5488676,Lae.Memoir,834.1,1364.1,265.0,1
4771,3337584,QU | VideoJames,834.0,1528.9,347.4,1
4772,2371795,DZN | Sussy Imposter Pants,834.0,1166.7,166.3,8
4773,1261657,Solid,833.9,1405.4,285.8,3
4774,2226169,MekkaNox,833.8,1326.0,246.1,2
4775,5024702,oofems!,833.6,1312.7,239.5,2
4776,5222309,FloridaMan,833.6,1347.4,256.9,1
4777,3643188,Fart | WheresMyHugs,833.6,1347.4,256.9,1
4778,208835,SuperYoshi141,833.6,1271.5,218.9,2
4779,5334288,Wiz,833.6,1456.2,311.3,1
4780,5132349,GEKYUME,833.5,1365.2,265.8,1
4781,5018348,Tyrfing,833.5,1369.5,268.0,1
4782,1813348,OUG | Abruzaza,833.4,1262.2,214.4,4
4783,4039742,SMFN | Allgood,833.4,1449.8,308.2,1
4784,5335397,yungsackie,833.3,1457.0,311.8,1
4785,1105734,Moonlit,833.3,1440.1,303.4,2
4786,1007175,TB | Fun,833.3,1366.0,266.4,1
4787,1124557,GGCT | VeedsTheVillain,833.2,1373.0,269.9,1
4788,1190021,Holl,833.2,1373.0,269.9,1
4789,5420075,Achilt,833.1,1285.8,226.3,2
4790,4778221,Hoekage,832.9,1375.8,271.4,1
4791,3522366,WS | DefendeR,832.9,1379.9,273.5,1
4792,3305964,Flarejuice,832.9,1390.7,278.9,1
4793,4447035,Yeetzo,832.9,1354.4,260.8,2
4794,4966023,Sowrd,832.8,1420.8,294.0,1
4795,3412919,YTS | MJS,832.8,1452.0,309.6,1
4796,68072,Paradox,832.8,1452.0,309.6,1
4797,4021106,LE| | Jflexjr,832.7,1454.4,310.8,1
4798,1744096,BrokenSink,832.7,1447.0,307.2,1
4799,1096840,CC | Anthzeny,832.7,1447.0,307.2,1
4800,4972682,Jp3,832.6,1449.9,308.6,1
4801,5349926,Audrey 2,832.5,1337.0,252.3,1
4802,4757360,Chris,832.5,1378.6,273.1,1
4803,5307996,Wolf Stryke,832.5,1454.5,311.0,1
4804,4241108,FrostWalker_47,832.4,1340.7,254.2,1
4805,5086118,Ghost,832.3,1409.1,288.4,1
4806,4582136,gdg | Chef,832.3,1437.3,302.5,1
4807,3308961,Dr.Death,832.2,1377.9,272.9,2
4808,5417673,Misty,832.1,1259.4,213.6,2
4809,5228702,noodlefazool,832.1,1294.7,231.3,2
4810,2466404,Toxic,832.1,1367.6,267.7,2
4811,4612977,Nebula / JulyGamerMan,832.1,1415.0,291.5,1
4812,4968056,AimBot,832.0,1359.5,263.8,1
4813,3285615,UNH | 8 Bit Steve,832.0,1196.7,182.3,7
4814,5140242,Abztract,832.0,1409.1,288.6,1
4815,5204072,TCG | Friend,832.0,1343.8,255.9,1
4816,1046987,cheez | Gingar77,831.9,1410.2,289.2,1
4817,2618966,MOB | Stelter,831.9,1275.8,221.9,7
4818,4959239,Sonick,831.8,1364.0,266.1,1
4819,3653531,MT | Squart,831.8,1399.4,283.8,1
4820,3408042,VERM | The_Verminator,831.8,1399.4,283.8,1
4821,5510816,Avah S,831.8,1465.4,316.8,1
4822,5203848,KingAureus,831.8,1465.4,316.8,1
4823,1151290,Maduro,831.7,1396.2,282.2,3
4824,3135799,iamgoingtovomit,831.7,1454.0,311.1,1
4825,1018838,ChuckFug,831.7,1454.0,311.1,1
4826,3338095,Dat,831.7,1454.0,311.1,1
4827,3241353,Otaku,831.7,1466.2,317.2,1
4828,5528338,Max,831.7,1466.2,317.2,1
4829,5528333,Brady,831.7,1466.2,317.2,1
4830,5378899,Patrick w,831.7,1466.2,317.2,1
4831,5530940,Tree,831.7,1466.2,317.2,1
4832,5314829,Kiichigo,831.6,1465.5,317.0,1
4833,286385,Quevas,831.5,1398.4,283.4,4
4834,3184129,Flameleone2300,831.5,1351.5,260.0,1
4835,5030722,Jepsiter,831.5,1353.0,260.8,1
4836,1599063,DJ,831.4,1343.6,256.1,4
4837,4980197,MrTr0ut,831.4,1358.0,263.3,1
4838,4839325,bootdog,831.4,1367.2,267.9,1
4839,986976,Quaylectra,831.4,1367.2,267.9,1
4840,4577205,Scf | Phantxmy,831.3,1447.1,307.9,1
4841,5432870,Mordeo,831.3,1317.8,243.2,2
4842,5249527,Halo2AnniversaryEdition,831.3,1359.0,263.9,1
4843,5313246,Couchpotato,831.2,1302.7,235.8,2
4844,5308099,Bimmy,831.2,1338.2,253.5,1
4845,1141830,junebugparadise,831.1,1367.9,268.4,2
4846,4088120,BeanieBoba,831.0,1114.6,141.8,8
4847,5474873,ChrisHD,831.0,1232.6,200.8,3
4848,5448113,Exho,830.9,1278.0,223.6,2
4849,5417544,Drtwalrus,830.8,1335.5,252.3,1
4850,4743616,JayVibes,830.8,1380.1,274.7,1
4851,184680,BlackAce,830.7,1301.4,235.3,2
4852,3226555,ODA LVL | Systembrace,830.7,1120.2,144.7,8
4853,1789227,RUGL | ChillT,830.7,1450.2,309.8,1
4854,2993682,voorhese,830.6,1252.9,211.1,4
4855,4881930,Mac_Attack,830.6,1441.6,305.5,1
4856,1139286,CR | JayD,830.6,1329.1,249.3,2
4857,1647003,JEFF! | Waluigi,830.5,1375.8,272.7,3
4858,4750667,TBIY | Devilman,830.4,1427.1,298.3,1
4859,5213060,Funky Monkees,830.4,1325.2,247.4,2
4860,2089299,Malyssious,830.4,1232.7,201.2,5
4861,4662362,E.M.P,830.3,1465.3,317.5,1
4862,3236252,George,829.9,1345.8,258.0,3
4863,5299643,Solution,829.5,1334.8,252.7,1
4864,1382334,JobLiar,829.4,1388.3,279.5,3
4865,4296597,Scooby-Drew,829.4,1371.3,271.0,1
4866,1601547,Zio,829.3,1427.2,298.9,2
4867,3941842,TableFlip,829.3,1438.8,304.8,1
4868,4823713,Brick,829.3,1438.8,304.8,1
4869,2346812,Tom,829.2,1541.4,356.1,1
4870,4778020,Espresso / Wars 15,829.2,1406.5,288.7,1
4871,1185091,Dovus,829.2,1406.5,288.7,1
4872,3431919,carlop,829.0,1373.7,272.4,1
4873,5486230,Madison,828.9,1334.3,252.7,1
4874,2679601,K3vin | K3vin_God,828.9,1443.4,307.3,1
4875,1135293,GenerationGame,828.8,1133.0,152.1,9
4876,2362062,ESG | JAYDASH,828.8,1283.1,227.2,2
4877,1014931,Marth Lord X,828.6,1443.1,307.3,1
4878,1671882,Hank,828.5,1373.1,272.3,1
4879,5207870,Thegameist,828.5,1264.3,217.9,2
4880,3149366,Sr Chef,828.4,1234.5,203.1,7
4881,2340556,ANGL | Seri,828.3,1339.6,255.6,1
4882,4602604,nin10do,828.3,1379.8,275.8,1
4883,138311,Steele,828.3,1400.1,285.9,2
4884,5532506,Topher,828.2,1301.0,236.4,2
4885,4531067,AON | ZeroTwoNone is OVERRATED,828.2,1285.3,228.6,2
4886,5256337,Mr. Turtle,828.2,1030.4,101.1,30
4887,5253197,Zion,828.1,1357.0,264.5,1
4888,3792537,3cubed,828.1,1349.9,260.9,1
4889,5129987,Necrozma,828.1,1347.7,259.8,1
4890,1331764,AmericanBirb,828.1,1347.7,259.8,1
4891,3722526,Hotdon,828.1,1396.9,284.4,2
4892,5013107,the crungler,828.0,1449.1,310.5,1
4893,5387789,wedogbear,827.9,1333.4,252.7,1
4894,5039668,Saint,827.9,1370.8,271.4,1
4895,2177714,JPjumper,827.8,1243.8,208.0,3
4896,4860684,JesusSaves,827.7,1399.7,286.0,1
4897,1834283,pielover314159,827.7,1439.1,305.7,1
4898,1348744,Fizzy~!,827.6,1184.2,178.3,4
4899,5342631,mTx | MOB | SteR ThA KiiD,827.6,1320.7,246.6,2
4900,3760694,BlazeN,827.6,1397.8,285.1,2
4901,2364643,GGCT | Robbjam,827.4,1262.4,217.5,3
4902,5243968,TyAGuy,826.9,1380.9,277.0,2
4903,4637817,SWR | Enriquethepigeon,826.8,1331.5,252.4,2
4904,4456515,colin,826.5,1391.5,282.5,1
4905,1449451,Krustypizza,826.4,1426.7,300.1,1
4906,2270928,Xanafer,826.4,1426.7,300.1,1
4907,4360771,Vieuxpepe,826.4,1426.7,300.1,1
4908,4973128,Swift,826.4,1459.1,316.4,1
4909,1502368,MR.Syg,826.4,1354.1,263.8,3
4910,5321960,Rudy,826.3,1464.6,319.1,1
4911,3495931,merlock20,826.3,1525.7,349.7,1
4912,5102041,zed,826.2,1256.2,215.0,2
4913,1511860,UCrew | Tusk,826.2,1426.2,300.0,1
4914,2183963,HxH/MS | Onion-QTπ,826.1,1385.0,279.4,2
4915,5532495,uri,826.1,1218.7,196.3,3
4916,5332996,Gamer01,826.1,1457.3,315.6,1
4917,1127028,Retro X Wolf,825.9,1548.7,361.4,1
4918,3486684,George,825.9,1348.6,261.3,2
4919,5440119,trayofdoom,825.8,1329.6,251.9,1
4920,1006001,TheSpikeKing,825.8,1344.6,259.4,1
4921,4976982,SpaceCadet,825.8,1324.3,249.3,3
4922,4642154,JJ,825.8,1406.8,290.5,1
4923,5166321,Rooster,825.7,1460.6,317.4,1
4924,5167908,MCav,825.7,1460.6,317.4,1
4925,4461075,UltimaGamer3000 | MD_Bklyn,825.6,1354.8,264.6,1
4926,5195879,The Drink,825.5,1350.1,262.3,1
4927,4717183,HermesLoki,825.5,1417.1,295.8,1
4928,5440307,Jtoro25,825.4,1327.5,251.0,1
4929,3792841,RAiL,825.4,1372.5,273.6,2
4930,3639946,pinkfluffystar,825.4,1335.6,255.1,1
4931,1174587,Khori_,825.3,1331.6,253.1,1
4932,5269595,BigDC,825.2,1352.8,263.8,1
4933,5267073,PooPooPeePee | Seabass,825.2,1352.8,263.8,1
4934,1274540,ABCz| | Eddie G.,825.2,1405.7,290.3,1
4935,3865937,Chowda,825.2,1405.7,290.3,1
4936,2258796,Drako,825.1,1348.8,261.8,1
4937,3799128,Birch,825.1,1283.6,229.3,5
4938,3799103,Drilago,825.1,1283.6,229.3,5
4939,3799771,Auresco,825.1,1283.6,229.3,5
4940,4682537,BallGruff,825.1,1378.9,276.9,1
4941,5268117,Smudgy,825.0,1343.4,259.2,1
4942,5268127,Squirt,825.0,1343.4,259.2,1
4943,5268138,Axolotl,825.0,1343.4,259.2,1
4944,5268058,Yorknew,825.0,1343.4,259.2,1
4945,5268065,Skullgrunt,825.0,1343.4,259.2,1
4946,4229171,Henry | Henry,825.0,1393.1,284.1,1
4947,28552,Cenco,825.0,1393.1,284.1,1
4948,2542201,Rosie_K,824.8,1319.1,247.1,2
4949,3756810,Theneko115,824.8,1342.3,258.7,2
4950,3756783,Homura | BeastBebular,824.8,1342.3,258.7,2
4951,5457376,Everest,824.8,1327.3,251.3,1
4952,5250334,NinjaNate / Sonicking,824.6,1296.9,236.2,2
4953,1437255,oChronic--,824.5,1358.5,267.0,1
4954,217031,solomisfit,824.4,1305.4,240.5,2
4955,360903,Gallery / BryanGarciaW,824.2,1435.4,305.6,1
4956,5118336,Neriander,824.1,1445.4,310.6,1
4957,4102860,Toona,824.0,1169.3,172.6,4
4958,1000503,Mohri,824.0,1294.1,235.1,2
4959,5393807,starpower,823.9,1287.4,231.7,2
4960,5393786,ppolito,823.9,1287.4,231.7,2
4961,2245573,Blixen,823.9,1230.3,203.2,4
4962,4382589,i rmbr u was conflicted,823.9,1374.5,275.3,1
4963,3903890,FBI | MaouSilver,823.8,1367.5,271.9,2
4964,1728035,NearInfinite,823.6,1449.7,313.1,1
4965,4022843,MHV | Mxtz,823.4,1109.8,143.2,7
4966,5487468,Exho,823.4,1252.7,214.6,2
4967,1692015,Duck,823.4,1274.3,225.5,2
4968,345918,SwavyB,823.3,1292.0,234.4,2
4969,5237548,C.Crow,823.2,1307.9,242.3,2
4970,36829,Joni / Longo,823.1,1460.4,318.7,1
4971,1161576,CDI Lonk,823.1,1347.9,262.4,1
4972,5089716,Blalex,823.0,1168.7,172.8,5
4973,3000429,Gregory Tingus,823.0,1424.1,300.6,1
4974,1948313,NP | woosy,822.9,995.8,86.5,53
4975,2643278,SSheps,822.9,1428.2,302.6,1
4976,1698293,supremelol,822.9,1428.2,302.6,1
4977,4614542,MrT,822.9,1428.2,302.6,1
4978,4944615,SpagetySquid,822.8,1354.8,266.0,1
4979,5010992,C1W | Cubix3986,822.8,1464.4,320.8,1
4980,1836250,Wet Slopster,822.8,1464.4,320.8,1
4981,5251601,YeetGod,822.7,1327.8,252.5,2
4982,232066,SBU | TSS,822.6,1286.9,232.2,2
4983,1677587,avery,822.3,1376.5,277.1,3
4984,2373488,ThatOneHermit,822.1,1246.6,212.2,4
4985,5208080,Josh H,821.9,1343.9,261.0,1
4986,5208067,Mr Spike,821.9,1343.9,261.0,1
4987,4774942,dao,821.8,1363.3,270.7,1
4988,254183,Javi,821.7,1292.1,235.2,2
4989,3900971,Blackjack,821.6,1469.3,323.8,1
4990,4399446,Matt,821.5,1381.1,279.8,1
4991,476272,Kenneth / Mackaylen,821.4,1439.8,309.2,1
4992,3284652,EclipseW,821.4,1439.9,309.3,1
4993,996777,Pichuvan,821.3,1310.1,244.4,11
4994,5002398,CU | Roro,821.2,1359.7,269.2,1
4995,2423405,ICy,821.1,1205.9,192.4,20
4996,3177730,3QI | Clejj,821.1,1401.7,290.3,1
4997,5367324,Jace,821.1,1350.6,264.7,1
4998,5367300,Mrmac,821.1,1350.6,264.7,1
4999,4562502,MCheezits,821.0,1332.7,255.9,1
5000,273476,TheEvilTurnip,820.8,1425.0,302.1,1
5001,992868,SkilledRoy,820.7,1215.1,197.2,91
5002,3024653,Theodore Rice,820.7,1311.8,245.5,4
5003,5086797,MrHatchet,820.6,1456.2,317.8,1
5004,5056644,Turles,820.6,1456.2,317.8,1
5005,5441825,Metabalmi,820.6,1324.4,251.9,1
5006,5441833,DJ,820.6,1324.4,251.9,1
5007,5213464,corn face,820.4,1339.9,259.7,1
5008,5153260,Usul Stilgar Naib,820.4,1341.8,260.7,1
5009,2744568,SCB | HeroXD,820.3,1229.2,204.4,8
5010,4555692,BlackStardustFGC,820.3,1340.5,260.1,1
5011,4561150,Ginaz | JZ,820.1,1277.3,228.6,2
5012,4871635,Shelbwy / SuperYosh23,820.1,1428.4,304.1,1
5013,1287516,starin,820.0,1359.2,269.6,1
5014,2819039,NDZ | Billy,820.0,1359.2,269.6,1
5015,1286732,mN,819.9,1271.9,226.0,11
5016,4410227,Loydon,819.8,1378.6,279.4,1
5017,e21740233,Raptor,819.8,1461.9,321.1,1
5018,1194774,Tempo,819.8,1266.4,223.3,3
5019,4437119,ESFFU | Mr.Moist,819.7,1390.2,285.2,1
5020,3444004,FD,819.7,1368.9,274.6,2
5021,1609843,Premasaur,819.7,1345.1,262.7,3
5022,4359283,SanaSuu,819.7,1379.1,279.7,1
5023,5479491,kareemius,819.7,1287.3,233.8,2
5024,5112984,dinodad,819.6,1338.2,259.3,1
5025,5067940,jake / Sylis19,819.6,1296.1,238.3,2
5026,4293445,dunk.d,819.5,1179.5,180.0,6
5027,5417648,Mimeguy,819.5,1238.1,209.3,2
5028,5429328,Arcane,819.3,1213.8,197.3,3
5029,1256603,JHN 3:16 | KingPlaypen,819.3,1478.8,329.7,1
5030,962429,Carried | Lax,819.3,1433.6,307.1,1
5031,1706670,ZBK,819.3,1343.4,262.0,3
5032,4227814,Ant,819.3,1329.6,255.2,1
5033,4506029,Mouse | JJJ,819.0,1440.9,311.0,1
5034,1604832,AFG | Xobell,818.9,1146.9,164.0,5
5035,2974555,unLTD. | Eminence Of Excellence,818.8,1446.4,313.8,1
5036,3818766,Salato,818.7,1355.1,268.2,1
5037,5279098,ReyJerf,818.6,1332.8,257.1,1
5038,5277739,spongypk,818.6,1332.8,257.1,1
5039,2105669,GAS LEAK | illish,818.4,1256.0,218.8,5
5040,4508570,Aitsuki,818.4,1328.6,255.1,1
5041,3970494,KingHig?,818.3,1293.1,237.4,2
5042,4418279,r,818.2,1272.0,226.9,2
5043,3103316,hulk hogan,818.1,1251.7,216.8,7
5044,1314991,Cookies,818.0,1154.5,168.2,45
5045,4940031,Professor-E,818.0,1350.9,266.5,1
5046,4761089,Grag / Sir Claps A Lot,817.9,1352.1,267.1,1
5047,3742931,deepmemory,817.9,1355.0,268.5,1
5048,4036442,Smashem,817.9,1410.7,296.4,1
5049,5349721,Chillin_with_da_Boys,817.8,1325.4,253.8,1
5050,1199175,Luxray,817.7,1546.2,364.3,1
5051,1175090,infect,817.7,1546.2,364.3,1
5052,3321069,Bruno,817.5,1332.2,257.3,1
5053,5197225,Jakob,817.5,1332.2,257.3,1
5054,2306851,Maximus,817.5,1359.9,271.2,1
5055,5487254,Icon,817.5,1256.4,219.5,3
5056,5462845,OtherPerson2348,817.4,1235.7,209.2,2
5057,5011824,jmadluck,817.2,1167.0,174.9,4
5058,1322748,Xplosive Oaks,817.1,1407.9,295.4,1
5059,1453334,KT5,817.1,1470.7,326.8,1
5060,4981441,CVD | James06,817.1,1375.2,279.0,1
5061,1696931,bottledwater,817.1,1396.6,289.8,2
5062,1854251,Super Dialga,817.0,1337.7,260.3,1
5063,3360625,Jogsi15,817.0,1337.7,260.3,1
5064,5084972,Giorgio,817.0,1337.7,260.3,1
5065,3683609,Chris6642,817.0,1384.1,283.6,1
5066,4992293,urhere,817.0,1343.7,263.4,1
5067,3110770,KD,816.9,1410.4,296.7,1
5068,2792834,Vinos,816.9,1260.0,221.6,3
5069,1312614,Goldsmith,816.8,1385.9,284.5,3
5070,5148258,Bueno.,816.6,1331.2,257.3,1
5071,4819061,Sir chedda,816.4,1250.4,217.0,4
5072,1240335,3D | GODFiDENT,816.4,1549.1,366.4,1
5073,5148261,ARWL,816.3,1465.3,324.5,1
5074,29832,MATT | The Don,816.3,1325.2,254.4,2
5075,2048438,SLG | Bird brain,816.3,1238.4,211.1,2
5076,1309708,HKSBC | imissu,816.3,1302.3,243.0,3
5077,3997416,KornDog | Littlejordan44,816.1,1288.7,236.3,3
5078,1673637,Tim Cheese,816.1,1425.2,304.5,1
5079,5288227,Jordan,816.1,1328.5,256.2,1
5080,2046696,Lunacy,816.0,1478.4,331.2,1
5081,737562,Brimp,816.0,1410.1,297.0,1
5082,1388027,milkche,816.0,1410.1,297.0,1
5083,4760933,Dunnzy,815.9,1329.4,256.7,1
5084,3293532,GoldenEmpire | GoldenEmpire,815.8,1427.6,305.9,1
5085,4569542,wet slopster,815.8,1427.6,305.9,1
5086,5192667,Prezlum,815.7,1331.2,257.8,1
5087,4232434,Mudskip,815.7,1470.9,327.6,2
5088,5507050,SBR | Tusk,815.6,1247.0,215.7,2
5089,158298,Hollet / C-Sticks,815.6,1369.2,276.8,2
5090,4493601,mattattack;),815.4,1365.6,275.1,1
5091,1268210,Jamall / Mochie,815.4,1374.9,279.7,2
5092,1609419,Sky,815.3,1539.8,362.3,1
5093,4126833,SpideyAdam2 / JoJo,815.3,1373.8,279.2,1
5094,4126822,Arhenni,815.3,1373.8,279.2,1
5095,4436612,PinkyandtheBrian,815.2,1375.3,280.0,1
5096,254386,FocusLunch / Nijia,815.2,1314.6,249.7,2
5097,1588290,Flute Boy,815.2,1400.1,292.5,3
5098,4612964,Primo / Gamblegod,815.2,1372.2,278.5,1
5099,1358746,mN,815.1,1364.4,274.6,3
5100,3956472,Drew | Drew,815.0,1400.1,292.5,1
5101,4265268,Seb #1 Hater,814.9,1441.5,313.3,1
5102,68692,Finn,814.9,1325.5,255.3,1
5103,1391728,magicman,814.7,1379.5,282.4,2
5104,298405,SqueezeTheorem,814.6,1351.9,268.6,1
5105,3910403,SHU | CrimsonAbe,814.6,1317.0,251.2,1
5106,834947,JoJo,814.6,1338.8,262.1,1
5107,5232739,cy,814.6,1257.2,221.3,2
5108,4408947,Grub | Hub,814.5,1327.6,256.5,1
5109,47127,Wind,814.5,1417.9,301.7,2
5110,5249345,SphealingIt22,814.5,1126.1,155.8,15
5111,4984298,He | Blackbullet,814.4,1411.0,298.3,1
5112,5241813,Pink45 | Koi,814.4,1293.2,239.4,2
5113,5449263,Tea,814.3,1136.7,161.2,5
5114,4641243,Hatethisgame: | Mr.Bobert,814.3,997.7,91.7,78
5115,3701131,PwC | Consultant,814.2,1387.1,286.5,1
5116,585153,FourceArmor,814.2,1387.1,286.5,1
5117,4741386,CHP | Smurfposter,814.1,1302.9,244.4,2
5118,2406828,Dengaku,813.8,1213.9,200.1,3
5119,582810,awesome | duelest1,813.8,1338.7,262.4,1
5120,3620536,LOON | KairiSoraRiku1,813.7,1332.6,259.4,2
5121,5003600,Rada,813.7,1340.6,263.5,1
5122,4577121,Nyzeal_jxlly,813.7,1340.6,263.5,1
5123,3892624,UG-MAN,813.7,1335.9,261.1,2
5124,3204269,BOOMBABY | Rosanetta,813.6,1470.7,328.6,1
5125,3453442,Pandulce,813.5,1360.9,273.7,2
5126,3952279,WP | Zenko,813.5,1213.4,199.9,5
5127,3599647,DriftySaber,813.3,1327.7,257.2,2
5128,1452811,ticknerry,813.3,1481.3,334.0,1
5129,3664948,sam,813.3,1312.2,249.5,2
5130,1807885,CTR | Ingmar,813.2,1177.6,182.2,5
5131,5389039,MamaLuigi,813.1,1253.0,220.0,3
5132,1207937,CAFÉ | Snivy,813.0,1203.5,195.2,9
5133,5344717,maple :3,813.0,1250.4,218.7,2
5134,1224282,Daddy,812.9,1229.1,208.1,31
5135,5229816,MMG+ | BIG CRUMB,812.9,1304.7,245.9,2
5136,1195761,Cranco,812.9,1338.3,262.7,2
5137,4719905,JoseGoris,812.9,1440.0,313.6,1
5138,5261420,BlazingInferno,812.8,1334.1,260.6,1
5139,1956616,αngeloid / Nick_BOI,812.8,1410.4,298.8,1
5140,3905596,Falk,812.8,1410.4,298.8,1
5141,4561190,TrueNen,812.8,1307.4,247.3,2
5142,5082134,hisao,812.7,1323.7,255.5,1
5143,1220227,NP | Clod,812.7,1382.0,284.7,1
5144,48862,goo,812.6,1330.6,259.0,1
5145,5246632,Mezcal,812.6,1071.2,129.3,11
5146,2872769,8B | Skahla,812.5,1319.7,253.6,2
5147,5294738,BYe,812.5,1320.0,253.8,1
5148,4465284,Dryeyes,812.4,1351.2,269.4,1
5149,1623669,OUG | CATS,812.4,1281.9,234.8,2
5150,5339681,Mikey,812.4,1346.0,266.8,1
5151,5342258,Mama Luigi,812.4,1346.0,266.8,1
5152,3378257,Birdman,812.3,1211.4,199.5,4
5153,5004700,Exploit,812.3,1222.1,204.9,4
5154,2305414,Shduke,811.8,1408.0,298.1,1
5155,1548912,Prime,811.6,1376.6,282.5,3
5156,5403490,quos,811.6,1233.2,210.8,2
5157,3785472,Dafrone,811.5,1318.5,253.5,2
5158,4333923,PJC / Swbat,811.5,1371.3,279.9,1
5159,134975,Tape Gaming | Laelaps,811.4,1338.8,263.7,1
5160,5214606,UG Eli,811.3,1324.0,256.3,1
5161,1810605,Mr.Cow,811.2,1000.0,94.4,61
5162,1563169,Octo,811.0,1355.5,272.3,1
5163,5492185,Woodsii(A),811.0,1224.3,206.7,2
5164,2385746,talentedgambler,811.0,1319.1,254.1,2
5165,5139544,TheExtra_V0ID / RedCrusher,810.9,1334.2,261.7,1
5166,3951459,aldippy!! / NicoTheLoaf,810.9,1334.2,261.7,1
5167,5227146,Wobbs,810.9,1352.5,270.8,1
5168,4976103,Alex O,810.9,1337.1,263.1,1
5169,4976076,Stev Brownyo,810.9,1337.1,263.1,1
5170,938179,Oreoz,810.7,1362.3,275.8,1
5171,1166118,NP RBz | meiwaku,810.5,1343.1,266.3,3
5172,4347550,Medium | Raw-B,810.5,1208.1,198.8,4
5173,5344482,BenH,810.4,1309.3,249.5,2
5174,1786810,Zander,810.4,1170.8,180.2,5
5175,3129265,Monocle Gentlesir,810.3,1140.6,165.2,7
5176,3281372,FLEX WORLD,810.3,1337.9,263.8,1
5177,1091064,potato,810.2,1384.4,287.1,3
5178,5004636,Staddreyn,810.0,1358.9,274.4,1
5179,4027081,S,810.0,1517.0,353.5,1
5180,5198389,Shinigami of Miracles,809.9,1479.2,334.6,1
5181,349143,cuddlepies,809.8,1350.5,270.4,2
5182,4135754,gabethekid,809.7,1348.8,269.5,1
5183,1276259,PAL | Brandino,809.7,1361.8,276.0,1
5184,1673881,Lunrein,809.7,1332.1,261.2,1
5185,5288827,TL | NicoTheLoaf,809.7,1310.2,250.3,2
5186,351677,Scooter,809.6,1409.3,299.9,1
5187,160474,WinterShorts,809.5,1423.2,306.8,1
5188,1305198,Slimestar!,809.5,1423.2,306.8,1
5189,2346816,#1 | KyleTM_Stan,809.5,1361.0,275.7,1
5190,1303403,Gric,809.5,1371.2,280.9,3
5191,5011097,BenKap,809.5,1311.9,251.2,2
5192,1414111,? | Laserguy,809.5,1350.0,270.3,2
5193,4495711,SundaHa,809.4,1343.6,267.1,1
5194,480105,Lombardi / Thass,809.3,1458.7,324.7,1
5195,4288869,charles,809.3,1363.0,276.8,1
5196,997337,BigEasy,809.2,1401.1,295.9,1
5197,69303,Halo,809.2,1402.1,296.4,1
5198,2872056,Torrent / Armads,809.2,1317.5,254.2,1
5199,5037206,DomPug,809.2,1338.0,264.4,1
5200,1001691,Unc | RuskiNurd,809.1,1484.8,337.8,1
5201,1350655,TC | Vile,809.1,1387.2,289.0,1
5202,3622065,msu | girl joker,809.1,1387.2,289.0,1
5203,3989800,SARAHFANNY,809.1,1387.2,289.0,1
5204,3987906,GN | JoeGG,809.1,1387.2,289.0,1
5205,5353172,OA_osama13,809.1,1024.6,107.8,27
5206,5283434,420 | Seeen,809.0,1320.2,255.6,1
5207,5275330,Trainerjoez,809.0,1478.2,334.6,1
5208,4324932,HamPolo,808.9,1413.8,302.4,1
5209,5325555,Owen / William,808.9,1484.0,337.5,1
5210,2478966,CrazyJake,808.9,1318.4,254.8,1
5211,3147429,Nand0,808.8,1259.9,225.6,5
5212,5317555,Comatoad,808.6,1233.2,212.3,2
5213,487333,FROOT,808.4,1258.8,225.2,4
5214,5532435,Halo Biltz,808.4,1228.5,210.1,2
5215,3036368,Dylkay,808.3,1406.1,298.9,1
5216,1010673,Charbs,808.2,1394.4,293.1,3
5217,3379680,Poipole,808.2,1374.2,283.0,1
5218,3957969,Memestadt,808.1,1383.3,287.6,1
5219,4575667,cuevo,808.0,1351.3,271.7,1
5220,1572719,dashsix / bean,807.9,1373.4,282.7,1
5221,4335218,Maxi428,807.9,1357.2,274.7,1
5222,4940350,Hades,807.9,1335.1,263.6,1
5223,4982832,SuperLuigi2018,807.8,1335.1,263.7,1
5224,5309249,whimsycal,807.7,1321.1,256.7,1
5225,5293195,Skip,807.7,1323.1,257.7,2
5226,5507511,az,807.7,1176.0,184.2,3
5227,4070473,xoxo | dieancie,807.6,1337.2,264.8,2
5228,3914669,MOB | Not Pierce,807.5,1282.9,237.7,2
5229,3770472,philsitch,807.5,1288.4,240.4,2
5230,3187328,BlackDiamondGMZ,807.1,1431.8,312.4,1
5231,1729436,UwU | UwUsomeguy,807.1,1431.8,312.4,1
5232,4376865,CheeseGamer,807.1,1431.8,312.4,1
5233,2156412,Zest Municipality,807.0,1324.7,258.8,1
5234,2272989,BigMOAB14,807.0,1408.0,300.5,1
5235,5475784,Advent,807.0,1279.2,236.1,2
5236,3709631,May!!,806.9,1390.2,291.7,1
5237,3239201,presentmoon,806.8,1269.5,231.3,2
5238,2900169,Boat,806.8,1421.2,307.2,1
5239,735645,Nido,806.8,1387.8,290.5,3
5240,5411621,Hung | Grey,806.8,1313.4,253.3,1
5241,4317686,ItzDestroyerFTW,806.6,1354.9,274.1,2
5242,5540102,lLunar,806.5,1171.4,182.4,4
5243,3630185,Pepsi Man,806.5,1219.2,206.4,5
5244,810425,God'sFavoriteCrackAddict,806.4,1289.5,241.6,2
5245,2946340,OmegaSong,806.3,1361.2,277.4,1
5246,4608792,L3th4L,806.3,1121.4,157.6,8
5247,5457374,Slimdodra,806.2,1310.1,252.0,1
5248,5284806,tatertot,806.2,1317.6,255.7,1
5249,3741074,BlazeN,806.1,1291.0,242.5,2
5250,5532500,Kyle,806.0,1207.7,200.9,3
5251,5288202,Alex,806.0,1245.4,219.7,2
5252,5024494,KirbyTheDerby,805.9,1319.0,256.5,1
5253,4136625,Law | Shiftythecat,805.9,1319.0,256.5,1
5254,4380616,PsychoticNetural,805.6,1289.0,241.7,2
5255,3207441,starvingneopet,805.5,1358.1,276.3,1
5256,1291408,KOPA,805.4,1348.8,271.7,3
5257,1196597,CREAM,805.4,1370.8,282.7,3
5258,788383,SaladDressing / CampMonster,805.4,1395.1,294.9,2
5259,5164344,Loops,805.2,1364.9,279.8,1
5260,5013154,worouni,805.2,1364.9,279.8,1
5261,279507,Monty,805.2,1195.0,194.9,5
5262,1686333,teej,805.2,1535.3,365.1,1
5263,1686320,dyke,805.2,1535.3,365.1,1
5264,3313847,Papablanco,805.1,1369.7,282.3,1
5265,2471321,Outlandish,805.1,1369.7,282.3,1
5266,3311456,Loso,805.1,1369.7,282.3,1
5267,4322191,Dragonite2,805.0,1365.2,280.1,1
5268,4620943,ZebraFang,805.0,1365.2,280.1,1
5269,2911538,King of Sting,805.0,1365.2,280.1,1
5270,1518356,ΣΘΤ | #1 Twitter Shitter,804.9,1179.4,187.2,6
5271,808769,TURBO CHOP | Jewkob,804.9,1493.0,344.1,1
5272,1451204,NOA | JayJ,804.8,1236.5,215.8,2
5273,1434842,colebasaur,804.4,1280.6,238.1,2
5274,3723364,kev,804.4,1231.4,213.5,4
5275,4340738,MC_Creeper,804.4,1380.6,288.1,1
5276,5145704,ASX | Anter Infinite.,804.4,1193.1,194.4,3
5277,4538999,BlueHanma,804.3,1296.2,246.0,2
5278,714012,jeck,804.3,1467.1,331.4,1
5279,5040299,Richie,804.2,1259.5,227.7,2
5280,2561650,Ace-Cel,804.1,1397.9,296.9,1
5281,7596,QXTR,804.0,1537.0,366.5,1
5282,3626168,QU | tyfly,804.0,1378.1,287.1,1
5283,1844065,Yoshiman | Yoshiman929,803.9,1372.8,284.4,1
5284,1435351,steve,803.9,1372.8,284.4,1
5285,1096815,PriceyT-shirt,803.8,1383.3,289.7,1
5286,1239182,bizcocho,803.8,1400.1,298.2,3
5287,3848914,Press,803.7,1223.0,209.7,4
5288,4552972,Menace_TS,803.6,1332.8,264.6,1
5289,4034196,Doctor Izunia,803.5,989.2,92.9,82
5290,1227994,Nic,803.4,1400.1,298.4,3
5291,468051,DC3 | LordVryll,803.3,1326.6,261.6,2
5292,4519738,jgrin,803.3,1309.0,252.9,1
5293,5348413,J.nando,803.3,1309.0,252.9,1
5294,4993361,Banjj,803.3,1328.7,262.7,1
5295,1005821,Sage678,803.3,1304.6,250.7,8
5296,1058354,Fox,803.2,1310.3,253.6,2
5297,5530848,bread,802.9,1302.0,249.6,2
5298,974233,KidFlash,802.8,1369.3,283.2,1
5299,5230736,TalkedFlyer360,802.8,1369.3,283.2,1
5300,3636686,That_guy_eli,802.8,1429.1,313.1,1
5301,1125770,Trace,802.8,1360.8,279.0,3
5302,2983859,Toony3243,802.8,1337.3,267.3,1
5303,1731188,7DF | Baku,802.7,1325.2,261.2,1
5304,1213289,Taj Mahal,802.7,1400.1,298.7,3
5305,1212987,Sedge,802.7,1400.1,298.7,3
5306,3989839,Mr.GetOwned,802.4,1220.5,209.1,4
5307,345133,LGBT | Zhalos,802.4,1131.4,164.5,23
5308,5176284,Adam,802.4,1483.1,340.4,1
5309,329448,My Dad,802.4,1483.1,340.4,1
5310,2357096,AllState Guy,802.3,1186.5,192.1,3
5311,2552891,DatBoiNikku,802.3,1256.4,227.0,2
5312,4997551,PigWarrior,802.3,1325.2,261.4,1
5313,1480367,contraband,802.1,1205.7,201.8,6
5314,3642000,Phloppy Disk,802.1,1144.7,171.3,4
5315,5287097,yunglean2004,802.0,1312.7,255.3,1
5316,1023450,J2G,802.0,1339.3,268.6,6
5317,5372839,Joey,802.0,1232.1,215.0,2
5318,2819978,The Palz | Lord Cat II,801.9,1333.6,265.9,1
5319,4938583,Ashton2015,801.8,1337.8,268.0,1
5320,2762474,Redact,801.8,1296.7,247.5,4
5321,4638308,Natt,801.8,1354.2,276.2,1
5322,4831414,J-Byrd,801.7,1319.7,259.0,1
5323,4563360,AVBugo,801.6,1359.8,279.1,1
5324,988249,BERG | drybie,801.5,1487.9,343.2,1
5325,1250268,Castle / elijmin,801.5,1487.9,343.2,1
5326,36485,PGags,801.5,1358.2,278.4,3
5327,3877326,miklo,801.4,1394.0,296.3,1
5328,4533601,PapaChief93,801.3,1468.7,333.7,1
5329,3584179,buying gf | kosher,801.2,1422.2,310.5,1
5330,5113972,Yubble,801.1,1319.0,259.0,1
5331,4549974,Mumaki78,801.0,1138.7,168.8,4
5332,1588287,Thicc,801.0,1360.3,279.6,3
5333,70060,Okami,800.9,1396.3,297.7,1
5334,3465786,j.,800.9,1396.3,297.7,1
5335,4847648,moethebro,800.9,1357.4,278.3,1
5336,3518311,Skylar,800.9,1242.6,220.9,4
5337,5210692,Orkius,800.8,1316.4,257.8,1
5338,4971498,SleepyDong,800.7,1332.9,266.1,1
5339,5085069,andy sanchez,800.7,1333.2,266.3,1
5340,1503997,DKIG | NOODLE,800.6,1486.4,342.9,1
5341,2947580,Joseb,800.6,1381.6,290.5,1
5342,3475069,Jasun,800.6,1381.6,290.5,1
5343,3127887,AH | cron,800.6,1381.6,290.5,1
5344,3132902,NGL | SuperNova,800.6,1308.2,253.8,3
5345,1708173,Void GQ | Gameq11,800.6,1387.8,293.6,1
5346,5464030,One:1,800.5,1306.2,252.9,1
5347,2570948,Mike,800.4,1347.2,273.4,2
5348,1096824,Franch1ze,800.3,1367.2,283.5,1
5349,493342,Sackrine | Apollo,800.1,1281.8,240.8,2
5350,5132494,Kenny,799.9,1323.6,261.9,1
5351,4208700,GGCT Archnemesis,799.9,1323.6,261.9,1
5352,970260,NapkinsMD,799.9,1323.6,261.9,1
5353,1058315,MMMM~,799.7,1230.2,215.2,3
5354,1687900,Bray,799.6,1293.0,246.7,2
5355,245235,sabotage,799.6,1141.5,171.0,7
5356,3029264,PCTheWoz / Justcruzingaround,799.4,1411.9,306.2,1
5357,5190791,ramen,799.3,1249.6,225.2,2
5358,5203160,diddyblud | stussysavant,799.3,1248.0,224.4,3
5359,1826931,brn2bwld,799.2,1331.1,265.9,1
5360,4778865,Dark.Pch,799.2,1331.1,265.9,1
5361,5426012,Cinosix,799.2,1225.5,213.2,2
5362,5220621,Plane28210,799.1,1309.0,254.9,1
5363,1091079,Prime,799.1,1400.1,300.5,3
5364,4956413,Prince,798.8,1329.9,265.5,1
5365,1047937,muffin,798.8,1354.5,277.9,3
5366,3008586,Worse Company,798.7,1388.9,295.1,1
5367,3631010,Izunia,798.5,1077.3,139.4,47
5368,4303966,Yurislop,798.5,1323.7,262.6,2
5369,4943265,PK_Zyir,798.4,1269.0,235.3,2
5370,38830,Avery!,798.4,1201.9,201.7,3
5371,5509836,TheAJ-DeL,798.4,1246.2,223.9,2
5372,4502674,Quahogs,798.3,1333.8,267.8,1
5373,5214336,El Salvador | Krakenwaffle,798.3,1314.0,257.8,1
5374,5475842,B.A.G | Elizzie,798.2,1220.7,211.3,2
5375,4903593,Crocodile,798.2,1325.6,263.7,1
5376,3560262,dyz,798.0,1431.3,316.6,1
5377,2678966,Krow,798.0,1369.2,285.6,1
5378,3932471,cl3,797.9,1177.5,189.8,6
5379,2010424,Free Agent | Bry <3,797.8,1331.8,267.0,1
5380,5258908,MrKaBoom,797.8,1302.9,252.5,1
5381,5317237,UC | Carlos,797.8,1302.9,252.5,1
5382,5227032,Goob?,797.5,1235.1,218.8,2
5383,269941,Prismo,797.4,1391.1,296.8,1
5384,1513765,CLEVELANDLANTIS,797.4,1292.6,247.6,5
5385,4941537,AU | Zydzen,797.4,1326.8,264.7,1
5386,1940242,P-Burg | Da_sasuke_masta,797.4,1326.8,264.7,1
5387,1093279,Sean Aquino,797.4,1540.6,371.6,1
5388,2483347,TajMahal,797.4,1340.3,271.5,2
5389,1357706,KFC | mrclidexx,797.3,1291.7,247.2,2
5390,4389961,BigGochu,797.3,1343.4,273.1,1
5391,921770,B2THICK,797.2,1342.2,272.5,1
5392,3928490,Birds1Ω6,797.1,1360.5,281.7,1
5393,3819446,f(x)=2[K] | Conspiracy,797.1,1462.1,332.5,1
5394,2467954,glacial-storm,797.0,1354.2,278.6,1
5395,2152846,Nikol,796.9,1390.0,296.5,1
5396,5063196,Reya,796.8,1325.8,264.5,1
5397,27043,SPT,796.6,1220.4,211.9,6
5398,1680951,Anomally,796.6,1333.4,268.4,1
5399,1000582,Scanz,796.5,1400.1,301.8,3
5400,339023,Prime,796.5,1400.1,301.8,3
5401,1000578,EnvY,796.5,1400.1,301.8,3
5402,1000586,Cinosix,796.5,1400.1,301.8,3
5403,177631,dpjglad / Flurped,796.5,1400.1,301.8,3
5404,1005132,Gamergolfo / Godspeed,796.5,1400.1,301.8,3
5405,1005805,Pado / Lisa,796.5,1400.1,301.8,3
5406,995840,MasterBasedBean,796.5,1400.1,301.8,3
5407,1003541,JAFF | GrillMan,796.5,1400.1,301.8,3
5408,1003164,Spookydook,796.5,1400.1,301.8,3
5409,999549,Flynny,796.5,1400.1,301.8,3
5410,981683,Kubuu,796.5,1400.1,301.8,3
5411,1005263,J10K,796.5,1400.1,301.8,3
5412,1002359,Ek,796.5,1400.1,301.8,3
5413,999413,DBSosa,796.5,1400.1,301.8,3
5414,5282254,NicoleDob,796.4,1254.2,228.9,2
5415,3761380,GORDO | TFO256,796.3,1431.7,317.7,1
5416,2058363,Calamari,796.3,1431.7,317.7,1
5417,5430804,flann3l,796.2,1244.9,224.4,2
5418,1327591,beanbag,796.2,1296.5,250.1,4
5419,5506140,Khrome,796.1,1269.2,236.5,2
5420,2976929,TTD | WoJo,796.1,1105.5,154.7,9
5421,2696037,girl scout cookies,796.1,1396.5,300.2,1
5422,3000303,Derpentine,796.1,1396.5,300.2,1
5423,1514724,pootietang,796.0,1533.6,368.8,1
5424,5254679,Mr. G,796.0,1316.8,260.4,1
5425,3409948,UC | Harm,796.0,1316.8,260.4,1
5426,2660007,loewe,795.9,1369.7,286.9,1
5427,5147669,Pocket,795.8,1314.9,259.6,1
5428,1047938,nizreaf,795.7,1326.2,265.2,4
5429,3599815,Kenny,795.7,1312.8,258.6,2
5430,4519990,GSG | MOB | Reed,795.7,1260.0,232.2,2
5431,5174318,Chambaisthe1,795.7,1145.6,175.0,5
5432,4495662,WHAT,795.6,1348.2,276.3,1
5433,1455025,DAWN | Limits,795.6,1338.4,271.4,1
5434,1151286,Pado,795.6,1366.5,285.5,3
5435,3863224,Kev,795.6,1244.9,224.7,4
5436,4987085,Graham,795.5,1323.2,263.9,1
5437,3475057,Kennoli,795.4,1364.8,284.7,1
5438,5238186,nether,795.3,1320.1,262.4,1
5439,4459822,TretheYokai,795.0,1231.5,218.3,2
5440,1370305,Flaring Aqua,794.8,1330.9,268.0,3
5441,3632816,Shades,794.7,1414.8,310.0,1
5442,3552006,DragonHat,794.7,1414.8,310.0,1
5443,5393143,Skelly,794.7,1264.5,234.9,2
5444,5309847,WertyCrunch,794.5,1298.1,251.8,2
5445,1183884,A | Darkrai,794.5,1279.4,242.5,2
5446,926702,liams friend | FLuX Magnetique,794.5,1279.4,242.5,2
5447,1547674,MajesticLoaf,794.4,1532.7,369.2,1
5448,4958979,ZCMP | Seriousseal72,794.1,1281.9,243.9,2
5449,2197691,Courageous pete,794.0,1335.2,270.6,1
5450,5154169,PrimalXChaos,794.0,1336.7,271.4,1
5451,4334374,Big Szop,793.8,1288.8,247.5,2
5452,4775762,BeanSGreens4,793.6,990.0,98.2,28
5453,5238323,Marqueef,793.6,1187.3,196.9,3
5454,549102,Rudesubs / McBanana,793.6,1489.0,347.7,1
5455,59177,RuskiNurd / cheeky!,793.6,1489.0,347.7,1
5456,46032,DJP,793.5,1434.1,320.3,1
5457,2893671,RG | 0men,793.5,1313.1,259.8,1
5458,2720916,Well Watered | 2widegod BlosomingFlowr,793.4,1409.7,308.1,1
5459,5438339,Tea,793.4,1301.0,253.8,1
5460,3474734,UC | sopps,793.3,1237.6,222.1,5
5461,5504220,big_m,793.2,1183.9,195.3,4
5462,4015509,Elite4life,793.2,1300.0,253.4,1
5463,5038491,Buckett,793.0,1315.2,261.1,1
5464,2545898,MBD,793.0,1337.8,272.4,2
5465,5427267,:),792.7,1299.1,253.2,1
5466,4040025,$ky5,792.7,1267.2,237.3,2
5467,1125759,Nokys,792.5,1308.5,258.0,5
5468,1350750,Jah,792.4,1186.0,196.8,5
5469,4577734,bloopidydoopidydoopert,792.3,1330.7,269.2,1
5470,1131059,Stevo | SLG | StarMunch,792.3,1233.3,220.5,2
5471,555915,doopydino,792.3,1338.6,273.1,1
5472,159410,μ2 | dizy,792.2,1304.5,256.1,1
5473,4962223,aalto,792.1,1323.5,265.7,1
5474,4524427,Yurrb,792.1,1324.4,266.2,1
5475,4059810,Mama | Margarnet,792.0,1370.7,289.3,1
5476,27060,Roka,792.0,1409.7,308.9,1
5477,1831790,SHU | Blob_Man35,791.9,1133.0,170.6,6
5478,1842317,porkcubestew565,791.8,1357.0,282.6,1
5479,5369391,Mike,791.8,1296.5,252.3,2
5480,5355424,Phantom P,791.8,1322.5,265.4,1
5481,2217312,Soyboy and Sky5,791.7,1276.3,242.3,2
5482,1570312,Nadjo,791.6,1334.2,271.3,3
5483,282201,ev,791.5,1441.5,325.0,1
5484,3050306,2TTB | Kura,791.5,1433.4,320.9,1
5485,3743561,Creeps,791.4,1375.2,291.9,1
5486,1303490,Bizcocho,791.3,1355.8,282.2,3
5487,4990814,Reaper01,791.3,1152.3,180.5,5
5488,3081238,Lyco | Varskaria,791.3,1316.1,262.4,1
5489,2433818,Iliana,791.3,1341.4,275.0,2
5490,5524745,Mayonnaise,791.2,1240.6,224.7,2
5491,5206869,Sandyandy,791.1,1307.8,258.3,1
5492,614023,Metro Shroomin',791.1,1346.4,277.7,1
5493,3628174,2Hand Sosa,791.1,1065.7,137.3,50
5494,1316609,Parapsyche,791.0,1240.7,224.9,3
5495,3173244,Culebra,791.0,1299.8,254.4,1
5496,3141634,PRISMO,790.8,1391.9,300.5,1
5497,4655601,Northern Swords | Neylum,790.6,1354.6,282.0,1
5498,5456918,RickTheDoorTechnician,790.5,1070.6,140.0,12
5499,5143466,Mehtars,790.3,1306.6,258.1,1
5500,1475525,Government,790.2,1437.8,323.8,1
5501,1262382,Bloom | Haroff,790.1,1180.1,195.0,6
5502,626843,Duelriser,790.0,1308.0,259.0,1
5503,3180055,Horizon,790.0,1344.8,277.4,1
5504,4265646,D-Meister,789.9,1473.6,341.8,1
5505,29821,Sweet Mayo,789.9,1361.9,286.0,3
5506,2385419,UA | Raj,789.7,1416.3,313.3,1
5507,2693030,MSU | Rainey,789.7,1318.6,264.4,1
5508,2321940,LlndeaTheUnspokenHero,789.7,1344.0,277.1,1
5509,3434996,Deck,789.7,1301.6,255.9,2
5510,5429858,The Roomba,789.4,1163.4,187.0,3
5511,60514,B3nan / LagLess,789.4,1321.1,265.8,2
5512,3300684,Vampire Killa,789.2,1437.4,324.1,1
5513,974438,ACE-AVE,789.0,1536.3,373.7,1
5514,1152902,Dario,789.0,1536.3,373.7,1
5515,3017573,Chompchain,789.0,1348.9,280.0,1
5516,4526774,No T.,789.0,1348.9,280.0,1
5517,1309922,BrownSugar,789.0,1534.0,372.5,1
5518,1310032,Toaster,789.0,1534.0,372.5,1
5519,2105673,Merp,789.0,1307.9,259.5,2
5520,158745,NST | Th3italianpanda,788.9,1424.8,317.9,1
5521,2774279,CrmsnNinja | CrimsonNinja,788.8,1295.7,253.4,1
5522,5462829,dao,788.7,1245.1,228.2,2
5523,5490706,TripleT’sBiggestFan,788.2,1240.2,226.0,2
5524,2762902,FlowRoyale / Ms.Silly,788.2,1271.4,241.6,2
5525,1304400,Kyrios,788.1,1290.8,251.4,2
5526,4317682,Jeremy,787.9,1129.4,170.8,9
5527,217589,Fordham,787.8,1387.7,299.9,2
5528,4665696,blip,787.5,1161.2,186.9,3
5529,5476858,Misty,787.5,1166.2,189.4,3
5530,4341038,EDANNY_189,787.4,1309.6,261.1,1
5531,4946328,Wynd,787.4,1309.6,261.1,1
5532,3843622,tastehercoffee,787.3,1343.9,278.3,1
5533,497778,Dru,787.1,1169.7,191.3,4
5534,2217396,Jide,787.1,1301.9,257.4,1
5535,5035814,vv,787.0,1220.9,217.0,2
5536,3732567,Goon | Spunky,786.9,1301.0,257.0,1
5537,3128029,Sr. Chef,786.8,1313.0,263.1,2
5538,5308024,Hudson,786.8,1298.0,255.6,1
5539,4116032,justbathwater,786.8,1290.1,251.6,2
5540,2075940,Jfizzle,786.7,1414.3,313.8,1
5541,3141646,Nobody,786.7,1414.3,313.8,1
5542,1167412,Saltysucks,786.6,1406.3,309.8,2
5543,2676136,OTU | Kirx2,786.6,1234.1,223.8,2
5544,3771551,Dom | MS-09 DOM,786.5,1243.7,228.6,2
5545,1751957,Tendonitis,786.4,1191.1,202.3,4
5546,3953449,cgverna@gmail.com,786.4,1343.4,278.5,1
5547,1514116,FwDSmaSh,786.4,1343.4,278.5,1
5548,5395909,Stereo,786.3,1244.1,228.9,2
5549,5323317,YEET,786.2,1227.7,220.7,2
5550,181296,716 | Zambo,786.2,1185.3,199.5,5
5551,3399427,Drew,786.0,1283.9,249.0,2
5552,3958952,Brendo,786.0,1345.1,279.6,1
5553,1710137,nicetrybuddy,785.9,1336.8,275.5,1
5554,3775773,LeoThing,785.9,1186.7,200.4,3
5555,3216582,Steelwulf0,785.9,1419.9,317.0,1
5556,3186258,Diamond,785.7,1413.7,314.0,2
5557,681068,BlackTide,785.6,1443.0,328.7,1
5558,1312291,Fairtoknee,785.5,1379.6,297.0,2
5559,342327,Heirophant,785.5,1297.9,256.2,4
5560,2447114,:3 | stazarzxy,785.1,1394.2,304.5,1
5561,213284,Money loser | Suss,785.1,1169.1,192.0,8
5562,594813,Mamox,785.0,1290.8,252.9,8
5563,4049237,JayNY,784.9,1109.0,162.0,7
5564,1095631,WANTED | Felon,784.8,1292.8,254.0,1
5565,5089333,lobotomite | Hammy,784.7,1212.8,214.0,3
5566,1004880,SWMG | Seberster,784.7,1265.7,240.5,2
5567,3770516,skeet,784.6,1287.8,251.6,2
5568,2583406,UMSV | SEN | Frozen,784.6,1002.0,108.7,38
5569,3017400,Calvin,784.5,1387.2,301.4,1
5570,3017398,Tower,784.5,1387.2,301.4,1
5571,3017451,Creachure,784.5,1387.2,301.4,1
5572,5023644,Finn,784.5,1276.8,246.2,2
5573,4984826,carousel | pyrojuliet,784.4,1228.4,222.0,2
5574,4981531,twinbro,784.4,1228.4,222.0,2
5575,4337784,MOB | Rap,784.3,1315.4,265.5,2
5576,3007664,Democrat | TowerfallFan,784.2,1302.8,259.3,1
5577,4854327,Skill Issue | Yell0,784.2,1303.8,259.8,1
5578,2060718,Jav,784.2,1384.3,300.1,1
5579,1105735,Starlit,784.0,1349.4,282.7,3
5580,3747783,Jams by Jyesh,783.8,1206.4,211.3,3
5581,5516005,LEI10,783.8,1120.1,168.2,5
5582,3676876,NikoTheFox,783.8,1291.1,253.7,2
5583,1323170,creamboy,783.7,1345.2,280.7,3
5584,1363264,Dru,783.6,1441.8,329.1,1
5585,713123,Rockyino,783.6,1299.9,258.1,5
5586,5399848,Darkdash,783.6,1131.2,173.8,6
5587,1108477,GBurg | Slytle,783.5,1241.2,228.8,10
5588,4337820,Sam G,783.5,1150.6,183.5,6
5589,3735308,ml | Mlauuuuuuuu,783.2,1306.2,261.5,1
5590,5003368,Go! | Six,783.0,1311.9,264.5,1
5591,1719882,SHU Esports | Moribundo,783.0,1291.0,254.0,1
5592,5492102,GamerVeteran,782.9,1206.8,211.9,2
5593,1775293,Deicide,782.8,1392.8,305.0,1
5594,3270943,Steven,782.8,1443.9,330.6,1
5595,2522210,Mr. Bell,782.8,1443.9,330.6,1
5596,3371664,Klown,782.7,1286.1,251.7,2
5597,55592,Cobragto / ABSO,782.7,1271.1,244.2,4
5598,4935920,Dragoness,782.7,1241.3,229.3,2
5599,1568546,Scourge,782.6,1278.0,247.7,5
5600,5140629,Yya | Skyguy123,782.5,1176.1,196.8,5
5601,5004877,Bilal,782.5,1308.6,263.0,1
5602,3071796,ON\OFF | keowing,782.4,1291.9,254.7,1
5603,4955127,TG,782.3,1226.0,221.9,2
5604,3627592,spork (A),782.1,1148.0,182.9,5
5605,1010661,NotJohn,782.1,1367.7,292.8,3
5606,5492641,Devyyn,782.0,1178.2,198.1,4
5607,1682374,Uphillcarp / Warpstar,781.9,1444.8,331.4,1
5608,352904,Puppeh / Luma,781.9,1444.8,331.4,1
5609,64466,Cosmos / Light,781.9,1444.8,331.4,1
5610,4964827,Tarnished,781.9,1312.4,265.3,1
5611,3071738,Dude,781.8,1252.0,235.1,2
5612,666023,WaVeYbAbY845,781.8,1178.5,198.4,4
5613,3377962,SBU | CoolBoss,781.7,1270.3,244.3,2
5614,135987,SHIMIRE,781.7,1345.9,282.1,1
5615,3724867,Ethan,781.7,1348.9,283.6,1
5616,5248046,RealDeal,781.6,1296.5,257.4,1
5617,1370306,zimbabweman,781.6,1330.4,274.4,5
5618,4955180,me,781.5,1312.8,265.7,1
5619,5227529,Melody_Eeveelution / Baymes,781.5,1297.1,257.8,1
5620,2999211,Lapis,781.4,1313.6,266.1,1
5621,3114320,Mel,781.4,1313.6,266.1,1
5622,2553722,SwordDominant,781.3,1406.5,312.6,1
5623,1213568,アн MHS | Kracko,781.3,1406.5,312.6,1
5624,318996,Kaaeru,781.3,1406.5,312.6,1
5625,1796656,AmazingBilly99,781.3,1305.8,262.2,1
5626,4029556,Gubby,781.2,1337.4,278.1,1
5627,4029654,Nabishboi,781.2,1337.4,278.1,1
5628,4654961,NataZz,781.2,1266.8,242.8,2
5629,1067609,Anachromy,781.2,1421.7,320.3,1
5630,1997552,SGC | Flamos,781.2,1421.7,320.3,1
5631,5464042,ZENI,781.1,1199.9,209.4,2
5632,4840980,JohnMario,781.1,1312.7,265.8,1
5633,224918,GG | Soan,781.0,1399.5,309.2,1
5634,4774156,mrex,780.8,1290.9,255.0,1
5635,4562493,diplomaman,780.8,1290.9,255.0,1
5636,2682389,tokyo,780.8,1209.2,214.2,2
5637,2958467,Aleks,780.4,1312.4,266.0,2
5638,5037181,Jamiewamer8,780.3,1298.4,259.0,1
5639,5304917,Everestt,780.3,1298.4,259.0,1
5640,3480773,disfigured | vital,780.3,1117.2,168.5,8
5641,69637,Jack,780.2,1383.7,301.8,1
5642,1465623,MANONDORF,780.1,1168.7,194.3,48
5643,5226029,S1FFIX,780.1,1297.0,258.4,1
5644,315515,2%,780.1,1178.8,199.4,3
5645,4569398,Komajiro,779.9,1049.7,134.9,29
5646,4079524,JJ | Shaggy,779.7,1307.8,264.0,1
5647,683421,Orphan,779.7,1299.0,259.7,2
5648,5311959,MiniMochi,779.5,1209.5,215.0,2
5649,1868108,Tarm,779.3,1321.0,270.8,2
5650,5012420,Turtle,779.3,1305.8,263.3,1
5651,2729769,DMatts142,779.0,1325.3,273.1,2
5652,4726352,ShockDunes,779.0,1269.3,245.2,2
5653,320938,Gator,779.0,1363.5,292.3,3
5654,3907705,Kyle03,778.8,1270.2,245.7,2
5655,3907694,Maddie,778.8,1270.2,245.7,2
5656,4609180,ToyotaSupraKing,778.8,1313.3,267.3,1
5657,5269572,Noah,778.5,1299.1,260.3,1
5658,5269308,Evain7361,778.5,1299.1,260.3,1
5659,4629246,Fiestero,778.4,1310.5,266.0,2
5660,5377052,Huh? | Ranger Kenny,778.3,1162.8,192.3,6
5661,4157924,moon reaper,778.2,1346.6,284.2,1
5662,231660,Orion,778.2,1345.4,283.6,1
5663,5512067,JayGoat,778.2,1226.9,224.4,2
5664,5317238,UC | Jonathan,778.2,1201.4,211.6,3
5665,3278095,squggs,778.1,1294.4,258.2,1
5666,2421233,XenoMarcos,778.1,1298.8,260.3,1
5667,1508177,eljefe_vive | GodIMissHerSoMuch,778.1,1416.9,319.4,1
5668,5215540,ProCookiez,778.0,1292.0,257.0,1
5669,3024118,MadamMojito,778.0,1288.4,255.2,1
5670,426707,Thadamas,778.0,1205.3,213.7,3
5671,5329841,normal oreos,777.8,1149.8,186.0,4
5672,3439005,Mad_Tricky,777.7,1460.8,341.5,1
5673,5185056,gooulz120,777.6,1306.4,264.4,1
5674,3680945,Gizzmo,777.6,1287.1,254.8,1
5675,3970583,precious,777.5,1301.9,262.2,1
5676,2972542,Jaxon,777.3,1379.2,300.9,1
5677,4870199,Adrian,777.3,1307.2,264.9,1
5678,255443,KenkakuSam,777.3,1000.6,111.7,165
5679,5530825,Conway Cabal | Horatio Gates,777.1,1237.6,230.2,2
5680,3627870,Shine | Nabbit,777.1,1329.2,276.0,1
5681,5379768,ArgusDu,777.0,1295.1,259.1,1
5682,3147397,SnoFang,776.6,1390.6,307.0,1
5683,467906,SDR | GameBrain,776.5,1359.5,291.5,1
5684,246246,ID | MOMO,776.4,1454.5,339.1,1
5685,3480821,PrincessToes,776.4,1293.2,258.4,1
5686,4540948,von,776.3,1171.8,197.8,3
5687,5379090,ConvictSyx,776.3,1290.2,256.9,1
5688,14522,Zucchini / Sniffles,776.1,1388.8,306.4,1
5689,5528951,ig_johnnny,775.8,1202.7,213.4,2
5690,3688574,Big_Tilt,775.8,1202.7,213.4,2
5691,3474442,gaxe,775.7,1465.5,344.9,1
5692,4789276,Billy V.,775.6,1220.4,222.4,2
5693,4458577,Themisterolo,775.6,1311.4,267.9,1
5694,2791463,franiss,775.6,1365.6,295.0,2
5695,1440439,Rara,775.5,1366.6,295.5,2
5696,5271984,Tyswan,775.5,1301.0,262.8,1
5697,3228320,MachocheezyGD,775.4,1364.8,294.7,1
5698,3432992,earl,775.3,1257.5,241.1,2
5699,1358756,Marco,775.3,1296.9,260.8,4
5700,2934899,Itachi,775.3,1359.9,292.3,1
5701,250838,Sky | Skydierf,775.2,1309.4,267.1,3
5702,5068037,Andrew Fernandez / Reha Uddin,775.1,1297.4,261.2,1
5703,3638519,djcandy.,775.0,1330.7,277.8,1
5704,1047941,Pyxel,775.0,1355.7,290.3,3
5705,4928326,Aragüato,775.0,1313.0,269.0,1
5706,5492997,Malvrix,775.0,1220.0,222.5,2
5707,4124089,The_Tr0ublemaker,775.0,1315.1,270.1,1
5708,2915841,McGriddy,775.0,1372.7,298.9,1
5709,5152390,carow,774.9,1166.2,195.7,5
5710,4435276,Azade,774.9,1336.4,280.8,1
5711,4803699,WhiteTacoMan,774.8,1324.0,274.6,1
5712,1464461,Julionn,774.8,1164.7,195.0,62
5713,130449,=^_^= | SFUTH,774.7,1217.0,221.2,2
5714,959933,Believe,774.7,1334.7,280.0,1
5715,344743,LCU Esports White,774.7,1338.3,281.8,1
5716,4802836,Andgar,774.6,1280.1,252.8,3
5717,5181773,DR0PP3D@B1RTH | Mii: The Gunnering,774.6,1300.1,262.8,1
5718,887557,EMan,774.4,1314.8,270.2,2
5719,4994990,B-atman,774.3,1235.2,230.5,2
5720,3185141,Domicron,774.2,1294.3,260.0,2
5721,1263662,Para!,774.2,1341.3,283.6,1
5722,3672295,GRIFFS | THEKILL812,774.1,1104.5,165.2,5
5723,1637025,The Daphinator,774.1,1287.2,256.6,1
5724,3378295,Aries,774.0,939.1,82.5,88
5725,5393777,eva,774.0,1284.9,255.5,1
5726,5393789,Babypidly,774.0,1284.9,255.5,1
5727,5393792,QuietSprouts,774.0,1284.9,255.5,1
5728,5393801,Little G,774.0,1284.9,255.5,1
5729,5393788,ViSly,774.0,1284.9,255.5,1
5730,4235990,fishy,773.9,1318.6,272.4,1
5731,3927079,THE FAMILY | MR.G,773.8,1320.7,273.4,1
5732,5202502,buki0300,773.7,1220.2,223.2,2
5733,4878981,Hayden,773.7,1315.9,271.1,1
5734,3655214,George,773.6,1203.2,214.8,4
5735,1695597,Cadrega,773.6,1213.4,219.9,2
5736,1171016,Admire | Risotto,773.5,1351.5,289.0,1
5737,1162044,laprip,773.4,1151.1,188.8,4
5738,5509416,silver,773.4,1200.6,213.6,2
5739,3632048,sugriva,773.3,1217.0,221.9,3
5740,4381780,Edge,773.3,1199.4,213.1,4
5741,1060123,PP SAD | Big Nibble,773.1,1282.9,254.9,2
5742,5041527,Grey,773.0,1325.7,276.3,1
5743,3448429,rosey,773.0,1325.7,276.3,1
5744,1797070,fanTaSea91,772.9,1186.4,206.7,5
5745,1475381,TSP | ThitKho,772.8,1369.5,298.4,3
5746,1801515,Grimm,772.8,1291.1,259.2,1
5747,3233229,Argonop,772.7,1108.6,167.9,20
5748,5242182,charlie,772.7,1288.1,257.7,1
5749,2478946,CCNY | Ado,772.7,1385.7,306.5,1
5750,2265536,Tao,772.7,1110.4,168.9,5
5751,1659530,: JUBZ,772.6,1310.8,269.1,2
5752,4137069,George,772.6,1271.0,249.2,2
5753,5461494,Preparation H,772.6,1071.1,149.3,8
5754,15886,Khakis,772.3,1458.9,343.3,1
5755,1099950,WE OUTSIDE | 681shadow,772.3,1458.9,343.3,1
5756,3919696,SupaME,772.3,1313.4,270.6,1
5757,990305,Samatar,772.1,1185.3,206.6,5
5758,3702741,Lesbian,772.0,1322.0,275.0,1
5759,1910680,Azalea,772.0,1300.4,264.2,1
5760,5307014,Z | snailmail,771.9,1202.0,215.1,2
5761,5164224,Orgs,771.8,1284.7,256.5,2
5762,2705483,ChickenDog,771.6,1081.2,154.8,9
5763,4892413,Neo,771.6,1299.3,263.9,1
5764,2785735,Rinnity,771.4,1297.4,263.0,1
5765,4506820,JBR,771.3,1339.1,283.9,1
5766,1945207,Oogily,771.2,1250.5,239.6,3
5767,4651270,Morgan,771.1,1353.0,291.0,1
5768,1369753,SGTpepperLHB,771.1,1154.1,191.5,28
5769,5279015,MIKEYDON,771.0,1220.4,224.7,2
5770,4972285,Flowerkraut,770.9,1175.7,202.4,3
5771,4419954,chuggin piss,770.8,1311.9,270.5,1
5772,1891424,<>< | The Notorious D.U.Q.,770.8,1233.2,231.2,6
5773,1180324,Soilworker,770.7,1315.5,272.4,1
5774,4732558,Zoos,770.7,1262.1,245.7,2
5775,3147208,Kingzx9,770.6,1356.4,292.9,1
5776,2692067,Notoriety,770.6,1356.4,292.9,1
5777,1667303,RC | Haela,770.6,1356.4,292.9,1
5778,148066,SHIN DILLON,770.5,1115.6,172.5,8
5779,4897431,MrK,770.4,1288.7,259.1,1
5780,5427710,OA_osama13,770.4,1199.3,214.4,2
5781,2789664,NeonPlays,770.3,1229.0,229.4,2
5782,5333276,WorldWarrior,770.3,1282.4,256.1,1
5783,3263964,Draconic | Optimal Key,769.6,1288.3,259.3,2
5784,5359352,G I G A,769.5,1351.5,291.0,1
5785,3551236,Reverse,769.5,1345.1,287.8,1
5786,131157,716 | Krabgod,769.3,1341.8,286.3,1
5787,1421189,Skilled Roy,769.3,1339.3,285.0,3
5788,609079,RFAN | punkstar,769.1,1274.1,252.5,2
5789,3443606,RR2572,769.1,1278.5,254.7,2
5790,2520753,MurkatGaming,768.8,1314.7,272.9,1
5791,1069069,Nanos,768.8,1284.8,258.0,1
5792,5238710,T Wex,768.8,1284.8,258.0,1
5793,1344189,FreshGags,768.5,1271.3,251.4,4
5794,1058125,Varun,768.4,1353.4,292.5,1
5795,5283173,Darimbus,768.3,1196.2,214.0,2
5796,2800459,Dancer,768.2,1299.7,265.7,2
5797,1091113,NeoJoe,768.2,1356.5,294.2,3
5798,5255134,Cereal,768.2,1293.6,262.7,1
5799,5255145,Vo1st,768.2,1293.6,262.7,1
5800,12977,GuitarLord,768.1,1461.6,346.7,1
5801,5225534,HoPE,768.1,1285.0,258.5,1
5802,3710699,Katsuo | Yuko,768.1,1308.9,270.4,2
5803,11916,SoulSur,768.0,1361.9,296.9,1
5804,2712486,Jason,767.9,1359.0,295.5,1
5805,1232826,Ketchub,767.9,1352.3,292.2,1
5806,3289437,cokelpoint,767.9,1352.3,292.2,1
5807,2389865,Kirby Gang,767.8,1417.6,324.9,2
5808,4933513,MimiX,767.7,1130.3,181.3,5
5809,963316,Lexicon,767.6,1429.4,330.9,1
5810,1837859,Yaliso,767.6,1429.4,330.9,1
5811,483987,Forseti,767.5,1284.7,258.6,1
5812,4994884,SP5 | StudiedP5,767.5,1222.4,227.4,2
5813,5469785,Fat & $wag,767.4,1115.8,174.2,8
5814,2262697,JoyConBoyz,767.4,1276.8,254.7,2
5815,2375820,RU | maymay,767.3,1291.3,262.0,1
5816,5226883,Uncle Stan,767.3,1291.3,262.0,1
5817,3106048,ASM | Adobo,766.9,1358.7,295.9,1
5818,3765781,the don,766.8,1244.2,238.7,2
5819,2330748,Lizard,766.6,1190.7,212.1,2
5820,3210021,DAS | Squire,766.5,1356.4,294.9,1
5821,3210528,DAS | Empyre,766.5,1356.4,294.9,1
5822,1213312,MilkWarrior,766.5,1337.1,285.3,3
5823,4385,AGRC | Emil,766.5,1251.6,242.5,2
5824,5367302,Yunoy,766.4,1248.8,241.2,3
5825,5311896,BELLST | TheBass,766.3,1216.5,225.1,3
5826,3941821,J-ROC,766.3,1346.5,290.1,1
5827,4533551,Natu,766.3,1284.6,259.2,1
5828,2357405,TGZ | firestarW,766.3,1286.6,260.2,1
5829,4363171,LimeTime,765.8,1321.0,277.6,1
5830,5500207,Mars,765.8,1087.6,160.9,7
5831,4375099,[EF] | 62t62t62t,765.8,1097.3,165.8,5
5832,5450869,Jourdangaming,765.8,1235.7,235.0,2
5833,5152352,NITR | JUANJO,765.7,1200.5,217.4,2
5834,5144604,jooshhh,765.3,1326.3,280.5,1
5835,5037194,Dragonsquad,765.3,1326.3,280.5,1
5836,1308323,Chipping,765.3,1335.9,285.3,1
5837,5303115,Amitii,764.9,1290.2,262.6,1
5838,5245672,FunkMonk,764.9,1301.9,268.5,1
5839,3645722,coldramen!,764.8,1246.1,240.7,3
5840,1076369,TB | CU | ramE,764.7,1407.4,321.3,2
5841,370640,Alex,764.6,1165.4,200.4,4
5842,5511839,the mole,764.5,1203.5,219.5,2
5843,2443908,OhGee,764.5,1283.5,259.5,1
5844,2292962,Daedofr,764.5,1356.6,296.0,1
5845,3325197,Aether,764.2,1209.6,222.7,3
5846,1261570,Evan,764.2,1357.1,296.5,3
5847,5003667,Chiplum1,764.1,1294.9,265.4,1
5848,5003789,skyjaken,764.1,1294.9,265.4,1
5849,5081711,Tecray,764.1,1108.3,172.1,5
5850,3874878,Paper,763.9,1319.3,277.7,1
5851,2406431,Angelmedra,763.8,1412.3,324.2,1
5852,2932181,Acehern,763.6,1281.2,258.8,2
5853,2722034,Stormstar,763.5,1282.2,259.4,2
5854,657266,Ithanias,763.4,1205.2,220.9,2
5855,2962351,Pado,763.3,1363.4,300.0,1
5856,2385010,Hope..,763.3,1363.4,300.0,1
5857,2579257,Demi.R / Broke boi,763.2,1387.2,312.0,1
5858,3118299,ratchet-LD,763.0,1366.5,301.7,1
5859,3425647,Nat20,763.0,1366.5,301.7,1
5860,5481915,Icarus,763.0,1220.1,228.6,2
5861,715800,Randomain,762.9,1388.9,313.0,1
5862,5306950,29cheetos,762.9,1278.1,257.6,1
5863,1188174,KeninHD,762.8,1274.6,255.9,1
5864,4302082,GxD | Cipher,762.8,1105.8,171.5,4
5865,1409165,Slasher,762.7,1349.5,293.4,2
5866,3586903,Epic gamer,762.6,1220.3,228.8,2
5867,5218146,Grim,762.6,1176.7,207.0,3
5868,3632321,Asher,762.5,1221.1,229.3,3
5869,4955096,Oden,762.4,1291.7,264.6,1
5870,1088407,Izuoh,762.4,1165.9,201.7,34
5871,3122783,Deestroy,762.4,1206.5,222.1,4
5872,3845184,UP | Nate507,762.4,1233.0,235.3,2
5873,3915886,iStorable,762.3,1189.8,213.8,3
5874,1368509,mamia,762.3,1295.0,266.4,2
5875,4789415,smblue,762.2,1214.4,226.1,2
5876,2483363,George,762.2,1293.2,265.5,2
5877,4910197,Jay,762.1,1278.5,258.2,1
5878,19540,Ho3K | Deven3000,762.1,1285.5,261.7,2
5879,1064897,amazingMANdrew,762.0,1349.8,293.9,1
5880,5012349,WeseyCoins,762.0,1304.0,271.0,1
5881,5225722,UG Eli,761.9,985.1,111.6,38
5882,2784234,Geekyboy,761.9,1459.4,348.7,1
5883,2784235,Dark,761.9,1459.4,348.7,1
5884,5481940,ZENI,761.8,1270.3,254.2,1
5885,5339529,LarpLLarpsahur,761.7,1205.2,221.8,2
5886,1650821,Rose,761.7,1322.4,280.3,3
5887,4341807,Pineapple Queen,761.6,1189.3,213.8,2
5888,4485011,LouiZaza,761.5,1301.0,269.8,1
5889,4485008,Joeyawesome120,761.5,1301.0,269.8,1
5890,1421264,Bizcocho,761.5,1340.7,289.6,2
5891,1421193,Sr. Chef,761.5,1340.7,289.6,2
5892,5217783,Nova,761.5,1179.2,208.9,3
5893,5468953,Bok Choy,761.3,1040.5,139.6,16
5894,4179595,BAD | Kakarot,761.1,1230.0,234.4,2
5895,3778680,xXBIGTWEAKERXx / MasKey,761.1,1191.2,215.1,3
5896,2226381,martian,760.9,1420.7,329.9,1
5897,4604185,anyrandomperson,760.9,1327.6,283.3,1
5898,5335455,doc,760.7,1276.6,257.9,1
5899,312269,Colonel Adams,760.7,1276.6,257.9,1
5900,1509599,Freyja,760.5,1190.7,215.1,3
5901,4955088,Gipper,760.5,1201.7,220.6,3
5902,5251599,YeetGod,760.4,1232.3,235.9,2
5903,3938264,Geeligan stache,760.4,1321.0,280.3,1
5904,23803,ECW | CurryGravy,760.4,1321.0,280.3,1
5905,1917680,Mike,760.4,1321.0,280.3,1
5906,3883158,QU | depryved,760.4,1303.8,271.7,1
5907,1162631,HDNights,760.4,1390.5,315.1,1
5908,4314981,Littymj,760.3,1195.2,217.4,2
5909,3071050,Bloom | tabby :3,760.3,963.6,101.7,46
5910,1177035,12g | debjo,760.3,1216.4,228.1,3
5911,2828446,Poo | BOD,760.2,1294.4,267.1,2
5912,1175877,SSS | Ruben,760.1,1347.2,293.6,2
5913,3017058,Michael Castro,760.1,1284.7,262.3,3
5914,5527443,Spoof,759.8,1229.4,234.8,2
5915,2962076,DEICIDE,759.8,1299.1,269.6,1
5916,2236677,CRIMSON,759.8,1285.8,263.0,1
5917,2578622,Shadow KO,759.7,1452.6,346.4,1
5918,2578638,Leroy,759.7,1452.6,346.4,1
5919,2187831,kwell,759.7,1371.3,305.8,1
5920,2315655,DaddyJ,759.7,1371.3,305.8,1
5921,3892509,george,759.5,1199.9,220.2,4
5922,2952808,Lelesus,759.4,1282.1,261.3,2
5923,1171789,VL | Winter,759.4,1362.9,301.8,2
5924,2428820,Rocket,759.3,1445.2,343.0,1
5925,2449095,Danny,759.3,1445.2,343.0,1
5926,2428816,Vernias,759.3,1445.2,343.0,1
5927,5393329,ApsidalCandle,759.2,1079.9,160.3,6
5928,3024652,Dennis Carvalho,759.1,1317.6,279.3,3
5929,4436541,MAF1A,759.0,1297.9,269.5,1
5930,1036180,gnarly dave,759.0,1325.7,283.3,3
5931,5219022,Luffy7609,758.9,1204.9,223.0,2
5932,1993466,Crimson,758.7,1361.7,301.5,1
5933,2866693,Rubikscube_guy111,758.7,1361.7,301.5,1
5934,250440,Munel,758.7,1361.7,301.5,1
5935,5481851,Swishradder,758.7,1215.2,228.3,2
5936,1312657,Denz,758.5,1326.9,284.2,2
5937,2348094,DMF,758.3,1375.5,308.6,1
5938,1181794,Caesar,758.3,1375.5,308.6,1
5939,3532832,SandyFRKNSkullz,758.2,1324.3,283.0,2
5940,4726479,Grim..,758.2,1308.3,275.0,1
5941,3555091,Yottabyte,758.1,1316.2,279.1,1
5942,1129419,PT,758.1,1277.9,259.9,1
5943,492770,Dancer,757.9,1275.7,258.9,2
5944,3225183,FSC | The Big | MSCard,757.9,1236.6,239.4,2
5945,2994579,astra,757.6,1317.4,279.9,1
5946,2478240,Red Topaz,757.6,1450.9,346.7,1
5947,5492285,Ducky,757.6,1204.9,223.7,2
5948,4399448,Matthew,757.6,1248.8,245.6,2
5949,3029473,John Pantusa,757.5,1299.2,270.9,3
5950,1281880,Vixxterity,757.5,1225.5,234.0,8
5951,3394455,FS | Cel,757.4,1115.3,178.9,4
5952,1671354,Slime,757.4,1411.1,326.9,1
5953,4202047,BlazeN,757.3,1230.2,236.4,2
5954,3639005,<3 | lumenstorm.,757.3,1104.2,173.5,7
5955,4839319,TP14,757.2,1292.9,267.9,1
5956,4907460,Ghost,757.2,1275.2,259.0,1
5957,2652945,Thundur,757.2,1275.2,259.0,1
5958,5367301,DJ,757.2,1275.2,259.0,1
5959,1477968,CiG | Tyranno,757.1,1058.3,150.6,9
5960,1645328,John,757.0,1408.4,325.7,1
5961,411580,Shoat,756.9,1281.1,262.1,5
5962,3233924,KidY0shi,756.8,1334.5,288.8,1
5963,5276462,Hotpantz,756.7,1148.7,196.0,5
5964,5028165,Sam,756.7,1293.6,268.5,1
5965,4317335,alexmo_inc,756.7,1244.6,244.0,3
5966,5521465,Bubington,756.5,1279.6,261.6,1
5967,3019507,crosstheblock,756.3,1348.6,296.2,1
5968,3117323,King,756.0,1266.7,255.3,2
5969,3117322,Sr. Chef,756.0,1266.7,255.3,2
5970,3721870,O2TheScientist,755.8,1199.0,221.6,3
5971,3508569,dsizzle,755.8,1257.3,250.8,2
5972,1832945,ProNub,755.6,1151.2,197.8,3
5973,4982058,Cisco,755.5,1284.4,264.5,1
5974,5304913,Kingbolo,755.5,1275.4,260.0,1
5975,4906784,Dao,755.4,1215.7,230.1,5
5976,5325982,ArcAPK,755.3,1073.1,158.9,9
5977,1629785,Snarehead,755.3,1402.1,323.4,1
5978,3019069,LoreMaster | Dusk,755.1,1269.9,257.4,2
5979,4619710,Maxwell,754.9,1298.0,271.6,1
5980,5201165,h00d,754.6,1277.1,261.2,1
5981,2389887,Sleezy,754.6,1449.6,347.5,1
5982,2389877,Ace,754.6,1449.6,347.5,1
5983,3077234,Universe,754.6,1346.4,295.9,1
5984,1678130,muffin,754.6,1329.2,287.3,2
5985,5486255,VG93,754.6,1191.4,218.4,2
5986,5251267,Neonghost,754.5,1187.9,216.7,3
5987,5308104,Patrick,754.4,1190.2,217.9,2
5988,1263030,JMel,754.3,1250.4,248.1,2
5989,4903455,Dasfuro,754.2,1313.0,279.4,1
5990,507725,Tacobros,754.0,1432.5,339.2,1
5991,1039411,Grim,754.0,1432.5,339.2,1
5992,4983089,king koopr,753.9,1063.0,154.6,11
5993,379679,Spitz,753.7,1288.8,267.6,1
5994,232381,Raf,753.7,1288.8,267.6,1
5995,2722429,samuraiii,753.7,1337.7,292.0,1
5996,1181118,Rat Gang | DanK,753.6,1421.6,334.0,1
5997,172286,Lazkap,753.6,1421.6,334.0,1
5998,5275952,Tawksic!,753.5,1129.5,188.0,6
5999,5082114,treyo,753.5,1279.6,263.1,1
6000,1866473,Binny,753.5,1279.6,263.1,1
6001,2847784,DandyMan,753.4,1208.0,227.3,3
6002,4612789,No-Jump-Boswer | No-Jump-Kyle,753.3,922.1,84.4,80
6003,2689412,Frostmeiser,753.3,1223.7,235.2,3
6004,1005485,TMA | PANDA,753.2,1261.3,254.0,8
6005,1095815,D-fozz / rodthegodx,752.8,1424.1,335.7,1
6006,2677866,Kaijora,752.8,1360.1,303.7,1
6007,2690825,wuzi,752.8,1295.3,271.2,1
6008,2723202,World Jade Center,752.8,1295.3,271.2,1
6009,5142271,Fruition,752.6,1327.6,287.5,2
6010,5405738,cinosix,752.6,1337.7,292.6,1
6011,751004,HALO | Source,752.4,1287.7,267.6,2
6012,1592904,Kenken,752.3,1372.4,310.0,2
6013,1669057,69 haha | Smoools,752.3,1434.5,341.1,1
6014,5117094,checo,752.3,1276.6,262.2,1
6015,5493196,Drifted,752.1,1192.0,220.0,2
6016,1451799,Footwater,751.9,1254.4,251.2,4
6017,3297799,Sx,751.9,1321.4,284.7,1
6018,970182,my b | Chillin,751.8,1369.3,308.7,1
6019,4518206,Z64,751.7,1307.8,278.0,1
6020,4972502,Nick | ImHereSoIDontGetFined,751.6,1238.8,243.6,3
6021,5016254,QO | lexispicy,751.5,1111.8,180.2,5
6022,138852,Pillow,751.4,1298.3,273.5,1
6023,4722251,no jump kyle,751.3,1267.6,258.2,1
6024,2067050,MachoTaco914,751.1,1312.0,280.4,2
6025,5527014,PAPI,751.0,1175.6,212.3,2
6026,1230979,WKZ| | Beastmode,750.9,1334.8,292.0,1
6027,5450860,r0yalGenesis,750.8,1182.6,215.9,2
6028,1444927,Egg,750.7,1393.8,321.5,1
6029,2829134,HiPoint!,750.7,1337.4,293.4,1
6030,5118424,zwch,750.6,1143.3,196.3,3
6031,3376026,Halfbreed,750.5,1235.3,242.4,2
6032,773517,Froggydoo,750.4,1270.1,259.8,1
6033,5331606,Player | Mikey,750.4,1337.7,293.7,1
6034,1686336,doc,750.3,1440.9,345.3,1
6035,4854602,alex,750.3,1285.2,267.4,1
6036,5294644,Conard | Orange2,750.0,1337.7,293.9,1
6037,5225863,SHU | Shadow,750.0,1337.7,293.9,1
6038,1800324,Lycan,749.9,1292.7,271.4,1
6039,5665,Moobs / Rudy,749.6,1330.7,290.5,1
6040,2130788,PRON0BDY,749.6,1364.7,307.5,1
6041,5308111,JohnnyBoiXD,749.6,1206.6,228.5,2
6042,2002022,Mugzzz00,749.6,1367.3,308.9,1
6043,986569,Judgement,749.6,1367.3,308.9,1
6044,4278488,GLiMiK,749.5,1180.2,215.4,2
6045,4685,vortex,749.4,1311.4,281.0,2
6046,5210846,BrokenPMC,749.3,1141.6,196.1,3
6047,5300947,Doragon,749.2,1337.7,294.2,1
6048,1261655,Gum Cuzzler,749.0,1303.5,277.3,3
6049,5225533,TheKing,748.9,1272.1,261.6,1
6050,5284605,NPD | NapalmDust,748.9,1337.7,294.4,1
6051,1619948,Jazz,748.8,1396.9,324.0,1
6052,5168294,Liquid | BRR,748.7,1284.6,268.0,1
6053,3973966,Zeotek,748.6,1266.9,259.1,2
6054,2357131,Protean,748.3,1332.0,291.8,2
6055,2316067,Rockyino,748.3,1374.3,313.0,1
6056,1658573,Source Code,748.3,1374.3,313.0,1
6057,562775,Sweeney,748.3,1321.7,286.7,2
6058,1647187,boi,748.2,1374.8,313.3,1
6059,1183071,NR | Kaen,748.0,1335.8,293.9,2
6060,1309544,ClueLess / Chief Sokka,747.8,1419.1,335.6,1
6061,1589984,Gatsby,747.8,1390.0,321.1,2
6062,4811141,DEAF / $*KNIFE*$,747.8,1337.7,295.0,1
6063,1666078,Alex,747.6,1289.5,271.0,1
6064,1638905,George,747.3,1376.7,314.7,1
6065,5429929,Nate,747.3,1219.9,236.3,2
6066,1610573,Asher,747.3,1403.3,328.0,1
6067,4339152,Detroit,747.2,1278.3,265.5,1
6068,3760633,Beans | Yellow Bean,747.2,1310.9,281.9,1
6069,2937966,Misha,747.1,1170.4,211.6,5
6070,3821956,Benja,747.1,1314.5,283.7,1
6071,2289462,casey,747.1,1314.5,283.7,1
6072,3791380,Bailadoxical,747.0,1312.7,282.8,1
6073,5218030,Lucabear,747.0,1337.7,295.3,1
6074,1024235,Jakers,746.9,1362.1,307.6,1
6075,1597446,Asher,746.9,1362.1,307.6,1
6076,3651347,FullBox/200 | AfroPunk Ky,746.8,1336.2,294.7,2
6077,433338,Smashionne | Xygen,746.8,1447.0,350.1,1
6078,147929,Twitch.tv/ | DnnrPants,746.8,1447.0,350.1,1
6079,1505537,Jac,746.8,1447.0,350.1,1
6080,1505578,top_man,746.7,1285.0,269.2,1
6081,1409150,Mrs Pandemic,746.7,1306.1,279.7,2
6082,157930,GFST | Nicky Videogames,746.3,1305.5,279.6,1
6083,5009731,b3nFE,746.3,1135.8,194.7,8
6084,4760017,Phaze | Some Guy,746.3,1287.5,270.6,1
6085,3340107,MJ,746.3,1322.3,288.0,1
6086,2245356,crabmaster53,746.2,927.9,90.8,42
6087,4283131,DKzinho,746.2,1272.1,262.9,1
6088,5195728,BV,746.2,1276.5,265.2,1
6089,1251115,Eli,746.2,1396.0,324.9,1
6090,1213226,Max Ruby,746.1,1325.5,289.7,3
6091,1212419,AIRBORNE,746.1,1325.5,289.7,3
6092,519878,Duke | kuri,746.0,1362.5,308.3,1
6093,1713954,Pinguin,746.0,1362.5,308.3,1
6094,2982999,716 | AnneHathawayFan,746.0,1322.7,288.4,1
6095,1572423,JesusLovesU | Tonio,745.8,1145.7,200.0,3
6096,5351037,Christian,745.7,1198.9,226.6,2
6097,1584952,Andrew,745.6,1382.9,318.6,1
6098,5185265,tbone,745.6,1337.7,296.1,1
6099,5185055,freddykid,745.6,1337.7,296.1,1
6100,4930421,TOKNR,745.5,1033.3,143.9,17
6101,4380729,dbdz89,745.4,1309.9,282.2,1
6102,3846824,Zenith,745.4,1186.9,220.7,2
6103,3687630,GRNT | Elam,745.3,1238.1,246.4,2
6104,4800361,raze,745.3,1294.4,274.5,1
6105,2639442,FairJordans,745.2,1199.0,226.9,5
6106,1228757,JonGasm,745.1,1302.8,278.9,2
6107,5065629,Manuelcoolguy,744.8,1214.2,234.7,2
6108,50221,Pawnch,744.8,1352.0,303.6,1
6109,135818,YeetGod,744.6,1243.5,249.4,4
6110,3709948,Bobinsky,744.5,1275.0,265.2,1
6111,2821520,Queen+1 / Queen,744.4,1255.9,255.7,2
6112,4873455,Clyde | Bearinara,744.2,1296.0,275.9,1
6113,1008360,Awesome | Brjorn,744.1,1106.6,181.3,7
6114,1024649,Crash Chris,744.0,1381.4,318.7,1
6115,5403471,grenade,743.9,1260.3,258.2,1
6116,1683384,jec 3,743.9,1300.9,278.5,2
6117,1125774,Arion,743.8,1320.7,288.4,2
6118,421270,WAVE,743.8,1388.5,322.4,1
6119,44056,Knight,743.8,1388.5,322.4,1
6120,825451,LE | Bard,743.5,1382.4,319.4,1
6121,1160091,creeps,743.5,1382.4,319.4,1
6122,4523317,Cecelia,743.3,1101.3,179.0,5
6123,2538951,that0neguy,743.3,1318.2,287.5,1
6124,5212156,Mafuyu,743.3,1269.7,263.2,1
6125,338140,Hope | Highland's Apparition,743.2,1382.4,319.6,1
6126,1213414,Jeff,743.2,1322.2,289.5,3
6127,3608013,E5TER,743.1,1296.8,276.8,1
6128,5023367,LOL | SEAPICKLE,743.0,1337.7,297.3,1
6129,5121022,Zealous23,743.0,1337.7,297.3,1
6130,606057,Pescado,742.7,1141.8,199.6,5
6131,4559764,Monkeybomb255,742.6,1337.7,297.5,1
6132,5035653,Sam,742.5,1197.1,227.3,2
6133,4365049,NacAPac,742.3,1284.5,271.1,1
6134,71019,Zentech,742.2,1391.4,324.6,1
6135,4951039,OddBall,742.1,960.9,109.4,38
6136,3063803,Sunset,742.1,1218.4,238.1,4
6137,1602018,bye,742.0,1373.4,315.7,1
6138,5041034,Vanquiche,741.9,1337.7,297.9,1
6139,2513011,Miracle Makers | Quackus,741.9,1266.6,262.4,1
6140,5440210,kptheking,741.8,1260.5,259.3,1
6141,5440272,NoahE,741.8,1260.5,259.3,1
6142,1323172,Celeb,741.8,1317.6,287.9,2
6143,1005803,Pado,741.6,1279.4,268.9,5
6144,1242278,The Conqueror,741.5,1337.7,298.1,1
6145,3561932,PAYM3,741.5,1337.7,298.1,1
6146,5238587,BIRTHDAYBOYYYYYYYYYYY,741.5,1297.4,277.9,1
6147,5238589,TDS_SPRINKLES,741.5,1297.4,277.9,1
6148,4493365,MBS DUST | Fhantum,741.5,1214.6,236.6,2
6149,4071035,Varks,741.4,1159.8,209.2,5
6150,1671581,James,741.4,1290.0,274.3,2
6151,5013424,Dookie,741.3,1270.7,264.7,1
6152,5013576,7x8=56,741.3,1270.7,264.7,1
6153,4675585,MXM,741.3,1212.4,235.5,2
6154,5167084,Galaxia,741.2,1118.0,188.4,4
6155,134119,Winds,741.2,1115.9,187.4,6
6156,5432848,Zuma,741.2,1252.7,255.8,2
6157,5045225,Soi,741.2,1337.7,298.3,1
6158,4968423,TheSoreTucker,741.1,1188.7,223.8,2
6159,5060957,soy,741.0,1295.4,277.2,1
6160,4907378,COLTJ,740.9,1113.8,186.4,8
6161,1323169,natureboy,740.9,1287.4,273.2,3
6162,3969306,CptHiBob,740.8,1263.5,261.3,2
6163,4143656,the dichotomy is crazy,740.8,1147.2,203.2,6
6164,223113,Angelo,740.6,1337.1,298.3,1
6165,1616525,coffee,740.5,1389.2,324.3,1
6166,4865036,gnarlydave,740.5,1314.1,286.8,3
6167,5021920,Raúl,740.4,1337.7,298.6,1
6168,4946307,Mix F4t4l1,740.1,1337.7,298.8,1
6169,5010770,pretzelbea,740.1,1337.7,298.8,1
6170,5011079,MOSOVI,740.1,1337.7,298.8,1
6171,2057246,VC | Nizmo,740.1,1039.9,149.9,8
6172,2970315,YgTz | RC,739.8,1390.4,325.3,1
6173,374728,HD | Soopernoodle,739.8,1390.4,325.3,1
6174,508245,Cryptom,739.8,1390.4,325.3,1
6175,4878896,STICKEL,739.7,1307.5,283.9,1
6176,3803409,Cicatrix,739.6,1223.3,241.8,3
6177,1586204,Gatsby,739.3,1362.8,311.8,1
6178,1722408,Crash,739.2,1354.5,307.6,1
6179,2945773,Herminator,739.0,1263.1,262.1,1
6180,5320652,Sangria,739.0,1263.1,262.1,1
6181,2768902,67 | Lazy guy,739.0,1337.7,299.3,1
6182,1151281,Segue,738.7,1271.8,266.5,4
6183,4970986,Albo | Zaddy,738.6,1337.7,299.5,1
6184,5251537,MatthewStar,738.6,1359.8,310.6,1
6185,1580943,Gatsby,738.5,1362.6,312.0,1
6186,1956307,TheCandyman,738.4,1350.5,306.1,1
6187,3857549,Qwik | Minikweak,738.3,1274.4,268.0,2
6188,4334850,Munky,738.3,1337.7,299.7,1
6189,3049306,Arcenedon,738.2,1284.3,273.1,2
6190,1521517,DMF,738.1,1379.8,320.8,1
6191,1598205,GUMBOLAYA!,738.0,1360.2,311.1,1
6192,3652198,Jake,738.0,1261.3,261.7,2
6193,5433025,ArgusDu,737.9,1169.0,215.6,2
6194,1982480,Mill,737.7,1325.7,294.0,2
6195,902052,AGENTS!YF0X0MEGA,737.6,1247.8,255.1,5
6196,1126849,popstar,737.5,1396.1,329.3,1
6197,1171705,Emmb3r,737.5,1330.9,296.7,1
6198,2454914,WU | Cappin,737.5,1330.9,296.7,1
6199,1071111,Klump,737.5,1330.9,296.7,1
6200,5383518,Kirbypuff,737.5,1172.7,217.6,4
6201,5068000,John Notarnicola / david rose,737.5,1250.1,256.3,2
6202,5064157,nat,737.4,1268.0,265.3,1
6203,3973092,Aiden (:,737.4,1264.4,263.5,1
6204,1130327,SYN | 2NahMii,737.2,1339.8,301.3,2
6205,5151858,Jehuty,737.0,1171.2,217.1,2
6206,5472764,Crzymro,736.8,1147.1,205.2,3
6207,1571465,NoRecovery,736.7,1286.5,274.9,2
6208,1571442,goona,736.7,1286.5,274.9,2
6209,2959455,FSC | Solo,736.7,1273.7,268.5,1
6210,5042940,sz,736.6,1214.0,238.7,3
6211,71375,#1 Grunk Fan | | Crowbar,736.6,1298.5,281.0,2
6212,1507859,Adam,736.5,1370.8,317.1,1
6213,5013534,LilSushiVert,736.5,1182.7,223.1,3
6214,4901734,Marinara,736.5,1337.7,300.6,1
6215,4929453,goomie,736.3,1120.6,192.1,3
6216,4537539,LuuvMiki,736.3,1219.7,241.7,2
6217,5372247,Mcdot15$,736.2,946.9,105.3,27
6218,5489009,Kevin E Levin,735.8,1172.2,218.2,2
6219,1589248,James Scott,735.7,1195.8,230.0,2
6220,1610481,BinnieBoy,735.7,1359.3,311.8,1
6221,4907448,Looney,735.6,1260.0,262.2,1
6222,4907383,Saiki,735.6,1260.0,262.2,1
6223,5367321,Naraku,735.6,1260.0,262.2,1
6224,987178,Nicing,735.5,1281.0,272.7,1
6225,1212394,Casino | ANTSAM,735.5,1266.2,265.4,3
6226,134664,Nondough,735.0,1337.7,301.3,1
6227,2057061,OLD | Texafornia,735.0,1304.3,284.7,1
6228,5452717,Nintendo F,735.0,1179.0,222.0,2
6229,1994515,PlasticEater,734.8,1273.7,269.4,1
6230,3160053,Eda,734.7,1267.8,266.5,1
6231,3110308,MTV | Mattmeister301,734.7,1282.6,274.0,1
6232,3794003,Afro.FightR,734.7,1337.7,301.5,1
6233,3745058,DAG,734.6,1227.7,246.6,2
6234,5191726,FiletMignano7,734.3,1261.1,263.4,1
6235,2156830,SJ | Rutgers | CinnamonBuns,734.3,1261.1,263.4,1
6236,5379593,strangedaze,734.2,1253.9,259.8,1
6237,5429872,Pvphurts,734.1,1165.0,215.4,2
6238,4039599,Anonymous,734.1,1175.5,220.7,5
6239,1083679,ALUC,734.0,1320.5,293.2,1
6240,4922523,Mungo,733.8,1128.2,197.2,4
6241,713077,Urgaan,733.7,1373.9,320.1,1
6242,1590088,Goldsmith,733.7,1381.9,324.1,1
6243,5469872,Radiance,733.5,1235.7,251.1,2
6244,1211230,Pistachio,733.5,1259.7,263.1,5
6245,4339267,A1 marine,733.3,1291.4,279.0,1
6246,5476857,Amoeba,733.2,1175.9,221.3,2
6247,1186180,Pado,733.2,1304.6,285.7,2
6248,966182,Smunch,732.9,1344.7,305.9,1
6249,1588002,Dmatts,732.9,1303.3,285.2,2
6250,4784863,Ashton,732.9,1337.7,302.4,1
6251,1671602,Kdub,732.8,1351.7,309.4,1
6252,5481304,Ducky,732.7,1063.6,165.4,9
6253,1152692,Robin,732.6,1386.8,327.1,1
6254,1152624,NSM DJP,732.6,1386.8,327.1,1
6255,1152592,TTN Jerm,732.6,1386.8,327.1,1
6256,3761490,WAWAYANDA,732.6,1215.9,241.6,2
6257,4762310,Cashmmm23m,732.5,1337.7,302.6,1
6258,1667521,Pangoo,732.4,1350.6,309.1,1
6259,1658683,Bubbles,732.4,1350.6,309.1,1
6260,1548148,ENC | LATORR,732.4,1292.9,280.2,2
6261,5367295,Valco,732.4,1169.7,218.7,2
6262,5521254,Adrii,732.4,1161.0,214.3,2
6263,4803855,NerdGod,732.2,1286.5,277.2,1
6264,1029111,Mugiwara,732.2,1286.5,277.2,1
6265,5260467,KONICHIWA VB3 | Riblet,732.1,998.0,133.0,17
6266,2583352,Mike,732.0,1291.7,279.8,2
6267,1419586,Rat Gang | Prime,731.9,1360.6,314.4,1
6268,1380914,MsPandemic,731.9,1360.6,314.4,1
6269,5212177,Copito,731.8,1103.4,185.8,8
6270,62687,Zaniel,731.7,1265.0,266.7,1
6271,2957865,Coolmantg,731.6,1277.8,273.1,2
6272,158310,Ho3K | ProJo,731.5,1384.0,326.2,1
6273,4308585,shark,731.4,1337.7,303.1,1
6274,2706967,crobles,731.4,1337.7,303.1,1
6275,4722257,Apollyon / Okaru,731.4,1337.7,303.1,1
6276,1753105,Cboi,731.4,1348.5,308.5,1
6277,1222343,Azul,731.3,1396.6,332.7,1
6278,1015268,TastySafry,731.3,1396.6,332.7,1
6279,1165082,M2fires,731.2,1370.8,319.8,1
6280,401079,Aydin,731.2,1370.8,319.8,1
6281,4720474,Dmi | Marie_ow,730.9,1232.1,250.6,2
6282,734978,Iron Grid | TG | Morrasod,730.9,1224.6,246.8,3
6283,1204576,Kai,730.9,1371.9,320.5,1
6284,1213302,Skilled Roy,730.7,1251.1,260.2,4
6285,3424178,adbarto,730.6,1303.5,286.5,1
6286,49043,crash,730.6,1340.3,304.9,1
6287,608416,Sir Nose,730.6,1340.3,304.9,1
6288,5225515,PikePerch,730.5,1257.3,263.4,1
6289,798219,Mikaldo,730.4,1389.6,329.6,1
6290,411819,DH | Ashmin,730.4,1389.6,329.6,1
6291,4251810,Paper,730.3,1289.7,279.7,1
6292,3643471,Prod,730.0,1297.5,283.7,1
6293,3339003,NexusZero,729.9,1301.0,285.5,1
6294,1281850,Kopa,729.9,1295.7,282.9,2
6295,1394681,David,729.9,1386.1,328.1,1
6296,1178479,java,729.9,1372.7,321.4,1
6297,1199304,Mugetsu,729.8,1372.5,321.3,1
6298,1003574,Tonystarch,729.8,1283.6,276.9,5
6299,4450844,0-2 hero | therealrubyred,729.8,1132.7,201.5,3
6300,5004805,RecceGamerBoi,729.6,1277.4,273.9,1
6301,144157,CGCTCP | Noose,729.6,1248.5,259.5,4
6302,1693661,Naz | Ethanminister,729.6,1221.9,246.2,2
6303,5288211,Nick,729.4,1252.9,261.8,1
6304,4306492,2HV,729.2,1293.4,282.1,1
6305,5498355,David_Savage | dsavage49,729.1,1168.7,219.8,2
6306,3980981,Dinoboy,728.6,1095.5,183.4,6
6307,5235509,Breadmasterio,728.6,1182.1,226.7,2
6308,2524857,Angel,728.6,1337.7,304.6,1
6309,3442662,Giotaro,728.6,1337.7,304.6,1
6310,4536930,FU | YoloD.,728.4,1268.8,270.2,1
6311,2625948,ShiroMiku,728.4,1268.8,270.2,1
6312,5251244,D Touch Ya,728.3,1179.6,225.7,3
6313,1786910,BrightApollo,728.2,1337.7,304.7,1
6314,4576300,Nugget,728.2,1337.7,304.7,1
6315,4823556,Jayrosen,728.1,1187.0,229.4,2
6316,2342205,HBK | Havoc,728.0,1345.9,308.9,1
6317,48798,WFGC | Emil,727.9,1307.0,289.5,2
6318,4820838,JacobEqualsGood | othawise,727.9,1192.6,232.4,2
6319,1622528,Ericdj,727.6,1343.7,308.0,1
6320,4990865,Jayman,727.5,1083.6,178.1,4
6321,2427862,Nightmare,727.4,1149.2,210.9,4
6322,2144192,Crixsix,727.2,1362.6,317.7,1
6323,4907461,Dae,727.1,1183.3,228.1,2
6324,3616447,MurZombies,727.1,1300.8,286.9,1
6325,64666,The Omni Blade,727.1,1300.8,286.9,1
6326,1137347,Merciful,727.0,1318.5,295.7,2
6327,5462393,Headphonelll,726.9,1136.3,204.7,3
6328,4640343,Sloth4K,726.8,1252.9,263.0,1
6329,5255133,Happyfeet,726.8,1252.9,263.0,1
6330,4514352,kkdrip456,726.4,1337.7,305.6,1
6331,4513131,Joseph Ryan,726.4,1337.7,305.6,1
6332,5282557,Tweek,726.0,1199.9,236.9,2
6333,56473,Burst / Pharaoh,725.7,1337.7,306.0,1
6334,156844,Gloves,725.6,1261.0,267.7,2
6335,3100376,QU | doubleupdingo,725.6,1294.6,284.5,1
6336,2208017,Crisis87,725.5,1147.7,211.1,7
6337,2262955,UNH | Jollification,725.5,1251.5,263.0,1
6338,1342933,The World,725.4,1346.0,310.3,1
6339,1737081,Deedle,725.4,1346.0,310.3,1
6340,1666428,Quick silver,725.4,1346.0,310.3,1
6341,1633836,davidson,725.4,1344.5,309.6,1
6342,1261593,DBJ,725.4,1317.9,296.3,2
6343,1382316,Mattx1999,725.1,1353.1,314.0,1
6344,1385206,JustAGuy,725.1,1353.1,314.0,1
6345,700679,kingjamjamjam,725.1,1353.1,314.0,1
6346,1599043,Goldsmith,725.1,1298.3,286.6,2
6347,3194499,Kura (B),725.0,1164.0,219.5,3
6348,240904,GRNT | Ippo,724.9,1320.9,298.0,2
6349,1167074,Onii-chan / sweeney,724.7,1367.8,321.5,1
6350,1167845,bye,724.7,1367.8,321.5,1
6351,999550,Tarbox,724.6,1236.1,255.7,6
6352,4457404,Nince,724.3,1337.7,306.7,1
6353,1768507,SnR | Null,724.3,1342.2,308.9,1
6354,999767,BG | Wumbosaurus,724.3,1342.2,308.9,1
6355,422398,WPGL | Regia,724.3,1342.2,308.9,1
6356,1082864,DNY | Mr. BIG BU$INES$,724.3,1109.0,192.4,4
6357,3131712,PeaceEIY,724.0,1165.2,220.6,2
6358,1378176,Adam,724.0,1356.7,316.3,1
6359,2843033,xxjbyrne59,724.0,1316.5,296.3,1
6360,5011702,Sunspark,723.9,1127.1,201.6,3
6361,1753310,PTD | Migo,723.8,1298.6,287.4,1
6362,3874983,Stardust,723.8,1298.6,287.4,1
6363,2898812,503 | froggy bottomz,723.8,1298.6,287.4,1
6364,260477,KidApollo,723.8,1381.7,329.0,1
6365,1175837,RNJesus,723.7,1302.3,289.3,2
6366,5288210,yasin,723.5,1175.3,225.9,2
6367,482251,Joltman,723.5,1305.3,290.9,2
6368,1732702,Yelta,723.3,1329.7,303.2,1
6369,3884502,BIG | tiggy,723.3,1303.3,290.0,1
6370,1033756,Moofs,723.2,1147.5,212.1,5
6371,1373194,ArmoredAI,723.2,1294.7,285.7,2
6372,1188249,Rey,723.1,1364.0,320.4,1
6373,678560,TouRine,723.1,1364.0,320.4,1
6374,4295742,meebo,723.1,1132.1,204.5,6
6375,4281248,Prince marz,722.9,1337.7,307.4,1
6376,2528990,s u c c,722.9,1337.7,307.4,1
6377,4401649,Jackalope,722.9,1337.7,307.4,1
6378,4412223,cece,722.9,1337.7,307.4,1
6379,3647932,Toast,722.9,1337.7,307.4,1
6380,2975740,Darneld | Leviticus Sackington,722.9,1337.7,307.4,1
6381,2174205,Iftach,722.8,1142.6,209.9,5
6382,1042501,bobz,722.8,1210.9,244.1,5
6383,5207796,Bport | Circle,722.7,1252.4,264.8,1
6384,995949,Razorfang,722.7,1357.3,317.3,1
6385,2828456,Entity,722.7,1298.9,288.1,1
6386,3903444,Ayngel,722.5,1166.1,221.8,6
6387,5070665,Bloom,722.4,1284.7,281.2,1
6388,4592885,Hexia,722.4,1284.7,281.2,1
6389,5241804,MJ,722.4,1255.4,266.5,1
6390,4966428,Ric,722.2,1254.7,266.2,1
6391,898173,IONA | Mr. SMILEY,722.2,1381.0,329.4,1
6392,4870146,idk | Gurugamish,722.1,1263.0,270.5,1
6393,4978525,Cranklinson,722.1,1257.2,267.6,1
6394,4427534,Rchiu,722.1,1257.2,267.6,1
6395,1360179,new challenger,721.9,1350.1,314.1,1
6396,1272725,Vee,721.9,1350.1,314.1,1
6397,43421,Darren,721.9,1350.1,314.1,1
6398,2359863,George,721.8,1338.2,308.2,1
6399,1388706,J,721.5,1342.5,310.5,1
6400,2454296,15 | MichaelNinesFan15,721.4,1143.4,211.0,6
6401,2733766,Deku_CN,721.3,1199.3,239.0,2
6402,1502373,Washndry,721.3,1348.7,313.7,1
6403,4651542,Swagboi21,721.2,1266.8,272.8,1
6404,5238517,c2gs Alex,721.0,1186.9,232.9,2
6405,3651930,mel,720.8,1147.6,213.4,3
6406,1513799,silversteve,720.6,1275.5,277.4,2
6407,5015952,QuestTaker,720.6,1143.2,211.3,3
6408,5251285,PRXPHECY,719.9,1110.4,195.2,3
6409,4299704,TempleGuardGold,719.7,1337.7,309.0,1
6410,1142550,Killer N,719.6,1367.7,324.0,1
6411,5203964,Patcool,719.5,1255.9,268.2,1
6412,5185664,Powowster,719.5,1279.8,280.2,1
6413,1006204,Lunarnaut,719.3,1192.0,236.3,3
6414,3934822,Cheddar Chaser,719.1,1280.9,280.9,1
6415,4928334,LBonk,719.1,1273.6,277.3,1
6416,3897283,George,719.0,1257.0,269.0,2
6417,2181609,Crow,718.7,1323.7,302.5,2
6418,1588985,Skilled Roy,718.6,1308.1,294.8,2
6419,4203934,Galxk,718.5,1272.0,276.7,1
6420,2929491,Henry(Afton),718.5,1272.0,276.7,1
6421,1502369,RamRnch,718.5,1266.8,274.1,4
6422,3222589,GOD | Magically,718.4,1279.4,280.5,1
6423,3046382,SeanHamilton,718.4,1273.5,277.6,2
6424,5170054,Josi,718.3,1251.2,266.4,1
6425,1119607,totaroz,718.3,1342.5,312.1,1
6426,4762316,Silvergolden17,717.9,1252.7,267.4,2
6427,3540745,Mai Gai,717.9,1274.0,278.0,2
6428,2695327,rubi,717.8,1316.9,299.5,1
6429,534625,Beef Milk,717.8,1302.1,292.2,2
6430,4381320,namednugget,717.5,1161.8,222.1,2
6431,4716280,gnarlydave,717.5,1299.2,290.8,2
6432,1488659,byler,717.4,1316.9,299.8,2
6433,5249722,HandySeal22,717.3,1104.8,193.7,4
6434,4162195,B,717.3,1337.7,310.2,1
6435,1562365,goona,717.2,1337.3,310.0,1
6436,2583870,JustDru,717.2,1060.8,171.8,7
6437,2442955,gay bowser,717.0,1317.8,300.4,2
6438,3619992,Dr_MaxD,716.8,1286.8,285.0,1
6439,1113264,M2 | Marqyse,716.8,1186.1,234.7,4
6440,2972388,Saturn,716.6,1163.7,223.6,4
6441,4162423,Defunk,716.5,1275.8,279.6,1
6442,4539214,hani,716.5,1236.7,260.1,2
6443,547328,Ambi,716.4,1388.3,336.0,1
6444,4486918,chris,716.2,1277.7,280.8,1
6445,4486913,Waz,716.2,1277.7,280.8,1
6446,804524,RingoTheMonkey,716.1,1366.5,325.2,1
6447,1466003,V-Bucks,716.1,1341.1,312.5,1
6448,1335526,Mn,715.6,1279.4,281.9,2
6449,129886,MiST | Kayuga,715.6,1061.5,172.9,8
6450,5093063,SamChes327,715.6,1250.7,267.6,1
6451,157455,We Are | Cannagar,715.4,1207.3,245.9,2
6452,4792186,melvile,715.4,1259.5,272.1,1
6453,1255588,Tyland,715.2,1157.5,221.1,13
6454,1657566,aroo / Neo,715.1,1303.9,294.4,2
6455,1361938,MusicalJoker,715.1,1312.6,298.8,1
6456,4317878,WONDER.OF.U,714.9,1155.8,220.4,3
6457,3892535,SuperMe,714.8,1266.2,275.7,1
6458,4581448,MZ,714.8,1266.2,275.7,1
6459,1488646,jeans3,714.7,1282.9,284.1,2
6460,2925444,UNH | Cherrisoda,714.5,1134.9,210.2,5
6461,3864386,MKUltra Instinct,714.5,1052.4,169.0,9
6462,4359723,Magma,714.4,1158.5,222.0,4
6463,3026055,Squadala!!!,714.3,1155.3,220.5,2
6464,2647582,TPretzel,714.3,1321.4,303.6,1
6465,2063472,SYN | Padrino,714.3,1321.4,303.6,1
6466,3746712,WTG | Tonic,714.2,1276.2,281.0,1
6467,3659561,Kaptain,714.2,1276.2,281.0,1
6468,1867704,DAP1,714.0,1272.2,279.1,1
6469,4726946,benn 9 9 9,713.9,1252.7,269.4,2
6470,4423766,Nasa,713.6,951.9,119.1,26
6471,5116979,LaytNytes,713.5,1251.5,269.0,1
6472,1313932,Zenovex,713.3,1351.9,319.3,1
6473,152432,Chief Sokka,713.3,1351.9,319.3,1
6474,1318561,TDD | Totto,713.3,1351.9,319.3,1
6475,4802691,Niz,713.1,1249.6,268.2,1
6476,1437820,Professor KO,712.9,1367.4,327.3,1
6477,1437792,Mommy,712.9,1367.4,327.3,1
6478,1444017,Massi,712.9,1367.4,327.3,1
6479,1444023,bri,712.9,1367.4,327.3,1
6480,2724299,Vidiot,712.8,1240.4,263.8,1
6481,1449565,potato,712.8,1278.9,283.1,2
6482,4087304,BlazeN,712.7,1218.6,252.9,2
6483,1936086,CHEDDA/GG,712.7,1210.7,249.0,2
6484,1620873,NKA | Dragon,712.6,1313.4,300.4,2
6485,5007074,JMoth,712.5,1247.7,267.6,2
6486,2313751,<>< | FroggiGutts,712.3,1269.1,278.4,2
6487,1537942,spacebrogabe,712.2,1204.5,246.2,4
6488,3307592,StriFe,712.0,1337.7,312.8,1
6489,3984999,sharmus,712.0,1337.7,312.8,1
6490,3904741,Sanslatty,712.0,1337.7,312.8,1
6491,5195409,GG | Penny,711.9,1111.6,199.8,3
6492,3133939,Inescapable,711.9,1032.1,160.1,11
6493,3679006,PS | DED | Elite_DRIFT,711.8,1016.0,152.1,18
6494,712382,Vpal,711.6,1363.3,325.9,1
6495,1028935,Mike G,711.6,1363.3,325.9,1
6496,1698768,LV,711.5,1345.0,316.7,1
6497,4327832,Nasa,711.4,1208.2,248.4,3
6498,5469937,Country,711.4,1267.9,278.3,1
6499,2557370,Invinciblle,711.3,1179.6,234.1,2
6500,1679029,coolamp,711.0,1300.7,294.8,2
6501,558281,Bocaj,710.9,888.2,88.6,55
6502,1655989,SweetMayo,710.9,1256.9,273.0,4
6503,36503,Ayden,710.8,1311.5,300.4,2
6504,4959494,Goob,710.5,1092.9,191.2,4
6505,2348080,Indy,710.4,1318.8,304.2,1
6506,3338691,dmifflin44,710.4,1274.2,281.9,1
6507,5236296,Special K / Pews X,710.3,1251.2,270.5,1
6508,5186977,TheDon28,710.3,1282.0,285.9,1
6509,1858222,Grailboyz | dogoshii,710.3,1282.0,285.9,1
6510,3683989,qwerty,710.2,1152.0,220.9,4
6511,641506,Shinigami of Miracles,710.1,1244.9,267.4,1
6512,2695101,DLG | Bengence,709.9,1337.7,313.9,1
6513,402388,Alex,709.9,1271.7,280.9,1
6514,2579365,ogs,709.8,1308.2,299.2,1
6515,5002186,malbino,709.8,1261.2,275.7,1
6516,5114130,dGamezAtHome,709.8,1261.2,275.7,1
6517,5417615,toga,709.7,1163.9,227.1,2
6518,5163580,67 | SkibidiLabubuRizzPhonk,709.7,1163.9,227.1,2
6519,1642464,PADB,709.7,1145.2,217.8,2
6520,35711,Wavy J,709.6,1309.8,300.1,2
6521,433828,Nana,709.5,1280.0,285.2,2
6522,1488639,grongnort,709.5,1315.8,303.2,2
6523,5140276,:3 | Aether,709.3,1061.3,176.0,5
6524,5195476,Impact,709.2,1157.6,224.2,2
6525,4368487,Kev Oleary,709.1,1261.4,276.1,1
6526,171152,ZooK,709.1,1157.1,224.0,3
6527,3628522,Pcookie72,709.0,1303.8,297.4,1
6528,4791903,Kedamine,708.8,1260.0,275.6,1
6529,4668535,julius,708.6,1267.4,279.4,1
6530,4668511,limilight,708.6,1267.4,279.4,1
6531,5090756,dao,708.4,1174.9,233.3,2
6532,5471199,bawp it,708.3,1188.9,240.3,2
6533,971707,SKD,708.0,1285.1,288.5,2
6534,5172356,Neja,708.0,1252.7,272.4,1
6535,4450409,Daddy Bowser / Mlillo90,707.8,1263.4,277.8,1
6536,853589,AlteredBeast / NICKTENDO64,707.8,1263.4,277.8,1
6537,4450699,DJSkull,707.8,1263.4,277.8,1
6538,155785,FSLink,707.7,1360.1,326.2,1
6539,842972,Santana Himself,707.7,1360.1,326.2,1
6540,2909572,SMN/BB | samba_migo,707.7,1162.7,227.5,2
6541,3185421,Frostbite,707.6,1232.5,262.5,2
6542,4507750,ROSE | Carmine,707.5,1147.2,219.8,2
6543,2354083,Funky Monkey,707.4,1082.4,187.5,5
6544,2519433,MUE | Anc,707.4,1267.5,280.1,2
6545,257973,Mulldrifter,707.1,1327.0,309.9,1
6546,1335553,Edzombie,707.0,1264.6,278.8,2
6547,1335512,Fly NY,707.0,1264.6,278.8,2
6548,1885777,sav,706.9,1295.1,294.1,1
6549,4963734,TowableLamp,706.8,1148.7,221.0,2
6550,5139057,Zer0flex<3,706.7,1241.8,267.5,2
6551,1798013,Roy-L-Tea,706.6,1250.0,271.7,2
6552,3653871,TUNAAKECHI,706.3,1123.8,208.8,6
6553,1538012,MANONDORF,706.3,1328.9,311.3,1
6554,4630725,Cheech,706.3,1262.1,277.9,1
6555,4386696,Tane,706.2,1284.4,289.1,1
6556,795777,TwizzyBomb,706.2,1272.2,283.0,3
6557,1116586,Russian,705.9,1350.7,322.4,1
6558,1116994,kiru,705.9,1350.7,322.4,1
6559,3731012,Iron | Ironation,705.7,1144.7,219.5,2
6560,2933123,NG -,705.7,1240.3,267.3,2
6561,4550587,BeetleCandy,705.6,1120.6,207.5,3
6562,3559783,el3ktra,705.4,1278.3,286.5,1
6563,1383891,Narwhal,705.4,1218.6,256.6,4
6564,1230827,ENC | LATORR,705.2,1189.3,242.0,7
6565,972469,Venuss,704.7,1360.7,328.0,1
6566,1016773,Texes,704.7,1360.7,328.0,1
6567,13650,DSB | Byron,704.7,1360.7,328.0,1
6568,1754875,FSC | Lavolon,704.5,1105.3,200.4,8
6569,3338470,TNR | DaysCrossing,704.5,1235.6,265.6,1
6570,1277080,12G | nutmilk,704.4,1327.9,311.8,1
6571,2759501,Crono,704.4,1327.9,311.8,1
6572,5255252,MikeyTime,704.4,1144.2,219.9,3
6573,4972501,Nick | ImHereSoIDontGetFined,704.4,1198.8,247.2,2
6574,1464203,zuma,704.3,1280.7,288.2,2
6575,2483379,yes,704.1,1270.2,283.0,1
6576,4187507,BlazeN,704.0,1219.1,257.5,2
6577,1419655,aroo,703.9,1098.5,197.3,68
6578,1005770,Spooncan,703.8,1189.7,242.9,9
6579,2667545,Nort!,703.8,1313.6,304.9,1
6580,1261592,God is Ned,703.8,1309.0,302.6,2
6581,127983,Sensei / Glentendo,703.7,1306.0,301.2,1
6582,1803609,LzR | Kwan,703.5,1322.2,309.3,1
6583,3092754,Lindsey7402,703.4,1337.7,317.1,1
6584,2768165,Texas Red >:3,703.4,1337.7,317.1,1
6585,5037204,MRgolden,703.2,1196.4,246.6,2
6586,3780343,Speedyon,702.9,1210.2,253.7,2
6587,861063,bobandjim,702.9,1258.3,277.7,5
6588,355046,UberCheesecake,702.9,1207.7,252.4,4
6589,1239180,eo2,702.6,1317.6,307.5,2
6590,4589994,MSMC | Mouse,702.6,1252.8,275.1,1
6591,1323203,theNewYorkTims,702.5,1321.8,309.6,2
6592,4615220,FgLg,702.4,1255.9,276.7,1
6593,4618076,Montana,702.4,1255.9,276.7,1
6594,940439,Croquetto,702.3,1207.5,252.6,8
6595,64672,607 | Birdie,702.3,1048.1,172.9,9
6596,856286,Dominion,702.2,1260.8,279.3,1
6597,4767607,Theboom1,702.2,1190.6,244.2,2
6598,1213416,Lucas,702.1,1310.2,304.0,2
6599,530408,Kaxemer,702.1,1269.1,283.5,1
6600,5344723,MyrtleMaf | Gmail,701.9,1142.5,220.3,2
6601,2972185,Chungus,701.8,1179.8,239.0,2
6602,5457385,SteelPenguin947,701.8,1087.8,193.0,3
6603,3533471,Moon Reaper,701.7,1337.7,318.0,1
6604,1584529,Whirlpool / Jojo's Reference,701.7,1383.4,340.8,1
6605,977152,Nitro / galen,701.7,1383.4,340.8,1
6606,2132975,Help | Boop,701.7,1149.3,223.8,2
6607,2502485,livia,701.6,1130.2,214.3,3
6608,3613119,Starzz,701.3,1337.7,318.2,1
6609,1782821,Pulk,701.3,1268.1,283.4,1
6610,5427654,kptheking,701.3,1231.4,265.0,1
6611,4715602,Avenger B,701.3,1231.4,265.0,1
6612,2004373,Mula,701.1,1350.8,324.9,1
6613,2539891,jibajabber,701.1,1350.8,324.9,1
6614,2121943,SunSamurai,700.9,1182.4,240.7,2
6615,1213190,tony,700.9,1318.0,308.5,2
6616,1409160,George,700.9,1292.5,295.8,2
6617,5319284,Judhead,700.9,1138.8,219.0,2
6618,1151282,Crowley,700.6,1283.1,291.3,2
6619,1263071,9144712614 | AcidBarrel,700.5,1332.5,316.0,1
6620,5264387,BEEF,700.2,1173.7,236.8,2
6621,276302,Sr Skull,700.0,1320.7,310.3,1
6622,3531213,Will G,700.0,1337.7,318.9,1
6623,3095574,Magikoopa,700.0,1337.7,318.9,1
6624,1031997,SSBM | Disc,699.9,1338.5,319.3,1
6625,1178684,Aurabolt,699.9,1338.5,319.3,1
6626,1996784,Nemi,699.9,1152.8,226.4,7
6627,4511602,Mr. T,699.6,1266.0,283.2,1
6628,2875230,Unminutto,699.4,1220.9,260.7,2
6629,3935870,NEFN | SkyFoxBox,699.3,1184.8,242.7,2
6630,1057144,CSR | Halfcraft,699.2,1172.0,236.4,3
6631,3530384,Vividian,699.2,1268.1,284.5,1
6632,1299694,popstar,699.0,1304.3,302.6,2
6633,4681611,Quixote,698.9,1159.9,230.5,2
6634,738358,Martial / Karma,698.8,1327.4,314.3,1
6635,4043792,SCFC | TweMBE,698.7,1263.9,282.6,1
6636,3811828,Toximay,698.7,1299.7,300.5,1
6637,5198081,LinkIsHot,698.6,1239.8,270.6,1
6638,4777697,FSC | MoltenCinder,698.5,1246.7,274.1,1
6639,2415070,decodedangel,698.4,1236.5,269.0,2
6640,3015722,KamenHero551,698.4,940.2,120.9,48
6641,454053,BeefMilk,698.3,1264.6,283.1,3
6642,1109453,B4mbi,698.2,1290.1,295.9,2
6643,1588265,Jourzzo,698.1,1282.3,292.1,2
6644,1303459,BUTLR,698.0,1325.6,313.8,2
6645,4069218,Crisiscrumble777,697.7,1139.5,220.9,2
6646,1443023,Alfred,697.7,1383.4,342.8,1
6647,1443925,yuri,697.7,1383.4,342.8,1
6648,1443909,Keeylo,697.7,1383.4,342.8,1
6649,2927177,HeyZeus,697.7,1383.4,342.8,1
6650,1542022,P0d ki113r,697.5,1329.5,316.0,2
6651,2240212,Haru / Shitheed,697.4,1301.5,302.0,1
6652,3170226,GNF | ArmorUp,697.3,1199.6,251.2,2
6653,2722214,Dee,697.2,1220.9,261.9,2
6654,4980159,ryan.mohasin,696.9,1103.6,203.4,3
6655,1186181,Queras,696.8,1308.5,305.8,2
6656,2432455,GoldHawk,696.8,1072.1,187.7,6
6657,2958007,gratreedi,696.6,1102.0,202.7,6
6658,1213415,Antony,696.5,1322.3,312.9,2
6659,1093927,Notorious D.U.Q.,696.5,1192.3,247.9,7
6660,3279756,ProximaCc,696.4,1107.7,205.6,4
6661,4223482,homie,696.3,1227.7,265.7,1
6662,25577,N8,696.2,1337.7,320.7,1
6663,3402139,Trish,696.2,1337.7,320.7,1
6664,2362994,zam,696.2,1282.8,293.3,1
6665,1251412,xz,696.0,1293.6,298.8,2
6666,1451789,Waluigi,696.0,1259.2,281.6,2
6667,1105777,killer,695.9,1343.9,324.0,1
6668,1218925,Spant,695.7,1252.2,278.3,4
6669,3063215,Icemarvel07,695.7,1277.4,290.9,1
6670,917969,Ghetsis,695.7,1277.4,290.9,1
6671,5450657,Kizokills,695.6,1039.5,172.0,6
6672,654948,ADvers1ty,695.4,1270.4,287.5,2
6673,5236681,DuFatMuDKIP,695.3,1255.3,280.0,1
6674,3406816,1 | Donutdonut,695.2,1337.7,321.2,1
6675,3395721,Przphantacy,695.2,1337.7,321.2,1
6676,1059029,NiP,695.1,1312.5,308.7,2
6677,1007071,Squigz,694.8,1327.1,316.2,1
6678,1137354,Trace,694.7,1309.5,307.4,2
6679,3165166,Finkledork,694.7,1208.3,256.8,2
6680,1588085,SuperSweet,694.6,1227.3,266.3,4
6681,250016,Lou,694.5,1321.3,313.4,1
6682,5091835,Yarrrg!,694.4,1279.1,292.4,1
6683,978405,Ikana,694.3,1203.9,254.8,2
6684,5309657,PattyCakes,694.1,1228.2,267.0,1
6685,3915846,WOODY,694.1,1258.0,281.9,1
6686,138022,Jettset,694.1,1277.2,291.6,2
6687,1502367,silversteve,693.7,1319.3,312.8,1
6688,4590245,Tyttron1273 / DEATHSTROKE.U.L.T.,693.6,1255.6,281.0,1
6689,4613287,Bug64 / LegendLink16,693.6,1255.6,281.0,1
6690,1047945,ghost,693.4,1312.4,309.5,2
6691,5475972,skelly,693.4,1193.6,250.1,3
6692,1897561,RaS | | FlaringAqua,693.3,1270.1,288.4,2
6693,1323175,Cupcake,693.3,1294.4,300.5,2
6694,1151291,Goofy,693.3,1302.9,304.8,2
6695,3733537,Magic,693.2,1178.2,242.5,2
6696,5135890,ShulkStar89,693.2,1128.2,217.5,3
6697,1240860,CG9,693.0,1200.2,253.6,5
6698,4353210,Magolor4748,692.7,1225.0,266.1,2
6699,156936,ENC | Barry,692.7,1015.5,161.4,68
6700,465255,Bagel is Friend,692.4,1236.6,272.1,1
6701,5504618,opiter09,692.3,1218.1,262.9,1
6702,2731888,Cartoon,692.2,1337.7,322.7,1
6703,2436324,APFalcon,692.1,1135.9,221.9,6
6704,2847959,Paws420,692.1,1121.9,214.9,3
6705,1110301,Soul,691.9,1355.3,331.7,1
6706,5300719,ZitiTrifling,691.7,1139.6,223.9,2
6707,5052224,William,691.6,1231.4,269.9,1
6708,1411952,Dr. Death105,691.3,1255.0,281.9,2
6709,3731849,gabendorf,691.1,947.7,128.3,59
6710,5083421,Jasona_5,691.0,1241.5,275.3,1
6711,2562020,ViperWolf,690.9,1269.7,289.4,2
6712,2610745,Maidenless | SodaJuice,690.9,1269.7,289.4,2
6713,3870660,Sweeney,690.9,1256.5,282.8,1
6714,3748160,IND | ISheika Zubac,690.6,1073.9,191.7,4
6715,5144598,vemsoh,690.5,1236.2,272.8,1
6716,5160179,Coop,690.5,1095.1,202.3,3
6717,3613127,Kaiju24,690.5,1006.9,158.2,24
6718,5278975,The Senate,690.4,1145.4,227.5,2
6719,5278518,Jr,690.4,1145.4,227.5,2
6720,3021157,SpiggitySpoo,690.3,1195.4,252.5,2
6721,1491803,Feet | boi,690.1,1310.2,310.0,1
6722,1247378,MBS | eruuc,689.8,1288.4,299.3,1
6723,1998728,RR | Hikari Kiti,689.8,1288.4,299.3,1
6724,4299016,67 | Eeffoc,689.8,1181.4,245.8,2
6725,2890480,TapH2o,689.8,1138.8,224.5,2
6726,2415208,George,689.7,1252.7,281.5,2
6727,3799104,MrLPika,689.4,1252.7,281.6,2
6728,3799108,Djohnmark,689.4,1252.7,281.6,2
6729,1137349,BigChungus,689.4,1276.7,293.7,2
6730,3389554,Zest,689.4,1292.7,301.7,1
6731,4149565,SeaneBuns,689.3,1082.1,196.4,6
6732,5502700,brayden,689.2,1127.7,219.3,2
6733,4291633,Swiss,688.8,1171.7,241.4,2
6734,325330,Meta,688.7,1278.6,295.0,1
6735,1837506,Brobo,688.7,1278.6,295.0,1
6736,32315,BB | Henshin,688.7,1278.6,295.0,1
6737,1286847,ME | Stinzy,688.7,1278.6,295.0,1
6738,1683383,grung nort,688.6,1246.2,278.8,2
6739,5464038,Altru,688.4,1131.7,221.7,2
6740,70443,TaDavidID,688.4,1164.3,237.9,2
6741,1599016,Bwa,688.2,1308.4,310.1,1
6742,4380618,Aether,687.8,1105.3,208.8,4
6743,5344673,Blab | Blabbers,687.7,1220.2,266.2,1
6744,1349080,Dos Toro,687.5,1276.0,294.2,2
6745,3605719,Cxpher,687.5,1184.1,248.3,2
6746,4863036,L,687.4,1235.6,274.1,1
6747,1706669,OJ,687.3,1262.7,287.7,2
6748,3896098,Mykarm.,687.2,1139.7,226.3,2
6749,3122762,Zest,687.2,1337.7,325.3,1
6750,1204643,UberCheesecake,687.1,1313.2,313.0,1
6751,1002126,RIPoste,687.1,1313.2,313.0,1
6752,977123,Sol | Octo,686.7,1203.4,258.3,2
6753,4274389,Slumped,686.5,1235.9,274.7,1
6754,2216009,M0byWik,686.3,1254.5,284.1,2
6755,1286604,Smad,685.8,1330.9,322.5,2
6756,3693172,CheekyCoyote / RiverMage,685.6,1252.7,283.6,2
6757,5521250,P Fuego,685.6,1126.6,220.5,2
6758,2802358,snat!,685.3,1283.0,298.8,1
6759,1227995,Mr Morty,685.2,1278.5,296.6,2
6760,1351625,Clutch,685.2,1312.0,313.4,1
6761,1428738,fortnite,685.2,1312.0,313.4,1
6762,1178622,L3gacy,684.9,1265.8,290.4,2
6763,1981391,COLDFACE,684.8,1246.6,280.9,2
6764,1303482,xSpantx,684.8,1329.2,322.2,2
6765,4922478,dao,684.6,1238.2,276.8,1
6766,3652186,Rezi,684.4,1252.7,284.1,2
6767,3471355,ZeroNebula,684.4,1082.8,199.2,3
6768,2432540,TSG | Marnix4PF,684.3,1194.6,255.2,3
6769,4985527,CAROUSEL | noro,684.2,1177.4,246.6,2
6770,4984813,CAROUSEL | zombie,684.2,1177.4,246.6,2
6771,68786,Help Me | Stepbro! I'm Homestuck,684.2,1337.7,326.8,1
6772,4823448,789,684.1,1161.9,238.9,2
6773,4805415,Wack,684.0,1230.8,273.4,1
6774,2999087,Siris,683.8,1337.7,326.9,1
6775,3994062,Raury,683.8,1234.4,275.3,1
6776,2693674,oRion,683.7,1134.7,225.5,5
6777,1287565,Deaf,683.4,1331.6,324.1,2
6778,3318307,PP | Bebopbobep69,683.3,1140.8,228.7,3
6779,5370148,Steven,683.0,1073.9,195.4,4
6780,1714929,Sway,682.8,1256.5,286.8,1
6781,2700784,SpamU,682.8,1256.5,286.8,1
6782,3538605,venturing,682.8,1266.8,292.0,1
6783,1163658,CREAM,682.7,1265.6,291.5,2
6784,1163651,Cooking Mama,682.7,1265.6,291.5,2
6785,2495573,ErikF25,682.5,1337.7,327.6,1
6786,1409156,Akira,682.4,1284.4,301.0,2
6787,1562522,PuppyCat,682.4,1270.9,294.2,1
6788,5233746,Zay | Stitch,682.4,1220.6,269.1,1
6789,5319692,Tlaloc,682.2,1217.9,267.8,1
6790,1033744,NotBlAkE,682.2,1124.2,221.0,2
6791,2899836,NinjaNisi,682.2,1337.7,327.8,1
6792,2643052,GIANT | DJnutz,681.8,1136.4,227.3,5
6793,2423208,dorkasaurus_rex,681.8,1337.7,327.9,1
6794,2150679,SAPPHYRE / gabagoolian,681.6,1129.1,223.7,3
6795,1370447,Alpha,681.6,1272.5,295.5,2
6796,2466716,Downstate Docs,681.5,1337.7,328.1,1
6797,29218,fnoogie,681.4,1287.6,303.1,2
6798,3173262,Stan,681.4,1296.1,307.4,1
6799,2220198,Sylonma,681.4,1296.1,307.4,1
6800,3035056,saya / quinaronn,681.4,1293.9,306.3,1
6801,3751314,BlazeN,681.0,1206.6,262.8,2
6802,1213331,Dr. Gaming,680.8,1259.6,289.4,2
6803,3799109,Rose,680.8,1164.9,242.1,4
6804,3799090,SteR ThA KiiD,680.8,1164.9,242.1,4
6805,3799113,Infernape,680.8,1164.9,242.1,4
6806,3799115,Orion,680.8,1164.9,242.1,4
6807,1421043,Player 1,680.6,1237.4,278.4,2
6808,3634232,PinkDawn,680.6,1269.7,294.5,1
6809,5487444,AlfaFang,680.4,1089.7,204.7,4
6810,5278973,Big Goob,680.4,1221.3,270.4,1
6811,5278216,X DarkSword12 X,680.4,1221.3,270.4,1
6812,2127785,Player 1,680.4,1246.0,282.8,2
6813,e22057159,EMW ESPORTS | Baconator,680.1,1234.8,277.3,1
6814,1175842,Modest Tomato,680.0,1261.4,290.7,2
6815,182942,EON | Lilbirdie,680.0,1274.1,297.1,2
6816,5355768,snowgloww,680.0,1077.1,198.5,3
6817,2932144,Joe,680.0,1201.2,260.6,2
6818,1196586,MC,679.7,1210.4,265.3,4
6819,2773837,DoKuroDill,679.7,1258.2,289.3,2
6820,2993690,George,679.3,1222.3,271.5,2
6821,4002691,RIT | NotRowin,678.9,1135.9,228.5,2
6822,1261683,Goldsmith,678.7,1270.6,296.0,2
6823,4984297,Dannilzz,678.5,1091.2,206.4,3
6824,3493615,SRFLOWERS,678.5,1154.3,237.9,2
6825,1351375,HomeFries,678.5,1284.4,303.0,1
6826,1818320,Captain Ice,678.5,1284.4,303.0,1
6827,5512109,papa,678.4,1209.7,265.6,1
6828,704724,Griffkin,678.3,1326.8,324.3,1
6829,4526916,Will,678.2,1239.8,280.8,1
6830,4526676,Redshark,678.2,1239.8,280.8,1
6831,4751166,TTD | ShotoWojo,678.1,1139.8,230.9,2
6832,5319927,CAFÉ | Quilty!,678.0,1166.6,244.3,2
6833,1592990,Maple / Jefff,677.8,1287.8,305.0,2
6834,1248585,Koreaceratops | BEEGCHUNGUS,677.7,1315.4,318.8,1
6835,1251401,Nyx,677.7,1315.4,318.8,1
6836,59095,DA | DireOnFire,677.7,1315.4,318.8,1
6837,3830758,Shockwave,677.7,1069.3,195.8,4
6838,5393197,a qt pi,677.6,1025.5,173.9,5
6839,5393228,evan,677.6,1025.5,173.9,5
6840,974384,Croquetto,677.6,1213.6,268.0,4
6841,2728342,AR13 | AvaRuff,677.5,1337.7,330.1,1
6842,5354859,Fayd,677.3,1222.5,272.6,1
6843,5354847,Jacob,677.3,1222.5,272.6,1
6844,5354852,DJ Gasmask,677.3,1222.5,272.6,1
6845,5354849,TK1,677.3,1222.5,272.6,1
6846,5354851,Seek,677.3,1222.5,272.6,1
6847,5354845,Nate,677.3,1222.5,272.6,1
6848,5153321,UDM31,677.1,1158.9,240.9,2
6849,1239096,CG9,677.1,1288.4,305.7,2
6850,1584905,The Senate,676.9,1256.9,290.0,2
6851,5191787,Hazz | TTVHazzan_faour,676.9,1036.2,179.7,6
6852,4029600,Dalton,676.5,1257.7,290.6,1
6853,4029538,Runsted,676.5,1257.7,290.6,1
6854,4029558,Coolbeans21,676.5,1257.7,290.6,1
6855,4029555,Theno,676.5,1257.7,290.6,1
6856,1335510,Degree,676.0,1239.5,281.8,2
6857,404762,EEL | Emi,675.4,1165.0,244.8,2
6858,2670977,VULTURE,674.9,1337.7,331.4,1
6859,2798444,Thor,674.7,1201.3,263.3,2
6860,2560614,clem / Lucy,674.7,1279.8,302.6,1
6861,1422943,NP | Vangi,674.7,1279.8,302.6,1
6862,1098687,NP | Lamp,674.7,1279.8,302.6,1
6863,2560801,NP RBz | meiwaku,674.7,1279.8,302.6,1
6864,4994903,icracklover,674.6,1223.0,274.2,1
6865,4399483,David,674.3,1256.4,291.1,1
6866,4399454,KyleDynn,674.3,1256.4,291.1,1
6867,1669615,jimbo shrimp,674.1,1261.0,293.4,2
6868,1292145,ThirdDegreeByrnes,674.0,1313.8,319.9,1
6869,4526972,Nolyrolypoly,673.9,1215.9,271.0,1
6870,2366683,SUFFER | Statue,673.9,1215.9,271.0,1
6871,5278774,Rised,673.8,1223.5,274.9,1
6872,4516295,NP | the creature.,673.5,1133.6,230.0,2
6873,3617047,Husky Charf,673.4,1111.3,218.9,3
6874,5013669,dao,673.3,1225.5,276.1,1
6875,5487479,CatMarrow,672.8,1130.8,229.0,2
6876,424918,BHaus | Mirror Magic,672.4,1151.7,239.7,3
6877,5166305,ELMAPO,672.3,1214.2,270.9,1
6878,3968651,Rail,672.1,1204.0,266.0,2
6879,1282333,Dartinez,671.9,1273.7,300.9,2
6880,1028479,Bob / L.A.,671.5,1326.0,327.2,1
6881,20727,Eon / Hangman,671.5,1326.0,327.2,1
6882,1006729,Blacklink,671.5,1283.7,306.1,2
6883,5522044,Poyocat! 猫,671.3,1038.4,183.5,4
6884,1829663,ButterKeeby,671.3,1204.8,266.8,1
6885,3334591,Vex,671.1,1188.8,258.8,2
6886,1358770,FlaringAqua,671.0,1309.1,319.0,2
6887,1578756,Gcheese87,670.8,1245.6,287.4,2
6888,3635021,hauntedhelm,670.8,1195.7,262.5,2
6889,1448938,WTX | Magic,670.6,1223.5,276.5,2
6890,1522673,chromozone,670.5,1253.3,291.4,2
6891,2440000,CU | TimeoutFan69,670.4,1205.9,267.8,2
6892,5066343,Ben,670.3,1172.7,251.2,2
6893,1137350,LoLo,670.1,1282.7,306.3,2
6894,702928,George,670.0,1284.2,307.1,1
6895,2436632,flimbus,670.0,1284.2,307.1,1
6896,4969029,Cheese,669.9,1189.7,259.9,2
6897,1284485,Val,669.8,1240.9,285.6,1
6898,1383873,RAMONE,669.7,1231.5,280.9,4
6899,1142128,Avion / Awe,669.5,1316.1,323.3,1
6900,3735413,Limit edition,669.4,1042.2,186.4,5
6901,1349104,CastleBx,669.4,1221.6,276.1,4
6902,1091106,Nad,669.4,1289.8,310.2,2
6903,4616402,Anyrandomperson,669.4,1223.1,276.9,1
6904,2828433,Poo | Marzelo,668.6,1224.7,278.0,2
6905,153130,chriselodeon,667.9,1267.4,299.8,1
6906,406427,Nemesis,667.9,1267.4,299.8,1
6907,3533843,Meekiss,667.9,1267.4,299.8,1
6908,3121167,Nort,667.8,1197.5,264.9,2
6909,3746597,Hunky Monkey,667.7,1078.0,205.2,5
6910,5211593,FN_Falafel_9,667.0,1210.9,271.9,1
6911,3344990,true | Zantryx,667.0,1210.9,271.9,1
6912,1499968,sr chief,667.0,1237.4,285.2,2
6913,1655862,Blue,667.0,1288.0,310.5,1
6914,5349764,Mikep716,666.9,1207.5,270.3,1
6915,2397456,VAPE | Valen,666.5,1337.7,335.6,1
6916,909986,CRUSH | Turt,666.5,1337.7,335.6,1
6917,1466183,quince,666.1,1198.9,266.4,3
6918,4282118,MsMoon,665.9,987.0,160.5,24
6919,5244345,Dark Knight,665.8,1110.7,222.4,3
6920,3959079,Mine | Ryan#3,665.0,1250.9,292.9,1
6921,4160214,The Best Kirby,664.8,1232.2,283.7,1
6922,870081,Mz. | fiNESSe,664.8,1259.7,297.5,2
6923,3017052,Daniel Gomez,664.5,1252.7,294.1,2
6924,3024648,Alex Radion,664.5,1252.7,294.1,2
6925,3024651,Daniel Rios,664.5,1252.7,294.1,2
6926,3017049,Jack Griffin,664.5,1252.7,294.1,2
6927,3017054,Zadane Russell,664.5,1252.7,294.1,2
6928,4018296,REV | LevelOne,664.5,1179.9,257.7,2
6929,1588225,George,664.0,1258.3,297.1,2
6930,5370859,Jestintime,664.0,1206.6,271.3,1
6931,4840818,ArtZery,664.0,1249.6,292.8,1
6932,2461630,It's | Duck Time,663.8,1209.8,273.0,2
6933,1291409,JAQ,663.7,1255.2,295.7,2
6934,1515158,bye,663.2,1290.0,313.4,1
6935,4404429,Ginaz | Dreidle,663.1,1196.4,266.6,3
6936,1240621,Wylder,663.1,1256.0,296.5,2
6937,4747950,Sadistic Pillow,663.0,1264.5,300.7,1
6938,4856387,Hxst,663.0,1108.2,222.6,2
6939,3596144,Ike,663.0,1129.7,233.4,2
6940,2738170,Mxrkykoi,662.8,1051.2,194.2,5
6941,1499972,myth,662.8,1228.4,282.8,2
6942,4320440,Patrick R,662.5,1227.3,282.4,1
6943,4320480,Declan Z,662.5,1227.3,282.4,1
6944,4320499,Big Game Leroy,662.5,1227.3,282.4,1
6945,4320521,Benjamin C,662.5,1227.3,282.4,1
6946,535244,Cen$,662.4,1220.9,279.3,1
6947,4359792,Jacy,662.2,866.4,102.1,76
6948,5210630,Otakuu,662.1,1174.5,256.2,2
6949,2462541,QU | Rφse,662.1,1193.6,265.8,3
6950,1163647,Lil Lando,661.9,1232.4,285.2,2
6951,2283366,Mitosis Man,661.9,1110.4,224.3,2
6952,5498732,Michael L.,661.8,1129.9,234.0,2
6953,519668,CBM,661.7,1310.4,324.3,1
6954,1349077,Skilled Roy,661.5,1249.4,293.9,2
6955,2821983,StingRey1,661.4,998.6,168.6,7
6956,1261812,ZL | Just Shiro,661.3,1302.7,320.7,1
6957,39353,TSF | Robd,661.3,1302.7,320.7,1
6958,3077106,tofu,661.2,1237.6,288.2,1
6959,4104386,Luhb,661.2,1237.6,288.2,1
6960,2713520,toffee,660.8,1267.0,303.1,1
6961,1129789,100T | Limt3d,660.8,1267.0,303.1,1
6962,503697,Okami,660.8,1267.0,303.1,1
6963,1207906,Pado,660.7,1266.0,302.6,2
6964,1554586,PeachyKeen,660.5,1285.2,312.3,1
6965,1383940,George,660.4,1248.8,294.2,2
6966,3031018,Stbr,660.3,1144.3,242.0,2
6967,1451818,Jeggy,660.2,1292.0,315.9,1
6968,2619317,Finesu!,660.0,1279.5,309.7,1
6969,1254941,<>< | FishyBusines,659.7,1020.8,180.5,63
6970,5292421,Dungeon_Master341,659.6,1215.6,278.0,1
6971,694347,Rat Man,659.5,1268.9,304.7,1
6972,5081622,SEGO | NerdyNinja,659.0,1201.4,271.2,1
6973,5218939,Jc,659.0,1201.4,271.2,1
6974,3395910,HalloweenPeachy,659.0,1201.4,271.2,1
6975,5419049,Aaron,659.0,1198.4,269.7,1
6976,5417503,Cyan Prince,658.9,1128.4,234.8,2
6977,1196594,RNJesus,658.8,1239.1,290.1,2
6978,5333519,Ratón,658.8,1107.7,224.4,2
6979,5001143,TheCracker,658.6,1202.7,272.1,1
6980,31319,607 | govolow,658.6,1202.7,272.1,1
6981,2847785,JalaLD,658.4,1235.0,288.3,2
6982,5425152,LatinOctopus,658.3,1161.6,251.6,2
6983,1386933,hailey,658.2,1208.4,275.1,2
6984,5500442,agony,658.1,1118.1,230.0,2
6985,5473121,ZENI,657.9,1102.5,222.3,2
6986,4961651,Sirmonk,657.6,1216.5,279.5,1
6987,2999458,Gumboloya!,657.6,1216.5,279.5,1
6988,2249189,Mosk,657.6,1263.2,302.8,1
6989,2856129,Rylon,657.2,1206.8,274.8,2
6990,1151280,Chevy,657.2,1227.4,285.1,2
6991,1643987,Francesco,657.1,1262.6,302.8,1
6992,2772410,SubPar,656.9,1169.6,256.3,4
6993,4284232,Slick Inc. | SLICKWILLY,656.9,1214.2,278.6,1
6994,4995804,KeyBoardMelee,656.8,1186.0,264.6,2
6995,1261731,chance,656.7,1266.3,304.8,2
6996,5035323,DonDraperwhat07,656.7,923.4,133.3,30
6997,1059024,joe,656.4,1258.3,300.9,2
6998,3105510,Reyymundoo,656.4,1269.0,306.3,1
6999,3675570,Rad Pitt,656.4,1237.5,290.5,1
7000,574317,Kidd,656.3,1258.2,300.9,2
7001,5481762,LimaG,656.3,1046.4,195.0,6
7002,2570942,SBU | Sal,656.2,1135.2,239.5,6
7003,5522713,angel cruz,656.1,1126.5,235.2,2
7004,1579158,Gamesdean,656.0,1168.9,256.5,4
7005,19315,Action John,656.0,1207.2,275.6,1
7006,3026746,URI | doughboy,656.0,1207.2,275.6,1
7007,1584880,Gidthekid,655.8,1309.0,326.6,2
7008,1008845,Mistfern,655.5,1268.5,306.5,2
7009,3045609,Riles,655.4,1036.5,190.6,13
7010,4720350,MeatWad,655.3,1247.1,295.9,1
7011,4720349,Xen,655.3,1247.1,295.9,1
7012,268877,Homie,655.2,1228.5,286.6,1
7013,4913602,Lotuskeep,655.0,1129.0,237.0,2
7014,5379762,BALLS | Dr. Stinkle the 2nd,654.7,1207.9,276.6,1
7015,224882,PISS | Ben,654.6,1337.7,341.6,1
7016,1643357,Oceanic,654.4,1256.9,301.2,2
7017,1599042,Judge Grant,654.1,1226.2,286.1,2
7018,1500914,Ken 10,654.0,1284.6,315.3,1
7019,5440192,Mcdot$15,653.8,1112.7,229.5,2
7020,5518866,ZASE | ZBosGaming,653.6,981.7,164.0,5
7021,4691454,DIDIPP | ali,653.6,976.0,161.2,9
7022,1642090,Chunky,653.3,1337.7,342.2,1
7023,1680298,Toky,653.3,1337.7,342.2,1
7024,1203797,HighGluten,653.3,1337.7,342.2,1
7025,2348185,Scrimblo,653.1,1134.8,240.8,4
7026,3747330,Rdup222,653.1,1016.5,181.7,5
7027,2604285,Niteowl11611,652.8,1114.1,230.6,2
7028,5509536,Tyrfing,652.8,1149.6,248.4,2
7029,1699660,The_Mofologist / Jmartiles,651.7,1337.7,343.0,1
7030,1163674,Commandments / Joe Silly,651.7,1337.7,343.0,1
7031,1047939,CDMJ,651.5,1263.7,306.1,3
7032,4831533,Schwa,651.4,1214.3,281.4,1
7033,5212020,operalover,651.1,1201.1,275.0,1
7034,2363316,Mambo,651.1,1164.0,256.5,2
7035,1197866,NeroPhoria,651.0,1239.8,294.4,2
7036,4008763,jojo,651.0,1224.3,286.6,1
7037,3957547,Lord reficuL,651.0,1229.3,289.2,1
7038,1588105,Game Magician / SHADOW,650.8,1337.7,343.5,1
7039,1587852,NoWay / Nerd Immersion,650.8,1337.7,343.5,1
7040,1046471,Usagi,650.7,1134.5,241.9,2
7041,212486,Crs,650.5,1337.7,343.6,1
7042,1325232,SC_0Bsidian,650.5,1337.7,343.6,1
7043,315863,Pat Ryan,650.5,1337.7,343.6,1
7044,2890870,Denyu,650.3,1204.1,276.9,2
7045,1196902,Hazze16,649.9,1243.0,296.6,2
7046,1312642,Tarbox,649.8,1246.6,298.4,2
7047,4937742,ChcknSoup,649.8,894.9,122.5,26
7048,2213536,Zappa4GGST | Emsti Nima,649.6,1263.5,307.0,1
7049,2433452,Neb,649.6,1263.5,307.0,1
7050,2433921,Der Kaiser,649.6,1263.5,307.0,1
7051,2433256,BMOLDIGITAL,649.6,1263.5,307.0,1
7052,2431154,CZ | impAct,649.6,1263.5,307.0,1
7053,2439420,Bluff,649.6,1263.5,307.0,1
7054,4946249,random,649.4,1205.5,278.1,1
7055,2787718,TajMahal,649.3,1175.8,263.2,2
7056,1549343,tal,649.2,1337.7,344.2,1
7057,5384860,Osama,649.2,1142.0,246.4,2
7058,4984300,Ajuarbe,648.8,1146.3,248.7,2
7059,1049993,SaBrin0 Sp3llm4n,648.5,1234.9,293.2,1
7060,980853,jsolo,648.5,1337.2,344.3,2
7061,1291410,Pan Dulce,648.4,1250.4,301.0,2
7062,4127894,Kujomon,648.3,1212.1,281.9,1
7063,3752,CS | FinallyRJ,648.2,1163.9,257.9,2
7064,2447549,Hiro,648.1,1266.6,309.2,1
7065,1490285,Grandaddy.,647.6,1337.7,345.0,1
7066,1376695,Staples,647.6,1099.4,225.9,4
7067,3118593,CelestialC,647.5,1256.3,304.4,1
7068,3066527,EC | Kakar75,647.5,1256.3,304.4,1
7069,2985471,ImP,647.5,1256.3,304.4,1
7070,5355528,DRK | Zelgius,647.5,1191.8,272.2,1
7071,1715078,Iro,647.4,1251.5,302.0,1
7072,1097027,Satan,647.4,1251.5,302.0,1
7073,5311726,Stirfry,647.4,1193.8,273.2,1
7074,3616982,Whorge,647.4,1203.2,277.9,1
7075,2335868,Stigma,647.4,1203.2,277.9,1
7076,1947521,DGM,647.3,1152.3,252.5,4
7077,2097942,CSUS | Threats,647.3,1202.1,277.4,1
7078,2201016,Ritual,647.3,1243.0,297.9,1
7079,2815426,Stinky PEtE,647.0,1174.6,263.8,2
7080,3917435,betu$,646.9,1053.6,203.3,6
7081,1409173,Ryan T,646.9,1226.3,289.7,2
7082,1421179,Frozen Angel,646.6,1213.4,283.4,2
7083,1358754,Don,646.5,1241.6,297.5,2
7084,1437801,totem,646.4,1337.7,345.7,1
7085,1443061,Rue,646.4,1337.7,345.7,1
7086,1443919,Milez,646.4,1337.7,345.7,1
7087,1444014,ProfessorKO,646.4,1337.7,345.7,1
7088,5319041,JohnJohnnyboi,646.3,1191.7,272.7,1
7089,5315571,Ballah,646.3,1200.5,277.1,1
7090,4815414,Ly,646.2,1171.1,262.5,2
7091,4037942,CoderSV3,646.0,1235.0,294.5,1
7092,4037943,Socrates,646.0,1235.0,294.5,1
7093,5542019,CringeBaby,645.8,1190.0,272.1,1
7094,5457766,Bear,645.5,1095.6,225.1,2
7095,3935555,Rat,645.0,1226.3,290.6,2
7096,1041953,Sakraman_,644.6,1316.1,335.7,1
7097,176210,bye3,644.6,1316.1,335.7,1
7098,1339469,arch1nhuman,644.5,1242.4,298.9,2
7099,5263983,Juanacon,644.2,1104.3,230.1,2
7100,962566,Pegarus,644.1,1277.8,316.8,1
7101,1411974,Flimbus,644.1,1277.8,316.8,1
7102,1412528,bye,644.1,1277.8,316.8,1
7103,876109,Spike,644.0,1237.6,296.8,2
7104,1339276,moose,643.8,1337.7,346.9,1
7105,1200998,Nova | NovaByzantine,643.8,1337.7,346.9,1
7106,2374756,Taj Mahal,643.8,1228.2,292.2,2
7107,2399759,GanondorfPlays,643.6,1008.4,182.4,5
7108,2791892,Pie | Chin341,643.3,1138.4,247.6,2
7109,3670725,Kidneyb,643.2,1158.9,257.8,2
7110,2670019,Zorro,643.0,1181.3,269.1,2
7111,3903367,Glizzy McGuire / Sanslatty,643.0,1232.3,294.6,1
7112,231895,Dee,642.7,1260.0,308.6,1
7113,5347221,Miles_Makes_Memes,642.6,1111.0,234.2,4
7114,5168345,Caleb | gamer01,642.6,1036.1,196.7,3
7115,3782904,BlazeN,641.8,1148.2,253.2,2
7116,2652814,Smashed,641.7,1253.8,306.0,1
7117,4005653,MOHAMMED GHANDI,641.5,1220.6,289.5,1
7118,1601730,kogsatsu,641.3,1272.7,315.7,1
7119,4592639,Domination,641.3,1205.5,282.1,1
7120,760144,Trace,641.1,1240.7,299.8,2
7121,4903198,Leothegoat,640.8,1196.7,277.9,1
7122,4516070,Silver Rex,640.8,1219.8,289.5,1
7123,4516054,Mr. E,640.8,1219.8,289.5,1
7124,1102905,Mythic,640.8,1248.3,303.8,2
7125,5349709,Exho,640.7,1113.4,236.4,2
7126,1224262,Scarf,640.4,1337.7,348.6,1
7127,1503399,longshot,640.3,1271.5,315.6,1
7128,5511823,Gurple death,640.2,1107.2,233.5,3
7129,1661879,annieruok,640.1,1258.7,309.3,1
7130,277178,Pazzeroni,639.2,1337.7,349.3,1
7131,498251,Deeno,639.2,1337.7,349.3,1
7132,1175019,GC | Scottisgod,639.2,1337.7,349.3,1
7133,1669617,biggiecheese,638.7,1210.6,286.0,2
7134,1157864,UberCheesecake / Inhuman,638.5,1337.7,349.6,1
7135,1089690,Pizza Zoo / Bigote,638.5,1337.7,349.6,1
7136,1094064,Poke,638.3,1300.4,331.0,1
7137,1134765,Kyur,638.2,1337.7,349.7,1
7138,1140459,Wet r wote,638.2,1337.7,349.7,1
7139,546248,Yaddle | Yaddle,638.2,1337.7,349.7,1
7140,1055836,Berto,638.2,1337.7,349.7,1
7141,2197672,STE | JODIO,638.1,1054.1,208.0,3
7142,1047925,Rook,638.1,1243.2,302.6,2
7143,1249968,El Bicho,637.7,1250.0,306.2,1
7144,4910925,Mr. Bobert,637.7,1233.8,298.1,1
7145,24971,My Dad / Sean,637.6,1276.1,319.2,2
7146,5401774,Matt,637.4,1028.8,195.7,4
7147,3101527,CL3,637.4,1148.6,255.6,2
7148,5092440,Devoid,637.3,1116.9,239.8,2
7149,1332554,3Gi | Jake the Snake,637.2,1268.1,315.5,1
7150,156500,Elito,637.1,1076.7,219.8,4
7151,2326276,ktw1273,636.9,1230.0,296.5,1
7152,3980346,Hyp3r10n,636.9,1230.0,296.5,1
7153,1476118,ayden,636.9,1228.0,295.5,2
7154,5151093,Rizzettie,636.8,1195.2,279.2,1
7155,1261953,Gyorg,636.5,1248.1,305.8,1
7156,4885822,Amac,636.3,1208.8,286.3,1
7157,1282873,Evox corp | Evox,636.2,1230.5,297.2,1
7158,1431747,JWW,636.1,1072.5,218.2,16
7159,4334836,Hackett,635.7,1222.6,293.5,1
7160,4959511,DICE | Diceolotl,635.5,972.6,168.5,8
7161,1010671,Blakey Bagz,635.3,1254.6,309.6,2
7162,1010677,Corklop,635.3,1254.6,309.6,2
7163,4726999,MillyC,635.0,1203.1,284.0,1
7164,9971,Mykelism,634.8,1337.7,351.4,1
7165,132651,Protom,634.8,1337.7,351.4,1
7166,1306738,Kira,634.8,1337.7,351.4,1
7167,1016887,Vino,634.8,1337.7,351.4,1
7168,126649,Jul,634.8,1337.7,351.4,1
7169,5213398,Mark,634.7,1191.8,278.5,1
7170,977182,thicc papi,634.5,1337.7,351.6,1
7171,688313,ENC | Merrosextius,634.5,1233.3,299.4,1
7172,5506502,Suavemente,634.4,1083.8,224.7,2
7173,4410192,Andres,634.0,1206.0,286.0,1
7174,4410190,Liam Eglin,634.0,1206.0,286.0,1
7175,3526689,nova99,633.9,1001.0,183.6,5
7176,1778468,M3 Chaotic,633.8,1161.1,263.6,2
7177,4544350,Awe47 | Awe47,633.7,1135.2,250.7,2
7178,1211426,Mage Ferago,633.6,1094.0,230.2,2
7179,5081607,Danny3D,633.6,1192.6,279.5,1
7180,1151820,Anoobis,633.5,972.3,169.4,57
7181,1284724,Zelos,633.4,1272.9,319.8,1
7182,1284535,Entendu,633.4,1272.9,319.8,1
7183,5240,bye2,633.3,1183.7,275.2,3
7184,2797221,Asher,633.3,1243.7,305.2,1
7185,3661030,Post | ChaosPigeon64,633.0,1188.2,277.6,1
7186,1091078,Q-Tips,633.0,1181.0,274.0,4
7187,5165507,Jojo,632.7,1204.6,286.0,1
7188,5370045,Comatoad,632.4,1158.9,263.2,2
7189,950669,Rat Gang | LV,631.9,1161.6,264.8,4
7190,5060955,Foofey,631.5,954.6,161.5,6
7191,5334957,Skyson.exe,631.5,1158.2,263.4,2
7192,619220,waifuSZN,631.4,1259.6,314.1,1
7193,224531,bye2,630.9,1222.4,295.8,1
7194,1645160,Asher,630.8,1212.5,290.9,2
7195,2374757,TheMuffinMan,630.5,1194.2,281.8,2
7196,1465414,Ant,630.4,1103.5,236.6,4
7197,1476056,george,630.3,1225.4,297.6,2
7198,1323174,Hammul,630.1,1236.0,303.0,2
7199,4609052,Tristan,630.1,1199.5,284.7,1
7200,3620803,Dhgs | Zerofuko,630.0,1230.4,300.2,1
7201,3650463,Jollification,630.0,1230.4,300.2,1
7202,2723214,Santa,630.0,1230.4,300.2,1
7203,4260428,Qoc,629.9,1204.6,287.3,1
7204,4248688,Jo | Seph,629.9,1204.6,287.3,1
7205,4260422,Dom,629.9,1204.6,287.3,1
7206,4952148,Xanthous,629.2,1187.6,279.2,1
7207,3315858,ICON | Percival,629.0,1211.1,291.0,1
7208,1391371,Mobozu,628.9,1196.5,283.8,2
7209,3988807,BellioBallz,628.3,1220.9,296.3,2
7210,4618155,FrogyChair,627.1,935.4,154.2,8
7211,1054918,BeanBagz,626.9,1252.7,312.9,2
7212,1636255,Janky,626.9,1252.7,312.9,2
7213,1588263,Abqed,626.9,1252.7,312.9,2
7214,1578755,Gatzby,626.6,1252.7,313.1,2
7215,5236494,Justgoose,626.2,1186.3,280.1,1
7216,5035039,Choco,626.1,1119.9,246.9,2
7217,4545977,C2GS | Cereal,626.1,1216.8,295.4,1
7218,1350154,DMF,625.9,1197.4,285.8,2
7219,3058812,KY | Kirbyer,625.9,1183.1,278.6,1
7220,1047926,Kronic,625.5,1243.2,308.8,2
7221,2670021,ogBeanlord,625.4,1172.2,273.4,2
7222,15056,MHG | Koopa,625.3,1215.8,295.2,2
7223,1381021,Salt,625.0,1265.0,320.0,1
7224,5471424,Dag,625.0,1094.8,234.9,2
7225,5318522,ChrisFuz,624.9,1175.9,275.5,1
7226,4880073,Loveless,624.9,1183.0,279.0,1
7227,5300201,TheOldMan,624.8,1096.7,235.9,2
7228,1287559,Kopa,624.8,1231.2,303.2,2
7229,4432241,Gum Cuzzler,624.5,1165.8,270.7,2
7230,943530,13605607939 | YBMalik,623.5,1252.7,314.6,2
7231,2516452,SFL,623.4,1174.0,275.3,2
7232,2813572,ScoffingConch87,623.3,1117.3,247.0,5
7233,4545644,Rockathon,623.1,1198.9,287.9,1
7234,5068093,Frame | NourB,623.1,1198.9,287.9,1
7235,5068550,Marcus,623.1,1198.9,287.9,1
7236,5065788,Ijn52,622.9,1187.3,282.2,1
7237,1333364,Dog | Donny,622.8,1262.3,319.7,1
7238,67664,Inferno,622.8,1262.3,319.7,1
7239,1039940,RubyRulez,622.8,1262.3,319.7,1
7240,5530783,Jx2,622.4,1150.0,263.8,2
7241,1262839,RainPut,622.4,1211.1,294.4,1
7242,5492489,gaygranny,621.9,1081.1,229.6,2
7243,3375215,Christoph,621.3,1229.0,303.8,1
7244,1335513,Denz,621.3,1214.6,296.6,2
7245,4985004,CAROUSEL | splexc,621.1,1141.7,260.3,2
7246,2173443,MTM | scarface,621.1,1178.4,278.7,1
7247,2890915,Crow,621.0,1191.3,285.2,2
7248,2370515,CheezyPR,620.8,1222.0,300.6,1
7249,5294572,Comatoad,620.3,1089.8,234.8,2
7250,2947878,Celluba,620.3,1007.6,193.7,8
7251,4961531,I.O.N | Kazuha Tempurha,620.0,1085.8,232.9,2
7252,1242708,joeru_br,619.8,1176.9,278.5,2
7253,3017542,Howie Dewin,619.4,1227.9,304.2,1
7254,1522692,axiom,619.3,1189.9,285.3,2
7255,28682,Therin,619.0,1252.7,316.8,2
7256,1409163,Bizcocho,618.7,1210.4,295.9,2
7257,2234555,Hef,618.6,1136.7,259.1,2
7258,407425,cookies,618.3,1201.8,291.8,2
7259,1303433,skilledroy,618.3,1252.7,317.2,2
7260,1396688,Flaring Aqua,617.9,1210.0,296.1,2
7261,138012,Anorey / TravMoney,617.4,1147.4,265.0,2
7262,900792,ENC | Salty Fun,617.3,1200.0,291.3,2
7263,1261559,Goblin,616.9,1252.7,317.9,2
7264,5528998,law,616.9,1081.5,232.3,2
7265,5300462,SevenTure,616.7,1115.3,249.3,2
7266,3228473,AKFG | Justice,616.2,1208.8,296.3,1
7267,233730,koko,615.9,1252.7,318.4,2
7268,4265042,tgz | leftw1nd,615.7,1119.3,251.8,2
7269,1219098,Guthwine,615.6,1252.7,318.6,2
7270,1219088,Pado,615.6,1252.7,318.6,2
7271,268523,Skittles,615.5,1270.8,327.6,1
7272,874212,Milky Ounces,615.5,1270.8,327.6,1
7273,1213320,TirgerWinner,615.2,1252.7,318.7,2
7274,1213075,jsc060506,615.2,1252.7,318.7,2
7275,1213181,Alexandra,615.2,1252.7,318.7,2
7276,1213186,Alexandeer Cole,615.2,1252.7,318.7,2
7277,1213022,SCP035,615.2,1252.7,318.7,2
7278,1213071,Zuma,615.2,1252.7,318.7,2
7279,1213033,ScorpioX,615.2,1252.7,318.7,2
7280,1213192,Ben,615.2,1252.7,318.7,2
7281,68529,D,615.0,1081.4,233.2,2
7282,3610176,NinjaMagic,614.6,988.2,186.8,5
7283,1524048,goona,614.5,1251.8,318.7,1
7284,1476122,grongnort,614.4,1188.5,287.1,2
7285,1358830,Scorpio,614.4,1208.7,297.2,2
7286,770435,Adamantoise,614.2,1280.2,333.0,1
7287,2730011,GetintheZone | Autozone,613.6,1010.4,198.4,4
7288,5194462,Sonicninja,613.5,1174.8,280.7,1
7289,4408383,Aide,613.4,984.2,185.4,9
7290,185474,VoM,613.3,1205.1,295.9,2
7291,3131353,NYLove,613.1,1216.6,301.7,1
7292,1370440,Toast,613.1,1207.3,297.1,2
7293,3710727,Alison,613.0,1205.6,296.3,1
7294,2307527,Macadamianut,612.8,1247.6,317.4,1
7295,928114,davegnarly,612.8,1247.6,317.4,1
7296,1162240,Zephyr,612.8,1247.6,317.4,1
7297,1895714,redbird,612.7,1235.0,311.2,1
7298,2791464,franiss,612.7,1235.0,311.2,1
7299,227763,Abubu,612.2,1225.1,306.5,2
7300,4863466,Peenar | Luimadeit,612.0,1069.3,228.6,2
7301,4048656,Wiiseku,612.0,1233.8,310.9,1
7302,3066346,Zentaiyer,611.6,1137.6,263.0,3
7303,2935350,Shmoneyman,611.6,1219.4,303.9,1
7304,2448935,Yucko,611.4,1232.7,310.6,1
7305,1357376,N | Nova,611.3,1255.5,322.1,1
7306,1290322,Vinculouz,611.3,1255.5,322.1,1
7307,1466198,Clevelandlanntis / BohemianStrangler,611.1,1116.5,252.7,6
7308,1047934,maegenta,610.8,1252.7,320.9,2
7309,137524,Scott,610.5,1252.7,321.1,2
7310,4365374,Rod Wavedash,610.4,1188.5,289.1,1
7311,2514214,Egg | Soft-Boiled,610.3,1223.5,306.6,1
7312,5247633,erasedcitizen,610.1,1113.8,251.9,2
7313,153521,Foger,609.8,1252.7,321.4,2
7314,145433,3D | Air Gordon,609.8,1172.6,281.4,3
7315,277785,Crimson,609.5,1252.7,321.6,2
7316,1000577,Mistfern,609.5,1252.7,321.6,2
7317,1000585,Kazu,609.5,1252.7,321.6,2
7318,1000580,Kaze Kuma,609.5,1252.7,321.6,2
7319,1005882,gerig / Lastrain,609.5,1252.7,321.6,2
7320,1005773,Arcenedon / BrandonReturns,609.5,1252.7,321.6,2
7321,1004722,Zeno / Dom,609.5,1252.7,321.6,2
7322,1000383,GoldFishGod / Toastmastr,609.5,1252.7,321.6,2
7323,993259,SMASHBOY / BlackMoon,609.5,1252.7,321.6,2
7324,991742,TakeTheCan,609.5,1252.7,321.6,2
7325,1004601,Deadmanwade37,609.5,1252.7,321.6,2
7326,995428,AK47,609.5,1252.7,321.6,2
7327,1000342,Nitro,609.5,1252.7,321.6,2
7328,1004646,Dom,609.5,1252.7,321.6,2
7329,1005851,rakeg,609.5,1252.7,321.6,2
7330,156791,IDHAN,609.5,1252.7,321.6,2
7331,293557,sdg,609.5,1252.7,321.6,2
7332,1002526,slacker,609.5,1252.7,321.6,2
7333,994408,Atomic,609.5,1252.7,321.6,2
7334,1000818,EaglEye,609.5,1252.7,321.6,2
7335,1003885,KBizzle,609.5,1252.7,321.6,2
7336,1003359,MEANS | KoroSenpai,609.5,1252.7,321.6,2
7337,994014,SMASHBOY,609.5,1252.7,321.6,2
7338,999683,tapu tachi,609.5,1252.7,321.6,2
7339,1005219,Holder,609.5,1252.7,321.6,2
7340,3121816,redSshake,609.0,975.1,183.1,7
7341,5173851,snail emoji | ringleton,609.0,1190.9,291.0,1
7342,986032,Calibration,609.0,1284.8,337.9,1
7343,1125757,Maegenta,609.0,1184.3,287.7,4
7344,4198888,CDROM,608.4,1088.9,240.2,3
7345,5157642,PikachuRaichu,608.2,1179.0,285.4,1
7346,1060194,Lord | N0buddy,608.1,1189.6,290.8,2
7347,2075292,TCS | Hijanks,608.0,1033.2,212.6,9
7348,1502393,matthew,607.7,1252.3,322.3,1
7349,1502376,smutty,607.7,1252.3,322.3,1
7350,3983067,George,607.4,1204.7,298.7,1
7351,5071093,Future's Coach | riftyp,607.2,929.5,161.1,9
7352,904295,Zio,607.1,1159.9,276.4,4
7353,5288189,skorz2,606.8,1088.7,241.0,2
7354,5251199,BluDiamond,606.8,1088.7,241.0,2
7355,1709763,MICKEY | S.A.N.D.,606.8,1103.9,248.5,2
7356,317717,Dancer,606.2,1084.3,239.0,4
7357,1496699,Ehhhhh,606.0,1200.0,297.0,2
7358,5472982,Pews X,605.9,1071.5,232.8,2
7359,2893632,Jrey,605.7,1214.3,304.3,1
7360,5213609,JB,605.3,1167.4,281.0,1
7361,1425406,Dr. Death,604.9,1238.1,316.6,2
7362,1358859,George,604.7,1200.1,297.7,2
7363,1358828,Lando,604.7,1200.1,297.7,2
7364,1686282,megacam1,604.5,1236.6,316.1,1
7365,1163643,F-ThisGame,604.4,1222.9,309.2,2
7366,1212991,GMX1331,604.0,1204.0,300.0,2
7367,2244176,Bear | Lucabear1,604.0,1176.7,286.4,1
7368,3807404,Restaino814,604.0,1176.7,286.4,1
7369,2345286,Professor,603.9,1210.9,303.5,1
7370,4993771,Thug | DaBronxBully,603.7,958.1,177.2,4
7371,1058827,Drake?!,603.4,1142.6,269.6,4
7372,2726218,Patches,602.7,1228.6,312.9,1
7373,2943393,Mikedude,602.6,1172.5,284.9,2
7374,3656570,Josh,602.5,1200.8,299.1,1
7375,1102906,maduro,602.1,1208.5,303.2,2
7376,1102903,Najiram,602.1,1208.5,303.2,2
7377,1499982,Axiom,601.2,1180.8,289.8,2
7378,1543238,James,601.1,1239.1,319.0,1
7379,5083318,Maximus Ridonculus,600.6,838.3,118.8,25
7380,1009877,Devilman,600.6,1061.1,230.3,3
7381,1833944,DD | Pawnchan,600.3,1049.5,224.6,10
7382,4809006,Spaceman5,600.2,1084.6,242.2,2
7383,546176,IMP | Polar,599.6,1219.6,310.0,1
7384,2122609,GSH | Zoul,599.3,1159.9,280.3,1
7385,1291413,The New York Tims,598.7,1184.4,292.8,2
7386,5509084,Gavluigi10,598.2,1227.9,314.8,1
7387,1023451,Mdemz,597.9,1219.8,311.0,2
7388,1396861,Hot Potato,597.7,1168.6,285.5,2
7389,4404607,yes,597.6,1157.4,279.9,2
7390,1396823,Notarlgirl,597.2,1173.9,288.3,2
7391,1251410,eod,596.9,1198.9,301.0,2
7392,4910019,Roman,596.9,1190.6,296.8,1
7393,2997772,Kortex,596.5,1014.4,209.0,3
7394,5459673,Whelmed,595.5,1156.1,280.3,1
7395,1312989,CheeseScientist,595.1,1250.3,327.6,1
7396,677731,Canine,595.1,1250.3,327.6,1
7397,1040369,henrobs fellover,595.1,1250.3,327.6,1
7398,1114214,PANDA,595.0,1116.7,260.8,6
7399,5247042,savasaps2004,594.9,900.6,152.9,9
7400,353973,peco,593.1,1218.5,312.7,2
7401,2956879,Yeet (God),593.1,1213.7,310.3,1
7402,1633506,Myle | Palm,593.0,1183.0,295.0,2
7403,1633795,Asher,593.0,1183.0,295.0,2
7404,56002,Turbo,592.8,1218.5,312.8,2
7405,1145390,Flop,592.8,1218.5,312.8,2
7406,1010670,Kelpos,592.8,1218.5,312.8,2
7407,320567,Sway,592.7,1107.4,257.4,2
7408,5220173,Stoven,592.6,1135.5,271.5,2
7409,658141,Jade / Dumbboard,590.8,1167.2,288.2,2
7410,4804396,SageHyp3r,590.4,1163.3,286.5,1
7411,5092739,27,590.4,1182.8,296.2,1
7412,355734,Colin,590.3,1196.6,303.2,1
7413,3617409,Evil Gang | PureMaster,590.3,1196.6,303.2,1
7414,1023844,WiseMansGame,590.3,1225.2,317.5,1
7415,4480508,IXS | InfinitexSol,589.8,1173.1,291.6,1
7416,4836749,Meatwad,589.8,1173.1,291.6,1
7417,1003237,Turbo,589.7,1164.9,287.6,4
7418,5193324,Hyp3r,589.3,988.8,199.7,4
7419,4519175,Fabü,589.0,1177.2,294.1,1
7420,1213304,Turtlez,588.8,1191.8,301.5,2
7421,5023634,Paul Atredes,588.2,1177.2,294.5,1
7422,3098383,CL3,588.2,1079.7,245.8,2
7423,1466184,8327453655 | Nicksbiocorner,588.1,1243.1,327.5,1
7424,3070392,Björken,587.6,1192.4,302.4,1
7425,4230804,Onyx,587.2,1041.0,226.9,3
7426,1291415,Watson,587.2,1217.9,315.4,2
7427,5288462,uncle1sttouch,586.9,1060.4,236.8,2
7428,4721541,chs | v_helix5,586.7,1175.3,294.3,1
7429,4390646,WHS | SharkC,586.7,1175.3,294.3,1
7430,5180002,dao,586.2,1157.9,285.9,1
7431,819374,Microsoft | Amirthegoat,586.2,1145.9,279.9,1
7432,5349626,fanTaSea91,586.1,1148.5,281.2,1
7433,4317745,Vaskro,585.8,1173.3,293.8,1
7434,3712680,Allusion,585.8,1090.0,252.1,2
7435,1723601,flapjack,585.7,1116.5,265.4,2
7436,2199318,fflord,585.6,1001.3,207.8,4
7437,1843574,Denki,585.4,1150.8,282.7,1
7438,2360981,Burrito,585.2,982.2,198.5,5
7439,5456483,Spookier518,584.3,1064.1,239.9,2
7440,1444006,Civil,583.9,1198.2,307.2,2
7441,5317242,UC | Michael,583.0,1048.4,232.7,2
7442,5122805,MBS DUST | Fhantum,582.8,1095.4,256.3,2
7443,3544027,Dao,582.7,1000.0,208.6,4
7444,4550192,Alek,581.8,1128.5,273.4,2
7445,1551652,diStRaKtiOn-,579.7,1163.4,291.8,2
7446,3633314,LazyRaptor,579.3,1085.5,253.1,3
7447,4315112,The Plant Commander,579.2,1115.9,268.4,2
7448,2151341,green sigurd,579.2,1174.1,297.5,1
7449,1010672,Buldging Bonis,578.8,1189.6,305.4,2
7450,1047931,Crowley,578.7,1192.2,306.8,2
7451,5085162,Petrolleeuum,577.4,1148.1,285.4,1
7452,5319805,Geode,577.4,958.9,190.8,5
7453,2716367,IONA | Moat,577.4,1232.2,327.4,1
7454,2559661,Willy D,577.4,1232.2,327.4,1
7455,3003650,Zinc / CHIBI,577.1,958.0,190.5,4
7456,5532498,Ian,576.9,985.7,204.4,3
7457,1091057,spiddey,576.5,1188.7,306.1,2
7458,424415,King Lycaon,575.8,1184.6,304.4,2
7459,5251284,POOP DEALA,575.7,1051.3,237.8,2
7460,3295750,KurtBlowBrains,575.5,1190.0,307.2,1
7461,5531893,ultronkronos,575.5,1087.5,256.0,2
7462,1099815,UW | Milkoholic,574.6,1140.4,282.9,1
7463,2688614,Gimmicks,574.6,1212.0,318.7,1
7464,2156080,Voxel,574.6,1212.0,318.7,1
7465,1000579,Pqndaa,574.5,1131.7,278.6,4
7466,1764366,Cpt Defiler,574.3,1193.8,309.8,1
7467,2641542,Dancer,574.1,896.9,161.4,106
7468,5520306,Tewmwo,574.0,1033.8,229.9,2
7469,1187451,Rap / TurtlesLayEggs,573.5,1133.3,279.9,2
7470,2722000,Back Fat,573.0,1193.7,310.4,2
7471,3792824,George,573.0,1128.4,277.7,2
7472,5532539,petergp,572.6,1137.5,282.4,1
7473,260771,Alquatic,572.4,1189.5,308.6,1
7474,3138403,bye3,572.4,1188.0,307.8,1
7475,5530865,Chenango,571.8,1048.2,238.2,2
7476,1091104,Repto,571.2,1192.0,310.4,2
7477,3999038,Poptart,570.8,1041.9,235.6,2
7478,580964,CocoMangoCherry,570.8,988.9,209.1,52
7479,5003453,Spark,570.0,1147.2,288.6,1
7480,2787789,deex3,569.3,1130.7,280.7,2
7481,2932518,Ash,569.1,928.1,179.5,5
7482,1620759,Meliodas~Senpai,569.1,1172.5,301.7,2
7483,1620951,Brendan,569.1,1172.5,301.7,2
7484,4615854,Generic,569.0,1033.4,232.2,2
7485,5269821,Arty!?,568.6,1138.9,285.2,1
7486,5083422,Goo,568.1,1144.0,287.9,1
7487,5432834,Pengu,567.9,1036.0,234.0,2
7488,3289506,Bigbreadz,567.9,997.4,214.7,6
7489,4659979,ScurpDurgen,567.5,1008.0,220.2,4
7490,1005937,Gayok,567.5,1152.9,292.7,4
7491,1468631,PU | AstroBoost,567.1,1104.7,268.8,3
7492,1995168,Mussy!,567.1,939.2,186.1,18
7493,4690046,vhelix5,567.1,1155.1,294.0,1
7494,3801803,THC | GothGamerGhost,566.8,1068.9,251.1,3
7495,1125308,Goji,566.8,1185.8,309.5,1
7496,3652191,Phil BP,566.5,1142.1,287.8,2
7497,4353012,Brian (family guy),565.7,1188.2,311.3,1
7498,2484325,timtim,565.6,1054.0,244.2,4
7499,2522543,Seesay,564.9,1206.4,320.8,1
7500,5197224,Leo,564.6,1149.5,292.5,1
7501,4282226,Uncle,564.3,1168.9,302.3,1
7502,1807386,Master Mike,563.4,945.2,190.9,7
7503,4983880,Shadowjacob72.5,563.3,1065.4,251.0,2
7504,2020997,NOwl_XX,562.2,1068.2,253.0,2
7505,4917246,YeetGod,561.7,1001.9,220.1,4
7506,2308594,716 | Plum,561.5,946.1,192.3,5
7507,4148242,MOB | Bobo,561.4,1069.0,253.8,2
7508,4962240,fruitloops,560.9,1160.8,300.0,1
7509,1684130,Tuned Out,560.6,1138.9,289.1,2
7510,5264419,Kaya,560.3,1140.7,290.2,1
7511,3982675,10gu?!,559.4,1047.1,243.9,3
7512,1260403,diabedics,558.6,1134.5,287.9,1
7513,5343782,Rudy,557.4,1129.5,286.0,1
7514,1444012,Crazierz,556.8,1179.3,311.2,2
7515,1702281,Bell Gargoyle | abqed,556.7,1007.5,225.4,6
7516,1422826,Darcy,556.5,1025.0,234.3,2
7517,4687477,chrisdol,556.2,1108.2,276.0,2
7518,5006857,JE1120,555.7,1081.1,262.7,2
7519,1526510,weezerfan22,555.7,1114.3,279.3,2
7520,4051171,Dan,554.5,1181.6,313.6,1
7521,5492351,Shiny,554.0,1095.6,270.8,2
7522,4569146,HSL,553.9,1146.2,296.1,1
7523,2079531,TamerDJ,553.9,1164.2,305.2,1
7524,2545576,PTH | Amamiya,553.9,1164.2,305.2,1
7525,5492488,ybox3,553.9,1108.4,277.3,2
7526,5464215,Poppt 2,553.7,1109.8,278.0,3
7527,3178728,IzukuRinnVarris,553.6,1150.7,298.6,1
7528,5004677,JmanSwag,553.6,1150.7,298.6,1
7529,3749583,TheLosersFluke | FGC,553.5,1128.4,287.4,1
7530,5369066,Sir | Omiman1,552.4,1124.0,285.8,1
7531,180922,MoralAtheist,552.4,1124.0,285.8,1
7532,5035580,Hit Me,552.0,1133.0,290.5,1
7533,2858350,Parmajon,551.8,1136.4,292.3,2
7534,2255773,Figh,551.1,1002.6,225.7,3
7535,1312613,meranda,550.7,1135.7,292.5,2
7536,1213266,Rangerfan359,550.2,1162.6,306.2,2
7537,2943445,Aleks,550.1,1094.2,272.0,2
7538,5462553,Nas,549.7,1077.5,263.9,2
7539,1114497,Maduro,549.3,1169.8,310.3,2
7540,5496849,Panda LG | BIGISHIPONFAN21,549.1,1130.8,290.8,1
7541,2442966,Bread,548.3,1134.2,292.9,2
7542,4579618,Mr | Mklio,547.5,1129.7,291.1,1
7543,5310632,AT | AbyssalThunder,547.3,856.9,154.8,7
7544,1059032,TheGodRA,546.5,1170.3,311.9,2
7545,2062951,kamikaze | Captain N,546.2,1126.8,290.3,1
7546,3907295,Kenn E. Gee,546.2,1126.8,290.3,1
7547,2890872,Legend of Capo,545.5,1136.6,295.6,2
7548,5228680,JPN | KurtSwitch,545.4,1029.2,241.9,2
7549,1584903,Enrique The Pigeon,544.5,1162.0,308.8,2
7550,1588292,Yurt,544.5,1162.0,308.8,2
7551,3074969,NYU | veldementa,544.1,1126.3,291.1,1
7552,5462554,sosa,543.9,1019.2,237.6,2
7553,2718923,Nabud,543.5,1165.6,311.1,1
7554,4427151,Tactic-Myst,543.5,1165.6,311.1,1
7555,4873458,UnbanSteve,541.9,1064.8,261.4,2
7556,3427682,SLEEPI | ninetide,541.9,1171.0,314.6,1
7557,1105647,Java,539.9,1205.8,333.0,1
7558,5241859,absol,539.8,1021.7,240.9,2
7559,5173844,Masq Maskera,539.8,1021.7,240.9,2
7560,1645128,Mothman,539.5,1188.2,324.3,1
7561,5205472,Six Seven,538.5,1126.7,294.1,1
7562,4377412,Hatsune Miku,538.0,1141.2,301.6,1
7563,4648743,Eboys,537.9,1074.3,268.2,2
7564,1437797,quincé,537.8,1214.8,338.5,1
7565,1437777,Cosmic,537.8,1214.8,338.5,1
7566,1035745,Templisk,537.8,1212.3,337.3,1
7567,1035725,Chris!,537.8,1212.3,337.3,1
7568,3392220,Mathew,537.2,1170.5,316.6,1
7569,3392235,breadAF,537.2,1170.5,316.6,1
7570,496109,MEAT UP! | dana_,537.1,1136.1,299.5,1
7571,5278772,Static,536.7,1117.2,290.3,1
7572,2651805,star !,536.5,1029.7,246.6,2
7573,3741073,balls,535.2,1109.7,287.3,2
7574,5294596,Fes,535.2,1119.5,292.2,1
7575,56461,HDR | Arique,535.0,851.6,158.3,70
7576,2923257,AGENTSLYFOX,534.9,1161.7,313.4,1
7577,2083546,Awesometems,533.0,1031.3,249.2,8
7578,5516193,luci,530.7,1110.3,289.8,1
7579,5516260,jeck (jack c),530.7,1110.3,289.8,1
7580,5516268,Pwincesa,530.7,1110.3,289.8,1
7581,5516269,Hazzi,530.7,1110.3,289.8,1
7582,5461787,YOSUKE FIT,530.2,1013.9,241.9,2
7583,5012287,Emilion,529.5,1117.7,294.1,1
7584,2150042,GalenGale,528.5,1031.4,251.4,2
7585,3044499,Björken,527.7,1104.3,288.3,2
7586,3227672,Actronav,527.6,1130.1,301.2,1
7587,5197509,Migz,527.6,1130.1,301.2,1
7588,1423792,yonyy,526.7,1218.1,345.7,1
7589,1444018,pat,526.3,1216.8,345.2,1
7590,1381029,Gotennn,524.8,1085.1,280.2,2
7591,5521283,One | Carpet,524.2,940.7,208.3,4
7592,1514568,longshot,524.1,1068.8,272.3,3
7593,5256584,Comatoad,523.8,1114.4,295.3,1
7594,4410035,g0_0g,523.5,1128.8,302.7,1
7595,1466254,johnnie,521.9,1113.6,295.8,2
7596,4443923,Superstuybros | Void,521.3,1131.7,305.2,1
7597,1659263,MC Esports | Hammer,520.1,1090.7,285.3,2
7598,1091114,Mistfern,520.1,1157.0,318.5,2
7599,1047915,Francis,519.5,1160.9,320.7,2
7600,2621078,chapito,518.8,1175.5,328.3,1
7601,738791,Shadow,518.8,1165.7,323.4,1
7602,2452024,xentevs,518.5,1125.9,303.7,1
7603,4409513,LogDropper9,517.6,897.6,190.0,6
7604,5245235,Dullahan,517.4,1117.8,300.2,1
7605,1633577,Matt Da Cheetos,516.8,997.7,240.5,6
7606,3220598,Mad | Hatterchini,516.8,949.3,216.3,6
7607,1927781,Clyde | SleepyNarwhal,515.7,1144.2,314.3,1
7608,56364,Evil Gang | Tammy~,515.7,1144.2,314.3,1
7609,4162043,N25 | Bug,511.4,1127.3,307.9,1
7610,5102088,M4G1KM&N,511.0,1108.2,298.6,1
7611,4340965,Kamui,510.6,1104.2,296.8,1
7612,2462478,GEORGE,510.0,1084.0,287.0,2
7613,1010676,O-Diesel,509.1,1134.4,312.6,2
7614,5386085,Smesh,508.3,1093.5,292.6,1
7615,2623469,Wesley,508.0,1152.1,322.0,1
7616,2465456,Silver,507.2,1177.4,335.1,1
7617,5004850,HU | dexlabox,507.1,1096.6,294.8,1
7618,4377250,Geek Zone,507.1,1096.6,294.8,1
7619,3635344,HU | Coaster,507.1,1096.6,294.8,1
7620,5520081,Shaw,506.4,945.0,219.3,3
7621,1086647,Ishtar,505.1,1082.7,288.8,2
7622,1138424,GGRI | SpaceCowboy,504.9,1092.5,293.8,1
7623,2984901,Eerie,504.9,1133.2,314.2,1
7624,995260,RG | ReyRose07,504.8,1118.3,306.8,1
7625,5335725,Lae,504.5,986.5,241.0,2
7626,5005145,sloanbarber2002,503.8,1093.9,295.0,1
7627,5106224,MT,501.8,1115.5,306.9,1
7628,1490291,HeyThereDelilah,501.2,1171.6,335.2,1
7629,5138453,Xan,499.6,1008.3,254.3,5
7630,4898414,Sebby,499.3,940.3,220.5,4
7631,5492544,vonxsan,497.3,1083.8,293.2,1
7632,1637859,Trevor Belmont / Simon Belmont,497.3,1098.2,300.5,1
7633,971433,HB | Frisbee,497.1,1122.7,312.8,2
7634,18504,janky,496.8,1109.3,306.2,2
7635,405448,Lucienflash,496.2,1043.1,273.5,3
7636,5251391,guh,494.9,1086.6,295.8,1
7637,1213264,Gman50up,494.3,1126.9,316.3,2
7638,3888774,DR | Young leviticus,494.2,1092.6,299.2,2
7639,2693691,MC | Creative,493.4,937.3,221.9,8
7640,4317739,AM,493.0,890.4,198.7,6
7641,5504879,YBG | Snowbunny Mind Control,490.8,1016.4,262.8,2
7642,4694201,grape cartnite,490.7,1104.8,307.1,1
7643,5044410,MrEKnight,490.7,1104.8,307.1,1
7644,2727642,LOGS | GalaMym,490.2,1115.7,312.7,1
7645,5220551,B.,488.5,1088.4,299.9,1
7646,5305871,WLF | Lilchamp1220,488.2,1085.0,298.4,1
7647,1443929,Majic,487.1,1116.9,314.9,2
7648,265022,VentoLivre,487.1,1150.5,331.7,1
7649,5382661,Comatoad,485.7,1078.3,296.3,1
7650,1685970,Suz,485.5,1105.2,309.8,2
7651,5214635,JoshK,485.4,1082.6,298.6,1
7652,968032,KarpKing,484.6,1119.2,317.3,1
7653,5305278,Sernite,484.2,1081.3,298.5,1
7654,1466181,Arid Lemming,484.0,1105.7,310.9,2
7655,4994582,TD | shudha,482.7,990.5,253.9,2
7656,5375587,Osh,482.0,1076.3,297.1,1
7657,3734488,Rageofcp,481.1,1075.9,297.4,2
7658,5047424,frogge,481.0,1105.1,312.0,1
7659,4727348,the_astrolotl,481.0,1105.1,312.0,1
7660,2743494,Hofstra | Jedi,475.8,1117.2,320.7,1
7661,5469099,Comatoad,474.2,1068.1,296.9,1
7662,1669551,muffin,472.4,1062.6,295.1,2
7663,5194456,Pews X,467.9,1074.0,303.0,1
7664,5263905,peachy_bella20,467.2,1068.4,300.6,1
7665,3081392,Warguts | Morganssch,466.0,1072.3,303.1,1
7666,1196600,Carmello,465.4,1102.5,318.5,2
7667,1093920,Jell0,465.3,1154.3,344.5,1
7668,5406035,MAC-PAN,462.6,802.0,169.7,8
7669,1661681,Side B | RyBoy,461.7,912.1,225.2,6
7670,5225725,my22cents,460.9,1064.8,302.0,1
7671,1021563,JDL,460.0,1093.5,316.8,1
7672,1465641,SaiTima,459.3,1142.1,341.4,1
7673,4623984,Carl,458.1,1085.8,313.9,1
7674,4308213,SSRGateKeeper,458.0,968.7,255.4,4
7675,4682204,Botsaga,457.5,1094.5,318.5,1
7676,5280947,Splixima,457.5,1094.5,318.5,1
7677,1370443,george,457.2,1117.5,330.2,2
7678,1412036,Ramen Bomber,457.1,1134.4,338.6,1
7679,1411938,russell,457.1,1134.4,338.6,1
7680,1438075,Majic,456.9,970.0,256.6,6
7681,3252832,George,456.5,1103.0,323.2,1
7682,2747115,roropoke,455.3,1120.7,332.7,1
7683,5403499,chillinwithdaboys,454.3,1057.8,301.7,1
7684,1476127,ryan thomas,452.7,1078.7,313.0,2
7685,4778141,Nameless joe,452.3,1071.9,309.8,1
7686,2874224,CSS,451.1,1085.6,317.2,1
7687,4715210,Sam,451.1,1085.6,317.2,1
7688,4289090,cartfein,449.7,952.0,251.2,2
7689,5236368,Pews X,448.8,1056.9,304.1,1
7690,1348308,585Z | The Clobber,447.8,992.8,272.5,3
7691,5344953,juan,446.2,944.0,248.9,2
7692,4940646,BlubBlub,443.9,1073.8,315.0,1
7693,1184316,CodFishJack,443.2,1062.2,309.5,1
7694,1689774,fuckboiiii,443.0,1034.3,295.6,2
7695,5214699,Horseradish,442.9,892.4,224.7,4
7696,2798443,Purp,442.2,1007.1,282.4,2
7697,4820813,Matt,440.7,1066.4,312.8,1
7698,2433722,GillaMon,440.3,1035.5,297.6,2
7699,5471354,Adriana.iris,437.3,986.1,274.4,2
7700,5016289,Sabi,435.9,1067.8,315.9,1
7701,5060956,Gärchømp,433.0,1081.6,324.3,1
7702,4807546,hakakrock,433.0,1081.6,324.3,1
7703,5197463,Matt,430.2,1047.1,308.5,1
7704,5140190,Zander,429.9,1054.0,312.0,1
7705,1437275,Banana Boi,427.1,1035.2,304.1,3
7706,2638577,IDk,426.4,1113.4,343.5,1
7707,5222502,IceTguy,426.3,1052.2,313.0,1
7708,4160208,Kirby,424.6,1061.8,318.6,1
7709,2433246,UnMinuto,424.5,1014.8,295.1,2
7710,2502345,Joshua,419.6,1099.8,340.1,1
7711,1412604,HealerJavier,419.5,1002.6,291.5,3
7712,5140287,Katz,417.6,1040.8,311.6,1
7713,5261925,Poo | Josh,416.2,1032.6,308.2,1
7714,1047923,PANDA,413.9,1070.4,328.3,2
7715,4725875,Baxkend,412.6,1048.4,317.9,1
7716,1442945,Yuri,411.4,1107.3,348.0,1
7717,1442947,Miles,411.4,1107.3,348.0,1
7718,1443916,Bdenz,411.4,1107.3,348.0,1
7719,682118,Koolaid,411.0,848.8,218.9,4
7720,4964740,Ban,410.1,883.3,236.6,3
7721,68211,Duke,408.9,1008.4,299.7,2
7722,4178871,Satanic_Orange,404.1,1038.9,317.4,1
7723,1467632,focus,403.5,1092.5,344.5,1
7724,172458,Edo,403.5,1092.5,344.5,1
7725,1467610,Gamesdean,403.5,1092.5,344.5,1
7726,4558402,Mr. Monkey,402.8,778.1,187.6,6
7727,5237678,vinny6,400.5,672.8,136.2,23
7728,4959235,HelveticaPrism,399.7,1033.0,316.6,1
7729,982874,Filthyy,394.1,1044.7,325.3,2
7730,1423769,jeggy,388.8,1092.4,351.8,1
7731,2979661,TingTong,388.6,967.8,289.6,3
7732,1016828,McBanana,384.8,1025.6,320.4,1
7733,4820680,Rojo,382.1,1021.4,319.6,1
7734,2722003,Zuma,380.3,1059.0,339.4,1
7735,952370,ENC | B1ggyCh33s3,377.9,982.3,302.2,3
7736,1325957,Eazyali,375.0,1078.7,351.9,1
7737,1378983,zink,375.0,1078.7,351.9,1
7738,1689835,Julionn / Big Woof,374.9,1024.9,325.0,2
7739,3628691,R.R.A.C.Player,373.8,980.0,303.1,2
7740,57305,CaesarTheSalad,372.4,1069.0,348.3,1
7741,5538027,Gids,360.5,992.8,316.1,1
7742,5537980,Poyo,360.5,992.8,316.1,1
7743,5538086,Masudo,360.5,992.8,316.1,1
7744,5318010,Lt OBMOW,356.9,994.4,318.8,1
7745,4284217,Shortbear,350.7,996.2,322.8,1
7746,5242286,psylocke,346.2,995.0,324.4,1
7747,5286086,Blackjack,338.9,986.2,323.6,1
7748,2455864,Dust_2?,336.6,1032.7,348.0,1
7749,2472231,Sky,334.6,1030.4,347.9,1
7750,2329289,PXP | JurassicPhD,334.2,1036.0,350.9,1
7751,22865,M6|PAG | BLACKATLAS,333.8,1008.0,337.1,1
7752,384617,Goonish,333.8,1008.0,337.1,1
7753,5335152,dragonballguy,332.0,981.4,324.7,1
7754,5335567,rav54jr,332.0,981.4,324.7,1
7755,1526577,Floptimal,326.5,901.1,287.3,2
7756,5025169,Gael,325.1,860.9,267.9,2
7757,2551507,Landon,324.8,1024.1,349.7,1
7758,2550307,BlazeBergy,324.8,1024.1,349.7,1
7759,5234056,MasterMax,322.8,974.8,326.0,1
7760,3472473,Nω | JoshMK,319.2,966.6,323.7,1
7761,1696943,firefinger,319.0,1028.2,354.6,1
7762,4896297,Johandonis,318.9,970.1,325.6,1
7763,2524155,Tom,312.6,1016.6,352.0,1
7764,1844605,UTD MiD BBC | Ventis,310.6,961.2,325.3,1
7765,5267889,Doxx,306.5,956.9,325.2,1
7766,508803,PXP | Bluetank,291.2,1007.4,358.1,1
7767,2363408,Misha,291.2,1007.4,358.1,1
7768,1609380,Blue,279.8,1004.3,362.3,1
7769,1685968,Suz,275.8,1023.2,373.7,1
7770,1300866,Krosluck,258.8,1003.9,372.5,1
7771,1309978,X,258.8,1003.9,372.5,1
7772,4365869,kingeb1,241.5,934.7,346.6,1
7773,3452968,TWK | WARIOLOVER57,240.3,946.0,352.9,1
7774,5344969,ethan,236.5,780.5,272.0,2
7775,5419045,Pascal,167.5,653.0,242.7,3
7776,3644866,UselessName12345,86.6,706.0,309.7,2
